   it           t(s)          Vm(V) V_analitica(V)      Error_relativo
           0   1.00000007E-05   0.00000000       0.00000000       0.00000000    
           1   2.00000013E-05   2.00000013E-05   1.99902061E-05  -4.90002858E-04
           2   3.00000029E-05   3.99800047E-05   3.99601449E-05  -4.96988359E-04
           3   4.00000026E-05   5.99400264E-05   5.99098203E-05  -5.04193420E-04
           4   5.00000024E-05   7.98800902E-05   7.98404217E-05  -4.96847613E-04
           5   6.00000058E-05   9.98002142E-05   9.97507523E-05  -4.95855522E-04
           6   7.00000019E-05   1.19700417E-04   1.19640827E-04  -4.98074922E-04
           7   8.00000053E-05   1.39580719E-04   1.39510623E-04  -5.02446142E-04
           8   9.00000086E-05   1.59441144E-04   1.59361356E-04  -5.00674418E-04
           9   1.00000005E-04   1.79281706E-04   1.79193012E-04  -4.94963082E-04
          10   1.10000008E-04   1.99102418E-04   1.99003218E-04  -4.98486450E-04
          11   1.20000012E-04   2.18903326E-04   2.18794346E-04  -4.98090056E-04
          12   1.30000015E-04   2.38684428E-04   2.38565204E-04  -4.99753689E-04
          13   1.40000004E-04   2.58445740E-04   2.58316984E-04  -4.98439360E-04
          14   1.50000007E-04   2.78187305E-04   2.78049702E-04  -4.94886015E-04
          15   1.60000011E-04   2.97909108E-04   2.97760969E-04  -4.97508096E-04
          16   1.70000014E-04   3.17611208E-04   3.17453145E-04  -4.97909379E-04
          17   1.80000017E-04   3.37293604E-04   3.37126257E-04  -4.96392720E-04
          18   1.90000006E-04   3.56956327E-04   3.56779085E-04  -4.96784516E-04
          19   2.00000009E-04   3.76599375E-04   3.76412849E-04  -4.95536893E-04
          20   2.10000013E-04   3.96222778E-04   3.96026357E-04  -4.95981541E-04
          21   2.20000016E-04   4.15826566E-04   4.15620802E-04  -4.95076471E-04
          22   2.30000020E-04   4.35410737E-04   4.35194961E-04  -4.95814078E-04
          23   2.40000023E-04   4.54975321E-04   4.54750058E-04  -4.95357031E-04
          24   2.50000012E-04   4.74520348E-04   4.74286062E-04  -4.93975822E-04
          25   2.60000030E-04   4.94045846E-04   4.93801839E-04  -4.94138512E-04
          26   2.70000019E-04   5.13551815E-04   5.13298495E-04  -4.93513478E-04
          27   2.80000007E-04   5.33038285E-04   5.32774895E-04  -4.94373264E-04
          28   2.90000025E-04   5.52505255E-04   5.52232261E-04  -4.94346197E-04
          29   3.00000014E-04   5.71952725E-04   5.71670535E-04  -4.93624771E-04
          30   3.10000032E-04   5.91380754E-04   5.91089716E-04  -4.92375868E-04
          31   3.20000021E-04   6.10789401E-04   6.10488642E-04  -4.92652878E-04
          32   3.30000010E-04   6.30178605E-04   6.29868475E-04  -4.92373307E-04
          33   3.40000028E-04   6.49548427E-04   6.49229274E-04  -4.91586921E-04
          34   3.50000017E-04   6.68898865E-04   6.68569817E-04  -4.92166844E-04
          35   3.60000035E-04   6.88229979E-04   6.87891210E-04  -4.92474064E-04
          36   3.70000023E-04   7.07541767E-04   7.07194791E-04  -4.90636914E-04
          37   3.80000012E-04   7.26834231E-04   7.26476894E-04  -4.91876388E-04
          38   3.90000030E-04   7.46107369E-04   7.45741127E-04  -4.91112238E-04
          39   4.00000019E-04   7.65361241E-04   7.64986267E-04  -4.90170554E-04
          40   4.10000037E-04   7.84595904E-04   7.84211152E-04  -4.90623759E-04
          41   4.20000026E-04   8.03811301E-04   8.03416944E-04  -4.90849605E-04
          42   4.30000015E-04   8.23007489E-04   8.22604867E-04  -4.89448081E-04
          43   4.40000033E-04   8.42184469E-04   8.41772533E-04  -4.89366881E-04
          44   4.50000021E-04   8.61342298E-04   8.60921107E-04  -4.89232538E-04
          45   4.60000039E-04   8.80480977E-04   8.80050648E-04  -4.88982361E-04
          46   4.70000028E-04   8.99600505E-04   8.99161096E-04  -4.88688413E-04
          47   4.80000046E-04   9.18700884E-04   9.18252452E-04  -4.88353544E-04
          48   4.90000006E-04   9.37782170E-04   9.37324716E-04  -4.88042191E-04
          49   5.00000024E-04   9.56844364E-04   9.56377946E-04  -4.87692130E-04
          50   5.10000042E-04   9.75887524E-04   9.75412084E-04  -4.87424928E-04
          51   5.20000060E-04   9.94911650E-04   9.94427130E-04  -4.87235870E-04
          52   5.30000019E-04   1.01391668E-03   1.01342320E-03  -4.86948149E-04
          53   5.40000037E-04   1.03290274E-03   1.03240006E-03  -4.86905599E-04
          54   5.50000055E-04   1.05186983E-03   1.05135795E-03  -4.86873352E-04
          55   5.60000015E-04   1.07081793E-03   1.07029674E-03  -4.86959703E-04
          56   5.70000033E-04   1.08974706E-03   1.08921761E-03  -4.86089179E-04
          57   5.80000051E-04   1.10865734E-03   1.10811822E-03  -4.86517907E-04
          58   5.90000011E-04   1.12754863E-03   1.12700101E-03  -4.85906989E-04
          59   6.00000028E-04   1.14642107E-03   1.14586472E-03  -4.85527504E-04
          60   6.10000046E-04   1.16527465E-03   1.16470933E-03  -4.85368131E-04
          61   6.20000064E-04   1.18410937E-03   1.18353486E-03  -4.85418423E-04
          62   6.30000024E-04   1.20292522E-03   1.20234245E-03  -4.84699762E-04
          63   6.40000042E-04   1.22172234E-03   1.22113107E-03  -4.84201446E-04
          64   6.50000060E-04   1.24050060E-03   1.23990059E-03  -4.83913434E-04
          65   6.60000020E-04   1.25926011E-03   1.25865103E-03  -4.83918848E-04
          66   6.70000038E-04   1.27800088E-03   1.27738237E-03  -4.84204735E-04
          67   6.80000056E-04   1.29672291E-03   1.29609578E-03  -4.83860320E-04
          68   6.90000074E-04   1.31542620E-03   1.31479022E-03  -4.83709795E-04
          69   7.00000033E-04   1.33411074E-03   1.33346673E-03  -4.82958858E-04
          70   7.10000051E-04   1.35277666E-03   1.35212415E-03  -4.82579868E-04
          71   7.20000069E-04   1.37142383E-03   1.37076259E-03  -4.82387724E-04
          72   7.30000029E-04   1.39005238E-03   1.38938182E-03  -4.82626318E-04
          73   7.40000047E-04   1.40866230E-03   1.40798325E-03  -4.82285977E-04
          74   7.50000065E-04   1.42725359E-03   1.42656686E-03  -4.81389259E-04
          75   7.60000024E-04   1.44582638E-03   1.44513010E-03  -4.81811323E-04
          76   7.70000042E-04   1.46438053E-03   1.46367552E-03  -4.81671770E-04
          77   7.80000060E-04   1.48291618E-03   1.48220302E-03  -4.81148832E-04
          78   7.90000078E-04   1.50143332E-03   1.50071143E-03  -4.81032796E-04
          79   8.00000038E-04   1.51993183E-03   1.51920191E-03  -4.80465475E-04
          80   8.10000056E-04   1.53841195E-03   1.53767341E-03  -4.80296265E-04
          81   8.20000074E-04   1.55687355E-03   1.55612582E-03  -4.80511022E-04
          82   8.30000034E-04   1.57531665E-03   1.57456158E-03  -4.79542854E-04
          83   8.40000052E-04   1.59374136E-03   1.59297697E-03  -4.79845621E-04
          84   8.50000069E-04   1.61214767E-03   1.61137455E-03  -4.79785493E-04
          85   8.60000029E-04   1.63053547E-03   1.62975432E-03  -4.79303417E-04
          86   8.70000047E-04   1.64890499E-03   1.64811488E-03  -4.79402748E-04
          87   8.80000065E-04   1.66725612E-03   1.66645763E-03  -4.79155715E-04
          88   8.90000083E-04   1.68558885E-03   1.68478244E-03  -4.78642760E-04
          89   9.00000043E-04   1.70390331E-03   1.70308829E-03  -4.78556321E-04
          90   9.10000061E-04   1.72219938E-03   1.72137609E-03  -4.78273840E-04
          91   9.20000079E-04   1.74047716E-03   1.73964619E-03  -4.77667578E-04
          92   9.30000038E-04   1.75873667E-03   1.75789709E-03  -4.77608904E-04
          93   9.40000056E-04   1.77697791E-03   1.77613017E-03  -4.77294059E-04
          94   9.50000074E-04   1.79520098E-03   1.79434533E-03  -4.76860616E-04
          95   9.60000092E-04   1.81340578E-03   1.81254139E-03  -4.76890506E-04
          96   9.70000052E-04   1.83159241E-03   1.83071964E-03  -4.76733665E-04
          97   9.80000012E-04   1.84976077E-03   1.84887997E-03  -4.76395624E-04
          98   9.90000088E-04   1.86791096E-03   1.86702248E-03  -4.75881650E-04
          99   1.00000005E-03   1.88604300E-03   1.88514590E-03  -4.75876412E-04
         100   1.01000012E-03   1.90415699E-03   1.90325140E-03  -4.75814595E-04
         101   1.02000008E-03   1.92225282E-03   1.92133896E-03  -4.75637207E-04
         102   1.03000004E-03   1.94033061E-03   1.93940871E-03  -4.75347420E-04
         103   1.04000012E-03   1.95839023E-03   1.95746054E-03  -4.74948407E-04
         104   1.05000008E-03   1.97643181E-03   1.97549467E-03  -4.74384142E-04
         105   1.06000004E-03   1.99445547E-03   1.99350948E-03  -4.74535453E-04
         106   1.07000011E-03   2.01246096E-03   2.01150659E-03  -4.74456727E-04
         107   1.08000007E-03   2.03044852E-03   2.02948693E-03  -4.73809690E-04
         108   1.09000003E-03   2.04841816E-03   2.04744819E-03  -4.73747001E-04
         109   1.10000011E-03   2.06636963E-03   2.06539151E-03  -4.73576802E-04
         110   1.11000007E-03   2.08430318E-03   2.08331691E-03  -4.73413616E-04
         111   1.12000003E-03   2.10221880E-03   2.10122461E-03  -4.73146385E-04
         112   1.13000011E-03   2.12011649E-03   2.11911439E-03  -4.72887681E-04
         113   1.14000007E-03   2.13799649E-03   2.13698740E-03  -4.72201209E-04
         114   1.15000003E-03   2.15585856E-03   2.15484132E-03  -4.72070533E-04
         115   1.16000010E-03   2.17370270E-03   2.17267754E-03  -4.71838692E-04
         116   1.17000006E-03   2.19152891E-03   2.19049561E-03  -4.71720821E-04
         117   1.18000002E-03   2.20933743E-03   2.20829598E-03  -4.71608655E-04
         118   1.19000010E-03   2.22712802E-03   2.22607842E-03  -4.71502048E-04
         119   1.20000006E-03   2.24490091E-03   2.24384433E-03  -4.70881816E-04
         120   1.21000013E-03   2.26265611E-03   2.26159091E-03  -4.70995961E-04
         121   1.22000009E-03   2.28039338E-03   2.27932096E-03  -4.70498868E-04
         122   1.23000005E-03   2.29811296E-03   2.29703309E-03  -4.70114494E-04
         123   1.24000013E-03   2.31581484E-03   2.31472729E-03  -4.69840190E-04
         124   1.25000009E-03   2.33349903E-03   2.33240356E-03  -4.69673512E-04
         125   1.26000005E-03   2.35116552E-03   2.35006213E-03  -4.69512859E-04
         126   1.27000012E-03   2.36881431E-03   2.36770278E-03  -4.69456514E-04
         127   1.28000008E-03   2.38644541E-03   2.38532666E-03  -4.69013845E-04
         128   1.29000004E-03   2.40405905E-03   2.40293262E-03  -4.68774961E-04
         129   1.30000012E-03   2.42165499E-03   2.42052064E-03  -4.68639220E-04
         130   1.31000008E-03   2.43923324E-03   2.43809097E-03  -4.68508835E-04
         131   1.32000004E-03   2.45679403E-03   2.45564454E-03  -4.68099053E-04
         132   1.33000012E-03   2.47433735E-03   2.47318018E-03  -4.67886770E-04
         133   1.34000008E-03   2.49186298E-03   2.49069813E-03  -4.67680802E-04
         134   1.35000004E-03   2.50937114E-03   2.50819908E-03  -4.67295235E-04
         135   1.36000011E-03   2.52686185E-03   2.52568233E-03  -4.67010454E-04
         136   1.37000007E-03   2.54433509E-03   2.54314765E-03  -4.66915983E-04
         137   1.38000015E-03   2.56179087E-03   2.56059528E-03  -4.66916943E-04
         138   1.39000011E-03   2.57922919E-03   2.57802592E-03  -4.66740370E-04
         139   1.40000007E-03   2.59665004E-03   2.59544002E-03  -4.66210302E-04
         140   1.41000014E-03   2.61405343E-03   2.61283503E-03  -4.66314465E-04
         141   1.42000010E-03   2.63143936E-03   2.63021351E-03  -4.66066092E-04
         142   1.43000006E-03   2.64880783E-03   2.64757499E-03  -4.65648103E-04
         143   1.44000014E-03   2.66615907E-03   2.66491878E-03  -4.65413381E-04
         144   1.45000010E-03   2.68349284E-03   2.68224580E-03  -4.64924175E-04
         145   1.46000006E-03   2.70080939E-03   2.69955397E-03  -4.65048244E-04
         146   1.47000013E-03   2.71810847E-03   2.71684630E-03  -4.64573532E-04
         147   1.48000009E-03   2.73539033E-03   2.73412094E-03  -4.64278186E-04
         148   1.49000005E-03   2.75265495E-03   2.75137764E-03  -4.64243407E-04
         149   1.50000013E-03   2.76990235E-03   2.76861782E-03  -4.63959557E-04
         150   1.51000009E-03   2.78713251E-03   2.78584124E-03  -4.63514851E-04
         151   1.52000005E-03   2.80434545E-03   2.80304672E-03  -4.63327742E-04
         152   1.53000013E-03   2.82154116E-03   2.82023428E-03  -4.63393546E-04
         153   1.54000008E-03   2.83871964E-03   2.83740507E-03  -4.63297183E-04
         154   1.55000004E-03   2.85588088E-03   2.85455934E-03  -4.62959986E-04
         155   1.56000012E-03   2.87302490E-03   2.87169684E-03  -4.62467346E-04
         156   1.57000008E-03   2.89015193E-03   2.88881664E-03  -4.62225173E-04
         157   1.58000016E-03   2.90726172E-03   2.90591829E-03  -4.62309225E-04
         158   1.59000012E-03   2.92435451E-03   2.92300456E-03  -4.61837131E-04
         159   1.60000008E-03   2.94143008E-03   2.94007291E-03  -4.61610936E-04
         160   1.61000015E-03   2.95848865E-03   2.95712473E-03  -4.61232470E-04
         161   1.62000011E-03   2.97553022E-03   2.97415839E-03  -4.61252552E-04
         162   1.63000007E-03   2.99255480E-03   2.99117551E-03  -4.61119285E-04
         163   1.64000015E-03   3.00956215E-03   3.00817611E-03  -4.60757874E-04
         164   1.65000011E-03   3.02655250E-03   3.02515971E-03  -4.60403098E-04
         165   1.66000007E-03   3.04352585E-03   3.04212561E-03  -4.60284587E-04
         166   1.67000014E-03   3.06048244E-03   3.05907475E-03  -4.60169889E-04
         167   1.68000010E-03   3.07742204E-03   3.07600852E-03  -4.59528907E-04
         168   1.69000006E-03   3.09434463E-03   3.09292320E-03  -4.59575298E-04
         169   1.70000014E-03   3.11125023E-03   3.10982228E-03  -4.59174247E-04
         170   1.71000010E-03   3.12813907E-03   3.12670344E-03  -4.59152507E-04
         171   1.72000006E-03   3.14501091E-03   3.14356922E-03  -4.58614784E-04
         172   1.73000013E-03   3.16186599E-03   3.16041708E-03  -4.58453753E-04
         173   1.74000009E-03   3.17870406E-03   3.17724817E-03  -4.58223571E-04
         174   1.75000017E-03   3.19552538E-03   3.19406274E-03  -4.57925285E-04
         175   1.76000013E-03   3.21232993E-03   3.21086030E-03  -4.57705057E-04
         176   1.77000009E-03   3.22911772E-03   3.22764041E-03  -4.57706017E-04
         177   1.78000017E-03   3.24588851E-03   3.24440468E-03  -4.57350368E-04
         178   1.79000013E-03   3.26264254E-03   3.26115126E-03  -4.57286456E-04
         179   1.80000009E-03   3.27937980E-03   3.27788224E-03  -4.56870184E-04
         180   1.81000016E-03   3.29610053E-03   3.29459552E-03  -4.56813985E-04
         181   1.82000012E-03   3.31280450E-03   3.31129297E-03  -4.56479262E-04
         182   1.83000008E-03   3.32949171E-03   3.32797272E-03  -4.56430163E-04
         183   1.84000016E-03   3.34616215E-03   3.34463711E-03  -4.55965986E-04
         184   1.85000012E-03   3.36281606E-03   3.36128473E-03  -4.55577945E-04
         185   1.86000008E-03   3.37945321E-03   3.37791443E-03  -4.55540780E-04
         186   1.87000015E-03   3.39607382E-03   3.39452852E-03  -4.55231697E-04
         187   1.88000011E-03   3.41267767E-03   3.41112609E-03  -4.54859575E-04
         188   1.89000007E-03   3.42926499E-03   3.42770573E-03  -4.54901019E-04
         189   1.90000015E-03   3.44583578E-03   3.44426977E-03  -4.54673718E-04
         190   1.91000011E-03   3.46239004E-03   3.46081727E-03  -4.54450754E-04
         191   1.92000018E-03   3.47892777E-03   3.47734801E-03  -4.54299065E-04
         192   1.93000014E-03   3.49544873E-03   3.49386316E-03  -4.53817629E-04
         193   1.94000010E-03   3.51195340E-03   3.51036061E-03  -4.53740970E-04
         194   1.95000018E-03   3.52844154E-03   3.52684245E-03  -4.53402987E-04
         195   1.96000002E-03   3.54491314E-03   3.54330777E-03  -4.53070243E-04
         196   1.97000010E-03   3.56136821E-03   3.55975493E-03  -4.53200715E-04
         197   1.98000018E-03   3.57780675E-03   3.57618812E-03  -4.52615641E-04
         198   1.99000002E-03   3.59422900E-03   3.59260314E-03  -4.52556647E-04
         199   2.00000009E-03   3.61063471E-03   3.60900164E-03  -4.52500244E-04
         200   2.01000017E-03   3.62702413E-03   3.62538570E-03  -4.51932399E-04
         201   2.02000025E-03   3.64339701E-03   3.64175183E-03  -4.51755477E-04
         202   2.03000009E-03   3.65975359E-03   3.65810143E-03  -4.51645814E-04
         203   2.04000017E-03   3.67609388E-03   3.67443543E-03  -4.51348984E-04
         204   2.05000024E-03   3.69241787E-03   3.69075290E-03  -4.51119849E-04
         205   2.06000009E-03   3.70872556E-03   3.70705361E-03  -4.51020402E-04
         206   2.07000016E-03   3.72501696E-03   3.72333871E-03  -4.50736115E-04
         207   2.08000024E-03   3.74129205E-03   3.73960729E-03  -4.50518564E-04
         208   2.09000008E-03   3.75755085E-03   3.75586026E-03  -4.50118794E-04
         209   2.10000016E-03   3.77379335E-03   3.77209531E-03  -4.50156687E-04
         210   2.11000023E-03   3.79001955E-03   3.78831499E-03  -4.49950225E-04
         211   2.12000008E-03   3.80622945E-03   3.80451907E-03  -4.49563755E-04
         212   2.13000015E-03   3.82242328E-03   3.82070662E-03  -4.49304411E-04
         213   2.14000023E-03   3.83860082E-03   3.83687718E-03  -4.49231273E-04
         214   2.15000007E-03   3.85476230E-03   3.85303260E-03  -4.48918814E-04
         215   2.16000015E-03   3.87090747E-03   3.86917102E-03  -4.48791456E-04
         216   2.17000023E-03   3.88703658E-03   3.88529408E-03  -4.48487175E-04
         217   2.18000007E-03   3.90314963E-03   3.90140037E-03  -4.48366336E-04
         218   2.19000014E-03   3.91924661E-03   3.91749153E-03  -4.48010513E-04
         219   2.20000022E-03   3.93532729E-03   3.93356569E-03  -4.47837112E-04
         220   2.21000006E-03   3.95139214E-03   3.94962402E-03  -4.47666884E-04
         221   2.22000014E-03   3.96744069E-03   3.96566605E-03  -4.47499915E-04
         222   2.23000022E-03   3.98347341E-03   3.98169272E-03  -4.47219034E-04
         223   2.24000006E-03   3.99948983E-03   3.99770355E-03  -4.46825696E-04
         224   2.25000014E-03   4.01549041E-03   4.01369669E-03  -4.46901540E-04
         225   2.26000021E-03   4.03147470E-03   4.02967585E-03  -4.46400547E-04
         226   2.27000006E-03   4.04744316E-03   4.04563779E-03  -4.46250720E-04
         227   2.28000013E-03   4.06339578E-03   4.06158436E-03  -4.45989106E-04
         228   2.29000021E-03   4.07933258E-03   4.07751556E-03  -4.45617014E-04
         229   2.30000005E-03   4.09525307E-03   4.09343001E-03  -4.45363403E-04
         230   2.31000013E-03   4.11115773E-03   4.10932768E-03  -4.45340207E-04
         231   2.32000020E-03   4.12704656E-03   4.12521092E-03  -4.44980105E-04
         232   2.33000005E-03   4.14291956E-03   4.14107786E-03  -4.44736972E-04
         233   2.34000012E-03   4.15877672E-03   4.15692898E-03  -4.44497360E-04
         234   2.35000020E-03   4.17461805E-03   4.17276379E-03  -4.44372912E-04
         235   2.36000004E-03   4.19044355E-03   4.18858277E-03  -4.44251113E-04
         236   2.37000012E-03   4.20625322E-03   4.20438638E-03  -4.44021047E-04
         237   2.38000019E-03   4.22204705E-03   4.22017463E-03  -4.43684025E-04
         238   2.39000027E-03   4.23782505E-03   4.23594564E-03  -4.43681085E-04
         239   2.40000011E-03   4.25358722E-03   4.25170315E-03  -4.43131954E-04
         240   2.41000019E-03   4.26933356E-03   4.26744344E-03  -4.42916033E-04
         241   2.42000027E-03   4.28506406E-03   4.28316835E-03  -4.42594581E-04
         242   2.43000011E-03   4.30077920E-03   4.29887651E-03  -4.42602148E-04
         243   2.44000019E-03   4.31647850E-03   4.31457022E-03  -4.42287390E-04
         244   2.45000026E-03   4.33216197E-03   4.33024764E-03  -4.42084071E-04
         245   2.46000011E-03   4.34782961E-03   4.34590923E-03  -4.41883865E-04
         246   2.47000018E-03   4.36348189E-03   4.36155545E-03  -4.41686629E-04
         247   2.48000026E-03   4.37911833E-03   4.37718630E-03  -4.41385986E-04
         248   2.49000010E-03   4.39473940E-03   4.39280132E-03  -4.41195065E-04
         249   2.50000018E-03   4.41034464E-03   4.40840097E-03  -4.40901407E-04
         250   2.51000025E-03   4.42593452E-03   4.42398433E-03  -4.40821954E-04
         251   2.52000010E-03   4.44150856E-03   4.43955278E-03  -4.40534786E-04
         252   2.53000017E-03   4.45706723E-03   4.45510494E-03  -4.40460251E-04
         253   2.54000025E-03   4.47261008E-03   4.47064266E-03  -4.40075208E-04
         254   2.55000009E-03   4.48813755E-03   4.48616501E-03  -4.39694297E-04
         255   2.56000017E-03   4.50364919E-03   4.50167060E-03  -4.39524563E-04
         256   2.57000024E-03   4.51914547E-03   4.51716036E-03  -4.39460622E-04
         257   2.58000009E-03   4.53462638E-03   4.53263614E-03  -4.39090247E-04
         258   2.59000016E-03   4.55009192E-03   4.54809517E-03  -4.39031195E-04
         259   2.60000024E-03   4.56554163E-03   4.56354022E-03  -4.38565708E-04
         260   2.61000008E-03   4.58097598E-03   4.57896804E-03  -4.38511779E-04
         261   2.62000016E-03   4.59639495E-03   4.59438190E-03  -4.38155519E-04
         262   2.63000024E-03   4.61179856E-03   4.60978039E-03  -4.37803072E-04
         263   2.64000008E-03   4.62718681E-03   4.62516304E-03  -4.37555165E-04
         264   2.65000015E-03   4.64255968E-03   4.64052893E-03  -4.37611510E-04
         265   2.66000023E-03   4.65791719E-03   4.65588085E-03  -4.37368755E-04
         266   2.67000007E-03   4.67325933E-03   4.67121834E-03  -4.36929578E-04
         267   2.68000015E-03   4.68858611E-03   4.68653906E-03  -4.36792907E-04
         268   2.69000023E-03   4.70389752E-03   4.70184442E-03  -4.36658564E-04
         269   2.70000007E-03   4.71919356E-03   4.71713534E-03  -4.36328992E-04
         270   2.71000015E-03   4.73447423E-03   4.73240949E-03  -4.36298287E-04
         271   2.72000022E-03   4.74973954E-03   4.74767061E-03  -4.35778580E-04
         272   2.73000007E-03   4.76498995E-03   4.76291543E-03  -4.35556984E-04
         273   2.74000014E-03   4.78022499E-03   4.77814442E-03  -4.35435708E-04
         274   2.75000022E-03   4.79544466E-03   4.79335897E-03  -4.35122201E-04
         275   2.76000029E-03   4.81064944E-03   4.80855815E-03  -4.34908929E-04
         276   2.77000014E-03   4.82583884E-03   4.82374197E-03  -4.34698362E-04
         277   2.78000021E-03   4.84101288E-03   4.83890995E-03  -4.34586807E-04
         278   2.79000029E-03   4.85617202E-03   4.85406397E-03  -4.34285292E-04
         279   2.80000013E-03   4.87131579E-03   4.86920215E-03  -4.34082729E-04
         280   2.81000021E-03   4.88644466E-03   4.88432497E-03  -4.33978130E-04
         281   2.82000029E-03   4.90155816E-03   4.89943381E-03  -4.33590263E-04
         282   2.83000013E-03   4.91665676E-03   4.91452683E-03  -4.33395675E-04
         283   2.84000020E-03   4.93174000E-03   4.92960447E-03  -4.33203648E-04
         284   2.85000028E-03   4.94680833E-03   4.94466769E-03  -4.32919885E-04
         285   2.86000012E-03   4.96186130E-03   4.95971553E-03  -4.32639179E-04
         286   2.87000020E-03   4.97689936E-03   4.97474801E-03  -4.32455097E-04
         287   2.88000028E-03   4.99192253E-03   4.98976558E-03  -4.32273431E-04
         288   2.89000012E-03   5.00693079E-03   5.00476826E-03  -4.32094123E-04
         289   2.90000020E-03   5.02192369E-03   5.01975510E-03  -4.32010042E-04
         290   2.91000027E-03   5.03690168E-03   5.03472891E-03  -4.31557623E-04
         291   2.92000012E-03   5.05186478E-03   5.04968641E-03  -4.31385910E-04
         292   2.93000019E-03   5.06681297E-03   5.06462902E-03  -4.31216467E-04
         293   2.94000027E-03   5.08174626E-03   5.07955765E-03  -4.30865883E-04
         294   2.95000011E-03   5.09666465E-03   5.09447092E-03  -4.30610031E-04
         295   2.96000019E-03   5.11156814E-03   5.10936836E-03  -4.30539309E-04
         296   2.97000026E-03   5.12645673E-03   5.12425182E-03  -4.30288404E-04
         297   2.98000011E-03   5.14133042E-03   5.13911946E-03  -4.30221524E-04
         298   2.99000018E-03   5.15618920E-03   5.15397312E-03  -4.29975480E-04
         299   3.00000026E-03   5.17103309E-03   5.16881235E-03  -4.29641950E-04
         300   3.01000010E-03   5.18586207E-03   5.18363575E-03  -4.29491338E-04
         301   3.02000018E-03   5.20067615E-03   5.19844517E-03  -4.29163571E-04
         302   3.03000025E-03   5.21547534E-03   5.21323923E-03  -4.28928237E-04
         303   3.04000010E-03   5.23026008E-03   5.22801885E-03  -4.28695435E-04
         304   3.05000017E-03   5.24502993E-03   5.24278264E-03  -4.28642874E-04
         305   3.06000025E-03   5.25978487E-03   5.25753247E-03  -4.28414583E-04
         306   3.07000009E-03   5.27452491E-03   5.27226785E-03  -4.28100466E-04
         307   3.08000017E-03   5.28925052E-03   5.28698787E-03  -4.27965453E-04
         308   3.09000025E-03   5.30396122E-03   5.30169345E-03  -4.27744555E-04
         309   3.10000009E-03   5.31865750E-03   5.31638507E-03  -4.27438383E-04
         310   3.11000017E-03   5.33333886E-03   5.33106085E-03  -4.27309889E-04
         311   3.12000024E-03   5.34800533E-03   5.34572219E-03  -4.27096122E-04
         312   3.13000032E-03   5.36265736E-03   5.36036957E-03  -4.26797807E-04
         313   3.14000016E-03   5.37729450E-03   5.37500251E-03  -4.26415587E-04
         314   3.15000024E-03   5.39191719E-03   5.38962008E-03  -4.26209474E-04
         315   3.16000031E-03   5.40652545E-03   5.40422322E-03  -4.26005601E-04
         316   3.17000016E-03   5.42111881E-03   5.41881192E-03  -4.25718055E-04
         317   3.18000023E-03   5.43569773E-03   5.43338526E-03  -4.25604638E-04
         318   3.19000031E-03   5.45026222E-03   5.44794416E-03  -4.25492966E-04
         319   3.20000015E-03   5.46481181E-03   5.46248909E-03  -4.25212464E-04
         320   3.21000023E-03   5.47934696E-03   5.47701959E-03  -4.24934609E-04
         321   3.22000030E-03   5.49386768E-03   5.49153564E-03  -4.24659316E-04
         322   3.23000015E-03   5.50837396E-03   5.50603634E-03  -4.24555794E-04
         323   3.24000022E-03   5.52286580E-03   5.52052259E-03  -4.24453960E-04
         324   3.25000030E-03   5.53734275E-03   5.53499581E-03  -4.24017111E-04
         325   3.26000014E-03   5.55180525E-03   5.54945320E-03  -4.23835474E-04
         326   3.27000022E-03   5.56625333E-03   5.56389662E-03  -4.23572172E-04
         327   3.28000030E-03   5.58068696E-03   5.57832606E-03  -4.23227815E-04
         328   3.29000014E-03   5.59510617E-03   5.59273968E-03  -4.23136196E-04
         329   3.30000021E-03   5.60951093E-03   5.60713978E-03  -4.22879995E-04
         330   3.31000029E-03   5.62390126E-03   5.62152592E-03  -4.22543322E-04
         331   3.32000013E-03   5.63827716E-03   5.63589670E-03  -4.22374753E-04
         332   3.33000021E-03   5.65263908E-03   5.65025304E-03  -4.22290555E-04
         333   3.34000029E-03   5.66698657E-03   5.66459633E-03  -4.21961129E-04
         334   3.35000013E-03   5.68131963E-03   5.67892520E-03  -4.21634410E-04
         335   3.36000021E-03   5.69563825E-03   5.69323869E-03  -4.21474106E-04
         336   3.37000028E-03   5.70994243E-03   5.70753822E-03  -4.21233999E-04
         337   3.38000013E-03   5.72423264E-03   5.72182424E-03  -4.20914730E-04
         338   3.39000020E-03   5.73850842E-03   5.73609443E-03  -4.20841767E-04
         339   3.40000028E-03   5.75276976E-03   5.75035065E-03  -4.20689204E-04
         340   3.41000012E-03   5.76701714E-03   5.76459384E-03  -4.20376775E-04
         341   3.42000020E-03   5.78125007E-03   5.77882165E-03  -4.20228171E-04
         342   3.43000027E-03   5.79546904E-03   5.79303596E-03  -4.20000870E-04
         343   3.44000012E-03   5.80967357E-03   5.80723630E-03  -4.19695541E-04
         344   3.45000019E-03   5.82386367E-03   5.82142081E-03  -4.19632794E-04
         345   3.46000027E-03   5.83803980E-03   5.83559275E-03  -4.19331889E-04
         346   3.47000011E-03   5.85220195E-03   5.84975118E-03  -4.18953772E-04
         347   3.48000019E-03   5.86634967E-03   5.86389424E-03  -4.18737414E-04
         348   3.49000026E-03   5.88048343E-03   5.87802287E-03  -4.18602373E-04
         349   3.50000034E-03   5.89460274E-03   5.89213846E-03  -4.18231764E-04
         350   3.51000018E-03   5.90870809E-03   5.90623822E-03  -4.18179465E-04
         351   3.52000026E-03   5.92279946E-03   5.92032541E-03  -4.17892297E-04
         352   3.53000034E-03   5.93687687E-03   5.93439816E-03  -4.17686009E-04
         353   3.54000018E-03   5.95093984E-03   5.94845647E-03  -4.17481700E-04
         354   3.55000026E-03   5.96498884E-03   5.96250035E-03  -4.17357456E-04
         355   3.56000033E-03   5.97902387E-03   5.97653119E-03  -4.17078874E-04
         356   3.57000018E-03   5.99304494E-03   5.99054806E-03  -4.16802563E-04
         357   3.58000025E-03   6.00705203E-03   6.00455049E-03  -4.16606112E-04
         358   3.59000033E-03   6.02104515E-03   6.01853849E-03  -4.16488940E-04
         359   3.60000017E-03   6.03502430E-03   6.03251345E-03  -4.16218827E-04
         360   3.61000025E-03   6.04898948E-03   6.04647398E-03  -4.16027964E-04
         361   3.62000032E-03   6.06294069E-03   6.06042007E-03  -4.15915827E-04
         362   3.63000017E-03   6.07687794E-03   6.07435312E-03  -4.15651739E-04
         363   3.64000024E-03   6.09080121E-03   6.08827220E-03  -4.15389834E-04
         364   3.65000032E-03   6.10471051E-03   6.10217685E-03  -4.15206421E-04
         365   3.66000016E-03   6.11860584E-03   6.11606706E-03  -4.15100978E-04
         366   3.67000024E-03   6.13248721E-03   6.12994423E-03  -4.14844922E-04
         367   3.68000031E-03   6.14635460E-03   6.14380697E-03  -4.14666807E-04
         368   3.69000016E-03   6.16020802E-03   6.15765667E-03  -4.14339156E-04
         369   3.70000023E-03   6.17404794E-03   6.17149239E-03  -4.14089329E-04
         370   3.71000031E-03   6.18787389E-03   6.18531322E-03  -4.13992209E-04
         371   3.72000015E-03   6.20168587E-03   6.19912148E-03  -4.13670990E-04
         372   3.73000023E-03   6.21548435E-03   6.21291483E-03  -4.13577043E-04
         373   3.74000031E-03   6.22926885E-03   6.22669561E-03  -4.13260015E-04
         374   3.75000015E-03   6.24303939E-03   6.24046195E-03  -4.13019938E-04
         375   3.76000023E-03   6.25679642E-03   6.25421526E-03  -4.12707333E-04
         376   3.77000030E-03   6.27053948E-03   6.26795413E-03  -4.12471330E-04
         377   3.78000014E-03   6.28426904E-03   6.28167856E-03  -4.12385591E-04
         378   3.79000022E-03   6.29798463E-03   6.29538996E-03  -4.12153138E-04
         379   3.80000030E-03   6.31168671E-03   6.30908832E-03  -4.11848712E-04
         380   3.81000014E-03   6.32537482E-03   6.32277224E-03  -4.11620218E-04
         381   3.82000022E-03   6.33904943E-03   6.33644219E-03  -4.11467103E-04
         382   3.83000029E-03   6.35271054E-03   6.35009864E-03  -4.11315530E-04
         383   3.84000037E-03   6.36635767E-03   6.36374205E-03  -4.11019078E-04
         384   3.85000021E-03   6.37999130E-03   6.37737149E-03  -4.10797831E-04
         385   3.86000029E-03   6.39361143E-03   6.39098743E-03  -4.10578388E-04
         386   3.87000036E-03   6.40721759E-03   6.40458940E-03  -4.10360779E-04
         387   3.88000021E-03   6.42081024E-03   6.41817925E-03  -4.09927190E-04
         388   3.89000028E-03   6.43438939E-03   6.43175328E-03  -4.09858476E-04
         389   3.90000036E-03   6.44795503E-03   6.44531474E-03  -4.09646338E-04
         390   3.91000044E-03   6.46150718E-03   6.45886268E-03  -4.09435917E-04
         391   3.92000005E-03   6.47504581E-03   6.47239806E-03  -4.09083324E-04
         392   3.93000012E-03   6.48857094E-03   6.48591761E-03  -4.09092143E-04
         393   3.94000020E-03   6.50208257E-03   6.49942504E-03  -4.08886786E-04
         394   3.95000027E-03   6.51558070E-03   6.51291944E-03  -4.08611580E-04
         395   3.96000035E-03   6.52906531E-03   6.52639987E-03  -4.08409716E-04
         396   3.97000043E-03   6.54253643E-03   6.53986679E-03  -4.08209569E-04
         397   3.98000004E-03   6.55599404E-03   6.55331975E-03  -4.08082153E-04
         398   3.99000011E-03   6.56943815E-03   6.56675920E-03  -4.07956075E-04
         399   4.00000019E-03   6.58286875E-03   6.58018561E-03  -4.07760584E-04
         400   4.01000027E-03   6.59628585E-03   6.59359898E-03  -4.07496060E-04
         401   4.02000034E-03   6.60968944E-03   6.60699932E-03  -4.07162937E-04
         402   4.03000042E-03   6.62307953E-03   6.62038568E-03  -4.06902371E-04
         403   4.04000049E-03   6.63645659E-03   6.63375854E-03  -4.06713865E-04
         404   4.05000011E-03   6.64982013E-03   6.64711837E-03  -4.06456849E-04
         405   4.06000018E-03   6.66317018E-03   6.66046375E-03  -4.06341598E-04
         406   4.07000026E-03   6.67650718E-03   6.67379703E-03  -4.06087958E-04
         407   4.08000033E-03   6.68983068E-03   6.68711634E-03  -4.05905856E-04
         408   4.09000041E-03   6.70314068E-03   6.70042261E-03  -4.05655737E-04
         409   4.10000049E-03   6.71643764E-03   6.71371585E-03  -4.05407423E-04
         410   4.11000010E-03   6.72972109E-03   6.72699558E-03  -4.05160885E-04
         411   4.12000017E-03   6.74299151E-03   6.74026133E-03  -4.05054336E-04
         412   4.13000025E-03   6.75624842E-03   6.75351499E-03  -4.04742081E-04
         413   4.14000032E-03   6.76949229E-03   6.76675420E-03  -4.04638355E-04
         414   4.15000040E-03   6.78272266E-03   6.77998178E-03  -4.04261024E-04
         415   4.16000048E-03   6.79593999E-03   6.79319492E-03  -4.04091639E-04
         416   4.17000009E-03   6.80914428E-03   6.80639502E-03  -4.03923710E-04
         417   4.18000016E-03   6.82233507E-03   6.81958161E-03  -4.03757207E-04
         418   4.19000024E-03   6.83551282E-03   6.83275564E-03  -4.03523940E-04
         419   4.20000032E-03   6.84867753E-03   6.84591616E-03  -4.03360405E-04
         420   4.21000039E-03   6.86182873E-03   6.85906410E-03  -4.03062440E-04
         421   4.22000047E-03   6.87496690E-03   6.87219854E-03  -4.02834150E-04
         422   4.23000008E-03   6.88809203E-03   6.88531995E-03  -4.02607518E-04
         423   4.24000015E-03   6.90120412E-03   6.89842692E-03  -4.02585109E-04
         424   4.25000023E-03   6.91430271E-03   6.91152178E-03  -4.02361358E-04
         425   4.26000031E-03   6.92738825E-03   6.92460500E-03  -4.01937374E-04
         426   4.27000038E-03   6.94046076E-03   6.93767285E-03  -4.01851488E-04
         427   4.28000046E-03   6.95352023E-03   6.95072999E-03  -4.01431578E-04
         428   4.29000007E-03   6.96656667E-03   6.96377270E-03  -4.01214667E-04
         429   4.30000015E-03   6.97960006E-03   6.97680097E-03  -4.01199621E-04
         430   4.31000022E-03   6.99262042E-03   6.98981853E-03  -4.00852179E-04
         431   4.32000030E-03   7.00562773E-03   7.00282212E-03  -4.00639809E-04
         432   4.33000037E-03   7.01862201E-03   7.01581361E-03  -4.00296150E-04
         433   4.34000045E-03   7.03160325E-03   7.02879066E-03  -4.00153367E-04
         434   4.35000006E-03   7.04457145E-03   7.04175560E-03  -3.99879500E-04
         435   4.36000014E-03   7.05752708E-03   7.05470657E-03  -3.99805489E-04
         436   4.37000021E-03   7.07046967E-03   7.06764543E-03  -3.99600656E-04
         437   4.38000029E-03   7.08339922E-03   7.08057173E-03  -3.99331504E-04
         438   4.39000037E-03   7.09631573E-03   7.09348544E-03  -3.98998382E-04
         439   4.40000044E-03   7.10921921E-03   7.10638519E-03  -3.98798351E-04
         440   4.41000052E-03   7.12211011E-03   7.11927144E-03  -3.98730568E-04
         441   4.42000013E-03   7.13498797E-03   7.13214604E-03  -3.98467848E-04
         442   4.43000020E-03   7.14785280E-03   7.14500761E-03  -3.98206786E-04
         443   4.44000028E-03   7.16070505E-03   7.15785613E-03  -3.98012431E-04
         444   4.45000036E-03   7.17354426E-03   7.17069115E-03  -3.97884491E-04
         445   4.46000043E-03   7.18637090E-03   7.18351454E-03  -3.97627970E-04
         446   4.47000051E-03   7.19918450E-03   7.19632488E-03  -3.97373107E-04
         447   4.48000012E-03   7.21198553E-03   7.20912218E-03  -3.97184456E-04
         448   4.49000020E-03   7.22477352E-03   7.22190598E-03  -3.97061696E-04
         449   4.50000027E-03   7.23754894E-03   7.23467814E-03  -3.96811258E-04
         450   4.51000035E-03   7.25031132E-03   7.24743726E-03  -3.96562449E-04
         451   4.52000042E-03   7.26306112E-03   7.26018287E-03  -3.96443502E-04
         452   4.53000050E-03   7.27579789E-03   7.27291685E-03  -3.96133546E-04
         453   4.54000011E-03   7.28852209E-03   7.28563778E-03  -3.95889307E-04
         454   4.55000019E-03   7.30123371E-03   7.29834521E-03  -3.95774230E-04
         455   4.56000026E-03   7.31393229E-03   7.31104100E-03  -3.95469106E-04
         456   4.57000034E-03   7.32661830E-03   7.32372375E-03  -3.95229348E-04
         457   4.58000042E-03   7.33929174E-03   7.33639346E-03  -3.95054580E-04
         458   4.59000049E-03   7.35195260E-03   7.34905107E-03  -3.94817704E-04
         459   4.60000010E-03   7.36460043E-03   7.36169564E-03  -3.94582341E-04
         460   4.61000018E-03   7.37723568E-03   7.37432716E-03  -3.94411618E-04
         461   4.62000025E-03   7.38985837E-03   7.38694659E-03  -3.94179107E-04
         462   4.63000033E-03   7.40246847E-03   7.39955390E-03  -3.93885100E-04
         463   4.64000041E-03   7.41506601E-03   7.41214724E-03  -3.93781287E-04
         464   4.65000048E-03   7.42765097E-03   7.42472988E-03  -3.93427559E-04
         465   4.66000009E-03   7.44022336E-03   7.43729807E-03  -3.93326191E-04
         466   4.67000017E-03   7.45278317E-03   7.44985463E-03  -3.93100810E-04
         467   4.68000025E-03   7.46533042E-03   7.46239861E-03  -3.92876827E-04
         468   4.69000032E-03   7.47786509E-03   7.47493003E-03  -3.92654270E-04
         469   4.70000040E-03   7.49038719E-03   7.48744840E-03  -3.92495305E-04
         470   4.71000047E-03   7.50289671E-03   7.49995559E-03  -3.92151211E-04
         471   4.72000008E-03   7.51539366E-03   7.51244882E-03  -3.91994952E-04
         472   4.73000016E-03   7.52787804E-03   7.52492994E-03  -3.91777954E-04
         473   4.74000024E-03   7.54035031E-03   7.53739802E-03  -3.91685899E-04
         474   4.75000031E-03   7.55281001E-03   7.54985539E-03  -3.91348003E-04
         475   4.76000039E-03   7.56525714E-03   7.56229972E-03  -3.91073467E-04
         476   4.77000047E-03   7.57769169E-03   7.57473102E-03  -3.90861998E-04
         477   4.78000054E-03   7.59011414E-03   7.58715020E-03  -3.90651840E-04
         478   4.79000015E-03   7.60252401E-03   7.59955635E-03  -3.90504283E-04
         479   4.80000023E-03   7.61492131E-03   7.61195039E-03  -3.90296686E-04
         480   4.81000030E-03   7.62730651E-03   7.62433279E-03  -3.90029280E-04
         481   4.82000038E-03   7.63967913E-03   7.63670169E-03  -3.89885361E-04
         482   4.83000046E-03   7.65203964E-03   7.64905894E-03  -3.89681634E-04
         483   4.84000053E-03   7.66438758E-03   7.66140455E-03  -3.89357621E-04
         484   4.85000014E-03   7.67672341E-03   7.67373666E-03  -3.89217370E-04
         485   4.86000022E-03   7.68904667E-03   7.68605573E-03  -3.89138790E-04
         486   4.87000030E-03   7.70135783E-03   7.69836409E-03  -3.88879562E-04
         487   4.88000037E-03   7.71365641E-03   7.71065941E-03  -3.88682209E-04
         488   4.89000045E-03   7.72594288E-03   7.72294262E-03  -3.88486078E-04
         489   4.90000052E-03   7.73821678E-03   7.73521420E-03  -3.88170767E-04
         490   4.91000013E-03   7.75047857E-03   7.74747226E-03  -3.88037442E-04
         491   4.92000021E-03   7.76272826E-03   7.75971869E-03  -3.87845095E-04
         492   4.93000029E-03   7.77496537E-03   7.77195301E-03  -3.87594075E-04
         493   4.94000036E-03   7.78719038E-03   7.78417429E-03  -3.87464097E-04
         494   4.95000044E-03   7.79940328E-03   7.79638533E-03  -3.87096166E-04
         495   4.96000051E-03   7.81160407E-03   7.80858239E-03  -3.86968575E-04
         496   4.97000013E-03   7.82379229E-03   7.82076828E-03  -3.86663334E-04
         497   4.98000020E-03   7.83596840E-03   7.83294067E-03  -3.86538071E-04
         498   4.99000028E-03   7.84813240E-03   7.84510095E-03  -3.86413769E-04
         499   5.00000035E-03   7.86028430E-03   7.85725098E-03  -3.86053289E-04
         500   5.01000043E-03   7.87242409E-03   7.86938798E-03  -3.85812920E-04
         501   5.02000051E-03   7.88455177E-03   7.88151100E-03  -3.85810301E-04
         502   5.03000012E-03   7.89666735E-03   7.89362378E-03  -3.85572232E-04
         503   5.04000019E-03   7.90877081E-03   7.90572353E-03  -3.85453342E-04
         504   5.05000027E-03   7.92086218E-03   7.91781209E-03  -3.85217718E-04
         505   5.06000035E-03   7.93294143E-03   7.92988855E-03  -3.84983403E-04
         506   5.07000042E-03   7.94500858E-03   7.94195291E-03  -3.84750369E-04
         507   5.08000050E-03   7.95706362E-03   7.95400515E-03  -3.84518644E-04
         508   5.09000011E-03   7.96910655E-03   7.96604529E-03  -3.84288200E-04
         509   5.10000018E-03   7.98113737E-03   7.97807239E-03  -3.84175830E-04
         510   5.11000026E-03   7.99315609E-03   7.99008831E-03  -3.83947772E-04
         511   5.12000034E-03   8.00516270E-03   8.00209306E-03  -3.83604551E-04
         512   5.13000041E-03   8.01715720E-03   8.01408384E-03  -3.83495440E-04
         513   5.14000049E-03   8.02913960E-03   8.02606437E-03  -3.83155042E-04
         514   5.15000056E-03   8.04111082E-03   8.03803280E-03  -3.82932136E-04
         515   5.16000018E-03   8.05306993E-03   8.04998819E-03  -3.82826198E-04
         516   5.17000025E-03   8.06501694E-03   8.06193240E-03  -3.82605591E-04
         517   5.18000033E-03   8.07695184E-03   8.07386357E-03  -3.82501603E-04
         518   5.19000040E-03   8.08887463E-03   8.08578450E-03  -3.82168015E-04
         519   5.20000048E-03   8.10078532E-03   8.09769239E-03  -3.81951075E-04
         520   5.21000056E-03   8.11268482E-03   8.10959004E-03  -3.81620397E-04
         521   5.22000017E-03   8.12457222E-03   8.12147465E-03  -3.81405960E-04
         522   5.23000024E-03   8.13644752E-03   8.13334528E-03  -3.81421851E-04
         523   5.24000032E-03   8.14831071E-03   8.14520661E-03  -3.81095073E-04
         524   5.25000039E-03   8.16016272E-03   8.15705676E-03  -3.80769779E-04
         525   5.26000047E-03   8.17200262E-03   8.16889293E-03  -3.80674115E-04
         526   5.27000055E-03   8.18383042E-03   8.18071794E-03  -3.80465382E-04
         527   5.28000016E-03   8.19564704E-03   8.19253176E-03  -3.80257785E-04
         528   5.29000023E-03   8.20745155E-03   8.20433348E-03  -3.80051351E-04
         529   5.30000031E-03   8.21924396E-03   8.21612310E-03  -3.79846053E-04
         530   5.31000039E-03   8.23102426E-03   8.22790153E-03  -3.79528676E-04
         531   5.32000046E-03   8.24279338E-03   8.23966693E-03  -3.79438861E-04
         532   5.33000054E-03   8.25455040E-03   8.25142115E-03  -3.79236968E-04
         533   5.34000015E-03   8.26629624E-03   8.26316420E-03  -3.79036122E-04
         534   5.35000023E-03   8.27802997E-03   8.27489514E-03  -3.78836441E-04
         535   5.36000030E-03   8.28975160E-03   8.28661397E-03  -3.78637866E-04
         536   5.37000038E-03   8.30146205E-03   8.29832163E-03  -3.78440338E-04
         537   5.38000045E-03   8.31316039E-03   8.31001904E-03  -3.78019729E-04
         538   5.39000053E-03   8.32484756E-03   8.32170248E-03  -3.77936638E-04
         539   5.40000014E-03   8.33652262E-03   8.33337568E-03  -3.77630757E-04
         540   5.41000022E-03   8.34818650E-03   8.34503490E-03  -3.77661170E-04
         541   5.42000029E-03   8.35983828E-03   8.35668389E-03  -3.77469056E-04
         542   5.43000037E-03   8.37147888E-03   8.36832169E-03  -3.77277989E-04
         543   5.44000044E-03   8.38310737E-03   8.37994833E-03  -3.76976823E-04
         544   5.45000052E-03   8.39472469E-03   8.39156099E-03  -3.77010059E-04
         545   5.46000013E-03   8.40632990E-03   8.40316527E-03  -3.76600248E-04
         546   5.47000021E-03   8.41792393E-03   8.41475464E-03  -3.76634940E-04
         547   5.48000028E-03   8.42950586E-03   8.42633471E-03  -3.76338401E-04
         548   5.49000036E-03   8.44107661E-03   8.43790267E-03  -3.76153592E-04
         549   5.50000044E-03   8.45263526E-03   8.44945852E-03  -3.75969801E-04
         550   5.51000051E-03   8.46418273E-03   8.46100412E-03  -3.75676929E-04
         551   5.52000059E-03   8.47571809E-03   8.47253762E-03  -3.75385367E-04
         552   5.53000020E-03   8.48724227E-03   8.48405901E-03  -3.75204894E-04
         553   5.54000027E-03   8.49875528E-03   8.49556923E-03  -3.75025440E-04
         554   5.55000035E-03   8.51025619E-03   8.50706827E-03  -3.74737458E-04
         555   5.56000043E-03   8.52174591E-03   8.51855520E-03  -3.74560128E-04
         556   5.57000050E-03   8.53322446E-03   8.53003096E-03  -3.74383759E-04
         557   5.58000058E-03   8.54469091E-03   8.54149461E-03  -3.74208408E-04
         558   5.59000019E-03   8.55614617E-03   8.55294801E-03  -3.73925082E-04
         559   5.60000027E-03   8.56759027E-03   8.56438838E-03  -3.73860559E-04
         560   5.61000034E-03   8.57902225E-03   8.57581943E-03  -3.73470830E-04
         561   5.62000042E-03   8.59044306E-03   8.58723745E-03  -3.73299612E-04
         562   5.63000049E-03   8.60185269E-03   8.59864429E-03  -3.73129325E-04
         563   5.64000057E-03   8.61325115E-03   8.61004088E-03  -3.72851762E-04
         564   5.65000018E-03   8.62463750E-03   8.62142444E-03  -3.72683542E-04
         565   5.66000026E-03   8.63601267E-03   8.63279775E-03  -3.72408307E-04
         566   5.67000033E-03   8.64737667E-03   8.64415895E-03  -3.72242066E-04
         567   5.68000041E-03   8.65872949E-03   8.65550898E-03  -3.72076727E-04
         568   5.69000049E-03   8.67007114E-03   8.66684783E-03  -3.71912320E-04
         569   5.70000056E-03   8.68140068E-03   8.67817458E-03  -3.71748843E-04
         570   5.71000017E-03   8.69271904E-03   8.68949201E-03  -3.71371862E-04
         571   5.72000025E-03   8.70402623E-03   8.70079640E-03  -3.71210452E-04
         572   5.73000032E-03   8.71532224E-03   8.71208962E-03  -3.71049973E-04
         573   5.74000040E-03   8.72660708E-03   8.72337166E-03  -3.70890368E-04
         574   5.75000048E-03   8.73788074E-03   8.73464346E-03  -3.70624999E-04
         575   5.76000055E-03   8.74914322E-03   8.74590222E-03  -3.70573835E-04
         576   5.77000016E-03   8.76039453E-03   8.75715259E-03  -3.70204099E-04
         577   5.78000024E-03   8.77163373E-03   8.76838807E-03  -3.70154594E-04
         578   5.79000032E-03   8.78286175E-03   8.77961423E-03  -3.69893445E-04
         579   5.80000039E-03   8.79407860E-03   8.79082922E-03  -3.69633432E-04
         580   5.81000047E-03   8.80528428E-03   8.80203303E-03  -3.69374553E-04
         581   5.82000054E-03   8.81647877E-03   8.81322473E-03  -3.69222515E-04
         582   5.83000015E-03   8.82766210E-03   8.82440712E-03  -3.68860172E-04
         583   5.84000023E-03   8.83883424E-03   8.83557647E-03  -3.68710113E-04
         584   5.85000031E-03   8.84999521E-03   8.84673558E-03  -3.68455570E-04
         585   5.86000038E-03   8.86114500E-03   8.85788258E-03  -3.68307316E-04
         586   5.87000046E-03   8.87228362E-03   8.86901934E-03  -3.68054869E-04
         587   5.88000054E-03   8.88341106E-03   8.88014492E-03  -3.67803499E-04
         588   5.89000061E-03   8.89452733E-03   8.89125932E-03  -3.67553206E-04
         589   5.90000022E-03   8.90563242E-03   8.90236255E-03  -3.67304019E-04
         590   5.91000030E-03   8.91672634E-03   8.91345460E-03  -3.67055909E-04
         591   5.92000037E-03   8.92781001E-03   8.92453548E-03  -3.66913242E-04
         592   5.93000045E-03   8.93888250E-03   8.93560611E-03  -3.66667111E-04
         593   5.94000053E-03   8.94994382E-03   8.94666370E-03  -3.66630324E-04
         594   5.95000060E-03   8.96099396E-03   8.95771291E-03  -3.66282038E-04
         595   5.96000021E-03   8.97203293E-03   8.96875001E-03  -3.66038963E-04
         596   5.97000029E-03   8.98306072E-03   8.97977408E-03  -3.66004446E-04
         597   5.98000037E-03   8.99407733E-03   8.99078976E-03  -3.65659624E-04
         598   5.99000044E-03   9.00508370E-03   9.00179334E-03  -3.65523010E-04
         599   6.00000052E-03   9.01607890E-03   9.01278574E-03  -3.65387212E-04
         600   6.01000059E-03   9.02706292E-03   9.02376790E-03  -3.65148939E-04
         601   6.02000020E-03   9.03803576E-03   9.03473794E-03  -3.65014828E-04
         602   6.03000028E-03   9.04899742E-03   9.04569868E-03  -3.64675478E-04
         603   6.04000036E-03   9.05994885E-03   9.05664638E-03  -3.64645995E-04
         604   6.05000043E-03   9.07088909E-03   9.06758383E-03  -3.64514271E-04
         605   6.06000051E-03   9.08181816E-03   9.07851197E-03  -3.64178093E-04
         606   6.07000059E-03   9.09273606E-03   9.08942800E-03  -3.63945641E-04
         607   6.08000020E-03   9.10364371E-03   9.10033286E-03  -3.63816565E-04
         608   6.09000027E-03   9.11454018E-03   9.11122654E-03  -3.63688217E-04
         609   6.10000035E-03   9.12542548E-03   9.12210997E-03  -3.63458501E-04
         610   6.11000042E-03   9.13629960E-03   9.13298316E-03  -3.63127765E-04
         611   6.12000050E-03   9.14716348E-03   9.14384425E-03  -3.63001978E-04
         612   6.13000058E-03   9.15801618E-03   9.15469509E-03  -3.62775201E-04
         613   6.14000019E-03   9.16885771E-03   9.16553568E-03  -3.62447725E-04
         614   6.15000026E-03   9.17968899E-03   9.17636417E-03  -3.62324499E-04
         615   6.16000034E-03   9.19050910E-03   9.18718334E-03  -3.61999177E-04
         616   6.17000042E-03   9.20131896E-03   9.19798948E-03  -3.61978920E-04
         617   6.18000049E-03   9.21211764E-03   9.20878630E-03  -3.61756771E-04
         618   6.19000057E-03   9.22290515E-03   9.21957195E-03  -3.61535611E-04
         619   6.20000018E-03   9.23368242E-03   9.23034735E-03  -3.61315353E-04
         620   6.21000025E-03   9.24444851E-03   9.24111065E-03  -3.61196842E-04
         621   6.22000033E-03   9.25520435E-03   9.25186463E-03  -3.60978331E-04
         622   6.23000041E-03   9.26594902E-03   9.26260836E-03  -3.60660197E-04
         623   6.24000048E-03   9.27668344E-03   9.27333906E-03  -3.60644568E-04
         624   6.25000056E-03   9.28740669E-03   9.28406138E-03  -3.60328355E-04
         625   6.26000063E-03   9.29811969E-03   9.29477159E-03  -3.60213773E-04
         626   6.27000025E-03   9.30882152E-03   9.30547249E-03  -3.59899626E-04
         627   6.28000032E-03   9.31951310E-03   9.31616034E-03  -3.59886588E-04
         628   6.29000040E-03   9.33019351E-03   9.32683889E-03  -3.59674275E-04
         629   6.30000047E-03   9.34086367E-03   9.33750719E-03  -3.59462807E-04
         630   6.31000055E-03   9.35152266E-03   9.34816431E-03  -3.59252270E-04
         631   6.32000063E-03   9.36217140E-03   9.35881119E-03  -3.59042606E-04
         632   6.33000024E-03   9.37280897E-03   9.36944690E-03  -3.58833815E-04
         633   6.34000031E-03   9.38343629E-03   9.38007236E-03  -3.58625926E-04
         634   6.35000039E-03   9.39405244E-03   9.39068664E-03  -3.58418911E-04
         635   6.36000047E-03   9.40465834E-03   9.40128975E-03  -3.58311867E-04
         636   6.37000054E-03   9.41525400E-03   9.41188447E-03  -3.58007470E-04
         637   6.38000062E-03   9.42583848E-03   9.42246802E-03  -3.57704208E-04
         638   6.39000023E-03   9.43641271E-03   9.43303946E-03  -3.57599522E-04
         639   6.40000030E-03   9.44697671E-03   9.44360159E-03  -3.57396813E-04
         640   6.41000038E-03   9.45752952E-03   9.45415255E-03  -3.57194949E-04
         641   6.42000046E-03   9.46807209E-03   9.46469139E-03  -3.57190816E-04
         642   6.43000053E-03   9.47860442E-03   9.47522279E-03  -3.56892124E-04
         643   6.44000061E-03   9.48912557E-03   9.48574208E-03  -3.56692704E-04
         644   6.45000022E-03   9.49963648E-03   9.49625112E-03  -3.56494100E-04
         645   6.46000030E-03   9.51013714E-03   9.50674992E-03  -3.56296339E-04
         646   6.47000037E-03   9.52062663E-03   9.51723661E-03  -3.56197328E-04
         647   6.48000045E-03   9.53110587E-03   9.52771492E-03  -3.55903321E-04
         648   6.49000052E-03   9.54157487E-03   9.53818206E-03  -3.55708064E-04
         649   6.50000060E-03   9.55203362E-03   9.54863895E-03  -3.55513563E-04
         650   6.51000021E-03   9.56248119E-03   9.55908559E-03  -3.55222495E-04
         651   6.52000029E-03   9.57291853E-03   9.56952106E-03  -3.55029770E-04
         652   6.53000036E-03   9.58334561E-03   9.57994536E-03  -3.54935095E-04
         653   6.54000044E-03   9.59376246E-03   9.59036127E-03  -3.54646705E-04
         654   6.55000051E-03   9.60416906E-03   9.60076507E-03  -3.54553398E-04
         655   6.56000059E-03   9.61456448E-03   9.61115956E-03  -3.54266871E-04
         656   6.57000020E-03   9.62494966E-03   9.62154288E-03  -3.54078133E-04
         657   6.58000028E-03   9.63532459E-03   9.63191595E-03  -3.53890209E-04
         658   6.59000035E-03   9.64568928E-03   9.64227878E-03  -3.53703042E-04
         659   6.60000043E-03   9.65604372E-03   9.65263136E-03  -3.53516662E-04
         660   6.61000051E-03   9.66638792E-03   9.66297369E-03  -3.53331037E-04
         661   6.62000058E-03   9.67672188E-03   9.67330579E-03  -3.53146199E-04
         662   6.63000066E-03   9.68704559E-03   9.68362670E-03  -3.53058334E-04
         663   6.64000027E-03   9.69735812E-03   9.69393831E-03  -3.52778850E-04
         664   6.65000034E-03   9.70766041E-03   9.70423874E-03  -3.52596340E-04
         665   6.66000042E-03   9.71795246E-03   9.71452892E-03  -3.52414587E-04
         666   6.67000050E-03   9.72823426E-03   9.72480979E-03  -3.52137809E-04
         667   6.68000057E-03   9.73850582E-03   9.73507948E-03  -3.51957657E-04
         668   6.69000065E-03   9.74876713E-03   9.74533986E-03  -3.51682655E-04
         669   6.70000026E-03   9.75901820E-03   9.75559000E-03  -3.51408613E-04
         670   6.71000034E-03   9.76925902E-03   9.76582896E-03  -3.51230905E-04
         671   6.72000041E-03   9.77948960E-03   9.77605768E-03  -3.51053954E-04
         672   6.73000049E-03   9.78970993E-03   9.78627615E-03  -3.50877730E-04
         673   6.74000056E-03   9.79992002E-03   9.79648530E-03  -3.50607123E-04
         674   6.75000064E-03   9.81011987E-03   9.80668422E-03  -3.50337476E-04
         675   6.76000025E-03   9.82030947E-03   9.81687196E-03  -3.50163638E-04
         676   6.77000033E-03   9.83048882E-03   9.82704945E-03  -3.49990529E-04
         677   6.78000040E-03   9.84065793E-03   9.83721856E-03  -3.49628739E-04
         678   6.79000048E-03   9.85081773E-03   9.84737463E-03  -3.49646434E-04
         679   6.80000056E-03   9.86096729E-03   9.85752326E-03  -3.49380949E-04
         680   6.81000063E-03   9.87110659E-03   9.86766070E-03  -3.49210779E-04
         681   6.82000024E-03   9.88123566E-03   9.87778790E-03  -3.49041336E-04
         682   6.83000032E-03   9.89135448E-03   9.88790486E-03  -3.48872563E-04
         683   6.84000039E-03   9.90146305E-03   9.89801157E-03  -3.48704518E-04
         684   6.85000047E-03   9.91156138E-03   9.90810990E-03  -3.48349131E-04
         685   6.86000055E-03   9.92164947E-03   9.91819613E-03  -3.48182686E-04
         686   6.87000062E-03   9.93172824E-03   9.92827304E-03  -3.48016882E-04
         687   6.88000023E-03   9.94179677E-03   9.93833970E-03  -3.47851805E-04
         688   6.89000031E-03   9.95185506E-03   9.94839519E-03  -3.47781053E-04
         689   6.90000039E-03   9.96190310E-03   9.95844230E-03  -3.47523688E-04
         690   6.91000046E-03   9.97194089E-03   9.96847823E-03  -3.47360678E-04
         691   6.92000054E-03   9.98196937E-03   9.97850485E-03  -3.47198307E-04
         692   6.93000061E-03   9.99198761E-03   9.98852216E-03  -3.46943358E-04
         693   6.94000022E-03   1.00019956E-02   9.99852829E-03  -3.46782443E-04
         694   6.95000030E-03   1.00119933E-02   1.00085260E-02  -3.46436020E-04
         695   6.96000038E-03   1.00219818E-02   1.00185107E-02  -3.46462592E-04
         696   6.97000045E-03   1.00319600E-02   1.00284880E-02  -3.46210756E-04
         697   6.98000053E-03   1.00419279E-02   1.00384541E-02  -3.46052606E-04
         698   6.99000061E-03   1.00518856E-02   1.00484109E-02  -3.45802400E-04
         699   7.00000068E-03   1.00618340E-02   1.00583574E-02  -3.45645618E-04
         700   7.01000029E-03   1.00717722E-02   1.00682946E-02  -3.45396984E-04
         701   7.02000037E-03   1.00817000E-02   1.00782197E-02  -3.45334061E-04
         702   7.03000044E-03   1.00916186E-02   1.00881383E-02  -3.44994536E-04
         703   7.04000052E-03   1.01015270E-02   1.00980448E-02  -3.44840519E-04
         704   7.05000060E-03   1.01114251E-02   1.01079410E-02  -3.44687200E-04
         705   7.06000067E-03   1.01213139E-02   1.01178288E-02  -3.44442378E-04
         706   7.07000028E-03   1.01311924E-02   1.01277065E-02  -3.44198401E-04
         707   7.08000036E-03   1.01410616E-02   1.01375729E-02  -3.44139029E-04
         708   7.09000044E-03   1.01509206E-02   1.01474309E-02  -3.43896478E-04
         709   7.10000051E-03   1.01607693E-02   1.01572787E-02  -3.43654741E-04
         710   7.11000059E-03   1.01706088E-02   1.01671172E-02  -3.43413791E-04
         711   7.12000066E-03   1.01804379E-02   1.01769445E-02  -3.43265216E-04
         712   7.13000027E-03   1.01902578E-02   1.01867625E-02  -3.43117223E-04
         713   7.14000035E-03   1.02000674E-02   1.01965712E-02  -3.42878484E-04
         714   7.15000043E-03   1.02098677E-02   1.02063697E-02  -3.42731801E-04
         715   7.16000050E-03   1.02196578E-02   1.02161570E-02  -3.42676969E-04
         716   7.17000058E-03   1.02294385E-02   1.02259368E-02  -3.42440297E-04
         717   7.18000066E-03   1.02392090E-02   1.02357063E-02  -3.42204439E-04
         718   7.19000027E-03   1.02489702E-02   1.02454657E-02  -3.42060288E-04
         719   7.20000034E-03   1.02587212E-02   1.02552148E-02  -3.41916719E-04
         720   7.21000042E-03   1.02684628E-02   1.02649545E-02  -3.41773761E-04
         721   7.22000049E-03   1.02781942E-02   1.02746850E-02  -3.41540726E-04
         722   7.23000057E-03   1.02879163E-02   1.02844061E-02  -3.41308449E-04
         723   7.24000065E-03   1.02976281E-02   1.02941161E-02  -3.41167470E-04
         724   7.25000026E-03   1.03073306E-02   1.03038177E-02  -3.40936618E-04
         725   7.26000033E-03   1.03170229E-02   1.03135081E-02  -3.40796891E-04
         726   7.27000041E-03   1.03267059E-02   1.03231901E-02  -3.40567465E-04
         727   7.28000049E-03   1.03363795E-02   1.03328628E-02  -3.40338796E-04
         728   7.29000056E-03   1.03460429E-02   1.03425253E-02  -3.40110884E-04
         729   7.30000064E-03   1.03556970E-02   1.03521775E-02  -3.39973689E-04
         730   7.31000025E-03   1.03653409E-02   1.03618214E-02  -3.39657272E-04
         731   7.32000032E-03   1.03749754E-02   1.03714531E-02  -3.39611230E-04
         732   7.33000040E-03   1.03846006E-02   1.03810774E-02  -3.39386082E-04
         733   7.34000048E-03   1.03942156E-02   1.03906915E-02  -3.39161692E-04
         734   7.35000055E-03   1.04038212E-02   1.04002962E-02  -3.38938029E-04
         735   7.36000063E-03   1.04134176E-02   1.04098916E-02  -3.38715094E-04
         736   7.37000071E-03   1.04230046E-02   1.04194758E-02  -3.38671671E-04
         737   7.38000032E-03   1.04325814E-02   1.04290526E-02  -3.38360667E-04
         738   7.39000039E-03   1.04421489E-02   1.04386183E-02  -3.38229031E-04
         739   7.40000047E-03   1.04517071E-02   1.04481755E-02  -3.38008802E-04
         740   7.41000054E-03   1.04612550E-02   1.04577225E-02  -3.37789272E-04
         741   7.42000062E-03   1.04707936E-02   1.04672592E-02  -3.37659469E-04
         742   7.43000070E-03   1.04803229E-02   1.04767885E-02  -3.37352336E-04
         743   7.44000031E-03   1.04898429E-02   1.04863066E-02  -3.37223755E-04
         744   7.45000038E-03   1.04993526E-02   1.04958154E-02  -3.37006990E-04
         745   7.46000046E-03   1.05088530E-02   1.05053140E-02  -3.36879573E-04
         746   7.47000054E-03   1.05183441E-02   1.05148051E-02  -3.36575496E-04
         747   7.48000061E-03   1.05278259E-02   1.05242850E-02  -3.36449302E-04
         748   7.49000069E-03   1.05372984E-02   1.05337556E-02  -3.36323632E-04
         749   7.50000030E-03   1.05467606E-02   1.05432179E-02  -3.36021796E-04
         750   7.51000037E-03   1.05562136E-02   1.05526699E-02  -3.35809076E-04
         751   7.52000045E-03   1.05656572E-02   1.05621126E-02  -3.35597055E-04
         752   7.53000053E-03   1.05750915E-02   1.05715441E-02  -3.35561926E-04
         753   7.54000060E-03   1.05845165E-02   1.05809690E-02  -3.35263030E-04
         754   7.55000068E-03   1.05939321E-02   1.05903838E-02  -3.35052930E-04
         755   7.56000029E-03   1.06033385E-02   1.05997892E-02  -3.34843469E-04
         756   7.57000037E-03   1.06127355E-02   1.06091835E-02  -3.34810349E-04
         757   7.58000044E-03   1.06221223E-02   1.06185693E-02  -3.34602111E-04
         758   7.59000052E-03   1.06314998E-02   1.06279468E-02  -3.34306882E-04
         759   7.60000059E-03   1.06408680E-02   1.06373141E-02  -3.34100041E-04
         760   7.61000067E-03   1.06502268E-02   1.06466720E-02  -3.33893840E-04
         761   7.62000028E-03   1.06595764E-02   1.06560206E-02  -3.33688309E-04
         762   7.63000036E-03   1.06689166E-02   1.06653590E-02  -3.33570788E-04
         763   7.64000043E-03   1.06782475E-02   1.06746899E-02  -3.33279226E-04
         764   7.65000051E-03   1.06875692E-02   1.06840106E-02  -3.33075644E-04
         765   7.66000059E-03   1.06968815E-02   1.06933210E-02  -3.32959811E-04
         766   7.67000066E-03   1.07061844E-02   1.07026240E-02  -3.32670403E-04
         767   7.68000074E-03   1.07154781E-02   1.07119167E-02  -3.32468742E-04
         768   7.69000035E-03   1.07247625E-02   1.07211992E-02  -3.32354626E-04
         769   7.70000042E-03   1.07340375E-02   1.07304733E-02  -3.32154159E-04
         770   7.71000050E-03   1.07433032E-02   1.07397391E-02  -3.31867603E-04
         771   7.72000058E-03   1.07525596E-02   1.07489945E-02  -3.31668503E-04
         772   7.73000065E-03   1.07618067E-02   1.07582416E-02  -3.31383402E-04
         773   7.74000073E-03   1.07710445E-02   1.07674785E-02  -3.31185642E-04
         774   7.75000034E-03   1.07802739E-02   1.07767070E-02  -3.30988434E-04
         775   7.76000042E-03   1.07894940E-02   1.07859252E-02  -3.30878247E-04
         776   7.77000049E-03   1.07987048E-02   1.07951351E-02  -3.30682233E-04
         777   7.78000057E-03   1.08079063E-02   1.08043347E-02  -3.30573064E-04
         778   7.79000064E-03   1.08170984E-02   1.08135259E-02  -3.30378214E-04
         779   7.80000072E-03   1.08262813E-02   1.08227087E-02  -3.30097886E-04
         780   7.81000033E-03   1.08354548E-02   1.08318804E-02  -3.29990347E-04
         781   7.82000087E-03   1.08446190E-02   1.08410437E-02  -3.29797331E-04
         782   7.83000048E-03   1.08537748E-02   1.08501976E-02  -3.29690782E-04
         783   7.84000009E-03   1.08629214E-02   1.08593442E-02  -3.29413073E-04
         784   7.85000063E-03   1.08720586E-02   1.08684795E-02  -3.29307572E-04
         785   7.86000025E-03   1.08811865E-02   1.08776065E-02  -3.29116883E-04
         786   7.87000079E-03   1.08903050E-02   1.08867241E-02  -3.28926806E-04
         787   7.88000040E-03   1.08994143E-02   1.08958334E-02  -3.28651804E-04
         788   7.89000094E-03   1.09085152E-02   1.09049315E-02  -3.28633818E-04
         789   7.90000055E-03   1.09176068E-02   1.09140230E-02  -3.28360067E-04
         790   7.91000016E-03   1.09266890E-02   1.09231044E-02  -3.28172318E-04
         791   7.92000070E-03   1.09357620E-02   1.09321754E-02  -3.28070397E-04
         792   7.93000031E-03   1.09448265E-02   1.09412409E-02  -3.27713467E-04
         793   7.94000085E-03   1.09538818E-02   1.09502934E-02  -3.27697693E-04
         794   7.95000046E-03   1.09629277E-02   1.09593393E-02  -3.27427202E-04
         795   7.96000008E-03   1.09719643E-02   1.09683750E-02  -3.27242393E-04
         796   7.97000062E-03   1.09809926E-02   1.09774014E-02  -3.27142974E-04
         797   7.98000023E-03   1.09900115E-02   1.09864213E-02  -3.26789625E-04
         798   7.99000077E-03   1.09990211E-02   1.09954299E-02  -3.26606591E-04
         799   8.00000038E-03   1.10080224E-02   1.10044312E-02  -3.26339446E-04
         800   8.01000092E-03   1.10170143E-02   1.10134222E-02  -3.26157577E-04
         801   8.02000053E-03   1.10259969E-02   1.10224029E-02  -3.26060836E-04
         802   8.03000014E-03   1.10349711E-02   1.10313762E-02  -3.25880013E-04
         803   8.04000068E-03   1.10439360E-02   1.10403392E-02  -3.25784174E-04
         804   8.05000030E-03   1.10528925E-02   1.10492958E-02  -3.25520086E-04
         805   8.06000084E-03   1.10618398E-02   1.10582421E-02  -3.25340952E-04
         806   8.07000045E-03   1.10707777E-02   1.10671800E-02  -3.25078203E-04
         807   8.08000099E-03   1.10797072E-02   1.10761067E-02  -3.25068482E-04
         808   8.09000060E-03   1.10886274E-02   1.10850269E-02  -3.24806897E-04
         809   8.10000021E-03   1.10975392E-02   1.10939378E-02  -3.24629946E-04
         810   8.11000075E-03   1.11064417E-02   1.11028384E-02  -3.24537454E-04
         811   8.12000036E-03   1.11153349E-02   1.11117316E-02  -3.24277731E-04
         812   8.13000090E-03   1.11242197E-02   1.11206146E-02  -3.24186200E-04
         813   8.14000051E-03   1.11330952E-02   1.11294910E-02  -3.23843939E-04
         814   8.15000013E-03   1.11419624E-02   1.11383563E-02  -3.23753426E-04
         815   8.16000067E-03   1.11508202E-02   1.11472141E-02  -3.23496177E-04
         816   8.17000028E-03   1.11596696E-02   1.11560626E-02  -3.23323067E-04
         817   8.18000082E-03   1.11685097E-02   1.11649008E-02  -3.23233951E-04
         818   8.19000043E-03   1.11773415E-02   1.11737316E-02  -3.23061831E-04
         819   8.20000097E-03   1.11861639E-02   1.11825531E-02  -3.22890264E-04
         820   8.21000058E-03   1.11949779E-02   1.11913681E-02  -3.22552718E-04
         821   8.22000019E-03   1.12037826E-02   1.12001728E-02  -3.22299165E-04
         822   8.23000073E-03   1.12125790E-02   1.12089664E-02  -3.22295586E-04
         823   8.24000034E-03   1.12213660E-02   1.12177534E-02  -3.22043110E-04
         824   8.25000089E-03   1.12301446E-02   1.12265320E-02  -3.21791304E-04
         825   8.26000050E-03   1.12389149E-02   1.12353014E-02  -3.21623025E-04
         826   8.27000011E-03   1.12476759E-02   1.12440605E-02  -3.21538129E-04
         827   8.28000065E-03   1.12564284E-02   1.12528121E-02  -3.21370841E-04
         828   8.29000026E-03   1.12651717E-02   1.12615563E-02  -3.21038591E-04
         829   8.30000080E-03   1.12739066E-02   1.12702893E-02  -3.20955092E-04
         830   8.31000041E-03   1.12826331E-02   1.12790149E-02  -3.20789375E-04
         831   8.32000095E-03   1.12913502E-02   1.12877311E-02  -3.20624182E-04
         832   8.33000056E-03   1.13000590E-02   1.12964390E-02  -3.20459483E-04
         833   8.34000017E-03   1.13087585E-02   1.13051385E-02  -3.20212857E-04
         834   8.35000072E-03   1.13174496E-02   1.13138296E-02  -3.19966901E-04
         835   8.36000033E-03   1.13261323E-02   1.13225114E-02  -3.19803803E-04
         836   8.37000087E-03   1.13348057E-02   1.13311838E-02  -3.19641229E-04
         837   8.38000048E-03   1.13434708E-02   1.13398489E-02  -3.19396990E-04
         838   8.39000009E-03   1.13521274E-02   1.13485046E-02  -3.19235434E-04
         839   8.40000063E-03   1.13607757E-02   1.13571510E-02  -3.19156417E-04
         840   8.41000024E-03   1.13694146E-02   1.13657899E-02  -3.18913808E-04
         841   8.42000078E-03   1.13780452E-02   1.13744186E-02  -3.18835635E-04
         842   8.43000039E-03   1.13866674E-02   1.13830417E-02  -3.18512291E-04
         843   8.44000094E-03   1.13952802E-02   1.13916537E-02  -3.18353268E-04
         844   8.45000055E-03   1.14038847E-02   1.14002582E-02  -3.18112987E-04
         845   8.46000016E-03   1.14124808E-02   1.14088533E-02  -3.17954953E-04
         846   8.47000070E-03   1.14210686E-02   1.14174383E-02  -3.17960599E-04
         847   8.48000031E-03   1.14296479E-02   1.14260186E-02  -3.17640312E-04
         848   8.49000085E-03   1.14382179E-02   1.14345886E-02  -3.17402242E-04
         849   8.50000046E-03   1.14467796E-02   1.14431502E-02  -3.17164755E-04
         850   8.51000100E-03   1.14553329E-02   1.14517016E-02  -3.17090569E-04
         851   8.52000061E-03   1.14638777E-02   1.14602465E-02  -3.16854159E-04
         852   8.53000022E-03   1.14724142E-02   1.14687812E-02  -3.16780759E-04
         853   8.54000077E-03   1.14809414E-02   1.14773083E-02  -3.16545425E-04
         854   8.55000038E-03   1.14894602E-02   1.14858272E-02  -3.16310645E-04
         855   8.56000092E-03   1.14979707E-02   1.14943357E-02  -3.16238555E-04
         856   8.57000053E-03   1.15064727E-02   1.15028378E-02  -3.16004793E-04
         857   8.58000014E-03   1.15149664E-02   1.15113305E-02  -3.15852580E-04
         858   8.59000068E-03   1.15234517E-02   1.15198158E-02  -3.15619924E-04
         859   8.60000029E-03   1.15319286E-02   1.15282917E-02  -3.15468642E-04
         860   8.61000083E-03   1.15403971E-02   1.15367593E-02  -3.15317826E-04
         861   8.62000044E-03   1.15488563E-02   1.15452176E-02  -3.15167505E-04
         862   8.63000099E-03   1.15573071E-02   1.15536684E-02  -3.14936973E-04
         863   8.64000060E-03   1.15657495E-02   1.15621109E-02  -3.14706995E-04
         864   8.65000021E-03   1.15741836E-02   1.15705440E-02  -3.14558129E-04
         865   8.66000075E-03   1.15826093E-02   1.15789697E-02  -3.14329227E-04
         866   8.67000036E-03   1.15910266E-02   1.15873860E-02  -3.14181292E-04
         867   8.68000090E-03   1.15994355E-02   1.15957949E-02  -3.13953467E-04
         868   8.69000051E-03   1.16078360E-02   1.16041945E-02  -3.13806464E-04
         869   8.70000012E-03   1.16162281E-02   1.16125867E-02  -3.13579687E-04
         870   8.71000066E-03   1.16246119E-02   1.16209695E-02  -3.13433615E-04
         871   8.72000027E-03   1.16329873E-02   1.16293449E-02  -3.13207885E-04
         872   8.73000082E-03   1.16413543E-02   1.16377110E-02  -3.13062774E-04
         873   8.74000043E-03   1.16497129E-02   1.16460687E-02  -3.12918070E-04
         874   8.75000097E-03   1.16580632E-02   1.16544189E-02  -3.12693854E-04
         875   8.76000058E-03   1.16664050E-02   1.16627598E-02  -3.12550081E-04
         876   8.77000019E-03   1.16747385E-02   1.16710933E-02  -3.12326913E-04
         877   8.78000073E-03   1.16830636E-02   1.16794175E-02  -3.12184042E-04
         878   8.79000034E-03   1.16913803E-02   1.16877342E-02  -3.11961921E-04
         879   8.80000088E-03   1.16996886E-02   1.16960425E-02  -3.11740296E-04
         880   8.81000049E-03   1.17079886E-02   1.17043424E-02  -3.11519252E-04
         881   8.82000104E-03   1.17162801E-02   1.17126331E-02  -3.11378244E-04
         882   8.83000065E-03   1.17245642E-02   1.17209172E-02  -3.11158161E-04
         883   8.84000026E-03   1.17328400E-02   1.17291929E-02  -3.10938631E-04
         884   8.85000080E-03   1.17411073E-02   1.17374584E-02  -3.10878357E-04
         885   8.86000041E-03   1.17493663E-02   1.17457174E-02  -3.10659758E-04
         886   8.87000095E-03   1.17576169E-02   1.17539661E-02  -3.10600211E-04
         887   8.88000056E-03   1.17658591E-02   1.17622083E-02  -3.10382573E-04
         888   8.89000017E-03   1.17740929E-02   1.17704421E-02  -3.10165458E-04
         889   8.90000071E-03   1.17823193E-02   1.17786676E-02  -3.10027914E-04
         890   8.91000032E-03   1.17905373E-02   1.17868846E-02  -3.09890806E-04
         891   8.92000087E-03   1.17987469E-02   1.17950933E-02  -3.09754105E-04
         892   8.93000048E-03   1.18069481E-02   1.18032955E-02  -3.09459952E-04
         893   8.94000102E-03   1.18151410E-02   1.18114874E-02  -3.09324154E-04
         894   8.95000063E-03   1.18233254E-02   1.18196728E-02  -3.09031166E-04
         895   8.96000024E-03   1.18315024E-02   1.18278479E-02  -3.08975053E-04
         896   8.97000078E-03   1.18396711E-02   1.18360156E-02  -3.08840506E-04
         897   8.98000039E-03   1.18478313E-02   1.18441768E-02  -3.08549061E-04
         898   8.99000093E-03   1.18559832E-02   1.18523287E-02  -3.08336865E-04
         899   9.00000054E-03   1.18641276E-02   1.18604722E-02  -3.08203686E-04
         900   9.01000015E-03   1.18722636E-02   1.18686082E-02  -3.07992392E-04
         901   9.02000070E-03   1.18803913E-02   1.18767340E-02  -3.07938521E-04
         902   9.03000031E-03   1.18885105E-02   1.18848532E-02  -3.07728129E-04
         903   9.04000085E-03   1.18966224E-02   1.18929641E-02  -3.07596580E-04
         904   9.05000046E-03   1.19047258E-02   1.19010685E-02  -3.07308859E-04
         905   9.06000100E-03   1.19128209E-02   1.19091626E-02  -3.07178183E-04
         906   9.07000061E-03   1.19209085E-02   1.19172502E-02  -3.06969741E-04
         907   9.08000022E-03   1.19289877E-02   1.19253276E-02  -3.06917995E-04
         908   9.09000076E-03   1.19370585E-02   1.19333984E-02  -3.06710426E-04
         909   9.10000037E-03   1.19451219E-02   1.19414609E-02  -3.06581351E-04
         910   9.11000092E-03   1.19531769E-02   1.19495150E-02  -3.06452624E-04
         911   9.12000053E-03   1.19612236E-02   1.19575625E-02  -3.06168513E-04
         912   9.13000014E-03   1.19692627E-02   1.19656008E-02  -3.06040660E-04
         913   9.14000068E-03   1.19772935E-02   1.19736316E-02  -3.05835390E-04
         914   9.15000029E-03   1.19853159E-02   1.19816540E-02  -3.05630616E-04
         915   9.16000083E-03   1.19933309E-02   1.19896671E-02  -3.05581721E-04
         916   9.17000044E-03   1.20013375E-02   1.19976746E-02  -3.05300142E-04
         917   9.18000098E-03   1.20093357E-02   1.20056719E-02  -3.05174355E-04
         918   9.19000059E-03   1.20173264E-02   1.20136626E-02  -3.04971356E-04
         919   9.20000020E-03   1.20253088E-02   1.20216450E-02  -3.04768851E-04
         920   9.21000075E-03   1.20332837E-02   1.20296190E-02  -3.04644258E-04
         921   9.22000036E-03   1.20412502E-02   1.20375874E-02  -3.04287852E-04
         922   9.23000090E-03   1.20492093E-02   1.20455446E-02  -3.04241490E-04
         923   9.24000051E-03   1.20571600E-02   1.20534943E-02  -3.04118090E-04
         924   9.25000105E-03   1.20651033E-02   1.20614385E-02  -3.03840556E-04
         925   9.26000066E-03   1.20730381E-02   1.20693725E-02  -3.03717999E-04
         926   9.27000027E-03   1.20809656E-02   1.20772980E-02  -3.03672918E-04
         927   9.28000081E-03   1.20888846E-02   1.20852171E-02  -3.03473935E-04
         928   9.29000042E-03   1.20967953E-02   1.20931286E-02  -3.03198380E-04
         929   9.30000097E-03   1.21046985E-02   1.21010309E-02  -3.03077337E-04
         930   9.31000058E-03   1.21125942E-02   1.21089267E-02  -3.02879722E-04
         931   9.32000019E-03   1.21204816E-02   1.21168131E-02  -3.02759436E-04
         932   9.33000073E-03   1.21283615E-02   1.21246921E-02  -3.02639528E-04
         933   9.34000034E-03   1.21362330E-02   1.21325636E-02  -3.02443164E-04
         934   9.35000088E-03   1.21440971E-02   1.21404277E-02  -3.02247267E-04
         935   9.36000049E-03   1.21519528E-02   1.21482834E-02  -3.02051805E-04
         936   9.37000103E-03   1.21598011E-02   1.21561307E-02  -3.01933440E-04
         937   9.38000064E-03   1.21676410E-02   1.21639706E-02  -3.01738823E-04
         938   9.39000025E-03   1.21754734E-02   1.21718021E-02  -3.01621214E-04
         939   9.40000080E-03   1.21832984E-02   1.21796271E-02  -3.01427412E-04
         940   9.41000041E-03   1.21911149E-02   1.21874437E-02  -3.01234104E-04
         941   9.42000095E-03   1.21989241E-02   1.21952519E-02  -3.01117601E-04
         942   9.43000056E-03   1.22067248E-02   1.22030526E-02  -3.00925109E-04
         943   9.44000017E-03   1.22145182E-02   1.22108459E-02  -3.00733052E-04
         944   9.45000071E-03   1.22223040E-02   1.22186309E-02  -3.00617656E-04
         945   9.46000032E-03   1.22300815E-02   1.22264093E-02  -3.00350250E-04
         946   9.47000086E-03   1.22378515E-02   1.22341784E-02  -3.00235639E-04
         947   9.48000047E-03   1.22456141E-02   1.22419400E-02  -3.00121348E-04
         948   9.49000102E-03   1.22533683E-02   1.22496951E-02  -2.99855310E-04
         949   9.50000063E-03   1.22611150E-02   1.22574419E-02  -2.99665815E-04
         950   9.51000024E-03   1.22688543E-02   1.22651802E-02  -2.99552688E-04
         951   9.52000078E-03   1.22765852E-02   1.22729111E-02  -2.99363979E-04
         952   9.53000039E-03   1.22843087E-02   1.22806327E-02  -2.99327425E-04
         953   9.54000093E-03   1.22920247E-02   1.22883497E-02  -2.99063657E-04
         954   9.55000054E-03   1.22997323E-02   1.22960573E-02  -2.98876199E-04
         955   9.56000108E-03   1.23074325E-02   1.23037575E-02  -2.98689149E-04
         956   9.57000069E-03   1.23151252E-02   1.23114511E-02  -2.98426836E-04
         957   9.58000030E-03   1.23228105E-02   1.23191355E-02  -2.98316299E-04
         958   9.59000085E-03   1.23304874E-02   1.23268114E-02  -2.98206083E-04
         959   9.60000046E-03   1.23381568E-02   1.23344809E-02  -2.98020663E-04
         960   9.61000100E-03   1.23458188E-02   1.23421429E-02  -2.97835650E-04
         961   9.62000061E-03   1.23534733E-02   1.23497974E-02  -2.97651044E-04
         962   9.63000022E-03   1.23611195E-02   1.23574417E-02  -2.97617662E-04
         963   9.64000076E-03   1.23687582E-02   1.23650813E-02  -2.97358463E-04
         964   9.65000037E-03   1.23763895E-02   1.23727126E-02  -2.97175051E-04
         965   9.66000091E-03   1.23840133E-02   1.23803364E-02  -2.96992046E-04
         966   9.67000052E-03   1.23916296E-02   1.23879528E-02  -2.96809449E-04
         967   9.68000107E-03   1.23992376E-02   1.23955607E-02  -2.96627288E-04
         968   9.69000068E-03   1.24068381E-02   1.24031613E-02  -2.96445505E-04
         969   9.70000029E-03   1.24144312E-02   1.24107553E-02  -2.96189071E-04
         970   9.71000083E-03   1.24220168E-02   1.24183390E-02  -2.96158192E-04
         971   9.72000044E-03   1.24295950E-02   1.24259172E-02  -2.95977574E-04
         972   9.73000098E-03   1.24371657E-02   1.24334879E-02  -2.95797363E-04
         973   9.74000059E-03   1.24447290E-02   1.24410512E-02  -2.95617530E-04
         974   9.75000020E-03   1.24522839E-02   1.24486061E-02  -2.95438134E-04
         975   9.76000074E-03   1.24598313E-02   1.24561526E-02  -2.95333914E-04
         976   9.77000035E-03   1.24673713E-02   1.24636935E-02  -2.95080506E-04
         977   9.78000090E-03   1.24749038E-02   1.24712251E-02  -2.94976955E-04
         978   9.79000051E-03   1.24824289E-02   1.24787521E-02  -2.94649770E-04
         979   9.80000105E-03   1.24899466E-02   1.24862688E-02  -2.94546975E-04
         980   9.81000066E-03   1.24974567E-02   1.24937790E-02  -2.94369936E-04
         981   9.82000027E-03   1.25049595E-02   1.25012798E-02  -2.94342317E-04
         982   9.83000081E-03   1.25124548E-02   1.25087760E-02  -2.94091471E-04
         983   9.84000042E-03   1.25199426E-02   1.25162639E-02  -2.93915509E-04
         984   9.85000096E-03   1.25274230E-02   1.25237443E-02  -2.93739955E-04
         985   9.86000057E-03   1.25348959E-02   1.25312163E-02  -2.93639139E-04
         986   9.87000018E-03   1.25423614E-02   1.25386808E-02  -2.93538615E-04
         987   9.88000073E-03   1.25498194E-02   1.25461388E-02  -2.93364108E-04
         988   9.89000034E-03   1.25572700E-02   1.25535894E-02  -2.93190009E-04
         989   9.90000088E-03   1.25647131E-02   1.25610316E-02  -2.93090416E-04
         990   9.91000049E-03   1.25721488E-02   1.25684664E-02  -2.92991142E-04
         991   9.92000103E-03   1.25795770E-02   1.25758946E-02  -2.92818091E-04
         992   9.93000064E-03   1.25869978E-02   1.25833154E-02  -2.92645418E-04
         993   9.94000025E-03   1.25944111E-02   1.25907278E-02  -2.92547105E-04
         994   9.95000079E-03   1.26018170E-02   1.25981327E-02  -2.92449055E-04
         995   9.96000040E-03   1.26092155E-02   1.26055311E-02  -2.92277429E-04
         996   9.97000095E-03   1.26166064E-02   1.26129221E-02  -2.92106153E-04
         997   9.98000056E-03   1.26239900E-02   1.26203056E-02  -2.91935256E-04
         998   9.99000110E-03   1.26313660E-02   1.26276826E-02  -2.91690958E-04
         999   1.00000007E-02   1.26387347E-02   1.26350503E-02  -2.91594566E-04
        1000   1.00100003E-02   1.26460958E-02   1.26424115E-02  -2.91424774E-04
        1001   1.00200009E-02   1.26534496E-02   1.26497643E-02  -2.91329023E-04
        1002   1.00300005E-02   1.26607958E-02   1.26571124E-02  -2.91012722E-04
        1003   1.00400010E-02   1.26681346E-02   1.26644513E-02  -2.90844095E-04
        1004   1.00500006E-02   1.26754669E-02   1.26717826E-02  -2.90749304E-04
        1005   1.00600002E-02   1.26827918E-02   1.26791084E-02  -2.90507858E-04
        1006   1.00700008E-02   1.26901092E-02   1.26864240E-02  -2.90487165E-04
        1007   1.00800004E-02   1.26974192E-02   1.26937348E-02  -2.90246506E-04
        1008   1.00900009E-02   1.27047217E-02   1.27010364E-02  -2.90152966E-04
        1009   1.01000005E-02   1.27120167E-02   1.27083324E-02  -2.89913092E-04
        1010   1.01100011E-02   1.27193043E-02   1.27156209E-02  -2.89673684E-04
        1011   1.01200007E-02   1.27265854E-02   1.27229020E-02  -2.89507909E-04
        1012   1.01300003E-02   1.27338590E-02   1.27301747E-02  -2.89415679E-04
        1013   1.01400008E-02   1.27411252E-02   1.27374409E-02  -2.89250573E-04
        1014   1.01500005E-02   1.27483839E-02   1.27447005E-02  -2.89012736E-04
        1015   1.01600010E-02   1.27556352E-02   1.27519518E-02  -2.88848387E-04
        1016   1.01700006E-02   1.27628800E-02   1.27591966E-02  -2.88684387E-04
        1017   1.01800002E-02   1.27701173E-02   1.27664320E-02  -2.88666663E-04
        1018   1.01900008E-02   1.27773471E-02   1.27736628E-02  -2.88430369E-04
        1019   1.02000004E-02   1.27845695E-02   1.27808852E-02  -2.88267358E-04
        1020   1.02100009E-02   1.27917854E-02   1.27881020E-02  -2.88031850E-04
        1021   1.02200005E-02   1.27989938E-02   1.27953095E-02  -2.87942385E-04
        1022   1.02300011E-02   1.28061948E-02   1.28025096E-02  -2.87853210E-04
        1023   1.02400007E-02   1.28133884E-02   1.28097050E-02  -2.87546107E-04
        1024   1.02500003E-02   1.28205754E-02   1.28168911E-02  -2.87457544E-04
        1025   1.02600008E-02   1.28277550E-02   1.28240716E-02  -2.87223986E-04
        1026   1.02700004E-02   1.28349271E-02   1.28312446E-02  -2.86990835E-04
        1027   1.02800010E-02   1.28420917E-02   1.28384084E-02  -2.86903232E-04
        1028   1.02900006E-02   1.28492499E-02   1.28455656E-02  -2.86815863E-04
        1029   1.03000011E-02   1.28564006E-02   1.28527172E-02  -2.86583818E-04
        1030   1.03100007E-02   1.28635438E-02   1.28598614E-02  -2.86352180E-04
        1031   1.03200004E-02   1.28706805E-02   1.28669972E-02  -2.86265771E-04
        1032   1.03300009E-02   1.28778098E-02   1.28741264E-02  -2.86107243E-04
        1033   1.03400005E-02   1.28849316E-02   1.28812501E-02  -2.85804417E-04
        1034   1.03500010E-02   1.28920469E-02   1.28883645E-02  -2.85718910E-04
        1035   1.03600007E-02   1.28991548E-02   1.28954733E-02  -2.85489194E-04
        1036   1.03700003E-02   1.29062552E-02   1.29025746E-02  -2.85259885E-04
        1037   1.03800008E-02   1.29133491E-02   1.29096676E-02  -2.85175280E-04
        1038   1.03900004E-02   1.29204355E-02   1.29167549E-02  -2.84946698E-04
        1039   1.04000010E-02   1.29275154E-02   1.29238339E-02  -2.84862705E-04
        1040   1.04100006E-02   1.29345879E-02   1.29309064E-02  -2.84706883E-04
        1041   1.04200011E-02   1.29416529E-02   1.29379723E-02  -2.84479407E-04
        1042   1.04300007E-02   1.29487114E-02   1.29450317E-02  -2.84252339E-04
        1043   1.04400003E-02   1.29557624E-02   1.29520819E-02  -2.84169510E-04
        1044   1.04500009E-02   1.29628070E-02   1.29591264E-02  -2.84015056E-04
        1045   1.04600005E-02   1.29698440E-02   1.29661644E-02  -2.83789064E-04
        1046   1.04700010E-02   1.29768746E-02   1.29731940E-02  -2.83707079E-04
        1047   1.04800006E-02   1.29838977E-02   1.29802180E-02  -2.83481786E-04
        1048   1.04900002E-02   1.29909134E-02   1.29872346E-02  -2.83256930E-04
        1049   1.05000008E-02   1.29979225E-02   1.29942428E-02  -2.83175817E-04
        1050   1.05100004E-02   1.30049242E-02   1.30012445E-02  -2.83023342E-04
        1051   1.05200009E-02   1.30119193E-02   1.30082415E-02  -2.82727910E-04
        1052   1.05300006E-02   1.30189070E-02   1.30152293E-02  -2.82576104E-04
        1053   1.05400011E-02   1.30258882E-02   1.30222104E-02  -2.82424618E-04
        1054   1.05500007E-02   1.30328620E-02   1.30291842E-02  -2.82273453E-04
        1055   1.05600003E-02   1.30398292E-02   1.30361514E-02  -2.82122608E-04
        1056   1.05700009E-02   1.30467890E-02   1.30431121E-02  -2.81900633E-04
        1057   1.05800005E-02   1.30537422E-02   1.30500663E-02  -2.81679037E-04
        1058   1.05900010E-02   1.30606880E-02   1.30570121E-02  -2.81529210E-04
        1059   1.06000006E-02   1.30676273E-02   1.30639523E-02  -2.81308341E-04
        1060   1.06100012E-02   1.30745601E-02   1.30708832E-02  -2.81301676E-04
        1061   1.06200008E-02   1.30814854E-02   1.30778095E-02  -2.81081506E-04
        1062   1.06300004E-02   1.30884042E-02   1.30847283E-02  -2.80932873E-04
        1063   1.06400009E-02   1.30953155E-02   1.30916405E-02  -2.80713401E-04
        1064   1.06500005E-02   1.31022204E-02   1.30985444E-02  -2.80636537E-04
        1065   1.06600011E-02   1.31091177E-02   1.31054418E-02  -2.80488835E-04
        1066   1.06700007E-02   1.31160086E-02   1.31123345E-02  -2.80199340E-04
        1067   1.06800003E-02   1.31228929E-02   1.31192189E-02  -2.80052307E-04
        1068   1.06900008E-02   1.31297698E-02   1.31260967E-02  -2.79834610E-04
        1069   1.07000005E-02   1.31366402E-02   1.31329661E-02  -2.79759173E-04
        1070   1.07100010E-02   1.31435031E-02   1.31398290E-02  -2.79613043E-04
        1071   1.07200006E-02   1.31503595E-02   1.31466864E-02  -2.79396365E-04
        1072   1.07300011E-02   1.31572094E-02   1.31535362E-02  -2.79250846E-04
        1073   1.07400008E-02   1.31640518E-02   1.31603815E-02  -2.78893305E-04
        1074   1.07500004E-02   1.31708877E-02   1.31672164E-02  -2.78819265E-04
        1075   1.07600009E-02   1.31777171E-02   1.31740449E-02  -2.78745429E-04
        1076   1.07700005E-02   1.31845390E-02   1.31808687E-02  -2.78459804E-04
        1077   1.07800011E-02   1.31913545E-02   1.31876823E-02  -2.78457184E-04
        1078   1.07900007E-02   1.31981634E-02   1.31944930E-02  -2.78172287E-04
        1079   1.08000003E-02   1.32049648E-02   1.32012945E-02  -2.78028980E-04
        1080   1.08100008E-02   1.32117597E-02   1.32080894E-02  -2.77885934E-04
        1081   1.08200004E-02   1.32185481E-02   1.32148787E-02  -2.77672691E-04
        1082   1.08300010E-02   1.32253300E-02   1.32216597E-02  -2.77600717E-04
        1083   1.08400006E-02   1.32321045E-02   1.32284351E-02  -2.77388142E-04
        1084   1.08500011E-02   1.32388724E-02   1.32352039E-02  -2.77175917E-04
        1085   1.08600007E-02   1.32456338E-02   1.32419653E-02  -2.77034385E-04
        1086   1.08700003E-02   1.32523878E-02   1.32487202E-02  -2.76822830E-04
        1087   1.08800009E-02   1.32591352E-02   1.32554667E-02  -2.76752195E-04
        1088   1.08900005E-02   1.32658761E-02   1.32622086E-02  -2.76541279E-04
        1089   1.09000010E-02   1.32726105E-02   1.32689429E-02  -2.76400940E-04
        1090   1.09100007E-02   1.32793374E-02   1.32756708E-02  -2.76190724E-04
        1091   1.09200003E-02   1.32860579E-02   1.32823922E-02  -2.75980827E-04
        1092   1.09300008E-02   1.32927718E-02   1.32891051E-02  -2.75911501E-04
        1093   1.09400004E-02   1.32994791E-02   1.32958125E-02  -2.75772327E-04
        1094   1.09500010E-02   1.33061800E-02   1.33025143E-02  -2.75563361E-04
        1095   1.09600006E-02   1.33128734E-02   1.33092087E-02  -2.75354774E-04
        1096   1.09700011E-02   1.33195603E-02   1.33158956E-02  -2.75216502E-04
        1097   1.09800007E-02   1.33262407E-02   1.33225769E-02  -2.75008584E-04
        1098   1.09900003E-02   1.33329146E-02   1.33292507E-02  -2.74870894E-04
        1099   1.10000009E-02   1.33395819E-02   1.33359181E-02  -2.74733466E-04
        1100   1.10100005E-02   1.33462427E-02   1.33425780E-02  -2.74666148E-04
        1101   1.10200010E-02   1.33528961E-02   1.33492323E-02  -2.74459453E-04
        1102   1.10300006E-02   1.33595429E-02   1.33558791E-02  -2.74322869E-04
        1103   1.10400012E-02   1.33661833E-02   1.33625204E-02  -2.74116814E-04
        1104   1.10500008E-02   1.33728171E-02   1.33691542E-02  -2.73980811E-04
        1105   1.10600004E-02   1.33794444E-02   1.33757824E-02  -2.73775426E-04
        1106   1.10700009E-02   1.33860651E-02   1.33824032E-02  -2.73639977E-04
        1107   1.10800005E-02   1.33926794E-02   1.33890174E-02  -2.73504789E-04
        1108   1.10900011E-02   1.33992871E-02   1.33956252E-02  -2.73369864E-04
        1109   1.11000007E-02   1.34058874E-02   1.34022273E-02  -2.73096230E-04
        1110   1.11100003E-02   1.34124812E-02   1.34088211E-02  -2.72961945E-04
        1111   1.11200009E-02   1.34190684E-02   1.34154093E-02  -2.72758451E-04
        1112   1.11300005E-02   1.34256491E-02   1.34219909E-02  -2.72555335E-04
        1113   1.11400010E-02   1.34322233E-02   1.34285642E-02  -2.72491248E-04
        1114   1.11500006E-02   1.34387910E-02   1.34351319E-02  -2.72358069E-04
        1115   1.11600012E-02   1.34453522E-02   1.34416949E-02  -2.72086501E-04
        1116   1.11700008E-02   1.34519069E-02   1.34482495E-02  -2.71953875E-04
        1117   1.11800004E-02   1.34584550E-02   1.34547986E-02  -2.71752302E-04
        1118   1.11900009E-02   1.34649966E-02   1.34613393E-02  -2.71689438E-04
        1119   1.12000005E-02   1.34715317E-02   1.34678753E-02  -2.71488447E-04
        1120   1.12100011E-02   1.34780603E-02   1.34744048E-02  -2.71287747E-04
        1121   1.12200007E-02   1.34845823E-02   1.34809278E-02  -2.71087396E-04
        1122   1.12300003E-02   1.34910978E-02   1.34874424E-02  -2.71025521E-04
        1123   1.12400008E-02   1.34976069E-02   1.34939514E-02  -2.70894787E-04
        1124   1.12500004E-02   1.35041093E-02   1.35004539E-02  -2.70764314E-04
        1125   1.12600010E-02   1.35106053E-02   1.35069508E-02  -2.70565128E-04
        1126   1.12700006E-02   1.35170948E-02   1.35134412E-02  -2.70366261E-04
        1127   1.12800011E-02   1.35235777E-02   1.35199232E-02  -2.70305522E-04
        1128   1.12900008E-02   1.35300541E-02   1.35264015E-02  -2.70038348E-04
        1129   1.13000004E-02   1.35365240E-02   1.35328723E-02  -2.69840413E-04
        1130   1.13100009E-02   1.35429874E-02   1.35393357E-02  -2.69711600E-04
        1131   1.13200005E-02   1.35494443E-02   1.35457925E-02  -2.69583019E-04
        1132   1.13300011E-02   1.35558946E-02   1.35522438E-02  -2.69385986E-04
        1133   1.13400007E-02   1.35623384E-02   1.35586876E-02  -2.69257958E-04
        1134   1.13500012E-02   1.35687757E-02   1.35651249E-02  -2.69130192E-04
        1135   1.13600008E-02   1.35752065E-02   1.35715576E-02  -2.68865377E-04
        1136   1.13700004E-02   1.35816317E-02   1.35779828E-02  -2.68738135E-04
        1137   1.13800010E-02   1.35880504E-02   1.35844015E-02  -2.68611155E-04
        1138   1.13900006E-02   1.35944625E-02   1.35908145E-02  -2.68415897E-04
        1139   1.14000011E-02   1.36008682E-02   1.35972202E-02  -2.68289441E-04
        1140   1.14100007E-02   1.36072673E-02   1.36036202E-02  -2.68094765E-04
        1141   1.14200003E-02   1.36136599E-02   1.36100138E-02  -2.67900381E-04
        1142   1.14300009E-02   1.36200460E-02   1.36163998E-02  -2.67774740E-04
        1143   1.14400005E-02   1.36264255E-02   1.36227803E-02  -2.67580966E-04
        1144   1.14500010E-02   1.36327995E-02   1.36291552E-02  -2.67387455E-04
        1145   1.14600006E-02   1.36391670E-02   1.36355218E-02  -2.67330906E-04
        1146   1.14700012E-02   1.36455279E-02   1.36418836E-02  -2.67137977E-04
        1147   1.14800008E-02   1.36518823E-02   1.36482390E-02  -2.66945339E-04
        1148   1.14900004E-02   1.36582302E-02   1.36545869E-02  -2.66821240E-04
        1149   1.15000010E-02   1.36645716E-02   1.36609292E-02  -2.66629184E-04
        1150   1.15100006E-02   1.36709074E-02   1.36672650E-02  -2.66505609E-04
        1151   1.15200011E-02   1.36772366E-02   1.36735933E-02  -2.66450370E-04
        1152   1.15300007E-02   1.36835594E-02   1.36799188E-02  -2.66122923E-04
        1153   1.15400003E-02   1.36898756E-02   1.36862351E-02  -2.66000105E-04
        1154   1.15500009E-02   1.36961853E-02   1.36925457E-02  -2.65809504E-04
        1155   1.15600005E-02   1.37024894E-02   1.36988498E-02  -2.65687180E-04
        1156   1.15700010E-02   1.37087870E-02   1.37051474E-02  -2.65565090E-04
        1157   1.15800006E-02   1.37150781E-02   1.37114404E-02  -2.65307346E-04
        1158   1.15900012E-02   1.37213627E-02   1.37177249E-02  -2.65185809E-04
        1159   1.16000008E-02   1.37276417E-02   1.37240048E-02  -2.64996605E-04
        1160   1.16100004E-02   1.37339141E-02   1.37302764E-02  -2.64943403E-04
        1161   1.16200009E-02   1.37401801E-02   1.37365432E-02  -2.64754723E-04
        1162   1.16300005E-02   1.37464395E-02   1.37428045E-02  -2.64498551E-04
        1163   1.16400011E-02   1.37526933E-02   1.37490584E-02  -2.64378265E-04
        1164   1.16500007E-02   1.37589406E-02   1.37553057E-02  -2.64258182E-04
        1165   1.16600003E-02   1.37651814E-02   1.37615465E-02  -2.64138333E-04
        1166   1.16700009E-02   1.37714166E-02   1.37677807E-02  -2.64086382E-04
        1167   1.16800005E-02   1.37776453E-02   1.37740113E-02  -2.63831695E-04
        1168   1.16900010E-02   1.37838675E-02   1.37802335E-02  -2.63712573E-04
        1169   1.17000006E-02   1.37900840E-02   1.37864519E-02  -2.63458496E-04
        1170   1.17100012E-02   1.37962941E-02   1.37926610E-02  -2.63407419E-04
        1171   1.17200008E-02   1.38024976E-02   1.37988664E-02  -2.63153983E-04
        1172   1.17300004E-02   1.38086956E-02   1.38050634E-02  -2.63103313E-04
        1173   1.17400009E-02   1.38148870E-02   1.38112558E-02  -2.62917922E-04
        1174   1.17500005E-02   1.38210719E-02   1.38174407E-02  -2.62800226E-04
        1175   1.17600011E-02   1.38272513E-02   1.38236210E-02  -2.62615387E-04
        1176   1.17700007E-02   1.38334241E-02   1.38297938E-02  -2.62498157E-04
        1177   1.17800012E-02   1.38395904E-02   1.38359619E-02  -2.62246525E-04
        1178   1.17900008E-02   1.38457511E-02   1.38421226E-02  -2.62129790E-04
        1179   1.18000004E-02   1.38519052E-02   1.38482768E-02  -2.62013316E-04
        1180   1.18100010E-02   1.38580529E-02   1.38544245E-02  -2.61897047E-04
        1181   1.18200006E-02   1.38641950E-02   1.38605684E-02  -2.61646579E-04
        1182   1.18300011E-02   1.38703305E-02   1.38667030E-02  -2.61597976E-04
        1183   1.18400007E-02   1.38764605E-02   1.38728358E-02  -2.61280918E-04
        1184   1.18500004E-02   1.38825839E-02   1.38789592E-02  -2.61165667E-04
        1185   1.18600009E-02   1.38887018E-02   1.38850762E-02  -2.61117675E-04
        1186   1.18700005E-02   1.38948131E-02   1.38911884E-02  -2.60935747E-04
        1187   1.18800011E-02   1.39009180E-02   1.38972951E-02  -2.60687055E-04
        1188   1.18900007E-02   1.39070172E-02   1.39033934E-02  -2.60639703E-04
        1189   1.19000012E-02   1.39131099E-02   1.39094871E-02  -2.60458561E-04
        1190   1.19100008E-02   1.39191970E-02   1.39155751E-02  -2.60277680E-04
        1191   1.19200004E-02   1.39252776E-02   1.39216566E-02  -2.60097062E-04
        1192   1.19300010E-02   1.39313526E-02   1.39277317E-02  -2.59983615E-04
        1193   1.19400006E-02   1.39374211E-02   1.39338011E-02  -2.59803550E-04
        1194   1.19500011E-02   1.39434841E-02   1.39398640E-02  -2.59690540E-04
        1195   1.19600007E-02   1.39495404E-02   1.39459213E-02  -2.59510969E-04
        1196   1.19700003E-02   1.39555912E-02   1.39519721E-02  -2.59398425E-04
        1197   1.19800009E-02   1.39616355E-02   1.39580173E-02  -2.59219349E-04
        1198   1.19900005E-02   1.39676742E-02   1.39640570E-02  -2.59040535E-04
        1199   1.20000010E-02   1.39737064E-02   1.39700882E-02  -2.58995366E-04
        1200   1.20100006E-02   1.39797330E-02   1.39761157E-02  -2.58817046E-04
        1201   1.20200012E-02   1.39857531E-02   1.39821367E-02  -2.58638989E-04
        1202   1.20300008E-02   1.39917675E-02   1.39881512E-02  -2.58527783E-04
        1203   1.20400004E-02   1.39977755E-02   1.39941610E-02  -2.58283631E-04
        1204   1.20500010E-02   1.40037779E-02   1.40001625E-02  -2.58239452E-04
        1205   1.20600006E-02   1.40097737E-02   1.40061611E-02  -2.57929380E-04
        1206   1.20700011E-02   1.40157640E-02   1.40121505E-02  -2.57885578E-04
        1207   1.20800007E-02   1.40217487E-02   1.40181361E-02  -2.57709034E-04
        1208   1.20900013E-02   1.40277268E-02   1.40241142E-02  -2.57599168E-04
        1209   1.21000009E-02   1.40336994E-02   1.40300877E-02  -2.57423118E-04
        1210   1.21100005E-02   1.40396655E-02   1.40360547E-02  -2.57247331E-04
        1211   1.21200010E-02   1.40456259E-02   1.40420152E-02  -2.57138134E-04
        1212   1.21300006E-02   1.40515799E-02   1.40479701E-02  -2.56962841E-04
        1213   1.21400012E-02   1.40575282E-02   1.40539194E-02  -2.56787782E-04
        1214   1.21500008E-02   1.40634710E-02   1.40598631E-02  -2.56613013E-04
        1215   1.21600004E-02   1.40694072E-02   1.40658002E-02  -2.56438478E-04
        1216   1.21700009E-02   1.40753379E-02   1.40717309E-02  -2.56330386E-04
        1217   1.21800005E-02   1.40812630E-02   1.40776560E-02  -2.56222498E-04
        1218   1.21900011E-02   1.40871815E-02   1.40835755E-02  -2.56048690E-04
        1219   1.22000007E-02   1.40930945E-02   1.40894884E-02  -2.55941239E-04
        1220   1.22100012E-02   1.40990010E-02   1.40953967E-02  -2.55701802E-04
        1221   1.22200008E-02   1.41049018E-02   1.41013004E-02  -2.55396619E-04
        1222   1.22300005E-02   1.41107971E-02   1.41071938E-02  -2.55421968E-04
        1223   1.22400010E-02   1.41166858E-02   1.41130835E-02  -2.55249382E-04
        1224   1.22500006E-02   1.41225690E-02   1.41189676E-02  -2.55077030E-04
        1225   1.22600012E-02   1.41284466E-02   1.41248461E-02  -2.54904939E-04
        1226   1.22700008E-02   1.41343186E-02   1.41307181E-02  -2.54799030E-04
        1227   1.22800004E-02   1.41401840E-02   1.41365845E-02  -2.54627405E-04
        1228   1.22900009E-02   1.41460439E-02   1.41424453E-02  -2.54456012E-04
        1229   1.23000005E-02   1.41518982E-02   1.41482996E-02  -2.54350743E-04
        1230   1.23100011E-02   1.41577460E-02   1.41541492E-02  -2.54114013E-04
        1231   1.23200007E-02   1.41635882E-02   1.41599914E-02  -2.54009181E-04
        1232   1.23300012E-02   1.41694248E-02   1.41658280E-02  -2.53904524E-04
        1233   1.23400008E-02   1.41752558E-02   1.41716599E-02  -2.53734324E-04
        1234   1.23500004E-02   1.41810803E-02   1.41774854E-02  -2.53564358E-04
        1235   1.23600010E-02   1.41868992E-02   1.41833043E-02  -2.53460341E-04
        1236   1.23700006E-02   1.41927125E-02   1.41891195E-02  -2.53225182E-04
        1237   1.23800011E-02   1.41985202E-02   1.41949272E-02  -2.53121601E-04
        1238   1.23900007E-02   1.42043214E-02   1.42007302E-02  -2.52886995E-04
        1239   1.24000004E-02   1.42101170E-02   1.42065259E-02  -2.52783822E-04
        1240   1.24100009E-02   1.42159071E-02   1.42123150E-02  -2.52746395E-04
        1241   1.24200005E-02   1.42216915E-02   1.42181013E-02  -2.52512516E-04
        1242   1.24300011E-02   1.42274695E-02   1.42238801E-02  -2.52344442E-04
        1243   1.24400007E-02   1.42332418E-02   1.42296525E-02  -2.52242084E-04
        1244   1.24500012E-02   1.42390085E-02   1.42354202E-02  -2.52074475E-04
        1245   1.24600008E-02   1.42447697E-02   1.42411822E-02  -2.51907069E-04
        1246   1.24700004E-02   1.42505253E-02   1.42469378E-02  -2.51805293E-04
        1247   1.24800010E-02   1.42562743E-02   1.42526887E-02  -2.51573016E-04
        1248   1.24900006E-02   1.42620178E-02   1.42584322E-02  -2.51471676E-04
        1249   1.25000011E-02   1.42677557E-02   1.42641710E-02  -2.51305231E-04
        1250   1.25100007E-02   1.42734880E-02   1.42699052E-02  -2.51073710E-04
        1251   1.25200013E-02   1.42792147E-02   1.42756319E-02  -2.50972982E-04
        1252   1.25300009E-02   1.42849358E-02   1.42813539E-02  -2.50807207E-04
        1253   1.25400005E-02   1.42906513E-02   1.42870685E-02  -2.50772078E-04
        1254   1.25500010E-02   1.42963603E-02   1.42927784E-02  -2.50606739E-04
        1255   1.25600006E-02   1.43020637E-02   1.42984837E-02  -2.50376470E-04
        1256   1.25700012E-02   1.43077616E-02   1.43041825E-02  -2.50211626E-04
        1257   1.25800008E-02   1.43134538E-02   1.43098757E-02  -2.50046985E-04
        1258   1.25900004E-02   1.43191405E-02   1.43155623E-02  -2.49947654E-04
        1259   1.26000009E-02   1.43248215E-02   1.43212434E-02  -2.49848497E-04
        1260   1.26100006E-02   1.43304970E-02   1.43269198E-02  -2.49684526E-04
        1261   1.26200011E-02   1.43361669E-02   1.43325897E-02  -2.49585748E-04
        1262   1.26300007E-02   1.43418303E-02   1.43382549E-02  -2.49357225E-04
        1263   1.26400013E-02   1.43474881E-02   1.43439136E-02  -2.49193923E-04
        1264   1.26500009E-02   1.43531403E-02   1.43495677E-02  -2.48965924E-04
        1265   1.26600005E-02   1.43587869E-02   1.43552143E-02  -2.48867989E-04
        1266   1.26700010E-02   1.43644279E-02   1.43608563E-02  -2.48705357E-04
        1267   1.26800006E-02   1.43700633E-02   1.43664926E-02  -2.48542958E-04
        1268   1.26900012E-02   1.43756932E-02   1.43721234E-02  -2.48380791E-04
        1269   1.27000008E-02   1.43813174E-02   1.43777486E-02  -2.48218828E-04
        1270   1.27100004E-02   1.43869361E-02   1.43833682E-02  -2.48057098E-04
        1271   1.27200009E-02   1.43925492E-02   1.43889803E-02  -2.48025084E-04
        1272   1.27300005E-02   1.43981567E-02   1.43945906E-02  -2.47734308E-04
        1273   1.27400011E-02   1.44037586E-02   1.44001935E-02  -2.47573247E-04
        1274   1.27500007E-02   1.44093549E-02   1.44057889E-02  -2.47541757E-04
        1275   1.27600012E-02   1.44149456E-02   1.44113796E-02  -2.47445714E-04
        1276   1.27700008E-02   1.44205308E-02   1.44169657E-02  -2.47285236E-04
        1277   1.27800005E-02   1.44261103E-02   1.44225471E-02  -2.47060409E-04
        1278   1.27900010E-02   1.44316843E-02   1.44281220E-02  -2.46900396E-04
        1279   1.28000006E-02   1.44372527E-02   1.44336913E-02  -2.46740587E-04
        1280   1.28100011E-02   1.44428154E-02   1.44392531E-02  -2.46710057E-04
        1281   1.28200008E-02   1.44483726E-02   1.44448122E-02  -2.46486161E-04
        1282   1.28300013E-02   1.44539243E-02   1.44503638E-02  -2.46391457E-04
        1283   1.28400009E-02   1.44594703E-02   1.44559117E-02  -2.46168056E-04
        1284   1.28500005E-02   1.44650107E-02   1.44614531E-02  -2.46009324E-04
        1285   1.28600011E-02   1.44705456E-02   1.44669889E-02  -2.45850795E-04
        1286   1.28700007E-02   1.44760748E-02   1.44725190E-02  -2.45692529E-04
        1287   1.28800012E-02   1.44815985E-02   1.44780446E-02  -2.45470088E-04
        1288   1.28900008E-02   1.44871166E-02   1.44835636E-02  -2.45312258E-04
        1289   1.29000004E-02   1.44926291E-02   1.44890761E-02  -2.45218922E-04
        1290   1.29100010E-02   1.44981360E-02   1.44945849E-02  -2.44997209E-04
        1291   1.29200006E-02   1.45036383E-02   1.45000871E-02  -2.44904251E-04
        1292   1.29300011E-02   1.45091349E-02   1.45055838E-02  -2.44811439E-04
        1293   1.29400007E-02   1.45146260E-02   1.45110758E-02  -2.44654628E-04
        1294   1.29500013E-02   1.45201115E-02   1.45165632E-02  -2.44433817E-04
        1295   1.29600009E-02   1.45255914E-02   1.45220440E-02  -2.44277442E-04
        1296   1.29700005E-02   1.45310657E-02   1.45275183E-02  -2.44185387E-04
        1297   1.29800010E-02   1.45365344E-02   1.45329880E-02  -2.44029405E-04
        1298   1.29900007E-02   1.45419976E-02   1.45384520E-02  -2.43873626E-04
        1299   1.30000012E-02   1.45474551E-02   1.45439124E-02  -2.43589966E-04
        1300   1.30100008E-02   1.45529080E-02   1.45493643E-02  -2.43562696E-04
        1301   1.30200004E-02   1.45583553E-02   1.45548126E-02  -2.43407543E-04
        1302   1.30300010E-02   1.45637970E-02   1.45602543E-02  -2.43316565E-04
        1303   1.30400006E-02   1.45692332E-02   1.45656914E-02  -2.43161805E-04
        1304   1.30500011E-02   1.45746637E-02   1.45711228E-02  -2.43007249E-04
        1305   1.30600007E-02   1.45800887E-02   1.45765496E-02  -2.42788985E-04
        1306   1.30700013E-02   1.45855090E-02   1.45819709E-02  -2.42634866E-04
        1307   1.30800009E-02   1.45909237E-02   1.45873856E-02  -2.42544789E-04
        1308   1.30900005E-02   1.45963328E-02   1.45927947E-02  -2.42454887E-04
        1309   1.31000010E-02   1.46017363E-02   1.45982001E-02  -2.42237526E-04
        1310   1.31100006E-02   1.46071343E-02   1.46035999E-02  -2.42020411E-04
        1311   1.31200012E-02   1.46125276E-02   1.46089932E-02  -2.41931062E-04
        1312   1.31300008E-02   1.46179153E-02   1.46143818E-02  -2.41778122E-04
        1313   1.31400004E-02   1.46232974E-02   1.46197639E-02  -2.41689122E-04
        1314   1.31500009E-02   1.46286739E-02   1.46251414E-02  -2.41536574E-04
        1315   1.31600006E-02   1.46340448E-02   1.46305142E-02  -2.41320566E-04
        1316   1.31700011E-02   1.46394111E-02   1.46358805E-02  -2.41232075E-04
        1317   1.31800007E-02   1.46447718E-02   1.46412421E-02  -2.41080124E-04
        1318   1.31900012E-02   1.46501269E-02   1.46465981E-02  -2.40928392E-04
        1319   1.32000009E-02   1.46554764E-02   1.46519495E-02  -2.40713271E-04
        1320   1.32100005E-02   1.46608213E-02   1.46572944E-02  -2.40625493E-04
        1321   1.32200010E-02   1.46661606E-02   1.46626346E-02  -2.40474328E-04
        1322   1.32300006E-02   1.46714943E-02   1.46679683E-02  -2.40386886E-04
        1323   1.32400012E-02   1.46768223E-02   1.46732982E-02  -2.40172623E-04
        1324   1.32500008E-02   1.46821458E-02   1.46786226E-02  -2.40022069E-04
        1325   1.32600013E-02   1.46874636E-02   1.46839404E-02  -2.39935136E-04
        1326   1.32700009E-02   1.46927759E-02   1.46892546E-02  -2.39721528E-04
        1327   1.32800005E-02   1.46980835E-02   1.46945631E-02  -2.39571556E-04
        1328   1.32900011E-02   1.47033855E-02   1.46998651E-02  -2.39485147E-04
        1329   1.33000007E-02   1.47086820E-02   1.47051625E-02  -2.39335539E-04
        1330   1.33100012E-02   1.47139737E-02   1.47104543E-02  -2.39249450E-04
        1331   1.33200008E-02   1.47192599E-02   1.47157423E-02  -2.39036890E-04
        1332   1.33300005E-02   1.47245405E-02   1.47210239E-02  -2.38887864E-04
        1333   1.33400010E-02   1.47298155E-02   1.47262998E-02  -2.38739041E-04
        1334   1.33500006E-02   1.47350859E-02   1.47315711E-02  -2.38590394E-04
        1335   1.33600011E-02   1.47403507E-02   1.47368358E-02  -2.38505163E-04
        1336   1.33700008E-02   1.47456108E-02   1.47420978E-02  -2.38293680E-04
        1337   1.33800013E-02   1.47508653E-02   1.47473523E-02  -2.38208770E-04
        1338   1.33900009E-02   1.47561142E-02   1.47526022E-02  -2.38060878E-04
        1339   1.34000005E-02   1.47613585E-02   1.47578474E-02  -2.37913162E-04
        1340   1.34100011E-02   1.47665972E-02   1.47630870E-02  -2.37765635E-04
        1341   1.34200007E-02   1.47718303E-02   1.47683211E-02  -2.37618311E-04
        1342   1.34300012E-02   1.47770587E-02   1.47735495E-02  -2.37534216E-04
        1343   1.34400008E-02   1.47822816E-02   1.47787742E-02  -2.37324202E-04
        1344   1.34500004E-02   1.47874989E-02   1.47839924E-02  -2.37177446E-04
        1345   1.34600010E-02   1.47927115E-02   1.47892050E-02  -2.37093845E-04
        1346   1.34700006E-02   1.47979185E-02   1.47944139E-02  -2.36884473E-04
        1347   1.34800011E-02   1.48031209E-02   1.47996172E-02  -2.36738255E-04
        1348   1.34900007E-02   1.48083176E-02   1.48048159E-02  -2.36529304E-04
        1349   1.35000013E-02   1.48135098E-02   1.48100071E-02  -2.36509281E-04
        1350   1.35100009E-02   1.48186963E-02   1.48151955E-02  -2.36300737E-04
        1351   1.35200005E-02   1.48238773E-02   1.48203773E-02  -2.36155276E-04
        1352   1.35300010E-02   1.48290535E-02   1.48255536E-02  -2.36072825E-04
        1353   1.35400007E-02   1.48342242E-02   1.48307271E-02  -2.35802072E-04
        1354   1.35500012E-02   1.48393903E-02   1.48358922E-02  -2.35782762E-04
        1355   1.35600008E-02   1.48445508E-02   1.48410546E-02  -2.35575237E-04
        1356   1.35700013E-02   1.48497066E-02   1.48462104E-02  -2.35493426E-04
        1357   1.35800010E-02   1.48548568E-02   1.48513624E-02  -2.35286308E-04
        1358   1.35900006E-02   1.48600023E-02   1.48565071E-02  -2.35267522E-04
        1359   1.36000011E-02   1.48651423E-02   1.48616489E-02  -2.35060797E-04
        1360   1.36100007E-02   1.48702776E-02   1.48667861E-02  -2.34854277E-04
        1361   1.36200013E-02   1.48754073E-02   1.48719149E-02  -2.34835912E-04
        1362   1.36300009E-02   1.48805315E-02   1.48770399E-02  -2.34692401E-04
        1363   1.36400005E-02   1.48856509E-02   1.48821613E-02  -2.34486492E-04
        1364   1.36500010E-02   1.48907648E-02   1.48872761E-02  -2.34343359E-04
        1365   1.36600006E-02   1.48958741E-02   1.48923872E-02  -2.34137857E-04
        1366   1.36700012E-02   1.49009787E-02   1.48974918E-02  -2.34057632E-04
        1367   1.36800008E-02   1.49060776E-02   1.49025917E-02  -2.33915038E-04
        1368   1.36900013E-02   1.49111720E-02   1.49076860E-02  -2.33835104E-04
        1369   1.37000009E-02   1.49162607E-02   1.49127766E-02  -2.33630388E-04
        1370   1.37100006E-02   1.49213448E-02   1.49178607E-02  -2.33550760E-04
        1371   1.37200011E-02   1.49264233E-02   1.49229402E-02  -2.33408864E-04
        1372   1.37300007E-02   1.49314972E-02   1.49280149E-02  -2.33267128E-04
        1373   1.37400012E-02   1.49365654E-02   1.49330851E-02  -2.33063198E-04
        1374   1.37500009E-02   1.49416290E-02   1.49381487E-02  -2.32984195E-04
        1375   1.37600005E-02   1.49466870E-02   1.49432085E-02  -2.32780658E-04
        1376   1.37700010E-02   1.49517404E-02   1.49482628E-02  -2.32639635E-04
        1377   1.37800006E-02   1.49567891E-02   1.49533125E-02  -2.32498802E-04
        1378   1.37900012E-02   1.49618322E-02   1.49583565E-02  -2.32358143E-04
        1379   1.38000008E-02   1.49668707E-02   1.49633950E-02  -2.32279897E-04
        1380   1.38100013E-02   1.49719035E-02   1.49684297E-02  -2.32077335E-04
        1381   1.38200009E-02   1.49769317E-02   1.49734588E-02  -2.31937185E-04
        1382   1.38300005E-02   1.49819544E-02   1.49784824E-02  -2.31797225E-04
        1383   1.38400011E-02   1.49869723E-02   1.49835013E-02  -2.31657425E-04
        1384   1.38500007E-02   1.49919856E-02   1.49885146E-02  -2.31579936E-04
        1385   1.38600012E-02   1.49969934E-02   1.49935242E-02  -2.31378333E-04
        1386   1.38700008E-02   1.50019964E-02   1.49985282E-02  -2.31239042E-04
        1387   1.38800004E-02   1.50069948E-02   1.50035275E-02  -2.31099912E-04
        1388   1.38900010E-02   1.50119876E-02   1.50085203E-02  -2.31023034E-04
        1389   1.39000006E-02   1.50169758E-02   1.50135113E-02  -2.30760139E-04
        1390   1.39100011E-02   1.50219584E-02   1.50184939E-02  -2.30683581E-04
        1391   1.39200008E-02   1.50269363E-02   1.50234727E-02  -2.30545149E-04
        1392   1.39300013E-02   1.50319096E-02   1.50284469E-02  -2.30406862E-04
        1393   1.39400009E-02   1.50368772E-02   1.50334165E-02  -2.30206802E-04
        1394   1.39500005E-02   1.50418403E-02   1.50383804E-02  -2.30068879E-04
        1395   1.39600011E-02   1.50467986E-02   1.50433397E-02  -2.29931131E-04
        1396   1.39700007E-02   1.50517514E-02   1.50482934E-02  -2.29793543E-04
        1397   1.39800012E-02   1.50566995E-02   1.50532434E-02  -2.29594239E-04
        1398   1.39900008E-02   1.50616430E-02   1.50581868E-02  -2.29518875E-04
        1399   1.40000014E-02   1.50665818E-02   1.50631266E-02  -2.29381782E-04
        1400   1.40100010E-02   1.50715150E-02   1.50680607E-02  -2.29244863E-04
        1401   1.40200006E-02   1.50764436E-02   1.50729902E-02  -2.29108104E-04
        1402   1.40300011E-02   1.50813675E-02   1.50779150E-02  -2.28971490E-04
        1403   1.40400007E-02   1.50862858E-02   1.50828343E-02  -2.28835066E-04
        1404   1.40500013E-02   1.50911994E-02   1.50877498E-02  -2.28637058E-04
        1405   1.40600009E-02   1.50961084E-02   1.50926597E-02  -2.28500983E-04
        1406   1.40700005E-02   1.51010128E-02   1.50975641E-02  -2.28426754E-04
        1407   1.40800010E-02   1.51059115E-02   1.51024638E-02  -2.28290970E-04
        1408   1.40900007E-02   1.51108056E-02   1.51073597E-02  -2.28093690E-04
        1409   1.41000012E-02   1.51156951E-02   1.51122492E-02  -2.28019897E-04
        1410   1.41100008E-02   1.51205789E-02   1.51171349E-02  -2.27822995E-04
        1411   1.41200013E-02   1.51254581E-02   1.51220150E-02  -2.27687880E-04
        1412   1.41300010E-02   1.51303327E-02   1.51268905E-02  -2.27552926E-04
        1413   1.41400006E-02   1.51352026E-02   1.51317613E-02  -2.27418132E-04
        1414   1.41500011E-02   1.51400678E-02   1.51366265E-02  -2.27345037E-04
        1415   1.41600007E-02   1.51449274E-02   1.51414881E-02  -2.27149023E-04
        1416   1.41700013E-02   1.51497824E-02   1.51463430E-02  -2.27076220E-04
        1417   1.41800009E-02   1.51546327E-02   1.51511952E-02  -2.26880555E-04
        1418   1.41900005E-02   1.51594784E-02   1.51560418E-02  -2.26746561E-04
        1419   1.42000010E-02   1.51643185E-02   1.51608819E-02  -2.26674165E-04
        1420   1.42100006E-02   1.51691539E-02   1.51657192E-02  -2.26479053E-04
        1421   1.42200012E-02   1.51739847E-02   1.51705528E-02  -2.26222721E-04
        1422   1.42300008E-02   1.51788108E-02   1.51753789E-02  -2.26150776E-04
        1423   1.42400013E-02   1.51836323E-02   1.51802013E-02  -2.26017582E-04
        1424   1.42500009E-02   1.51884491E-02   1.51850181E-02  -2.25945885E-04
        1425   1.42600005E-02   1.51932603E-02   1.51898311E-02  -2.25751675E-04
        1426   1.42700011E-02   1.51980668E-02   1.51946386E-02  -2.25618947E-04
        1427   1.42800007E-02   1.52028687E-02   1.51994415E-02  -2.25486379E-04
        1428   1.42900012E-02   1.52076660E-02   1.52042396E-02  -2.25353971E-04
        1429   1.43000009E-02   1.52124586E-02   1.52090332E-02  -2.25221709E-04
        1430   1.43100014E-02   1.52172465E-02   1.52138220E-02  -2.25089607E-04
        1431   1.43200010E-02   1.52220288E-02   1.52186053E-02  -2.24957650E-04
        1432   1.43300006E-02   1.52268065E-02   1.52233848E-02  -2.24764677E-04
        1433   1.43400012E-02   1.52315795E-02   1.52281588E-02  -2.24633055E-04
        1434   1.43500008E-02   1.52363479E-02   1.52329290E-02  -2.24440431E-04
        1435   1.43600013E-02   1.52411116E-02   1.52376918E-02  -2.24431395E-04
        1436   1.43700009E-02   1.52458707E-02   1.52424527E-02  -2.24239091E-04
        1437   1.43800005E-02   1.52506251E-02   1.52472090E-02  -2.24046991E-04
        1438   1.43900011E-02   1.52553748E-02   1.52519578E-02  -2.24038289E-04
        1439   1.44000007E-02   1.52601199E-02   1.52567038E-02  -2.23907555E-04
        1440   1.44100012E-02   1.52648594E-02   1.52614443E-02  -2.23776980E-04
        1441   1.44200008E-02   1.52695943E-02   1.52661810E-02  -2.23585535E-04
        1442   1.44300014E-02   1.52743245E-02   1.52709121E-02  -2.23455281E-04
        1443   1.44400010E-02   1.52790500E-02   1.52756404E-02  -2.23203213E-04
        1444   1.44500006E-02   1.52837709E-02   1.52803613E-02  -2.23134251E-04
        1445   1.44600011E-02   1.52884871E-02   1.52850775E-02  -2.23065406E-04
        1446   1.44700008E-02   1.52931986E-02   1.52897919E-02  -2.22813891E-04
        1447   1.44800013E-02   1.52979055E-02   1.52944988E-02  -2.22745322E-04
        1448   1.44900009E-02   1.53026078E-02   1.52992029E-02  -2.22555085E-04
        1449   1.45000005E-02   1.53073054E-02   1.53039014E-02  -2.22425893E-04
        1450   1.45100011E-02   1.53119983E-02   1.53085943E-02  -2.22357718E-04
        1451   1.45200007E-02   1.53166866E-02   1.53132845E-02  -2.22167975E-04
        1452   1.45300012E-02   1.53213702E-02   1.53179681E-02  -2.22100047E-04
        1453   1.45400008E-02   1.53260492E-02   1.53226480E-02  -2.21971422E-04
        1454   1.45500014E-02   1.53307235E-02   1.53273223E-02  -2.21903727E-04
        1455   1.45600010E-02   1.53353931E-02   1.53319929E-02  -2.21775394E-04
        1456   1.45700006E-02   1.53400581E-02   1.53366588E-02  -2.21647191E-04
        1457   1.45800011E-02   1.53447185E-02   1.53413201E-02  -2.21519149E-04
        1458   1.45900007E-02   1.53493742E-02   1.53459758E-02  -2.21451934E-04
        1459   1.46000013E-02   1.53540252E-02   1.53506277E-02  -2.21324153E-04
        1460   1.46100009E-02   1.53586715E-02   1.53552741E-02  -2.21257185E-04
        1461   1.46200005E-02   1.53633133E-02   1.53599167E-02  -2.21129681E-04
        1462   1.46300010E-02   1.53679503E-02   1.53645547E-02  -2.21002309E-04
        1463   1.46400006E-02   1.53725827E-02   1.53691880E-02  -2.20875096E-04
        1464   1.46500012E-02   1.53772105E-02   1.53738158E-02  -2.20808608E-04
        1465   1.46600008E-02   1.53818335E-02   1.53784407E-02  -2.20621077E-04
        1466   1.46700013E-02   1.53864520E-02   1.53830601E-02  -2.20494287E-04
        1467   1.46800010E-02   1.53910657E-02   1.53876739E-02  -2.20428177E-04
        1468   1.46900006E-02   1.53956749E-02   1.53922839E-02  -2.20301648E-04
        1469   1.47000011E-02   1.54002793E-02   1.53968902E-02  -2.20114758E-04
        1470   1.47100007E-02   1.54048791E-02   1.54014910E-02  -2.19988535E-04
        1471   1.47200013E-02   1.54094743E-02   1.54060861E-02  -2.19922920E-04
        1472   1.47300009E-02   1.54140648E-02   1.54106785E-02  -2.19736525E-04
        1473   1.47400014E-02   1.54186506E-02   1.54152652E-02  -2.19610723E-04
        1474   1.47500010E-02   1.54232318E-02   1.54198473E-02  -2.19485068E-04
        1475   1.47600006E-02   1.54278083E-02   1.54244257E-02  -2.19299152E-04
        1476   1.47700012E-02   1.54323801E-02   1.54289985E-02  -2.19173802E-04
        1477   1.47800008E-02   1.54369473E-02   1.54335676E-02  -2.18988222E-04
        1478   1.47900013E-02   1.54415108E-02   1.54381320E-02  -2.18863162E-04
        1479   1.48000009E-02   1.54460697E-02   1.54426917E-02  -2.18738220E-04
        1480   1.48100005E-02   1.54506238E-02   1.54472468E-02  -2.18613437E-04
        1481   1.48200011E-02   1.54551733E-02   1.54517973E-02  -2.18488785E-04
        1482   1.48300007E-02   1.54597182E-02   1.54563421E-02  -2.18424539E-04
        1483   1.48400012E-02   1.54642584E-02   1.54608842E-02  -2.18239889E-04
        1484   1.48500009E-02   1.54687939E-02   1.54654216E-02  -2.18055429E-04
        1485   1.48600014E-02   1.54733248E-02   1.54699534E-02  -2.17931345E-04
        1486   1.48700010E-02   1.54778510E-02   1.54744815E-02  -2.17747205E-04
        1487   1.48800006E-02   1.54823735E-02   1.54790040E-02  -2.17683584E-04
        1488   1.48900012E-02   1.54868914E-02   1.54835219E-02  -2.17620065E-04
        1489   1.49000008E-02   1.54914046E-02   1.54880378E-02  -2.17376219E-04
        1490   1.49100013E-02   1.54959131E-02   1.54925473E-02  -2.17252833E-04
        1491   1.49200009E-02   1.55004170E-02   1.54970521E-02  -2.17129578E-04
        1492   1.49300005E-02   1.55049162E-02   1.55015523E-02  -2.17006469E-04
        1493   1.49400011E-02   1.55094117E-02   1.55060487E-02  -2.16883476E-04
        1494   1.49500007E-02   1.55139025E-02   1.55105405E-02  -2.16760629E-04
        1495   1.49600012E-02   1.55183887E-02   1.55150276E-02  -2.16637913E-04
        1496   1.49700008E-02   1.55228702E-02   1.55195110E-02  -2.16455315E-04
        1497   1.49800014E-02   1.55273471E-02   1.55239888E-02  -2.16332875E-04
        1498   1.49900010E-02   1.55318193E-02   1.55284628E-02  -2.16150598E-04
        1499   1.50000006E-02   1.55362878E-02   1.55329322E-02  -2.16028449E-04
        1500   1.50100011E-02   1.55407516E-02   1.55373979E-02  -2.15846478E-04
        1501   1.50200007E-02   1.55452108E-02   1.55418571E-02  -2.15784545E-04
        1502   1.50300013E-02   1.55496653E-02   1.55463135E-02  -2.15602879E-04
        1503   1.50400009E-02   1.55541161E-02   1.55507643E-02  -2.15541178E-04
        1504   1.50500014E-02   1.55585622E-02   1.55552123E-02  -2.15359789E-04
        1505   1.50600011E-02   1.55630037E-02   1.55596547E-02  -2.15238455E-04
        1506   1.50700007E-02   1.55674405E-02   1.55640934E-02  -2.15057386E-04
        1507   1.50800012E-02   1.55718727E-02   1.55685255E-02  -2.14996166E-04
        1508   1.50900008E-02   1.55763011E-02   1.55729549E-02  -2.14875210E-04
        1509   1.51000014E-02   1.55807249E-02   1.55773805E-02  -2.14694592E-04
        1510   1.51100010E-02   1.55851441E-02   1.55818006E-02  -2.14573927E-04
        1511   1.51200006E-02   1.55895585E-02   1.55862160E-02  -2.14453379E-04
        1512   1.51300011E-02   1.55939693E-02   1.55906277E-02  -2.14332962E-04
        1513   1.51400007E-02   1.55983754E-02   1.55950356E-02  -2.14152940E-04
        1514   1.51500013E-02   1.56027768E-02   1.55994380E-02  -2.14032800E-04
        1515   1.51600009E-02   1.56071736E-02   1.56038366E-02  -2.13853098E-04
        1516   1.51700014E-02   1.56115666E-02   1.56082306E-02  -2.13733219E-04
        1517   1.51800010E-02   1.56159550E-02   1.56126209E-02  -2.13553823E-04
        1518   1.51900006E-02   1.56203387E-02   1.56170055E-02  -2.13434221E-04
        1519   1.52000012E-02   1.56247187E-02   1.56213855E-02  -2.13374384E-04
        1520   1.52100008E-02   1.56290941E-02   1.56257618E-02  -2.13255014E-04
        1521   1.52200013E-02   1.56334657E-02   1.56301353E-02  -2.13076186E-04
        1522   1.52300010E-02   1.56378318E-02   1.56345032E-02  -2.12897517E-04
        1523   1.52400006E-02   1.56421941E-02   1.56388655E-02  -2.12838131E-04
        1524   1.52500011E-02   1.56465527E-02   1.56432241E-02  -2.12778832E-04
        1525   1.52600007E-02   1.56509057E-02   1.56475790E-02  -2.12600571E-04
        1526   1.52700013E-02   1.56552549E-02   1.56519283E-02  -2.12541490E-04
        1527   1.52800009E-02   1.56596005E-02   1.56562757E-02  -2.12363506E-04
        1528   1.52900014E-02   1.56639405E-02   1.56606175E-02  -2.12185696E-04
        1529   1.53000010E-02   1.56682767E-02   1.56649537E-02  -2.12126950E-04
        1530   1.53100006E-02   1.56726092E-02   1.56692863E-02  -2.12068306E-04
        1531   1.53200012E-02   1.56769361E-02   1.56736150E-02  -2.11890889E-04
        1532   1.53300008E-02   1.56812593E-02   1.56779401E-02  -2.11713632E-04
        1533   1.53400013E-02   1.56855788E-02   1.56822596E-02  -2.11655322E-04
        1534   1.53500009E-02   1.56898927E-02   1.56865753E-02  -2.11478342E-04
        1535   1.53600015E-02   1.56942029E-02   1.56908873E-02  -2.11301522E-04
        1536   1.53700011E-02   1.56985093E-02   1.56951938E-02  -2.11243547E-04
        1537   1.53800007E-02   1.57028101E-02   1.56994965E-02  -2.11067003E-04
        1538   1.53900012E-02   1.57071073E-02   1.57037955E-02  -2.10890619E-04
        1539   1.54000008E-02   1.57114007E-02   1.57080889E-02  -2.10832979E-04
        1540   1.54100014E-02   1.57156885E-02   1.57123785E-02  -2.10656872E-04
        1541   1.54200010E-02   1.57199726E-02   1.57166626E-02  -2.10599450E-04
        1542   1.54300006E-02   1.57242529E-02   1.57209449E-02  -2.10423605E-04
        1543   1.54400012E-02   1.57285295E-02   1.57252215E-02  -2.10366372E-04
        1544   1.54500008E-02   1.57328006E-02   1.57294944E-02  -2.10190803E-04
        1545   1.54600013E-02   1.57370679E-02   1.57337617E-02  -2.10133803E-04
        1546   1.54700009E-02   1.57413315E-02   1.57380272E-02  -2.09958496E-04
        1547   1.54800015E-02   1.57455895E-02   1.57422870E-02  -2.09783364E-04
        1548   1.54900011E-02   1.57498438E-02   1.57465432E-02  -2.09608363E-04
        1549   1.55000007E-02   1.57540943E-02   1.57507937E-02  -2.09551799E-04
        1550   1.55100012E-02   1.57583412E-02   1.57550406E-02  -2.09495323E-04
        1551   1.55200008E-02   1.57625824E-02   1.57592837E-02  -2.09320715E-04
        1552   1.55300014E-02   1.57668199E-02   1.57635212E-02  -2.09264443E-04
        1553   1.55400010E-02   1.57710537E-02   1.57677568E-02  -2.09090111E-04
        1554   1.55500006E-02   1.57752819E-02   1.57719869E-02  -2.08915924E-04
        1555   1.55600011E-02   1.57795064E-02   1.57762114E-02  -2.08859987E-04
        1556   1.55700007E-02   1.57837272E-02   1.57804340E-02  -2.08686062E-04
        1557   1.55800013E-02   1.57879442E-02   1.57846510E-02  -2.08630314E-04
        1558   1.55900009E-02   1.57921556E-02   1.57888643E-02  -2.08456666E-04
        1559   1.56000014E-02   1.57963634E-02   1.57930739E-02  -2.08283163E-04
        1560   1.56100010E-02   1.58005673E-02   1.57972779E-02  -2.08227735E-04
        1561   1.56200007E-02   1.58047676E-02   1.58014800E-02  -2.08054480E-04
        1562   1.56300012E-02   1.58089623E-02   1.58056747E-02  -2.07999256E-04
        1563   1.56400017E-02   1.58131532E-02   1.58098675E-02  -2.07826291E-04
        1564   1.56500004E-02   1.58173405E-02   1.58140566E-02  -2.07653444E-04
        1565   1.56600010E-02   1.58215240E-02   1.58182401E-02  -2.07598525E-04
        1566   1.56700015E-02   1.58257019E-02   1.58224199E-02  -2.07425968E-04
        1567   1.56800002E-02   1.58298761E-02   1.58265941E-02  -2.07371253E-04
        1568   1.56900007E-02   1.58340465E-02   1.58307664E-02  -2.07198944E-04
        1569   1.57000013E-02   1.58382133E-02   1.58349331E-02  -2.07144418E-04
        1570   1.57100018E-02   1.58423744E-02   1.58390980E-02  -2.06854762E-04
        1571   1.57200005E-02   1.58465318E-02   1.58432554E-02  -2.06800483E-04
        1572   1.57300010E-02   1.58506855E-02   1.58474091E-02  -2.06746277E-04
        1573   1.57400016E-02   1.58548355E-02   1.58515610E-02  -2.06574623E-04
        1574   1.57500003E-02   1.58589799E-02   1.58557072E-02  -2.06403129E-04
        1575   1.57600008E-02   1.58631206E-02   1.58598498E-02  -2.06231765E-04
        1576   1.57700013E-02   1.58672575E-02   1.58639867E-02  -2.06177996E-04
        1577   1.57800019E-02   1.58713907E-02   1.58681218E-02  -2.06006880E-04
        1578   1.57900006E-02   1.58755202E-02   1.58722512E-02  -2.05953285E-04
        1579   1.58000011E-02   1.58796441E-02   1.58763770E-02  -2.05782446E-04
        1580   1.58100016E-02   1.58837643E-02   1.58804990E-02  -2.05611737E-04
        1581   1.58200003E-02   1.58878807E-02   1.58846155E-02  -2.05558448E-04
        1582   1.58300009E-02   1.58919934E-02   1.58887282E-02  -2.05505246E-04
        1583   1.58400014E-02   1.58961006E-02   1.58928372E-02  -2.05334916E-04
        1584   1.58500019E-02   1.59002040E-02   1.58969443E-02  -2.05047516E-04
        1585   1.58600006E-02   1.59043036E-02   1.59010459E-02  -2.04877491E-04
        1586   1.58700012E-02   1.59083996E-02   1.59051418E-02  -2.04824726E-04
        1587   1.58800017E-02   1.59124918E-02   1.59092341E-02  -2.04772048E-04
        1588   1.58900004E-02   1.59165785E-02   1.59133226E-02  -2.04602387E-04
        1589   1.59000009E-02   1.59206614E-02   1.59174073E-02  -2.04432858E-04
        1590   1.59100015E-02   1.59247406E-02   1.59214865E-02  -2.04380485E-04
        1591   1.59200002E-02   1.59288161E-02   1.59255639E-02  -2.04211188E-04
        1592   1.59300007E-02   1.59328878E-02   1.59296375E-02  -2.04042037E-04
        1593   1.59400012E-02   1.59369558E-02   1.59337055E-02  -2.03989955E-04
        1594   1.59500018E-02   1.59410182E-02   1.59377698E-02  -2.03821066E-04
        1595   1.59600005E-02   1.59450769E-02   1.59418304E-02  -2.03652307E-04
        1596   1.59700010E-02   1.59491319E-02   1.59458853E-02  -2.03600517E-04
        1597   1.59800015E-02   1.59531832E-02   1.59499384E-02  -2.03431991E-04
        1598   1.59900002E-02   1.59572307E-02   1.59539860E-02  -2.03380390E-04
        1599   1.60000008E-02   1.59612726E-02   1.59580298E-02  -2.03212127E-04
        1600   1.60100013E-02   1.59653109E-02   1.59620699E-02  -2.03044008E-04
        1601   1.60200018E-02   1.59693453E-02   1.59661062E-02  -2.02876006E-04
        1602   1.60300005E-02   1.59733761E-02   1.59701388E-02  -2.02708150E-04
        1603   1.60400011E-02   1.59774031E-02   1.59741640E-02  -2.02773677E-04
        1604   1.60500016E-02   1.59814265E-02   1.59781892E-02  -2.02606010E-04
        1605   1.60600003E-02   1.59854442E-02   1.59822088E-02  -2.02438518E-04
        1606   1.60700008E-02   1.59894582E-02   1.59862246E-02  -2.02271141E-04
        1607   1.60800014E-02   1.59934685E-02   1.59902368E-02  -2.02103911E-04
        1608   1.60900019E-02   1.59974750E-02   1.59942452E-02  -2.01936797E-04
        1609   1.61000006E-02   1.60014778E-02   1.59982480E-02  -2.01886272E-04
        1610   1.61100011E-02   1.60054769E-02   1.60022490E-02  -2.01719406E-04
        1611   1.61200017E-02   1.60094723E-02   1.60062443E-02  -2.01669041E-04
        1612   1.61300004E-02   1.60134621E-02   1.60102360E-02  -2.01502422E-04
        1613   1.61400009E-02   1.60174482E-02   1.60142221E-02  -2.01452276E-04
        1614   1.61500014E-02   1.60214305E-02   1.60182063E-02  -2.01285875E-04
        1615   1.61600020E-02   1.60254091E-02   1.60221867E-02  -2.01119619E-04
        1616   1.61700007E-02   1.60293840E-02   1.60261635E-02  -2.00953495E-04
        1617   1.61800012E-02   1.60333551E-02   1.60301346E-02  -2.00903713E-04
        1618   1.61900017E-02   1.60373226E-02   1.60341021E-02  -2.00853989E-04
        1619   1.62000004E-02   1.60412844E-02   1.60380676E-02  -2.00572060E-04
        1620   1.62100010E-02   1.60452425E-02   1.60420258E-02  -2.00522569E-04
        1621   1.62200015E-02   1.60491969E-02   1.60459820E-02  -2.00357041E-04
        1622   1.62300002E-02   1.60531476E-02   1.60499346E-02  -2.00191644E-04
        1623   1.62400007E-02   1.60570946E-02   1.60538815E-02  -2.00142429E-04
        1624   1.62500013E-02   1.60610378E-02   1.60578266E-02  -1.99977265E-04
        1625   1.62600018E-02   1.60649773E-02   1.60617661E-02  -1.99928210E-04
        1626   1.62700005E-02   1.60689130E-02   1.60657037E-02  -1.99763279E-04
        1627   1.62800010E-02   1.60728432E-02   1.60696339E-02  -1.99714414E-04
        1628   1.62900016E-02   1.60767697E-02   1.60735641E-02  -1.99433824E-04
        1629   1.63000003E-02   1.60806924E-02   1.60774887E-02  -1.99269285E-04
        1630   1.63100008E-02   1.60846114E-02   1.60814095E-02  -1.99104878E-04
        1631   1.63200013E-02   1.60885267E-02   1.60853248E-02  -1.99056405E-04
        1632   1.63300019E-02   1.60924383E-02   1.60892382E-02  -1.98892230E-04
        1633   1.63400006E-02   1.60963461E-02   1.60931479E-02  -1.98728158E-04
        1634   1.63500011E-02   1.61002502E-02   1.60970520E-02  -1.98679962E-04
        1635   1.63600016E-02   1.61041506E-02   1.61009524E-02  -1.98631838E-04
        1636   1.63700003E-02   1.61080472E-02   1.61048509E-02  -1.98468100E-04
        1637   1.63800009E-02   1.61119383E-02   1.61087420E-02  -1.98420152E-04
        1638   1.63900014E-02   1.61158256E-02   1.61126330E-02  -1.98141031E-04
        1639   1.64000019E-02   1.61197092E-02   1.61165185E-02  -1.97977686E-04
        1640   1.64100006E-02   1.61235891E-02   1.61204003E-02  -1.97814472E-04
        1641   1.64200012E-02   1.61274653E-02   1.61242764E-02  -1.97766916E-04
        1642   1.64300017E-02   1.61313377E-02   1.61281507E-02  -1.97603920E-04
        1643   1.64400004E-02   1.61352064E-02   1.61320213E-02  -1.97441055E-04
        1644   1.64500009E-02   1.61390714E-02   1.61358863E-02  -1.97393761E-04
        1645   1.64600015E-02   1.61429327E-02   1.61397494E-02  -1.97231100E-04
        1646   1.64700020E-02   1.61467902E-02   1.61436070E-02  -1.97183967E-04
        1647   1.64800007E-02   1.61506440E-02   1.61474627E-02  -1.97021538E-04
        1648   1.64900012E-02   1.61544941E-02   1.61513127E-02  -1.96974579E-04
        1649   1.65000018E-02   1.61583405E-02   1.61551591E-02  -1.96927678E-04
        1650   1.65100005E-02   1.61621813E-02   1.61590017E-02  -1.96765570E-04
        1651   1.65200010E-02   1.61660183E-02   1.61628406E-02  -1.96603592E-04
        1652   1.65300015E-02   1.61698516E-02   1.61666777E-02  -1.96326509E-04
        1653   1.65400002E-02   1.61736812E-02   1.61705092E-02  -1.96164794E-04
        1654   1.65500008E-02   1.61775071E-02   1.61743350E-02  -1.96118403E-04
        1655   1.65600013E-02   1.61813293E-02   1.61781590E-02  -1.95956905E-04
        1656   1.65700018E-02   1.61851477E-02   1.61819793E-02  -1.95795539E-04
        1657   1.65800005E-02   1.61889624E-02   1.61857959E-02  -1.95634289E-04
        1658   1.65900011E-02   1.61927734E-02   1.61896069E-02  -1.95588247E-04
        1659   1.66000016E-02   1.61965806E-02   1.61934160E-02  -1.95427216E-04
        1660   1.66100003E-02   1.62003841E-02   1.61972214E-02  -1.95266301E-04
        1661   1.66200008E-02   1.62041839E-02   1.62010211E-02  -1.95220506E-04
        1662   1.66300014E-02   1.62079800E-02   1.62048172E-02  -1.95174769E-04
        1663   1.66400019E-02   1.62117723E-02   1.62086133E-02  -1.94899229E-04
        1664   1.66500006E-02   1.62155610E-02   1.62124019E-02  -1.94853681E-04
        1665   1.66600011E-02   1.62193459E-02   1.62161868E-02  -1.94808206E-04
        1666   1.66700017E-02   1.62231270E-02   1.62199680E-02  -1.94762790E-04
        1667   1.66800003E-02   1.62269045E-02   1.62237473E-02  -1.94602602E-04
        1668   1.66900009E-02   1.62306782E-02   1.62275210E-02  -1.94557346E-04
        1669   1.67000014E-02   1.62344482E-02   1.62312929E-02  -1.94397391E-04
        1670   1.67100020E-02   1.62382144E-02   1.62350591E-02  -1.94352295E-04
        1671   1.67200007E-02   1.62419770E-02   1.62388217E-02  -1.94307257E-04
        1672   1.67300012E-02   1.62457358E-02   1.62425805E-02  -1.94262291E-04
        1673   1.67400017E-02   1.62494909E-02   1.62463374E-02  -1.94102715E-04
        1674   1.67500004E-02   1.62532423E-02   1.62500888E-02  -1.94057910E-04
        1675   1.67600010E-02   1.62569899E-02   1.62538365E-02  -1.94013162E-04
        1676   1.67700015E-02   1.62607338E-02   1.62575822E-02  -1.93853892E-04
        1677   1.67800002E-02   1.62644740E-02   1.62613224E-02  -1.93809305E-04
        1678   1.67900007E-02   1.62682086E-02   1.62650589E-02  -1.93650267E-04
        1679   1.68000013E-02   1.62719395E-02   1.62687916E-02  -1.93491345E-04
        1680   1.68100018E-02   1.62756667E-02   1.62725206E-02  -1.93332540E-04
        1681   1.68200005E-02   1.62793901E-02   1.62762478E-02  -1.93059386E-04
        1682   1.68300010E-02   1.62831098E-02   1.62799675E-02  -1.93015279E-04
        1683   1.68400016E-02   1.62868258E-02   1.62836853E-02  -1.92856824E-04
        1684   1.68500002E-02   1.62905380E-02   1.62874013E-02  -1.92584092E-04
        1685   1.68600008E-02   1.62942484E-02   1.62911117E-02  -1.92540232E-04
        1686   1.68700013E-02   1.62979551E-02   1.62948184E-02  -1.92496431E-04
        1687   1.68800019E-02   1.63016580E-02   1.62985232E-02  -1.92338397E-04
        1688   1.68900006E-02   1.63053572E-02   1.63022224E-02  -1.92294756E-04
        1689   1.69000011E-02   1.63090527E-02   1.63059179E-02  -1.92251173E-04
        1690   1.69100016E-02   1.63127445E-02   1.63096096E-02  -1.92207648E-04
        1691   1.69200003E-02   1.63164325E-02   1.63132977E-02  -1.92164196E-04
        1692   1.69300009E-02   1.63201168E-02   1.63169838E-02  -1.92006628E-04
        1693   1.69400014E-02   1.63237974E-02   1.63206644E-02  -1.91963336E-04
        1694   1.69500019E-02   1.63274743E-02   1.63243413E-02  -1.91920102E-04
        1695   1.69600006E-02   1.63311474E-02   1.63280163E-02  -1.91762825E-04
        1696   1.69700012E-02   1.63348168E-02   1.63316857E-02  -1.91719737E-04
        1697   1.69800017E-02   1.63384825E-02   1.63353514E-02  -1.91676721E-04
        1698   1.69900004E-02   1.63421445E-02   1.63390152E-02  -1.91519735E-04
        1699   1.70000009E-02   1.63458027E-02   1.63426735E-02  -1.91476865E-04
        1700   1.70100015E-02   1.63494572E-02   1.63463298E-02  -1.91320083E-04
        1701   1.70200020E-02   1.63531080E-02   1.63499825E-02  -1.91163417E-04
        1702   1.70300007E-02   1.63567550E-02   1.63536314E-02  -1.91006868E-04
        1703   1.70400012E-02   1.63603984E-02   1.63572729E-02  -1.91078216E-04
        1704   1.70500018E-02   1.63640380E-02   1.63609143E-02  -1.90921841E-04
        1705   1.70600004E-02   1.63676739E-02   1.63645521E-02  -1.90765582E-04
        1706   1.70700010E-02   1.63713060E-02   1.63681861E-02  -1.90609426E-04
        1707   1.70800015E-02   1.63749345E-02   1.63718164E-02  -1.90453386E-04
        1708   1.70900002E-02   1.63785592E-02   1.63754430E-02  -1.90297462E-04
        1709   1.71000008E-02   1.63821802E-02   1.63790658E-02  -1.90141654E-04
        1710   1.71100013E-02   1.63857974E-02   1.63826849E-02  -1.89985949E-04
        1711   1.71200018E-02   1.63894109E-02   1.63863003E-02  -1.89830360E-04
        1712   1.71300005E-02   1.63930207E-02   1.63899120E-02  -1.89674887E-04
        1713   1.71400011E-02   1.63966268E-02   1.63935199E-02  -1.89519531E-04
        1714   1.71500016E-02   1.64002310E-02   1.63971242E-02  -1.89477869E-04
        1715   1.71600003E-02   1.64038315E-02   1.64007246E-02  -1.89436265E-04
        1716   1.71700008E-02   1.64074283E-02   1.64043233E-02  -1.89281171E-04
        1717   1.71800014E-02   1.64110214E-02   1.64079182E-02  -1.89126178E-04
        1718   1.71900019E-02   1.64146107E-02   1.64115075E-02  -1.89084807E-04
        1719   1.72000006E-02   1.64181963E-02   1.64150950E-02  -1.88930018E-04
        1720   1.72100011E-02   1.64217781E-02   1.64186768E-02  -1.88888807E-04
        1721   1.72200017E-02   1.64253563E-02   1.64222568E-02  -1.88734208E-04
        1722   1.72300003E-02   1.64289307E-02   1.64258331E-02  -1.88579710E-04
        1723   1.72400009E-02   1.64325014E-02   1.64294057E-02  -1.88425329E-04
        1724   1.72500014E-02   1.64360683E-02   1.64329745E-02  -1.88271064E-04
        1725   1.72600020E-02   1.64396316E-02   1.64365396E-02  -1.88116901E-04
        1726   1.72700007E-02   1.64431911E-02   1.64401010E-02  -1.87962854E-04
        1727   1.72800012E-02   1.64467487E-02   1.64436586E-02  -1.87922182E-04
        1728   1.72900017E-02   1.64503027E-02   1.64472144E-02  -1.87768310E-04
        1729   1.73000004E-02   1.64538529E-02   1.64507646E-02  -1.87727783E-04
        1730   1.73100010E-02   1.64573994E-02   1.64543130E-02  -1.87574100E-04
        1731   1.73200015E-02   1.64609421E-02   1.64578557E-02  -1.87533733E-04
        1732   1.73300020E-02   1.64644811E-02   1.64613966E-02  -1.87380239E-04
        1733   1.73400007E-02   1.64680164E-02   1.64649338E-02  -1.87226848E-04
        1734   1.73500013E-02   1.64715480E-02   1.64684653E-02  -1.87186699E-04
        1735   1.73600018E-02   1.64750759E-02   1.64719950E-02  -1.87033511E-04
        1736   1.73700005E-02   1.64786000E-02   1.64755229E-02  -1.86767356E-04
        1737   1.73800010E-02   1.64821222E-02   1.64790452E-02  -1.86727426E-04
        1738   1.73900016E-02   1.64856408E-02   1.64825656E-02  -1.86574543E-04
        1739   1.74000002E-02   1.64891556E-02   1.64860804E-02  -1.86534773E-04
        1740   1.74100008E-02   1.64926667E-02   1.64895914E-02  -1.86495046E-04
        1741   1.74200013E-02   1.64961740E-02   1.64931007E-02  -1.86342426E-04
        1742   1.74300019E-02   1.64996777E-02   1.64966062E-02  -1.86189922E-04
        1743   1.74400005E-02   1.65031776E-02   1.65001079E-02  -1.86037520E-04
        1744   1.74500011E-02   1.65066738E-02   1.65036060E-02  -1.85885234E-04
        1745   1.74600016E-02   1.65101662E-02   1.65071003E-02  -1.85733035E-04
        1746   1.74700003E-02   1.65136568E-02   1.65105909E-02  -1.85693774E-04
        1747   1.74800009E-02   1.65171437E-02   1.65140796E-02  -1.85541750E-04
        1748   1.74900014E-02   1.65206268E-02   1.65175628E-02  -1.85502620E-04
        1749   1.75000019E-02   1.65241063E-02   1.65210441E-02  -1.85350800E-04
        1750   1.75100006E-02   1.65275820E-02   1.65245216E-02  -1.85199067E-04
        1751   1.75200012E-02   1.65310539E-02   1.65279936E-02  -1.85160156E-04
        1752   1.75300017E-02   1.65345222E-02   1.65314656E-02  -1.84895936E-04
        1753   1.75400004E-02   1.65379886E-02   1.65349320E-02  -1.84857170E-04
        1754   1.75500009E-02   1.65414512E-02   1.65383946E-02  -1.84818462E-04
        1755   1.75600015E-02   1.65449101E-02   1.65418554E-02  -1.84667195E-04
        1756   1.75700020E-02   1.65483654E-02   1.65453125E-02  -1.84516030E-04
        1757   1.75800007E-02   1.65518168E-02   1.65487640E-02  -1.84477554E-04
        1758   1.75900012E-02   1.65552646E-02   1.65522136E-02  -1.84326564E-04
        1759   1.76000018E-02   1.65587086E-02   1.65556613E-02  -1.84063174E-04
        1760   1.76100004E-02   1.65621508E-02   1.65591035E-02  -1.84024902E-04
        1761   1.76200010E-02   1.65655892E-02   1.65625419E-02  -1.83986704E-04
        1762   1.76300015E-02   1.65690240E-02   1.65659785E-02  -1.83836091E-04
        1763   1.76400021E-02   1.65724549E-02   1.65694095E-02  -1.83798023E-04
        1764   1.76500008E-02   1.65758822E-02   1.65728405E-02  -1.83535201E-04
        1765   1.76600013E-02   1.65793058E-02   1.65762641E-02  -1.83497294E-04
        1766   1.76700018E-02   1.65827256E-02   1.65796857E-02  -1.83347074E-04
        1767   1.76800005E-02   1.65861435E-02   1.65831055E-02  -1.83196942E-04
        1768   1.76900011E-02   1.65895578E-02   1.65865198E-02  -1.83159238E-04
        1769   1.77000016E-02   1.65929683E-02   1.65899321E-02  -1.83009281E-04
        1770   1.77100003E-02   1.65963750E-02   1.65933408E-02  -1.82859440E-04
        1771   1.77200008E-02   1.65997781E-02   1.65967457E-02  -1.82709686E-04
        1772   1.77300014E-02   1.66031774E-02   1.66001450E-02  -1.82672273E-04
        1773   1.77400019E-02   1.66065749E-02   1.66035444E-02  -1.82522694E-04
        1774   1.77500006E-02   1.66099686E-02   1.66069400E-02  -1.82373216E-04
        1775   1.77600011E-02   1.66133586E-02   1.66103318E-02  -1.82223841E-04
        1776   1.77700017E-02   1.66167449E-02   1.66137200E-02  -1.82074553E-04
        1777   1.77800003E-02   1.66201275E-02   1.66171025E-02  -1.82037489E-04
        1778   1.77900009E-02   1.66235082E-02   1.66204851E-02  -1.81888376E-04
        1779   1.78000014E-02   1.66268852E-02   1.66238621E-02  -1.81851428E-04
        1780   1.78100020E-02   1.66302584E-02   1.66272372E-02  -1.81702489E-04
        1781   1.78200006E-02   1.66336279E-02   1.66306086E-02  -1.81553653E-04
        1782   1.78300012E-02   1.66369937E-02   1.66339744E-02  -1.81516923E-04
        1783   1.78400017E-02   1.66403577E-02   1.66373402E-02  -1.81368247E-04
        1784   1.78500004E-02   1.66437179E-02   1.66407004E-02  -1.81331619E-04
        1785   1.78600010E-02   1.66470744E-02   1.66440587E-02  -1.81183117E-04
        1786   1.78700015E-02   1.66504271E-02   1.66474115E-02  -1.81146635E-04
        1787   1.78800020E-02   1.66537762E-02   1.66507643E-02  -1.80886418E-04
        1788   1.78900007E-02   1.66571215E-02   1.66541114E-02  -1.80738221E-04
        1789   1.79000013E-02   1.66604649E-02   1.66574549E-02  -1.80701943E-04
        1790   1.79100018E-02   1.66638047E-02   1.66607965E-02  -1.80553907E-04
        1791   1.79200005E-02   1.66671406E-02   1.66641343E-02  -1.80405972E-04
        1792   1.79300010E-02   1.66704729E-02   1.66674685E-02  -1.80258125E-04
        1793   1.79400016E-02   1.66738033E-02   1.66707989E-02  -1.80222109E-04
        1794   1.79500021E-02   1.66771300E-02   1.66741274E-02  -1.80074436E-04
        1795   1.79600008E-02   1.66804530E-02   1.66774504E-02  -1.80038551E-04
        1796   1.79700013E-02   1.66837722E-02   1.66807715E-02  -1.79891038E-04
        1797   1.79800019E-02   1.66870877E-02   1.66840889E-02  -1.79743627E-04
        1798   1.79900005E-02   1.66904014E-02   1.66874044E-02  -1.79596303E-04
        1799   1.80000011E-02   1.66937113E-02   1.66907143E-02  -1.79560680E-04
        1800   1.80100016E-02   1.66970175E-02   1.66940223E-02  -1.79413531E-04
        1801   1.80200003E-02   1.67003199E-02   1.66973267E-02  -1.79266470E-04
        1802   1.80300009E-02   1.67036206E-02   1.67006273E-02  -1.79231036E-04
        1803   1.80400014E-02   1.67069174E-02   1.67039242E-02  -1.79195660E-04
        1804   1.80500019E-02   1.67102106E-02   1.67072192E-02  -1.79048831E-04
        1805   1.80600006E-02   1.67135000E-02   1.67105105E-02  -1.78902104E-04
        1806   1.80700012E-02   1.67167857E-02   1.67137980E-02  -1.78755465E-04
        1807   1.80800017E-02   1.67200696E-02   1.67170838E-02  -1.78608912E-04
        1808   1.80900004E-02   1.67233497E-02   1.67203657E-02  -1.78462462E-04
        1809   1.81000009E-02   1.67266261E-02   1.67236421E-02  -1.78427494E-04
        1810   1.81100015E-02   1.67298988E-02   1.67269185E-02  -1.78169837E-04
        1811   1.81200020E-02   1.67331696E-02   1.67301893E-02  -1.78135000E-04
        1812   1.81300007E-02   1.67364366E-02   1.67334583E-02  -1.77988884E-04
        1813   1.81400012E-02   1.67397000E-02   1.67367216E-02  -1.77954178E-04
        1814   1.81500018E-02   1.67429596E-02   1.67399831E-02  -1.77808237E-04
        1815   1.81600004E-02   1.67462174E-02   1.67432427E-02  -1.77662383E-04
        1816   1.81700010E-02   1.67494714E-02   1.67464968E-02  -1.77627851E-04
        1817   1.81800015E-02   1.67527217E-02   1.67497490E-02  -1.77482158E-04
        1818   1.81900021E-02   1.67559683E-02   1.67529993E-02  -1.77225360E-04
        1819   1.82000007E-02   1.67592131E-02   1.67562440E-02  -1.77191047E-04
        1820   1.82100013E-02   1.67624541E-02   1.67594850E-02  -1.77156777E-04
        1821   1.82200018E-02   1.67656913E-02   1.67627241E-02  -1.77011432E-04
        1822   1.82300005E-02   1.67689249E-02   1.67659596E-02  -1.76866175E-04
        1823   1.82400011E-02   1.67721566E-02   1.67691913E-02  -1.76832080E-04
        1824   1.82500016E-02   1.67753845E-02   1.67724211E-02  -1.76686983E-04
        1825   1.82600003E-02   1.67786088E-02   1.67756472E-02  -1.76541973E-04
        1826   1.82700008E-02   1.67818293E-02   1.67788696E-02  -1.76397050E-04
        1827   1.82800014E-02   1.67850479E-02   1.67820882E-02  -1.76363217E-04
        1828   1.82900019E-02   1.67882629E-02   1.67853069E-02  -1.76107467E-04
        1829   1.83000006E-02   1.67914741E-02   1.67885199E-02  -1.75962807E-04
        1830   1.83100011E-02   1.67946834E-02   1.67917293E-02  -1.75929177E-04
        1831   1.83200017E-02   1.67978890E-02   1.67949367E-02  -1.75784677E-04
        1832   1.83300003E-02   1.68010909E-02   1.67981386E-02  -1.75751178E-04
        1833   1.83400009E-02   1.68042891E-02   1.68013386E-02  -1.75606838E-04
        1834   1.83500014E-02   1.68074854E-02   1.68045368E-02  -1.75462570E-04
        1835   1.83600020E-02   1.68106779E-02   1.68077294E-02  -1.75429246E-04
        1836   1.83700006E-02   1.68138668E-02   1.68109220E-02  -1.75174326E-04
        1837   1.83800012E-02   1.68170538E-02   1.68141071E-02  -1.75251931E-04
        1838   1.83900017E-02   1.68202370E-02   1.68172922E-02  -1.75107969E-04
        1839   1.84000004E-02   1.68234166E-02   1.68204736E-02  -1.74964123E-04
        1840   1.84100010E-02   1.68265924E-02   1.68236513E-02  -1.74820350E-04
        1841   1.84200015E-02   1.68297663E-02   1.68268252E-02  -1.74787376E-04
        1842   1.84300020E-02   1.68329366E-02   1.68299973E-02  -1.74643763E-04
        1843   1.84400007E-02   1.68361031E-02   1.68331675E-02  -1.74389570E-04
        1844   1.84500013E-02   1.68392677E-02   1.68363322E-02  -1.74356785E-04
        1845   1.84600018E-02   1.68424286E-02   1.68394949E-02  -1.74213434E-04
        1846   1.84700005E-02   1.68455858E-02   1.68426540E-02  -1.74070155E-04
        1847   1.84800010E-02   1.68487411E-02   1.68458074E-02  -1.74148139E-04
        1848   1.84900016E-02   1.68518927E-02   1.68489609E-02  -1.74005007E-04
        1849   1.85000021E-02   1.68550406E-02   1.68521106E-02  -1.73861947E-04
        1850   1.85100008E-02   1.68581847E-02   1.68552566E-02  -1.73718989E-04
        1851   1.85200013E-02   1.68613270E-02   1.68583989E-02  -1.73686611E-04
        1852   1.85300019E-02   1.68644655E-02   1.68615393E-02  -1.73543798E-04
        1853   1.85400005E-02   1.68676004E-02   1.68646779E-02  -1.73290609E-04
        1854   1.85500011E-02   1.68707334E-02   1.68678109E-02  -1.73258421E-04
        1855   1.85600016E-02   1.68738626E-02   1.68709420E-02  -1.73115855E-04
        1856   1.85700003E-02   1.68769881E-02   1.68740693E-02  -1.72973392E-04
        1857   1.85800008E-02   1.68801118E-02   1.68771930E-02  -1.72941378E-04
        1858   1.85900014E-02   1.68832317E-02   1.68803148E-02  -1.72799046E-04
        1859   1.86000019E-02   1.68863479E-02   1.68834329E-02  -1.72656815E-04
        1860   1.86100006E-02   1.68894622E-02   1.68865472E-02  -1.72624961E-04
        1861   1.86200012E-02   1.68925729E-02   1.68896597E-02  -1.72482876E-04
        1862   1.86300017E-02   1.68956798E-02   1.68927684E-02  -1.72340864E-04
        1863   1.86400004E-02   1.68987848E-02   1.68958735E-02  -1.72309199E-04
        1864   1.86500009E-02   1.69018861E-02   1.68989766E-02  -1.72167332E-04
        1865   1.86600015E-02   1.69049837E-02   1.69020761E-02  -1.72025553E-04
        1866   1.86700020E-02   1.69080794E-02   1.69051718E-02  -1.71994063E-04
        1867   1.86800007E-02   1.69111714E-02   1.69082657E-02  -1.71852429E-04
        1868   1.86900012E-02   1.69142596E-02   1.69113558E-02  -1.71710883E-04
        1869   1.87000018E-02   1.69173460E-02   1.69144440E-02  -1.71569409E-04
        1870   1.87100004E-02   1.69204287E-02   1.69175267E-02  -1.71538151E-04
        1871   1.87200010E-02   1.69235077E-02   1.69206075E-02  -1.71396823E-04
        1872   1.87300015E-02   1.69265848E-02   1.69236865E-02  -1.71255582E-04
        1873   1.87400021E-02   1.69296581E-02   1.69267599E-02  -1.71224485E-04
        1874   1.87500007E-02   1.69327278E-02   1.69298332E-02  -1.70973362E-04
        1875   1.87600013E-02   1.69357955E-02   1.69329010E-02  -1.70942396E-04
        1876   1.87700018E-02   1.69388596E-02   1.69359650E-02  -1.70911459E-04
        1877   1.87800005E-02   1.69419199E-02   1.69390291E-02  -1.70660627E-04
        1878   1.87900010E-02   1.69449784E-02   1.69420876E-02  -1.70629821E-04
        1879   1.88000016E-02   1.69480331E-02   1.69451442E-02  -1.70489118E-04
        1880   1.88100021E-02   1.69510860E-02   1.69481989E-02  -1.70348489E-04
        1881   1.88200008E-02   1.69541351E-02   1.69512480E-02  -1.70317842E-04
        1882   1.88300014E-02   1.69571806E-02   1.69542953E-02  -1.70177373E-04
        1883   1.88400019E-02   1.69602241E-02   1.69573408E-02  -1.70036961E-04
        1884   1.88500006E-02   1.69632640E-02   1.69603806E-02  -1.70006489E-04
        1885   1.88600011E-02   1.69663001E-02   1.69634186E-02  -1.69866238E-04
        1886   1.88700017E-02   1.69693343E-02   1.69664547E-02  -1.69726060E-04
        1887   1.88800003E-02   1.69723649E-02   1.69694852E-02  -1.69695748E-04
        1888   1.88900009E-02   1.69753917E-02   1.69725157E-02  -1.69445950E-04
        1889   1.89000014E-02   1.69784166E-02   1.69755407E-02  -1.69415754E-04
        1890   1.89100020E-02   1.69814378E-02   1.69785637E-02  -1.69275881E-04
        1891   1.89200006E-02   1.69844572E-02   1.69815850E-02  -1.69136081E-04
        1892   1.89300012E-02   1.69874728E-02   1.69846006E-02  -1.69106061E-04
        1893   1.89400017E-02   1.69904847E-02   1.69876143E-02  -1.68966406E-04
        1894   1.89500004E-02   1.69934947E-02   1.69906262E-02  -1.68826824E-04
        1895   1.89600009E-02   1.69965010E-02   1.69936325E-02  -1.68796963E-04
        1896   1.89700015E-02   1.69995036E-02   1.69966388E-02  -1.68547922E-04
        1897   1.89800020E-02   1.70025043E-02   1.69996396E-02  -1.68518178E-04
        1898   1.89900007E-02   1.70055013E-02   1.70026403E-02  -1.68269340E-04
        1899   1.90000013E-02   1.70084964E-02   1.70056354E-02  -1.68239698E-04
        1900   1.90100018E-02   1.70114879E-02   1.70086287E-02  -1.68100582E-04
        1901   1.90200005E-02   1.70144755E-02   1.70116182E-02  -1.67961538E-04
        1902   1.90300010E-02   1.70174614E-02   1.70146041E-02  -1.67932070E-04
        1903   1.90400016E-02   1.70204435E-02   1.70175880E-02  -1.67793172E-04
        1904   1.90500021E-02   1.70234237E-02   1.70205701E-02  -1.67654332E-04
        1905   1.90600008E-02   1.70264002E-02   1.70235466E-02  -1.67625025E-04
        1906   1.90700013E-02   1.70293730E-02   1.70265213E-02  -1.67486345E-04
        1907   1.90800019E-02   1.70323439E-02   1.70294940E-02  -1.67347724E-04
        1908   1.90900005E-02   1.70353111E-02   1.70324631E-02  -1.67209189E-04
        1909   1.91000011E-02   1.70382764E-02   1.70354284E-02  -1.67180086E-04
        1910   1.91100016E-02   1.70412380E-02   1.70383919E-02  -1.67041697E-04
        1911   1.91200022E-02   1.70441959E-02   1.70413535E-02  -1.66794052E-04
        1912   1.91300008E-02   1.70471519E-02   1.70443095E-02  -1.66765123E-04
        1913   1.91400014E-02   1.70501042E-02   1.70472637E-02  -1.66626967E-04
        1914   1.91500019E-02   1.70530546E-02   1.70502160E-02  -1.66488870E-04
        1915   1.91600006E-02   1.70560014E-02   1.70531645E-02  -1.66350859E-04
        1916   1.91700011E-02   1.70589462E-02   1.70561075E-02  -1.66431360E-04
        1917   1.91800017E-02   1.70618873E-02   1.70590524E-02  -1.66184254E-04
        1918   1.91900004E-02   1.70648247E-02   1.70619916E-02  -1.66046462E-04
        1919   1.92000009E-02   1.70677602E-02   1.70649271E-02  -1.66017897E-04
        1920   1.92100015E-02   1.70706920E-02   1.70678608E-02  -1.65880221E-04
        1921   1.92200020E-02   1.70736220E-02   1.70707908E-02  -1.65851758E-04
        1922   1.92300007E-02   1.70765482E-02   1.70737188E-02  -1.65714213E-04
        1923   1.92400012E-02   1.70794725E-02   1.70766450E-02  -1.65576741E-04
        1924   1.92500018E-02   1.70823932E-02   1.70795657E-02  -1.65548438E-04
        1925   1.92600004E-02   1.70853101E-02   1.70824863E-02  -1.65302059E-04
        1926   1.92700010E-02   1.70882251E-02   1.70854013E-02  -1.65273843E-04
        1927   1.92800015E-02   1.70911364E-02   1.70883145E-02  -1.65136677E-04
        1928   1.92900021E-02   1.70940459E-02   1.70912240E-02  -1.65108562E-04
        1929   1.93000007E-02   1.70969516E-02   1.70941334E-02  -1.64862533E-04
        1930   1.93100013E-02   1.70998555E-02   1.70970373E-02  -1.64834535E-04
        1931   1.93200018E-02   1.71027556E-02   1.70999374E-02  -1.64806581E-04
        1932   1.93300005E-02   1.71056520E-02   1.71028376E-02  -1.64560814E-04
        1933   1.93400010E-02   1.71085466E-02   1.71057321E-02  -1.64532961E-04
        1934   1.93500016E-02   1.71114374E-02   1.71086248E-02  -1.64396275E-04
        1935   1.93600021E-02   1.71143264E-02   1.71115138E-02  -1.64368525E-04
        1936   1.93700008E-02   1.71172116E-02   1.71144009E-02  -1.64231955E-04
        1937   1.93800014E-02   1.71200950E-02   1.71172861E-02  -1.64095458E-04
        1938   1.93900019E-02   1.71229746E-02   1.71201676E-02  -1.63959034E-04
        1939   1.94000006E-02   1.71258524E-02   1.71230454E-02  -1.63931487E-04
        1940   1.94100011E-02   1.71287265E-02   1.71259213E-02  -1.63795194E-04
        1941   1.94200017E-02   1.71315987E-02   1.71287935E-02  -1.63767734E-04
        1942   1.94300022E-02   1.71344671E-02   1.71316639E-02  -1.63631557E-04
        1943   1.94400009E-02   1.71373319E-02   1.71345305E-02  -1.63495482E-04
        1944   1.94500014E-02   1.71401948E-02   1.71373952E-02  -1.63359466E-04
        1945   1.94600020E-02   1.71430539E-02   1.71402562E-02  -1.63223522E-04
        1946   1.94700006E-02   1.71459112E-02   1.71431135E-02  -1.63196324E-04
        1947   1.94800012E-02   1.71487648E-02   1.71459690E-02  -1.63060511E-04
        1948   1.94900017E-02   1.71516165E-02   1.71488225E-02  -1.62924756E-04
        1949   1.95000004E-02   1.71544645E-02   1.71516724E-02  -1.62789089E-04
        1950   1.95100009E-02   1.71573106E-02   1.71545185E-02  -1.62762080E-04
        1951   1.95200015E-02   1.71601530E-02   1.71573628E-02  -1.62626529E-04
        1952   1.95300020E-02   1.71629936E-02   1.71602052E-02  -1.62491051E-04
        1953   1.95400007E-02   1.71658304E-02   1.71630420E-02  -1.62464188E-04
        1954   1.95500012E-02   1.71686653E-02   1.71658769E-02  -1.62437369E-04
        1955   1.95600018E-02   1.71714965E-02   1.71687100E-02  -1.62302065E-04
        1956   1.95700005E-02   1.71743259E-02   1.71715394E-02  -1.62275319E-04
        1957   1.95800010E-02   1.71771515E-02   1.71743669E-02  -1.62140161E-04
        1958   1.95900016E-02   1.71799753E-02   1.71771925E-02  -1.62005046E-04
        1959   1.96000021E-02   1.71827953E-02   1.71800125E-02  -1.61978460E-04
        1960   1.96100008E-02   1.71856117E-02   1.71828307E-02  -1.61843491E-04
        1961   1.96200013E-02   1.71884261E-02   1.71856470E-02  -1.61708580E-04
        1962   1.96300019E-02   1.71912368E-02   1.71884596E-02  -1.61573756E-04
        1963   1.96400005E-02   1.71940457E-02   1.71912704E-02  -1.61438991E-04
        1964   1.96500011E-02   1.71968509E-02   1.71940774E-02  -1.61304299E-04
        1965   1.96600016E-02   1.71996541E-02   1.71968825E-02  -1.61169679E-04
        1966   1.96700022E-02   1.72024537E-02   1.71996839E-02  -1.61035132E-04
        1967   1.96800008E-02   1.72052514E-02   1.72024835E-02  -1.60900643E-04
        1968   1.96900014E-02   1.72080453E-02   1.72052793E-02  -1.60766242E-04
        1969   1.97000019E-02   1.72108375E-02   1.72080733E-02  -1.60631898E-04
        1970   1.97100006E-02   1.72136258E-02   1.72108635E-02  -1.60497628E-04
        1971   1.97200011E-02   1.72164124E-02   1.72136500E-02  -1.60471653E-04
        1972   1.97300017E-02   1.72191951E-02   1.72164347E-02  -1.60337499E-04
        1973   1.97400004E-02   1.72219761E-02   1.72192175E-02  -1.60203417E-04
        1974   1.97500009E-02   1.72247533E-02   1.72219966E-02  -1.60069409E-04
        1975   1.97600015E-02   1.72275286E-02   1.72247738E-02  -1.59935458E-04
        1976   1.97700020E-02   1.72303002E-02   1.72275472E-02  -1.59801595E-04
        1977   1.97800007E-02   1.72330700E-02   1.72303189E-02  -1.59667790E-04
        1978   1.97900012E-02   1.72358360E-02   1.72330867E-02  -1.59534058E-04
        1979   1.98000018E-02   1.72386002E-02   1.72358528E-02  -1.59400384E-04
        1980   1.98100004E-02   1.72413625E-02   1.72386151E-02  -1.59374846E-04
        1981   1.98200010E-02   1.72441211E-02   1.72413755E-02  -1.59241288E-04
        1982   1.98300015E-02   1.72468778E-02   1.72441322E-02  -1.59215837E-04
        1983   1.98400021E-02   1.72496308E-02   1.72468871E-02  -1.59082410E-04
        1984   1.98500007E-02   1.72523819E-02   1.72496382E-02  -1.59057032E-04
        1985   1.98600013E-02   1.72551293E-02   1.72523875E-02  -1.58923722E-04
        1986   1.98700018E-02   1.72578748E-02   1.72551349E-02  -1.58790470E-04
        1987   1.98800005E-02   1.72606166E-02   1.72578786E-02  -1.58657291E-04
        1988   1.98900010E-02   1.72633566E-02   1.72606185E-02  -1.58632116E-04
        1989   1.99000016E-02   1.72660928E-02   1.72633566E-02  -1.58499053E-04
        1990   1.99100021E-02   1.72688272E-02   1.72660928E-02  -1.58366063E-04
        1991   1.99200008E-02   1.72715578E-02   1.72688235E-02  -1.58341019E-04
        1992   1.99300013E-02   1.72742866E-02   1.72715541E-02  -1.58208146E-04
        1993   1.99400019E-02   1.72770116E-02   1.72742810E-02  -1.58075331E-04
        1994   1.99500006E-02   1.72797348E-02   1.72770061E-02  -1.57942588E-04
        1995   1.99600011E-02   1.72824543E-02   1.72797274E-02  -1.57809933E-04
        1996   1.99700017E-02   1.72851719E-02   1.72824468E-02  -1.57677321E-04
        1997   1.99800022E-02   1.72878876E-02   1.72851626E-02  -1.57652539E-04
        1998   1.99900009E-02   1.72905996E-02   1.72878765E-02  -1.57520059E-04
        1999   2.00000014E-02   1.72933098E-02   1.72905866E-02  -1.57495364E-04
        2000   2.00100020E-02   1.72960162E-02   1.72932949E-02  -1.57362985E-04
