   it           t(s)          Vm(V) V_analitica(V)      Error_relativo
           0   2.00000022E-06   0.00000000       0.00000000       0.00000000    
           1   4.00000044E-06   4.00000044E-06   3.99947157E-06  -1.32235262E-04
           2   6.00000067E-06   7.99920053E-06   7.99894315E-06  -3.21776242E-05
           3   8.00000089E-06   1.19976012E-05   1.19960305E-05  -1.30934757E-04
           4   1.00000016E-05   1.59952015E-05   1.59931187E-05  -1.30227432E-04
           5   1.20000013E-05   1.99920032E-05   1.99902061E-05  -8.99021034E-05
           6   1.40000011E-05   2.39880064E-05   2.39861001E-05  -7.94752341E-05
           7   1.60000018E-05   2.79832093E-05   2.79808046E-05  -8.59412030E-05
           8   1.80000025E-05   3.19776118E-05   3.19743158E-05  -1.03083010E-04
           9   2.00000031E-05   3.59712176E-05   3.59678270E-05  -9.42674742E-05
          10   2.20000020E-05   3.99640230E-05   3.99601449E-05  -9.70488327E-05
          11   2.40000027E-05   4.39560317E-05   4.39512733E-05  -1.08267086E-04
          12   2.60000033E-05   4.79472401E-05   4.79423979E-05  -1.00999321E-04
          13   2.80000022E-05   5.19376517E-05   5.19323330E-05  -1.02416445E-04
          14   3.00000029E-05   5.59272667E-05   5.59222681E-05  -8.93844772E-05
          15   3.20000036E-05   5.99160812E-05   5.99098203E-05  -1.04506435E-04
          16   3.40000042E-05   6.39040954E-05   6.38973725E-05  -1.05215360E-04
          17   3.60000049E-05   6.78913129E-05   6.78849174E-05  -9.42118932E-05
          18   3.80000056E-05   7.18777374E-05   7.18700903E-05  -1.06400752E-04
          19   4.00000063E-05   7.58633614E-05   7.58552560E-05  -1.06853724E-04
          20   4.20000033E-05   7.98481924E-05   7.98404217E-05  -9.73281785E-05
          21   4.40000040E-05   8.38322230E-05   8.38243941E-05  -9.33968040E-05
          22   4.60000047E-05   8.78154533E-05   8.78071733E-05  -9.42979896E-05
          23   4.80000053E-05   9.17978905E-05   9.17887664E-05  -9.94026996E-05
          24   5.00000060E-05   9.57795346E-05   9.57703596E-05  -9.58019009E-05
          25   5.20000067E-05   9.97603784E-05   9.97507523E-05  -9.65014478E-05
          26   5.40000074E-05   1.03740429E-04   1.03729959E-04  -1.00936151E-04
          27   5.60000044E-05   1.07719679E-04   1.07709166E-04  -9.76124793E-05
          28   5.80000051E-05   1.11698137E-04   1.11687179E-04  -9.81096673E-05
          29   6.00000058E-05   1.15675801E-04   1.15663999E-04  -1.02033504E-04
          30   6.20000064E-05   1.19652665E-04   1.19640827E-04  -9.89460168E-05
          31   6.40000071E-05   1.23628735E-04   1.23616453E-04  -9.93542199E-05
          32   6.60000078E-05   1.27604013E-04   1.27590887E-04  -1.02874335E-04
          33   6.80000085E-05   1.31578490E-04   1.31565335E-04  -9.99878248E-05
          34   7.00000091E-05   1.35552182E-04   1.35538576E-04  -1.00385005E-04
          35   7.20000098E-05   1.39525073E-04   1.39510623E-04  -1.03576713E-04
          36   7.40000105E-05   1.43497164E-04   1.43482685E-04  -1.00912213E-04
          37   7.60000112E-05   1.47468469E-04   1.47453538E-04  -1.01254031E-04
          38   7.80000119E-05   1.51438973E-04   1.51424407E-04  -9.61962942E-05
          39   8.00000125E-05   1.55408692E-04   1.55392889E-04  -1.01699508E-04
          40   8.20000059E-05   1.59377611E-04   1.59361356E-04  -1.01997684E-04
          41   8.40000066E-05   1.63345729E-04   1.63329838E-04  -9.72920316E-05
          42   8.60000073E-05   1.67313061E-04   1.67295933E-04  -1.02379083E-04
          43   8.80000080E-05   1.71279593E-04   1.71262029E-04  -1.02557242E-04
          44   9.00000086E-05   1.75245339E-04   1.75228110E-04  -9.83259379E-05
          45   9.20000093E-05   1.79210285E-04   1.79193012E-04  -9.63939601E-05
          46   9.40000100E-05   1.83174445E-04   1.83156721E-04  -9.67708547E-05
          47   9.60000107E-05   1.87137804E-04   1.87119236E-04  -9.92321511E-05
          48   9.80000113E-05   1.91100378E-04   1.91081752E-04  -9.74789655E-05
          49   1.00000012E-04   1.95062152E-04   1.95043089E-04  -9.77374220E-05
          50   1.02000013E-04   1.99023139E-04   1.99003218E-04  -1.00106779E-04
          51   1.04000013E-04   2.02983341E-04   2.02963347E-04  -9.85120278E-05
          52   1.06000014E-04   2.06942743E-04   2.06922283E-04  -9.88776665E-05
          53   1.08000015E-04   2.10901359E-04   2.10880040E-04  -1.01093283E-04
          54   1.10000015E-04   2.14859174E-04   2.14837783E-04  -9.95696173E-05
          55   1.12000009E-04   2.18816203E-04   2.18794346E-04  -9.98973555E-05
          56   1.14000009E-04   2.22772447E-04   2.22749703E-04  -1.02108526E-04
          57   1.16000010E-04   2.26727891E-04   2.26705073E-04  -1.00647958E-04
          58   1.18000011E-04   2.30682548E-04   2.30659236E-04  -1.01067570E-04
          59   1.20000012E-04   2.34636405E-04   2.34613413E-04  -9.79996257E-05
          60   1.22000012E-04   2.38589477E-04   2.38565204E-04  -1.01744066E-04
          61   1.24000013E-04   2.42541762E-04   2.42518188E-04  -9.72055059E-05
          62   1.26000014E-04   2.46493262E-04   2.46468786E-04  -9.93079957E-05
          63   1.28000014E-04   2.50443962E-04   2.50419369E-04  -9.82062120E-05
          64   1.30000015E-04   2.54393875E-04   2.54368788E-04  -9.86264931E-05
          65   1.32000016E-04   2.58343003E-04   2.58316984E-04  -1.00724406E-04
          66   1.34000016E-04   2.62291345E-04   2.62265210E-04  -9.96519520E-05
          67   1.36000017E-04   2.66238902E-04   2.66212213E-04  -1.00251644E-04
          68   1.38000018E-04   2.70185643E-04   2.70159246E-04  -9.77096861E-05
          69   1.40000018E-04   2.74131598E-04   2.74103862E-04  -1.01187739E-04
          70   1.42000019E-04   2.78076768E-04   2.78049702E-04  -9.73443312E-05
          71   1.44000020E-04   2.82021152E-04   2.81993154E-04  -9.92856876E-05
          72   1.46000020E-04   2.85964750E-04   2.85936578E-04  -9.85271181E-05
          73   1.48000021E-04   2.89907563E-04   2.89878837E-04  -9.90947810E-05
          74   1.50000022E-04   2.93849589E-04   2.93819903E-04  -1.01034362E-04
          75   1.52000022E-04   2.97790830E-04   2.97760969E-04  -1.00283563E-04
          76   1.54000023E-04   3.01731285E-04   3.01700813E-04  -1.00999765E-04
          77   1.56000024E-04   3.05670925E-04   3.05640686E-04  -9.89360415E-05
          78   1.58000024E-04   3.09609779E-04   3.09579365E-04  -9.82413767E-05
          79   1.60000025E-04   3.13547847E-04   3.13516852E-04  -9.88641550E-05
          80   1.62000011E-04   3.17485130E-04   3.17453145E-04  -1.00755373E-04
          81   1.64000012E-04   3.21421627E-04   3.21389438E-04  -1.00155237E-04
          82   1.66000013E-04   3.25357338E-04   3.25324538E-04  -1.00822450E-04
          83   1.68000013E-04   3.29292263E-04   3.29259638E-04  -9.90871340E-05
          84   1.70000014E-04   3.33226402E-04   3.33193544E-04  -9.86160303E-05
          85   1.72000015E-04   3.37159756E-04   3.37126257E-04  -9.93648791E-05
          86   1.74000015E-04   3.41092324E-04   3.41058971E-04  -9.77924428E-05
          87   1.76000016E-04   3.45024106E-04   3.44990491E-04  -9.74372451E-05
          88   1.78000017E-04   3.48955102E-04   3.48920817E-04  -9.82581478E-05
          89   1.80000017E-04   3.52885312E-04   3.52849951E-04  -1.00215839E-04
          90   1.82000018E-04   3.56814737E-04   3.56779085E-04  -9.99279218E-05
          91   1.84000019E-04   3.60743375E-04   3.60708218E-04  -9.74677750E-05
          92   1.86000019E-04   3.64671228E-04   3.64634994E-04  -9.93713402E-05
          93   1.88000020E-04   3.68598296E-04   3.68561741E-04  -9.91812412E-05
          94   1.90000021E-04   3.72524577E-04   3.72487295E-04  -1.00089339E-04
          95   1.92000021E-04   3.76450073E-04   3.76412849E-04  -9.88908869E-05
          96   1.94000022E-04   3.80374782E-04   3.80337238E-04  -9.87122403E-05
          97   1.96000023E-04   3.84298706E-04   3.84260406E-04  -9.96736562E-05
          98   1.98000023E-04   3.88221844E-04   3.88183573E-04  -9.85913357E-05
          99   2.00000024E-04   3.92144197E-04   3.92105576E-04  -9.84958751E-05
         100   2.02000025E-04   3.96065763E-04   3.96026357E-04  -9.95049559E-05
         101   2.04000025E-04   3.99986544E-04   3.99947166E-04  -9.84567087E-05
         102   2.06000026E-04   4.03906539E-04   4.03866754E-04  -9.85100560E-05
         103   2.08000027E-04   4.07825748E-04   4.07785177E-04  -9.94904694E-05
         104   2.10000027E-04   4.11744171E-04   4.11703571E-04  -9.86142622E-05
         105   2.12000028E-04   4.15661809E-04   4.15620802E-04  -9.86651721E-05
         106   2.14000029E-04   4.19578690E-04   4.19536809E-04  -9.98253599E-05
         107   2.16000029E-04   4.23494785E-04   4.23452846E-04  -9.90396438E-05
         108   2.18000030E-04   4.27410094E-04   4.27367690E-04  -9.92220084E-05
         109   2.20000031E-04   4.31324617E-04   4.31282504E-04  -9.76465381E-05
         110   2.22000031E-04   4.35238355E-04   4.35194961E-04  -9.97112002E-05
         111   2.24000018E-04   4.39151307E-04   4.39107418E-04  -9.99495242E-05
         112   2.26000018E-04   4.43063473E-04   4.43019846E-04  -9.84755898E-05
         113   2.28000019E-04   4.46974853E-04   4.46931110E-04  -9.78742755E-05
         114   2.30000020E-04   4.50885447E-04   4.50841180E-04  -9.81874036E-05
         115   2.32000020E-04   4.54795256E-04   4.54750058E-04  -9.93914073E-05
         116   2.34000021E-04   4.58704308E-04   4.58658935E-04  -9.89250766E-05
         117   2.36000022E-04   4.62612574E-04   4.62566590E-04  -9.94106667E-05
         118   2.38000022E-04   4.66520054E-04   4.66474274E-04  -9.81411577E-05
         119   2.40000023E-04   4.70426749E-04   4.70380764E-04  -9.77592135E-05
         120   2.42000024E-04   4.74332657E-04   4.74286062E-04  -9.82428901E-05
         121   2.44000024E-04   4.78237780E-04   4.78190166E-04  -9.95709852E-05
         122   2.46000040E-04   4.82142146E-04   4.82094270E-04  -9.93079666E-05
         123   2.48000026E-04   4.86045727E-04   4.85998375E-04  -9.74322829E-05
         124   2.50000041E-04   4.89948492E-04   4.89900121E-04  -9.87355670E-05
         125   2.52000027E-04   4.93850501E-04   4.93801839E-04  -9.85447987E-05
         126   2.54000042E-04   4.97751753E-04   4.97702335E-04  -9.92928908E-05
         127   2.56000028E-04   5.01652190E-04   5.01602888E-04  -9.82886850E-05
         128   2.58000015E-04   5.05551870E-04   5.05502219E-04  -9.82213969E-05
         129   2.60000030E-04   5.09450736E-04   5.09400328E-04  -9.89552427E-05
         130   2.62000016E-04   5.13348845E-04   5.13298495E-04  -9.80903424E-05
         131   2.64000031E-04   5.17246197E-04   5.17195440E-04  -9.81390695E-05
         132   2.66000017E-04   5.21142734E-04   5.21091220E-04  -9.88575121E-05
         133   2.68000033E-04   5.25038515E-04   5.24986943E-04  -9.82347992E-05
         134   2.70000019E-04   5.28933480E-04   5.28881559E-04  -9.81717603E-05
         135   2.72000034E-04   5.32827689E-04   5.32774895E-04  -9.90931585E-05
         136   2.74000020E-04   5.36721142E-04   5.36668289E-04  -9.84827275E-05
         137   2.76000035E-04   5.40613779E-04   5.40560461E-04  -9.86350642E-05
         138   2.78000021E-04   5.44505659E-04   5.44451468E-04  -9.95338196E-05
         139   2.80000037E-04   5.48396783E-04   5.48342476E-04  -9.90398330E-05
         140   2.82000023E-04   5.52287092E-04   5.52232261E-04  -9.92908608E-05
         141   2.84000038E-04   5.56176645E-04   5.56122046E-04  -9.81777048E-05
         142   2.86000024E-04   5.60065382E-04   5.60010667E-04  -9.77038580E-05
         143   2.88000039E-04   5.63953363E-04   5.63898066E-04  -9.80625409E-05
         144   2.90000025E-04   5.67840587E-04   5.67784300E-04  -9.91341367E-05
         145   2.92000041E-04   5.71726996E-04   5.71670535E-04  -9.87656822E-05
         146   2.94000027E-04   5.75612648E-04   5.75555547E-04  -9.92114728E-05
         147   2.96000042E-04   5.79497544E-04   5.79440559E-04  -9.83453792E-05
         148   2.98000028E-04   5.83381625E-04   5.83324407E-04  -9.80897239E-05
         149   3.00000043E-04   5.87264949E-04   5.87207091E-04  -9.85315346E-05
         150   3.02000029E-04   5.91147516E-04   5.91089716E-04  -9.77858435E-05
         151   3.04000045E-04   5.95029269E-04   5.94971178E-04  -9.76370720E-05
         152   3.06000031E-04   5.98910265E-04   5.98851417E-04  -9.82680212E-05
         153   3.08000046E-04   6.02790504E-04   6.02731714E-04  -9.75388175E-05
         154   3.10000032E-04   6.06669928E-04   6.06610789E-04  -9.74908180E-05
         155   3.12000047E-04   6.10548595E-04   6.10488642E-04  -9.82064012E-05
         156   3.14000034E-04   6.14426506E-04   6.14366494E-04  -9.76812662E-05
         157   3.16000049E-04   6.18303602E-04   6.18243183E-04  -9.77278105E-05
         158   3.18000035E-04   6.22179941E-04   6.22118707E-04  -9.84288999E-05
         159   3.20000050E-04   6.26055524E-04   6.25994173E-04  -9.80055047E-05
         160   3.22000036E-04   6.29930291E-04   6.29868475E-04  -9.81419726E-05
         161   3.24000022E-04   6.33804302E-04   6.33741613E-04  -9.89198888E-05
         162   3.26000038E-04   6.37677556E-04   6.37614692E-04  -9.85928855E-05
         163   3.28000024E-04   6.41549996E-04   6.41486607E-04  -9.88144457E-05
         164   3.30000039E-04   6.45421678E-04   6.45358523E-04  -9.78608150E-05
         165   3.32000025E-04   6.49292604E-04   6.49229274E-04  -9.75463336E-05
         166   3.34000040E-04   6.53162773E-04   6.53098803E-04  -9.79487595E-05
         167   3.36000026E-04   6.57032127E-04   6.56967168E-04  -9.88782267E-05
         168   3.38000042E-04   6.60900725E-04   6.60835474E-04  -9.87398380E-05
         169   3.40000028E-04   6.64768566E-04   6.64703839E-04  -9.73770802E-05
         170   3.42000043E-04   6.68635592E-04   6.68569817E-04  -9.83811333E-05
         171   3.44000029E-04   6.72501861E-04   6.72435737E-04  -9.83349018E-05
         172   3.46000044E-04   6.76367374E-04   6.76300493E-04  -9.88918400E-05
         173   3.48000030E-04   6.80232071E-04   6.80165249E-04  -9.82443526E-05
         174   3.50000046E-04   6.84096012E-04   6.84028841E-04  -9.82000129E-05
         175   3.52000032E-04   6.87959197E-04   6.87891210E-04  -9.88332831E-05
         176   3.54000047E-04   6.91821624E-04   6.91753638E-04  -9.82814454E-05
         177   3.56000033E-04   6.95683237E-04   6.95614784E-04  -9.84053404E-05
         178   3.58000048E-04   6.99544093E-04   6.99475990E-04  -9.73628339E-05
         179   3.60000035E-04   7.03404192E-04   7.03334808E-04  -9.86493615E-05
         180   3.62000050E-04   7.07263534E-04   7.07194791E-04  -9.72055350E-05
         181   3.64000036E-04   7.11122062E-04   7.11052387E-04  -9.79879551E-05
         182   3.66000051E-04   7.14979833E-04   7.14910042E-04  -9.76220545E-05
         183   3.68000037E-04   7.18836847E-04   7.18766416E-04  -9.79890901E-05
         184   3.70000052E-04   7.22693105E-04   7.22622848E-04  -9.72245034E-05
         185   3.72000039E-04   7.26548547E-04   7.26476894E-04  -9.86316736E-05
         186   3.74000054E-04   7.30403233E-04   7.30332104E-04  -9.73937204E-05
         187   3.76000040E-04   7.34257163E-04   7.34184985E-04  -9.83096907E-05
         188   3.78000055E-04   7.38110335E-04   7.38037808E-04  -9.82696874E-05
         189   3.80000041E-04   7.41962693E-04   7.41889467E-04  -9.87010062E-05
         190   3.82000057E-04   7.45814294E-04   7.45741127E-04  -9.81131743E-05
         191   3.84000043E-04   7.49665138E-04   7.49591563E-04  -9.81527628E-05
         192   3.86000029E-04   7.53515225E-04   7.53440836E-04  -9.87328895E-05
         193   3.88000044E-04   7.57364498E-04   7.57290109E-04  -9.82310376E-05
         194   3.90000030E-04   7.61213014E-04   7.61138159E-04  -9.83462087E-05
         195   3.92000045E-04   7.65060773E-04   7.64986267E-04  -9.73949573E-05
         196   3.94000032E-04   7.68907776E-04   7.68831931E-04  -9.86491068E-05
         197   3.96000047E-04   7.72754021E-04   7.72678817E-04  -9.73293136E-05
         198   3.98000033E-04   7.76599452E-04   7.76523317E-04  -9.80467958E-05
         199   4.00000048E-04   7.80444127E-04   7.80367816E-04  -9.77875316E-05
         200   4.02000034E-04   7.84288044E-04   7.84211152E-04  -9.80505283E-05
         201   4.04000049E-04   7.88131205E-04   7.88054429E-04  -9.74246213E-05
         202   4.06000036E-04   7.91973551E-04   7.91896542E-04  -9.72459529E-05
         203   4.08000051E-04   7.95815140E-04   7.95737491E-04  -9.75812000E-05
         204   4.10000037E-04   7.99655973E-04   7.99577218E-04  -9.84957587E-05
         205   4.12000052E-04   8.03496048E-04   8.03416944E-04  -9.84597282E-05
         206   4.14000038E-04   8.07335367E-04   8.07256671E-04  -9.74866634E-05
         207   4.16000054E-04   8.11173930E-04   8.11094011E-04  -9.85324950E-05
         208   4.18000040E-04   8.15011677E-04   8.14932573E-04  -9.70684123E-05
         209   4.20000055E-04   8.18848668E-04   8.18768749E-04  -9.76088995E-05
         210   4.22000041E-04   8.22684902E-04   8.22604867E-04  -9.72952330E-05
         211   4.24000056E-04   8.26520380E-04   8.26439820E-04  -9.74776412E-05
         212   4.26000042E-04   8.30355100E-04   8.30273610E-04  -9.81492412E-05
         213   4.28000058E-04   8.34189006E-04   8.34107399E-04  -9.78376920E-05
         214   4.30000044E-04   8.38022155E-04   8.37939966E-04  -9.80848490E-05
         215   4.32000059E-04   8.41854548E-04   8.41772533E-04  -9.74308277E-05
         216   4.34000045E-04   8.45686183E-04   8.45603936E-04  -9.72647103E-05
         217   4.36000060E-04   8.49517062E-04   8.49434116E-04  -9.76484371E-05
         218   4.38000046E-04   8.53347185E-04   8.53264297E-04  -9.71418922E-05
         219   4.40000062E-04   8.57176492E-04   8.57092149E-04  -9.84058715E-05
         220   4.42000048E-04   8.61005043E-04   8.60921107E-04  -9.74949362E-05
         221   4.44000063E-04   8.64832837E-04   8.64748959E-04  -9.69960602E-05
         222   4.46000049E-04   8.68659874E-04   8.68575531E-04  -9.71048576E-05
         223   4.48000035E-04   8.72486155E-04   8.72400997E-04  -9.76131487E-05
         224   4.50000050E-04   8.76311678E-04   8.76226404E-04  -9.73198476E-05
         225   4.52000037E-04   8.80136387E-04   8.80050648E-04  -9.74260765E-05
         226   4.54000052E-04   8.83960340E-04   8.83873668E-04  -9.80583645E-05
         227   4.56000038E-04   8.87783535E-04   8.87696748E-04  -9.77671953E-05
         228   4.58000053E-04   8.91605974E-04   8.91518546E-04  -9.80662808E-05
         229   4.60000039E-04   8.95427656E-04   8.95340403E-04  -9.74526411E-05
         230   4.62000055E-04   8.99248582E-04   8.99161096E-04  -9.72974885E-05
         231   4.64000041E-04   9.03068751E-04   9.02980566E-04  -9.76594747E-05
         232   4.66000056E-04   9.06888163E-04   9.06800036E-04  -9.71839399E-05
         233   4.68000042E-04   9.10706760E-04   9.10618284E-04  -9.71599729E-05
         234   4.70000057E-04   9.14524600E-04   9.14435368E-04  -9.75819057E-05
         235   4.72000043E-04   9.18341684E-04   9.18252452E-04  -9.71762638E-05
         236   4.74000059E-04   9.22158011E-04   9.22068313E-04  -9.72791313E-05
         237   4.76000045E-04   9.25973582E-04   9.25883010E-04  -9.78213429E-05
         238   4.78000060E-04   9.29788395E-04   9.29697708E-04  -9.75451840E-05
         239   4.80000046E-04   9.33602452E-04   9.33511241E-04  -9.77078817E-05
         240   4.82000061E-04   9.37415753E-04   9.37324716E-04  -9.71240588E-05
         241   4.84000047E-04   9.41228296E-04   9.41137027E-04  -9.69780303E-05
         242   4.86000063E-04   9.45040025E-04   9.44948173E-04  -9.72028865E-05
         243   4.88000049E-04   9.48850997E-04   9.48758097E-04  -9.79168763E-05
         244   4.90000064E-04   9.52661212E-04   9.52568022E-04  -9.78307726E-05
         245   4.92000079E-04   9.56470671E-04   9.56377946E-04  -9.69541434E-05
         246   4.94000036E-04   9.60279373E-04   9.60185484E-04  -9.77821037E-05
         247   4.96000051E-04   9.64087318E-04   9.63993079E-04  -9.77581731E-05
         248   4.98000067E-04   9.67894506E-04   9.67800617E-04  -9.70127076E-05
         249   5.00000082E-04   9.71700938E-04   9.71605768E-04  -9.79507604E-05
         250   5.02000039E-04   9.75506613E-04   9.75412084E-04  -9.69121102E-05
         251   5.04000054E-04   9.79311531E-04   9.79216071E-04  -9.74867216E-05
         252   5.06000069E-04   9.83115635E-04   9.83020058E-04  -9.72279013E-05
         253   5.08000085E-04   9.86919040E-04   9.86822764E-04  -9.75610528E-05
         254   5.10000042E-04   9.90721630E-04   9.90625587E-04  -9.69515022E-05
         255   5.12000057E-04   9.94523522E-04   9.94427130E-04  -9.69320754E-05
         256   5.14000072E-04   9.98324598E-04   9.98227624E-04  -9.71461413E-05
         257   5.16000029E-04   1.00212498E-03   1.00202800E-03  -9.67776941E-05
         258   5.18000044E-04   1.00592454E-03   1.00582722E-03  -9.67593733E-05
         259   5.20000060E-04   1.00972340E-03   1.00962515E-03  -9.73178321E-05
         260   5.22000075E-04   1.01352145E-03   1.01342320E-03  -9.69531102E-05
         261   5.24000032E-04   1.01731881E-03   1.01721997E-03  -9.71634581E-05
         262   5.26000047E-04   1.02111534E-03   1.02101557E-03  -9.77144082E-05
         263   5.28000062E-04   1.02491106E-03   1.02481130E-03  -9.73524875E-05
         264   5.30000078E-04   1.02870609E-03   1.02860562E-03  -9.76724405E-05
         265   5.32000035E-04   1.03250029E-03   1.03240006E-03  -9.70879337E-05
         266   5.34000050E-04   1.03629380E-03   1.03619334E-03  -9.69572138E-05
         267   5.36000065E-04   1.04008650E-03   1.03998545E-03  -9.71633781E-05
         268   5.38000080E-04   1.04387850E-03   1.04377745E-03  -9.68103850E-05
         269   5.40000037E-04   1.04766968E-03   1.04756828E-03  -9.67934466E-05
         270   5.42000053E-04   1.05146016E-03   1.05135795E-03  -9.72196503E-05
         271   5.44000068E-04   1.05524983E-03   1.05514762E-03  -9.68704771E-05
         272   5.46000083E-04   1.05903880E-03   1.05893612E-03  -9.69636530E-05
         273   5.48000040E-04   1.06282695E-03   1.06272334E-03  -9.74944560E-05
         274   5.50000055E-04   1.06661441E-03   1.06651068E-03  -9.72573980E-05
         275   5.52000070E-04   1.07040105E-03   1.07029674E-03  -9.74572031E-05
         276   5.54000086E-04   1.07418699E-03   1.07408280E-03  -9.70052861E-05
         277   5.56000043E-04   1.07797212E-03   1.07786770E-03  -9.68806708E-05
         278   5.58000058E-04   1.08175655E-03   1.08165143E-03  -9.71875343E-05
         279   5.60000073E-04   1.08554016E-03   1.08543516E-03  -9.67414962E-05
         280   5.62000088E-04   1.08932308E-03   1.08921761E-03  -9.68330642E-05
         281   5.64000045E-04   1.09310518E-03   1.09299901E-03  -9.71371192E-05
         282   5.66000061E-04   1.09688658E-03   1.09678030E-03  -9.69083703E-05
         283   5.68000076E-04   1.10066717E-03   1.10056042E-03  -9.69986286E-05
         284   5.70000091E-04   1.10444706E-03   1.10434054E-03  -9.64557694E-05
         285   5.72000048E-04   1.10822613E-03   1.10811822E-03  -9.73876304E-05
         286   5.74000063E-04   1.11200451E-03   1.11189717E-03  -9.65331419E-05
         287   5.76000079E-04   1.11578207E-03   1.11567380E-03  -9.70411347E-05
         288   5.78000036E-04   1.11955893E-03   1.11945032E-03  -9.70257388E-05
         289   5.80000051E-04   1.12333498E-03   1.12322567E-03  -9.73214846E-05
         290   5.82000066E-04   1.12711033E-03   1.12700101E-03  -9.69954635E-05
         291   5.84000081E-04   1.13088486E-03   1.13077520E-03  -9.69805769E-05
         292   5.86000038E-04   1.13465870E-03   1.13454938E-03  -9.63501370E-05
         293   5.88000054E-04   1.13843172E-03   1.13832112E-03  -9.71558475E-05
         294   5.90000069E-04   1.14220404E-03   1.14209414E-03  -9.62232953E-05
         295   5.92000084E-04   1.14597555E-03   1.14586472E-03  -9.67194355E-05
         296   5.94000041E-04   1.14974636E-03   1.14963530E-03  -9.66047373E-05
         297   5.96000056E-04   1.15351635E-03   1.15340471E-03  -9.67936867E-05
         298   5.98000071E-04   1.15728565E-03   1.15717412E-03  -9.63777857E-05
         299   6.00000087E-04   1.16105424E-03   1.16094225E-03  -9.64660721E-05
         300   6.02000044E-04   1.16482202E-03   1.16470933E-03  -9.67537781E-05
         301   6.04000059E-04   1.16858911E-03   1.16847630E-03  -9.65414947E-05
         302   6.06000074E-04   1.17235538E-03   1.17224210E-03  -9.66285952E-05
         303   6.08000089E-04   1.17612095E-03   1.17600674E-03  -9.71112022E-05
         304   6.10000046E-04   1.17988570E-03   1.17977138E-03  -9.68999957E-05
         305   6.12000062E-04   1.18364976E-03   1.18353486E-03  -9.70836845E-05
         306   6.14000077E-04   1.18741300E-03   1.18729821E-03  -9.66779044E-05
         307   6.16000092E-04   1.19117554E-03   1.19106052E-03  -9.65680010E-05
         308   6.18000049E-04   1.19493727E-03   1.19482155E-03  -9.68486274E-05
         309   6.20000064E-04   1.19869830E-03   1.19858258E-03  -9.65447252E-05
         310   6.22000080E-04   1.20245852E-03   1.20234245E-03  -9.65332947E-05
         311   6.24000095E-04   1.20621803E-03   1.20610115E-03  -9.69081084E-05
         312   6.26000052E-04   1.20997673E-03   1.20985985E-03  -9.66070438E-05
         313   6.28000067E-04   1.21373474E-03   1.21361727E-03  -9.67875676E-05
         314   6.30000082E-04   1.21749204E-03   1.21737481E-03  -9.62975610E-05
         315   6.32000098E-04   1.22124853E-03   1.22113107E-03  -9.61920159E-05
         316   6.34000055E-04   1.22500432E-03   1.22488616E-03  -9.64673745E-05
         317   6.36000070E-04   1.22875930E-03   1.22864125E-03  -9.60777907E-05
         318   6.38000085E-04   1.23251358E-03   1.23239518E-03  -9.60685211E-05
         319   6.40000100E-04   1.23626704E-03   1.23614783E-03  -9.64361097E-05
         320   6.42000057E-04   1.24001980E-03   1.23990059E-03  -9.61442347E-05
         321   6.44000072E-04   1.24377175E-03   1.24365208E-03  -9.62286431E-05
         322   6.46000088E-04   1.24752300E-03   1.24740240E-03  -9.66859370E-05
         323   6.48000045E-04   1.25127356E-03   1.25115272E-03  -9.65822182E-05
         324   6.50000060E-04   1.25502329E-03   1.25490187E-03  -9.67575106E-05
         325   6.52000075E-04   1.25877233E-03   1.25865103E-03  -9.63768034E-05
         326   6.54000090E-04   1.26252056E-03   1.26239890E-03  -9.63673301E-05
         327   6.56000047E-04   1.26626808E-03   1.26614573E-03  -9.66338266E-05
         328   6.58000063E-04   1.27001479E-03   1.26989244E-03  -9.63487109E-05
         329   6.60000078E-04   1.27376080E-03   1.27363799E-03  -9.64309875E-05
         330   6.62000093E-04   1.27750600E-03   1.27738237E-03  -9.67862652E-05
         331   6.64000050E-04   1.28125050E-03   1.28112675E-03  -9.65942600E-05
         332   6.66000065E-04   1.28499430E-03   1.28486985E-03  -9.68564855E-05
         333   6.68000081E-04   1.28873729E-03   1.28861307E-03  -9.63944476E-05
         334   6.70000096E-04   1.29247957E-03   1.29235501E-03  -9.63855855E-05
         335   6.72000053E-04   1.29622105E-03   1.29609578E-03  -9.66463194E-05
         336   6.74000068E-04   1.29996182E-03   1.29983656E-03  -9.63681814E-05
         337   6.76000083E-04   1.30370178E-03   1.30357617E-03  -9.63596394E-05
         338   6.78000099E-04   1.30744104E-03   1.30731461E-03  -9.67074302E-05
         339   6.80000056E-04   1.31117960E-03   1.31105306E-03  -9.65204672E-05
         340   6.82000071E-04   1.31491735E-03   1.31479022E-03  -9.66888329E-05
         341   6.84000086E-04   1.31865439E-03   1.31852739E-03  -9.63264902E-05
         342   6.86000101E-04   1.32239063E-03   1.32226350E-03  -9.61423575E-05
         343   6.88000058E-04   1.32612616E-03   1.32599822E-03  -9.64861320E-05
         344   6.90000074E-04   1.32986088E-03   1.32973306E-03  -9.61275800E-05
         345   6.92000089E-04   1.33359490E-03   1.33346673E-03  -9.61203332E-05
         346   6.94000104E-04   1.33732823E-03   1.33719924E-03  -9.64614519E-05
         347   6.96000061E-04   1.34106074E-03   1.34093163E-03  -9.62797712E-05
         348   6.98000076E-04   1.34479254E-03   1.34466286E-03  -9.64454885E-05
         349   7.00000091E-04   1.34852354E-03   1.34839409E-03  -9.60059406E-05
         350   7.02000107E-04   1.35225384E-03   1.35212415E-03  -9.59132813E-05
         351   7.04000064E-04   1.35598343E-03   1.35585305E-03  -9.61646729E-05
         352   7.06000079E-04   1.35971222E-03   1.35958195E-03  -9.58152959E-05
         353   7.08000094E-04   1.36344030E-03   1.36330957E-03  -9.58948804E-05
         354   7.10000051E-04   1.36716757E-03   1.36703602E-03  -9.62295890E-05
         355   7.12000066E-04   1.37089414E-03   1.37076259E-03  -9.59679746E-05
         356   7.14000082E-04   1.37462001E-03   1.37448788E-03  -9.61313635E-05
         357   7.16000097E-04   1.37834507E-03   1.37821189E-03  -9.66318257E-05
         358   7.18000054E-04   1.38206943E-03   1.38193602E-03  -9.65398940E-05
         359   7.20000069E-04   1.38579297E-03   1.38566014E-03  -9.58603632E-05
         360   7.22000084E-04   1.38951582E-03   1.38938182E-03  -9.64414794E-05
         361   7.24000100E-04   1.39323797E-03   1.39310362E-03  -9.64345236E-05
         362   7.26000057E-04   1.39695930E-03   1.39682530E-03  -9.59275567E-05
         363   7.28000072E-04   1.40067993E-03   1.40054466E-03  -9.65871441E-05
         364   7.30000087E-04   1.40439975E-03   1.40426517E-03  -9.58338278E-05
         365   7.32000102E-04   1.40811887E-03   1.40798325E-03  -9.63249040E-05
         366   7.34000059E-04   1.41183729E-03   1.41170144E-03  -9.62361300E-05
         367   7.36000075E-04   1.41555490E-03   1.41541834E-03  -9.64768988E-05
         368   7.38000090E-04   1.41927181E-03   1.41913525E-03  -9.62242120E-05
         369   7.40000105E-04   1.42298790E-03   1.42285100E-03  -9.62183840E-05
         370   7.42000062E-04   1.42670330E-03   1.42656686E-03  -9.56413351E-05
         371   7.44000077E-04   1.43041799E-03   1.43028016E-03  -9.63697530E-05
         372   7.46000092E-04   1.43413187E-03   1.43399357E-03  -9.64449282E-05
         373   7.48000108E-04   1.43784506E-03   1.43770687E-03  -9.61148544E-05
         374   7.50000065E-04   1.44155754E-03   1.44141912E-03  -9.60288453E-05
         375   7.52000080E-04   1.44526921E-03   1.44513010E-03  -9.62655977E-05
         376   7.54000095E-04   1.44898018E-03   1.44884107E-03  -9.60190300E-05
         377   7.56000110E-04   1.45269034E-03   1.45255087E-03  -9.60142279E-05
         378   7.58000067E-04   1.45639980E-03   1.45626068E-03  -9.55298092E-05
         379   7.60000083E-04   1.46010856E-03   1.45996804E-03  -9.62440899E-05
         380   7.62000098E-04   1.46381650E-03   1.46367669E-03  -9.55230062E-05
         381   7.64000113E-04   1.46752375E-03   1.46738288E-03  -9.59957615E-05
         382   7.66000070E-04   1.47123029E-03   1.47108908E-03  -9.59913232E-05
         383   7.68000085E-04   1.47493603E-03   1.47479412E-03  -9.62237900E-05
         384   7.70000101E-04   1.47864106E-03   1.47849915E-03  -9.59826575E-05
         385   7.72000058E-04   1.48234528E-03   1.48220302E-03  -9.59784302E-05
         386   7.74000073E-04   1.48604880E-03   1.48590677E-03  -9.55825089E-05
         387   7.76000088E-04   1.48975162E-03   1.48960820E-03  -9.62828199E-05
         388   7.78000103E-04   1.49345363E-03   1.49331091E-03  -9.55763389E-05
         389   7.80000060E-04   1.49715494E-03   1.49701117E-03  -9.60399775E-05
         390   7.82000076E-04   1.50085555E-03   1.50071143E-03  -9.60358957E-05
         391   7.84000091E-04   1.50455534E-03   1.50441169E-03  -9.54901552E-05
         392   7.86000106E-04   1.50825444E-03   1.50810950E-03  -9.61051410E-05
         393   7.88000063E-04   1.51195284E-03   1.51180744E-03  -9.61780825E-05
         394   7.90000078E-04   1.51565042E-03   1.51550525E-03  -9.57897719E-05
         395   7.92000093E-04   1.51934731E-03   1.51920191E-03  -9.57099473E-05
         396   7.94000109E-04   1.52304349E-03   1.52289739E-03  -9.59363606E-05
         397   7.96000066E-04   1.52673887E-03   1.52659288E-03  -9.56278600E-05
         398   7.98000081E-04   1.53043354E-03   1.53028721E-03  -9.56252261E-05
         399   8.00000096E-04   1.53412740E-03   1.53398036E-03  -9.58503442E-05
         400   8.02000111E-04   1.53782056E-03   1.53767341E-03  -9.56958538E-05
         401   8.04000068E-04   1.54151302E-03   1.54136540E-03  -9.57687444E-05
         402   8.06000084E-04   1.54520466E-03   1.54505612E-03  -9.61427577E-05
         403   8.08000099E-04   1.54889561E-03   1.54874683E-03  -9.60639809E-05
         404   8.10000114E-04   1.55258586E-03   1.55243755E-03  -9.55356445E-05
         405   8.12000071E-04   1.55627530E-03   1.55612582E-03  -9.60573161E-05
         406   8.14000086E-04   1.55996403E-03   1.55981421E-03  -9.60540783E-05
         407   8.16000102E-04   1.56365207E-03   1.56350248E-03  -9.56785734E-05
         408   8.18000117E-04   1.56733929E-03   1.56718970E-03  -9.54534626E-05
         409   8.20000074E-04   1.57102582E-03   1.57087564E-03  -9.56000367E-05
         410   8.22000089E-04   1.57471164E-03   1.57456158E-03  -9.53023045E-05
         411   8.24000104E-04   1.57839665E-03   1.57824636E-03  -9.52273258E-05
         412   8.26000120E-04   1.58208096E-03   1.58192986E-03  -9.55207288E-05
         413   8.28000077E-04   1.58576458E-03   1.58561347E-03  -9.52988194E-05
         414   8.30000092E-04   1.58944738E-03   1.58929580E-03  -9.53710114E-05
         415   8.32000107E-04   1.59312948E-03   1.59297697E-03  -9.57352677E-05
         416   8.34000064E-04   1.59681088E-03   1.59665814E-03  -9.56603690E-05
         417   8.36000079E-04   1.60049147E-03   1.60033815E-03  -9.58041128E-05
         418   8.38000095E-04   1.60417135E-03   1.60401815E-03  -9.55117357E-05
         419   8.40000110E-04   1.60785054E-03   1.60769699E-03  -9.55104188E-05
         420   8.42000067E-04   1.61152892E-03   1.61137455E-03  -9.57981611E-05
         421   8.44000082E-04   1.61520659E-03   1.61505223E-03  -9.55800133E-05
         422   8.46000097E-04   1.61888357E-03   1.61872862E-03  -9.57225275E-05
         423   8.48000112E-04   1.62255985E-03   1.62240502E-03  -9.54338611E-05
         424   8.50000069E-04   1.62623532E-03   1.62608025E-03  -9.53613489E-05
         425   8.52000085E-04   1.62991008E-03   1.62975432E-03  -9.55749565E-05
         426   8.54000100E-04   1.63358415E-03   1.63342827E-03  -9.54312563E-05
         427   8.56000115E-04   1.63725740E-03   1.63710117E-03  -9.54304851E-05
         428   8.58000072E-04   1.64092996E-03   1.64077280E-03  -9.57845477E-05
         429   8.60000087E-04   1.64460181E-03   1.64444442E-03  -9.57122757E-05
         430   8.62000103E-04   1.64827285E-03   1.64811604E-03  -9.51458715E-05
         431   8.64000118E-04   1.65194320E-03   1.65178534E-03  -9.55688229E-05
         432   8.66000075E-04   1.65561284E-03   1.65545463E-03  -9.55679570E-05
         433   8.68000090E-04   1.65928167E-03   1.65912381E-03  -9.51461116E-05
         434   8.70000105E-04   1.66294980E-03   1.66279078E-03  -9.56364020E-05
         435   8.72000121E-04   1.66661723E-03   1.66645879E-03  -9.50766116E-05
         436   8.74000078E-04   1.67028396E-03   1.67012447E-03  -9.54952702E-05
         437   8.76000093E-04   1.67394988E-03   1.67379016E-03  -9.54252391E-05
         438   8.78000108E-04   1.67761510E-03   1.67745468E-03  -9.56331714E-05
         439   8.80000123E-04   1.68127962E-03   1.68111920E-03  -9.54247080E-05
         440   8.82000080E-04   1.68494333E-03   1.68478244E-03  -9.54936186E-05
         441   8.84000096E-04   1.68860634E-03   1.68844580E-03  -9.50795875E-05
         442   8.86000111E-04   1.69226865E-03   1.69210788E-03  -9.50114118E-05
         443   8.88000126E-04   1.69593014E-03   1.69576879E-03  -9.51495458E-05
         444   8.90000083E-04   1.69959094E-03   1.69942854E-03  -9.55611686E-05
         445   8.92000098E-04   1.70325104E-03   1.70308829E-03  -9.55608848E-05
         446   8.94000113E-04   1.70691044E-03   1.70674792E-03  -9.52195624E-05
         447   8.96000070E-04   1.71056902E-03   1.71040650E-03  -9.50158865E-05
         448   8.98000086E-04   1.71422691E-03   1.71406381E-03  -9.51527400E-05
         449   9.00000101E-04   1.71788409E-03   1.71771995E-03  -9.55601645E-05
         450   9.02000116E-04   1.72154047E-03   1.72137609E-03  -9.54924617E-05
         451   9.04000073E-04   1.72519614E-03   1.72503234E-03  -9.49526293E-05
         452   9.06000088E-04   1.72885112E-03   1.72868604E-03  -9.54927164E-05
         453   9.08000104E-04   1.73250539E-03   1.73233985E-03  -9.55601136E-05
         454   9.10000119E-04   1.73615885E-03   1.73599354E-03  -9.52248665E-05
         455   9.12000076E-04   1.73981162E-03   1.73964619E-03  -9.50918475E-05
         456   9.14000091E-04   1.74346368E-03   1.74329756E-03  -9.52933478E-05
         457   9.16000106E-04   1.74711493E-03   1.74694892E-03  -9.50275353E-05
         458   9.18000122E-04   1.75076548E-03   1.75059913E-03  -9.50288886E-05
         459   9.20000079E-04   1.75441534E-03   1.75424805E-03  -9.53621202E-05
         460   9.22000094E-04   1.75806449E-03   1.75789709E-03  -9.52303963E-05
         461   9.24000109E-04   1.76171283E-03   1.76154496E-03  -9.52975388E-05
         462   9.26000124E-04   1.76536047E-03   1.76519272E-03  -9.50346512E-05
         463   9.28000081E-04   1.76900742E-03   1.76883931E-03  -9.50361791E-05
         464   9.30000097E-04   1.77265366E-03   1.77248474E-03  -9.53004710E-05
         465   9.32000112E-04   1.77629909E-03   1.77613017E-03  -9.51048714E-05
         466   9.34000127E-04   1.77994382E-03   1.77977444E-03  -9.51717739E-05
         467   9.36000084E-04   1.78358785E-03   1.78341859E-03  -9.49120295E-05
         468   9.38000099E-04   1.78723119E-03   1.78706169E-03  -9.48488305E-05
         469   9.40000114E-04   1.79087371E-03   1.79070351E-03  -9.50459944E-05
         470   9.42000130E-04   1.79451553E-03   1.79434533E-03  -9.48530942E-05
         471   9.44000087E-04   1.79815665E-03   1.79798598E-03  -9.49200185E-05
         472   9.46000102E-04   1.80179707E-03   1.80162548E-03  -9.52452028E-05
         473   9.48000117E-04   1.80543668E-03   1.80526485E-03  -9.51821639E-05
         474   9.50000132E-04   1.80907559E-03   1.80890318E-03  -9.53125054E-05
         475   9.52000089E-04   1.81271380E-03   1.81254139E-03  -9.51211914E-05
         476   9.54000105E-04   1.81635132E-03   1.81617856E-03  -9.51229886E-05
         477   9.56000120E-04   1.81998801E-03   1.81981560E-03  -9.47409644E-05
         478   9.58000135E-04   1.82362401E-03   1.82345032E-03  -9.52543996E-05
         479   9.60000092E-04   1.82725932E-03   1.82708621E-03  -9.47462613E-05
         480   9.62000107E-04   1.83089392E-03   1.83071964E-03  -9.51941183E-05
         481   9.64000123E-04   1.83452771E-03   1.83435320E-03  -9.51324764E-05
         482   9.66000080E-04   1.83816080E-03   1.83798664E-03  -9.47544031E-05
         483   9.68000095E-04   1.84179319E-03   1.84161775E-03  -9.52629198E-05
         484   9.70000110E-04   1.84542488E-03   1.84525014E-03  -9.46968648E-05
         485   9.72000125E-04   1.84905576E-03   1.84887997E-03  -9.50776375E-05
         486   9.74000082E-04   1.85268593E-03   1.85250991E-03  -9.50170142E-05
         487   9.76000098E-04   1.85631542E-03   1.85613870E-03  -9.52075716E-05
         488   9.78000113E-04   1.85994420E-03   1.85976736E-03  -9.50844042E-05
         489   9.80000128E-04   1.86357216E-03   1.86339498E-03  -9.50867252E-05
         490   9.82000143E-04   1.86719943E-03   1.86702248E-03  -9.47772642E-05
         491   9.84000158E-04   1.87082600E-03   1.87064882E-03  -9.47180015E-05
         492   9.86000057E-04   1.87445187E-03   1.87427399E-03  -9.49074747E-05
         493   9.88000073E-04   1.87807693E-03   1.87789917E-03  -9.46622677E-05
         494   9.90000088E-04   1.88170129E-03   1.88152306E-03  -9.47274384E-05
         495   9.92000103E-04   1.88532495E-03   1.88514590E-03  -9.49776731E-05
         496   9.94000118E-04   1.88894791E-03   1.88876863E-03  -9.49187670E-05
         497   9.96000133E-04   1.89257017E-03   1.89239020E-03  -9.51062248E-05
         498   9.98000149E-04   1.89619162E-03   1.89601176E-03  -9.48631641E-05
         499   1.00000016E-03   1.89981237E-03   1.89963216E-03  -9.48662200E-05
         500   1.00200006E-03   1.90343242E-03   1.90325140E-03  -9.51139882E-05
         501   1.00400008E-03   1.90705177E-03   1.90687052E-03  -9.50555695E-05
         502   1.00600009E-03   1.91067031E-03   1.91048859E-03  -9.51192924E-05
         503   1.00800011E-03   1.91428815E-03   1.91410654E-03  -9.48786765E-05
         504   1.01000012E-03   1.91790529E-03   1.91772333E-03  -9.48818561E-05
         505   1.01200014E-03   1.92152173E-03   1.92133896E-03  -9.51274415E-05
         506   1.01400015E-03   1.92513748E-03   1.92495459E-03  -9.50092362E-05
         507   1.01600017E-03   1.92875240E-03   1.92857021E-03  -9.44689382E-05
         508   1.01800007E-03   1.93236663E-03   1.93218351E-03  -9.47742810E-05
         509   1.02000008E-03   1.93598017E-03   1.93579670E-03  -9.47777953E-05
         510   1.02200010E-03   1.93959300E-03   1.93940871E-03  -9.50214671E-05
         511   1.02400011E-03   1.94320513E-03   1.94302073E-03  -9.49047389E-05
         512   1.02600013E-03   1.94681645E-03   1.94663159E-03  -9.49679088E-05
         513   1.02800014E-03   1.95042707E-03   1.95024244E-03  -9.46726941E-05
         514   1.03000016E-03   1.95403700E-03   1.95385213E-03  -9.46169530E-05
         515   1.03200006E-03   1.95764611E-03   1.95746054E-03  -9.47993685E-05
         516   1.03400007E-03   1.96125451E-03   1.96106895E-03  -9.46249347E-05
         517   1.03600009E-03   1.96486223E-03   1.96467643E-03  -9.45696956E-05
         518   1.03800010E-03   1.96846924E-03   1.96828251E-03  -9.48696033E-05
         519   1.04000012E-03   1.97207555E-03   1.97188859E-03  -9.48141824E-05
         520   1.04200013E-03   1.97568117E-03   1.97549467E-03  -9.44053900E-05
         521   1.04400015E-03   1.97928608E-03   1.97909819E-03  -9.49393652E-05
         522   1.04600016E-03   1.98289030E-03   1.98270311E-03  -9.44144558E-05
         523   1.04800006E-03   1.98649382E-03   1.98630570E-03  -9.47120861E-05
         524   1.05000008E-03   1.99009641E-03   1.98990828E-03  -9.45406209E-05
         525   1.05200009E-03   1.99369830E-03   1.99350948E-03  -9.47202207E-05
         526   1.05400011E-03   1.99729949E-03   1.99711090E-03  -9.44328203E-05
         527   1.05600012E-03   2.00089999E-03   2.00071093E-03  -9.44956482E-05
         528   1.05800014E-03   2.00449978E-03   2.00430979E-03  -9.47906374E-05
         529   1.06000016E-03   2.00809888E-03   2.00790889E-03  -9.46207292E-05
         530   1.06200017E-03   2.01169727E-03   2.01150775E-03  -9.42199404E-05
         531   1.06400007E-03   2.01529497E-03   2.01510428E-03  -9.46294967E-05
         532   1.06600008E-03   2.01889197E-03   2.01870082E-03  -9.46915752E-05
         533   1.06800010E-03   2.02248828E-03   2.02229735E-03  -9.44080384E-05
         534   1.07000011E-03   2.02608388E-03   2.02589273E-03  -9.43554187E-05
         535   1.07200013E-03   2.02967855E-03   2.02948693E-03  -9.44177664E-05
         536   1.07400015E-03   2.03327253E-03   2.03308091E-03  -9.42508559E-05
         537   1.07600016E-03   2.03686580E-03   2.03667395E-03  -9.41989056E-05
         538   1.07800018E-03   2.04045838E-03   2.04026583E-03  -9.43754203E-05
         539   1.08000007E-03   2.04405026E-03   2.04385747E-03  -9.43234918E-05
         540   1.08200009E-03   2.04764144E-03   2.04744819E-03  -9.43855048E-05
         541   1.08400011E-03   2.05123192E-03   2.05103867E-03  -9.42202751E-05
         542   1.08600012E-03   2.05482170E-03   2.05462798E-03  -9.42823244E-05
         543   1.08800014E-03   2.05841078E-03   2.05821637E-03  -9.44573112E-05
         544   1.09000015E-03   2.06199917E-03   2.06180452E-03  -9.44058556E-05
         545   1.09200017E-03   2.06558686E-03   2.06539151E-03  -9.45800857E-05
         546   1.09400006E-03   2.06917385E-03   2.06897850E-03  -9.44161147E-05
         547   1.09600008E-03   2.07275990E-03   2.07256433E-03  -9.43651030E-05
         548   1.09800010E-03   2.07634526E-03   2.07614899E-03  -9.45386055E-05
         549   1.10000011E-03   2.07992992E-03   2.07973365E-03  -9.43756604E-05
         550   1.10200013E-03   2.08351389E-03   2.08331691E-03  -9.45486099E-05
         551   1.10400014E-03   2.08709715E-03   2.08690041E-03  -9.42746919E-05
         552   1.10600016E-03   2.09067971E-03   2.09048274E-03  -9.42245169E-05
         553   1.10800017E-03   2.09426158E-03   2.09406484E-03  -9.39521487E-05
         554   1.11000007E-03   2.09784275E-03   2.09764484E-03  -9.43467821E-05
         555   1.11200009E-03   2.10142322E-03   2.10122461E-03  -9.45184729E-05
         556   1.11400010E-03   2.10500299E-03   2.10480439E-03  -9.43577179E-05
         557   1.11600012E-03   2.10858206E-03   2.10838323E-03  -9.43079867E-05
         558   1.11800013E-03   2.11216044E-03   2.11196183E-03  -9.40379396E-05
         559   1.12000015E-03   2.11573811E-03   2.11553811E-03  -9.45393112E-05
         560   1.12200016E-03   2.11931486E-03   2.11911555E-03  -9.40500977E-05
         561   1.12400018E-03   2.12289090E-03   2.12269067E-03  -9.43304476E-05
         562   1.12600008E-03   2.12646625E-03   2.12626578E-03  -9.42813422E-05
         563   1.12800009E-03   2.13004090E-03   2.12984090E-03  -9.39044403E-05
         564   1.13000011E-03   2.13361485E-03   2.13341345E-03  -9.44020067E-05
         565   1.13200012E-03   2.13718810E-03   2.13698740E-03  -9.39172678E-05
         566   1.13400014E-03   2.14076065E-03   2.14055902E-03  -9.41956459E-05
         567   1.13600015E-03   2.14433251E-03   2.14413041E-03  -9.42559273E-05
         568   1.13800017E-03   2.14790367E-03   2.14770203E-03  -9.38823578E-05
         569   1.14000018E-03   2.15147412E-03   2.15127226E-03  -9.38347875E-05
         570   1.14200008E-03   2.15504388E-03   2.15484132E-03  -9.40035170E-05
         571   1.14400010E-03   2.15861294E-03   2.15840922E-03  -9.43874838E-05
         572   1.14600011E-03   2.16218131E-03   2.16197735E-03  -9.43393970E-05
         573   1.14800013E-03   2.16574897E-03   2.16554524E-03  -9.40764512E-05
         574   1.15000014E-03   2.16931594E-03   2.16911198E-03  -9.40290993E-05
         575   1.15200016E-03   2.17288197E-03   2.17267754E-03  -9.40891114E-05
         576   1.15400017E-03   2.17644731E-03   2.17624311E-03  -9.38279700E-05
         577   1.15600007E-03   2.18001194E-03   2.17980728E-03  -9.38881785E-05
         578   1.15800009E-03   2.18357588E-03   2.18337053E-03  -9.40548707E-05
         579   1.16000010E-03   2.18713912E-03   2.18693377E-03  -9.39016245E-05
         580   1.16200012E-03   2.19070166E-03   2.19049561E-03  -9.40678074E-05
         581   1.16400013E-03   2.19426351E-03   2.19405768E-03  -9.38089725E-05
         582   1.16600015E-03   2.19782465E-03   2.19761836E-03  -9.38688681E-05
         583   1.16800016E-03   2.20138510E-03   2.20117811E-03  -9.40343889E-05
         584   1.17000018E-03   2.20494485E-03   2.20473763E-03  -9.39881793E-05
         585   1.17200008E-03   2.20850389E-03   2.20829598E-03  -9.41530307E-05
         586   1.17400009E-03   2.21206225E-03   2.21185433E-03  -9.40015598E-05
         587   1.17600011E-03   2.21561990E-03   2.21541151E-03  -9.40608224E-05
         588   1.17800012E-03   2.21917685E-03   2.21896754E-03  -9.43297928E-05
         589   1.18000014E-03   2.22273311E-03   2.22252356E-03  -9.42836268E-05
         590   1.18200015E-03   2.22628866E-03   2.22607958E-03  -9.39238307E-05
         591   1.18400017E-03   2.22984352E-03   2.22963328E-03  -9.42962579E-05
         592   1.18600018E-03   2.23339745E-03   2.23318697E-03  -9.42504630E-05
         593   1.18800008E-03   2.23695068E-03   2.23674043E-03  -9.39966340E-05
         594   1.19000010E-03   2.24050321E-03   2.24029296E-03  -9.38475787E-05
         595   1.19200011E-03   2.24405504E-03   2.24384433E-03  -9.39065721E-05
         596   1.19400013E-03   2.24760617E-03   2.24739546E-03  -9.37581935E-05
         597   1.19600014E-03   2.25115661E-03   2.25094543E-03  -9.38172016E-05
         598   1.19800016E-03   2.25470634E-03   2.25449447E-03  -9.39793317E-05
         599   1.20000017E-03   2.25825538E-03   2.25804327E-03  -9.39347447E-05
         600   1.20200019E-03   2.26180372E-03   2.26159208E-03  -9.35814460E-05
         601   1.20400009E-03   2.26535136E-03   2.26513855E-03  -9.39488673E-05
         602   1.20600010E-03   2.26889830E-03   2.26868503E-03  -9.40072641E-05
         603   1.20800012E-03   2.27244454E-03   2.27223150E-03  -9.37580699E-05
         604   1.21000013E-03   2.27599009E-03   2.27577682E-03  -9.37143195E-05
         605   1.21200015E-03   2.27953494E-03   2.27932096E-03  -9.38750454E-05
         606   1.21400016E-03   2.28307908E-03   2.28286511E-03  -9.37293080E-05
         607   1.21600018E-03   2.28662253E-03   2.28640786E-03  -9.38895682E-05
         608   1.21800008E-03   2.29016528E-03   2.28995085E-03  -9.36426295E-05
         609   1.22000009E-03   2.29370734E-03   2.29349127E-03  -9.42087063E-05
         610   1.22200011E-03   2.29724869E-03   2.29703309E-03  -9.38607191E-05
         611   1.22400012E-03   2.30078935E-03   2.30057351E-03  -9.38174780E-05
         612   1.22600014E-03   2.30432930E-03   2.30411277E-03  -9.39765159E-05
         613   1.22800015E-03   2.30786833E-03   2.30765110E-03  -9.41351100E-05
         614   1.23000017E-03   2.31140666E-03   2.31118919E-03  -9.40917453E-05
         615   1.23200018E-03   2.31494429E-03   2.31472729E-03  -9.37467485E-05
         616   1.23400008E-03   2.31848122E-03   2.31826422E-03  -9.36037250E-05
         617   1.23600010E-03   2.32201745E-03   2.32179998E-03  -9.36617362E-05
         618   1.23800011E-03   2.32555298E-03   2.32533459E-03  -9.39198799E-05
         619   1.24000013E-03   2.32908782E-03   2.32886896E-03  -9.39772945E-05
         620   1.24200014E-03   2.33262195E-03   2.33240356E-03  -9.36352299E-05
         621   1.24400016E-03   2.33615539E-03   2.33593700E-03  -9.34935961E-05
         622   1.24600017E-03   2.33968813E-03   2.33946904E-03  -9.36510114E-05
         623   1.24800019E-03   2.34322017E-03   2.34300131E-03  -9.34104464E-05
         624   1.25000009E-03   2.34675151E-03   2.34653219E-03  -9.34683412E-05
         625   1.25200010E-03   2.35028216E-03   2.35006213E-03  -9.36251672E-05
         626   1.25400012E-03   2.35381210E-03   2.35359184E-03  -9.35836797E-05
         627   1.25600013E-03   2.35734135E-03   2.35712039E-03  -9.37399236E-05
         628   1.25800015E-03   2.36086990E-03   2.36064894E-03  -9.35998032E-05
         629   1.26000016E-03   2.36439775E-03   2.36417656E-03  -9.35586286E-05
         630   1.26200018E-03   2.36792490E-03   2.36770394E-03  -9.33209085E-05
         631   1.26400020E-03   2.37145135E-03   2.37122877E-03  -9.38695157E-05
         632   1.26600009E-03   2.37497711E-03   2.37475499E-03  -9.35340431E-05
         633   1.26800011E-03   2.37850216E-03   2.37827888E-03  -9.38849480E-05
         634   1.27000012E-03   2.38202652E-03   2.38180393E-03  -9.34527343E-05
         635   1.27200014E-03   2.38555018E-03   2.38532666E-03  -9.37051591E-05
         636   1.27400015E-03   2.38907314E-03   2.38884916E-03  -9.37619188E-05
         637   1.27600017E-03   2.39259540E-03   2.39237188E-03  -9.34292111E-05
         638   1.27800019E-03   2.39611696E-03   2.39589205E-03  -9.38750163E-05
         639   1.28000020E-03   2.39963783E-03   2.39941245E-03  -9.39313541E-05
         640   1.28200010E-03   2.40315800E-03   2.40293262E-03  -9.37937511E-05
         641   1.28400011E-03   2.40667746E-03   2.40645162E-03  -9.38500962E-05
         642   1.28600013E-03   2.41019623E-03   2.40996946E-03  -9.40995524E-05
         643   1.28800014E-03   2.41371430E-03   2.41348729E-03  -9.40588652E-05
         644   1.29000016E-03   2.41723168E-03   2.41700513E-03  -9.37293080E-05
         645   1.29200018E-03   2.42074812E-03   2.42052064E-03  -9.39779347E-05
         646   1.29400019E-03   2.42426386E-03   2.42403615E-03  -9.39376987E-05
         647   1.29600009E-03   2.42777891E-03   2.42755166E-03  -9.36098368E-05
         648   1.29800010E-03   2.43129325E-03   2.43106601E-03  -9.34745112E-05
         649   1.30000012E-03   2.43480690E-03   2.43457919E-03  -9.35308926E-05
         650   1.30200014E-03   2.43831985E-03   2.43809097E-03  -9.38736630E-05
         651   1.30400015E-03   2.44183210E-03   2.44160416E-03  -9.33571500E-05
         652   1.30600017E-03   2.44534365E-03   2.44511478E-03  -9.36040014E-05
         653   1.30800018E-03   2.44885450E-03   2.44862540E-03  -9.35648859E-05
         654   1.31000020E-03   2.45236466E-03   2.45213625E-03  -9.31460745E-05
         655   1.31200009E-03   2.45587411E-03   2.45564454E-03  -9.34870695E-05
         656   1.31400011E-03   2.45938287E-03   2.45915283E-03  -9.35430580E-05
         657   1.31600013E-03   2.46289093E-03   2.46266113E-03  -9.33152551E-05
         658   1.31800014E-03   2.46639829E-03   2.46616825E-03  -9.32769617E-05
         659   1.32000016E-03   2.46990495E-03   2.46967422E-03  -9.34273703E-05
         660   1.32200017E-03   2.47341092E-03   2.47318018E-03  -9.32949260E-05
         661   1.32400019E-03   2.47691618E-03   2.47668498E-03  -9.33509218E-05
         662   1.32600020E-03   2.48042075E-03   2.48018978E-03  -9.31251343E-05
         663   1.32800010E-03   2.48392462E-03   2.48369342E-03  -9.30875103E-05
         664   1.33000012E-03   2.48742779E-03   2.48719566E-03  -9.33308766E-05
         665   1.33200013E-03   2.49093026E-03   2.49069813E-03  -9.31996328E-05
         666   1.33400015E-03   2.49443203E-03   2.49420037E-03  -9.28820664E-05
         667   1.33600016E-03   2.49793311E-03   2.49770051E-03  -9.31247778E-05
         668   1.33800018E-03   2.50143348E-03   2.50120158E-03  -9.27151632E-05
         669   1.34000019E-03   2.50493316E-03   2.50470033E-03  -9.29574817E-05
         670   1.34200021E-03   2.50843214E-03   2.50819908E-03  -9.29206435E-05
         671   1.34400011E-03   2.51193042E-03   2.51169666E-03  -9.30693495E-05
         672   1.34600012E-03   2.51542800E-03   2.51519447E-03  -9.28473455E-05
         673   1.34800014E-03   2.51892488E-03   2.51869066E-03  -9.29957896E-05
         674   1.35000015E-03   2.52242107E-03   2.52218707E-03  -9.27745568E-05
         675   1.35200017E-03   2.52591656E-03   2.52568233E-03  -9.27383589E-05
         676   1.35400018E-03   2.52941134E-03   2.52917642E-03  -9.28864101E-05
         677   1.35600020E-03   2.53290543E-03   2.53267051E-03  -9.27582660E-05
         678   1.35800010E-03   2.53639882E-03   2.53616320E-03  -9.29059315E-05
         679   1.36000011E-03   2.53989152E-03   2.53965613E-03  -9.26864741E-05
         680   1.36200013E-03   2.54338351E-03   2.54314765E-03  -9.27423316E-05
         681   1.36400014E-03   2.54687481E-03   2.54663825E-03  -9.28894951E-05
         682   1.36600016E-03   2.55036540E-03   2.55012861E-03  -9.28536538E-05
         683   1.36800017E-03   2.55385530E-03   2.55361898E-03  -9.25443892E-05
         684   1.37000019E-03   2.55734450E-03   2.55710725E-03  -9.27823494E-05
         685   1.37200020E-03   2.56083300E-03   2.56059645E-03  -9.23831394E-05
         686   1.37400010E-03   2.56432081E-03   2.56408332E-03  -9.26207285E-05
         687   1.37600012E-03   2.56780791E-03   2.56757019E-03  -9.25856220E-05
         688   1.37800013E-03   2.57129432E-03   2.57105590E-03  -9.27317742E-05
         689   1.38000015E-03   2.57478002E-03   2.57454161E-03  -9.26062276E-05
         690   1.38200016E-03   2.57826503E-03   2.57802592E-03  -9.27520014E-05
         691   1.38400018E-03   2.58174934E-03   2.58151046E-03  -9.25366185E-05
         692   1.38600019E-03   2.58523296E-03   2.58499384E-03  -9.25019922E-05
         693   1.38800021E-03   2.58871587E-03   2.58847699E-03  -9.22875624E-05
         694   1.39000011E-03   2.59219809E-03   2.59195804E-03  -9.26127614E-05
         695   1.39200012E-03   2.59567960E-03   2.59544002E-03  -9.23090993E-05
         696   1.39400014E-03   2.59916042E-03   2.59891991E-03  -9.25438508E-05
         697   1.39600015E-03   2.60264054E-03   2.60240072E-03  -9.21516694E-05
         698   1.39800017E-03   2.60611996E-03   2.60587921E-03  -9.23860498E-05
         699   1.40000018E-03   2.60959868E-03   2.60935770E-03  -9.23521220E-05
         700   1.40200020E-03   2.61307671E-03   2.61283503E-03  -9.24965425E-05
         701   1.40400021E-03   2.61655403E-03   2.61631235E-03  -9.23736079E-05
         702   1.40600011E-03   2.62003066E-03   2.61978852E-03  -9.24287815E-05
         703   1.40800013E-03   2.62350659E-03   2.62326468E-03  -9.22175459E-05
         704   1.41000014E-03   2.62698182E-03   2.62673968E-03  -9.21841929E-05
         705   1.41200016E-03   2.63045635E-03   2.63021351E-03  -9.23280022E-05
         706   1.41400017E-03   2.63393018E-03   2.63368711E-03  -9.22946347E-05
         707   1.41600019E-03   2.63740332E-03   2.63716094E-03  -9.19081940E-05
         708   1.41800020E-03   2.64087575E-03   2.64063361E-03  -9.16991557E-05
         709   1.42000010E-03   2.64434749E-03   2.64410372E-03  -9.21952014E-05
         710   1.42200012E-03   2.64781853E-03   2.64757499E-03  -9.19863887E-05
         711   1.42400013E-03   2.65128887E-03   2.65104533E-03  -9.18659716E-05
         712   1.42600015E-03   2.65475851E-03   2.65451428E-03  -9.20090533E-05
         713   1.42800016E-03   2.65822746E-03   2.65798322E-03  -9.18889709E-05
         714   1.43000018E-03   2.66169570E-03   2.66145100E-03  -9.19442100E-05
         715   1.43200019E-03   2.66516325E-03   2.66491878E-03  -9.17371945E-05
         716   1.43400021E-03   2.66863033E-03   2.66838539E-03  -9.17925281E-05
         717   1.43600011E-03   2.67209671E-03   2.67185201E-03  -9.15862911E-05
         718   1.43800012E-03   2.67556240E-03   2.67531630E-03  -9.19898666E-05
         719   1.44000014E-03   2.67902738E-03   2.67878175E-03  -9.16970312E-05
         720   1.44200015E-03   2.68249167E-03   2.68224580E-03  -9.16654099E-05
         721   1.44400017E-03   2.68595526E-03   2.68570893E-03  -9.17205980E-05
         722   1.44600018E-03   2.68941815E-03   2.68917088E-03  -9.19488375E-05
         723   1.44800020E-03   2.69288034E-03   2.69263261E-03  -9.20035673E-05
         724   1.45000021E-03   2.69634183E-03   2.69609457E-03  -9.17127109E-05
         725   1.45200011E-03   2.69980263E-03   2.69955513E-03  -9.16813951E-05
         726   1.45400013E-03   2.70326273E-03   2.70301453E-03  -9.18224687E-05
         727   1.45600014E-03   2.70672212E-03   2.70647276E-03  -9.21352766E-05
         728   1.45800016E-03   2.71018082E-03   2.70993100E-03  -9.21895335E-05
         729   1.46000017E-03   2.71363882E-03   2.71338923E-03  -9.19862287E-05
         730   1.46200019E-03   2.71709613E-03   2.71684630E-03  -9.19548838E-05
         731   1.46400020E-03   2.72055273E-03   2.72030220E-03  -9.20948296E-05
         732   1.46600022E-03   2.72400863E-03   2.72375811E-03  -9.19779850E-05
         733   1.46800012E-03   2.72746384E-03   2.72721285E-03  -9.20322127E-05
         734   1.47000013E-03   2.73091835E-03   2.73066759E-03  -9.18305086E-05
         735   1.47200015E-03   2.73437216E-03   2.73412094E-03  -9.18848382E-05
         736   1.47400016E-03   2.73782527E-03   2.73757335E-03  -9.20241146E-05
         737   1.47600018E-03   2.74127768E-03   2.74102553E-03  -9.19931554E-05
         738   1.47800019E-03   2.74472940E-03   2.74447678E-03  -9.20471430E-05
         739   1.48000021E-03   2.74818041E-03   2.74792779E-03  -9.19315426E-05
         740   1.48200011E-03   2.75163073E-03   2.75137764E-03  -9.19855229E-05
         741   1.48400012E-03   2.75508035E-03   2.75482773E-03  -9.17012876E-05
         742   1.48600014E-03   2.75852927E-03   2.75827642E-03  -9.16710414E-05
         743   1.48800015E-03   2.76197749E-03   2.76172394E-03  -9.18095247E-05
         744   1.49000017E-03   2.76542502E-03   2.76517146E-03  -9.16950594E-05
         745   1.49200018E-03   2.76887184E-03   2.76861782E-03  -9.17491125E-05
         746   1.49400020E-03   2.77231797E-03   2.77206418E-03  -9.15510536E-05
         747   1.49600022E-03   2.77576339E-03   2.77550938E-03  -9.15213022E-05
         748   1.49800011E-03   2.77920836E-03   2.77895434E-03  -9.14078482E-05
         749   1.50000013E-03   2.78265262E-03   2.78239721E-03  -9.17968209E-05
         750   1.50200014E-03   2.78609619E-03   2.78584124E-03  -9.15161800E-05
         751   1.50400016E-03   2.78953905E-03   2.78928271E-03  -9.19041049E-05
         752   1.50600018E-03   2.79298122E-03   2.79272557E-03  -9.15406999E-05
         753   1.50800019E-03   2.79642269E-03   2.79616588E-03  -9.18444057E-05
         754   1.51000021E-03   2.79986346E-03   2.79960618E-03  -9.18978767E-05
         755   1.51200022E-03   2.80330353E-03   2.80304672E-03  -9.16189529E-05
         756   1.51400012E-03   2.80674291E-03   2.80648586E-03  -9.15896380E-05
         757   1.51600013E-03   2.81018158E-03   2.80992384E-03  -9.17261568E-05
         758   1.51800015E-03   2.81361956E-03   2.81336182E-03  -9.16140707E-05
         759   1.52000017E-03   2.81705684E-03   2.81679863E-03  -9.16676072E-05
         760   1.52200018E-03   2.82049342E-03   2.82023428E-03  -9.18861624E-05
         761   1.52400020E-03   2.82392930E-03   2.82366993E-03  -9.18568185E-05
         762   1.52600021E-03   2.82736449E-03   2.82710535E-03  -9.16628414E-05
         763   1.52800023E-03   2.83079897E-03   2.83053983E-03  -9.15516212E-05
         764   1.53000013E-03   2.83423276E-03   2.83397315E-03  -9.16050194E-05
         765   1.53200014E-03   2.83766584E-03   2.83740507E-03  -9.19045124E-05
         766   1.53400016E-03   2.84109823E-03   2.84083840E-03  -9.14656048E-05
         767   1.53600017E-03   2.84452992E-03   2.84426915E-03  -9.16827194E-05
         768   1.53800019E-03   2.84796092E-03   2.84770015E-03  -9.15722558E-05
         769   1.54000020E-03   2.85139121E-03   2.85113091E-03  -9.12987380E-05
         770   1.54200022E-03   2.85482104E-03   2.85456050E-03  -9.12706164E-05
         771   1.54400012E-03   2.85825017E-03   2.85798893E-03  -9.14055272E-05
         772   1.54600013E-03   2.86167860E-03   2.86141620E-03  -9.17028883E-05
         773   1.54800015E-03   2.86510633E-03   2.86484347E-03  -9.17557263E-05
         774   1.55000016E-03   2.86853337E-03   2.86827073E-03  -9.15649143E-05
         775   1.55200018E-03   2.87195970E-03   2.87169684E-03  -9.15367491E-05
         776   1.55400019E-03   2.87538534E-03   2.87512178E-03  -9.16706558E-05
         777   1.55600021E-03   2.87881028E-03   2.87854671E-03  -9.15615819E-05
         778   1.55800022E-03   2.88223452E-03   2.88197026E-03  -9.16951831E-05
         779   1.56000012E-03   2.88565806E-03   2.88539403E-03  -9.15056808E-05
         780   1.56200014E-03   2.88908090E-03   2.88881664E-03  -9.14778648E-05
         781   1.56400015E-03   2.89250305E-03   2.89223786E-03  -9.16916615E-05
         782   1.56600017E-03   2.89592450E-03   2.89565907E-03  -9.16637364E-05
         783   1.56800018E-03   2.89934524E-03   2.89908051E-03  -9.13146214E-05
         784   1.57000020E-03   2.90276529E-03   2.90249940E-03  -9.16081481E-05
         785   1.57200021E-03   2.90618464E-03   2.90591945E-03  -9.12599644E-05
         786   1.57400023E-03   2.90960330E-03   2.90933717E-03  -9.14728735E-05
         787   1.57600013E-03   2.91302148E-03   2.91275489E-03  -9.15254132E-05
         788   1.57800014E-03   2.91643897E-03   2.91617261E-03  -9.13383046E-05
         789   1.58000016E-03   2.91985576E-03   2.91958917E-03  -9.13111653E-05
         790   1.58200017E-03   2.92327185E-03   2.92300456E-03  -9.14434349E-05
         791   1.58400019E-03   2.92668724E-03   2.92641995E-03  -9.13367112E-05
         792   1.58600020E-03   2.93010194E-03   2.92983395E-03  -9.14686898E-05
         793   1.58800022E-03   2.93351593E-03   2.93324818E-03  -9.12828473E-05
         794   1.59000023E-03   2.93692923E-03   2.93666124E-03  -9.12560354E-05
         795   1.59200013E-03   2.94034183E-03   2.94007291E-03  -9.14669145E-05
         796   1.59400015E-03   2.94375373E-03   2.94348481E-03  -9.13608892E-05
         797   1.59600016E-03   2.94716493E-03   2.94689531E-03  -9.14921839E-05
         798   1.59800018E-03   2.95057544E-03   2.95030582E-03  -9.13864205E-05
         799   1.60000019E-03   2.95398524E-03   2.95371516E-03  -9.14385892E-05
         800   1.60200021E-03   2.95739435E-03   2.95712473E-03  -9.11756870E-05
         801   1.60400022E-03   2.96080275E-03   2.96053290E-03  -9.11493698E-05
         802   1.60600012E-03   2.96421070E-03   2.96394108E-03  -9.09660084E-05
         803   1.60800014E-03   2.96761794E-03   2.96734693E-03  -9.13323820E-05
         804   1.61000015E-03   2.97102449E-03   2.97075254E-03  -9.15411802E-05
         805   1.61200017E-03   2.97443033E-03   2.97415839E-03  -9.14363482E-05
         806   1.61400018E-03   2.97783548E-03   2.97756307E-03  -9.14881894E-05
         807   1.61600020E-03   2.98123993E-03   2.98096775E-03  -9.13055919E-05
         808   1.61800021E-03   2.98464368E-03   2.98437104E-03  -9.13575059E-05
         809   1.62000023E-03   2.98804673E-03   2.98777455E-03  -9.10975796E-05
         810   1.62200013E-03   2.99144909E-03   2.99117668E-03  -9.10718009E-05
         811   1.62400014E-03   2.99485074E-03   2.99457787E-03  -9.11238676E-05
         812   1.62600016E-03   2.99825170E-03   2.99797882E-03  -9.10204908E-05
         813   1.62800017E-03   3.00165196E-03   3.00137862E-03  -9.10725430E-05
         814   1.63000019E-03   3.00505152E-03   3.00477748E-03  -9.12019823E-05
         815   1.63200020E-03   3.00845061E-03   3.00817611E-03  -9.12537434E-05
         816   1.63400022E-03   3.01184901E-03   3.01157474E-03  -9.10734525E-05
         817   1.63600023E-03   3.01524671E-03   3.01497220E-03  -9.10480449E-05
         818   1.63800013E-03   3.01864371E-03   3.01836850E-03  -9.11770112E-05
         819   1.64000015E-03   3.02204001E-03   3.02176480E-03  -9.10745366E-05
         820   1.64200016E-03   3.02543561E-03   3.02515971E-03  -9.12032192E-05
         821   1.64400018E-03   3.02883051E-03   3.02855484E-03  -9.10240997E-05
         822   1.64600019E-03   3.03222472E-03   3.03194881E-03  -9.09989976E-05
         823   1.64800021E-03   3.03561823E-03   3.03534139E-03  -9.12041214E-05
         824   1.65000022E-03   3.03901103E-03   3.03873420E-03  -9.11022871E-05
         825   1.65200024E-03   3.04240314E-03   3.04212561E-03  -9.12303294E-05
         826   1.65400014E-03   3.04579455E-03   3.04551725E-03  -9.10522795E-05
         827   1.65600015E-03   3.04918550E-03   3.04890750E-03  -9.11801326E-05
         828   1.65800017E-03   3.05257575E-03   3.05229775E-03  -9.10788585E-05
         829   1.66000018E-03   3.05596530E-03   3.05568683E-03  -9.11302341E-05
         830   1.66200020E-03   3.05935415E-03   3.05907591E-03  -9.09531591E-05
         831   1.66400021E-03   3.06274230E-03   3.06246383E-03  -9.09285664E-05
         832   1.66600023E-03   3.06612975E-03   3.06585059E-03  -9.10559538E-05
         833   1.66800013E-03   3.06951650E-03   3.06923734E-03  -9.09554728E-05
         834   1.67000014E-03   3.07290256E-03   3.07262293E-03  -9.10068047E-05
         835   1.67200016E-03   3.07628792E-03   3.07600852E-03  -9.08309521E-05
         836   1.67400017E-03   3.07967258E-03   3.07939295E-03  -9.08067304E-05
         837   1.67600019E-03   3.08305654E-03   3.08277598E-03  -9.10091840E-05
         838   1.67800020E-03   3.08644003E-03   3.08615924E-03  -9.09848532E-05
         839   1.68000022E-03   3.08982283E-03   3.08954227E-03  -9.08098664E-05
         840   1.68200023E-03   3.09320493E-03   3.09292437E-03  -9.07105714E-05
         841   1.68400013E-03   3.09658633E-03   3.09630507E-03  -9.08371148E-05
         842   1.68600015E-03   3.09996703E-03   3.09968460E-03  -9.11136449E-05
         843   1.68800016E-03   3.10334703E-03   3.10306414E-03  -9.11644820E-05
         844   1.69000018E-03   3.10672633E-03   3.10644391E-03  -9.09153969E-05
         845   1.69200019E-03   3.11010494E-03   3.10982228E-03  -9.08914953E-05
         846   1.69400021E-03   3.11348285E-03   3.11319949E-03  -9.10172603E-05
         847   1.69600022E-03   3.11686005E-03   3.11657670E-03  -9.09186347E-05
         848   1.69800024E-03   3.12023680E-03   3.11995391E-03  -9.06709683E-05
         849   1.70000014E-03   3.12361284E-03   3.12332856E-03  -9.10202725E-05
         850   1.70200015E-03   3.12698819E-03   3.12670344E-03  -9.10709568E-05
         851   1.70400017E-03   3.13036283E-03   3.13007832E-03  -9.08983784E-05
         852   1.70600018E-03   3.13373678E-03   3.13345180E-03  -9.09491282E-05
         853   1.70800020E-03   3.13711003E-03   3.13682551E-03  -9.07028589E-05
         854   1.71000022E-03   3.14048259E-03   3.14019783E-03  -9.06795976E-05
         855   1.71200023E-03   3.14385444E-03   3.14356922E-03  -9.07304784E-05
         856   1.71400025E-03   3.14722559E-03   3.14693921E-03  -9.10032468E-05
         857   1.71600014E-03   3.15059605E-03   3.15031037E-03  -9.06841451E-05
         858   1.71800016E-03   3.15396604E-03   3.15367919E-03  -9.09564114E-05
         859   1.72000017E-03   3.15733533E-03   3.15704825E-03  -9.09330993E-05
         860   1.72200019E-03   3.16070393E-03   3.16041708E-03  -9.07624999E-05
         861   1.72400021E-03   3.16407182E-03   3.16378474E-03  -9.07394788E-05
         862   1.72600022E-03   3.16743902E-03   3.16715124E-03  -9.08635702E-05
         863   1.72800024E-03   3.17080552E-03   3.17051751E-03  -9.08405345E-05
         864   1.73000013E-03   3.17417132E-03   3.17388284E-03  -9.08909278E-05
         865   1.73200015E-03   3.17753642E-03   3.17724817E-03  -9.07213762E-05
         866   1.73400017E-03   3.18090082E-03   3.18061234E-03  -9.06986243E-05
         867   1.73600018E-03   3.18426453E-03   3.18397512E-03  -9.08953371E-05
         868   1.73800020E-03   3.18762776E-03   3.18733812E-03  -9.08724833E-05
         869   1.74000021E-03   3.19099030E-03   3.19070090E-03  -9.07037320E-05
         870   1.74200023E-03   3.19435215E-03   3.19406274E-03  -9.06082641E-05
         871   1.74400024E-03   3.19771329E-03   3.19742318E-03  -9.07314970E-05
         872   1.74600014E-03   3.20107373E-03   3.20078363E-03  -9.06362329E-05
         873   1.74800016E-03   3.20443348E-03   3.20414291E-03  -9.06865462E-05
         874   1.75000017E-03   3.20779253E-03   3.20750219E-03  -9.05189736E-05
         875   1.75200019E-03   3.21115088E-03   3.21086030E-03  -9.04968183E-05
         876   1.75400020E-03   3.21450876E-03   3.21421726E-03  -9.06920541E-05
         877   1.75600022E-03   3.21786595E-03   3.21757421E-03  -9.06697969E-05
         878   1.75800023E-03   3.22122243E-03   3.22093000E-03  -9.07921931E-05
         879   1.76000025E-03   3.22457822E-03   3.22428579E-03  -9.06976929E-05
         880   1.76200015E-03   3.22793331E-03   3.22764041E-03  -9.07477006E-05
         881   1.76400016E-03   3.23128770E-03   3.23099480E-03  -9.06534915E-05
         882   1.76600018E-03   3.23464139E-03   3.23434826E-03  -9.06314817E-05
         883   1.76800019E-03   3.23799439E-03   3.23770149E-03  -9.04657063E-05
         884   1.77000021E-03   3.24134668E-03   3.24105378E-03  -9.03721375E-05
         885   1.77200022E-03   3.24469851E-03   3.24440468E-03  -9.05658526E-05
         886   1.77400024E-03   3.24804964E-03   3.24775558E-03  -9.05440975E-05
         887   1.77600025E-03   3.25140008E-03   3.25110555E-03  -9.05940324E-05
         888   1.77800015E-03   3.25474981E-03   3.25445528E-03  -9.05007837E-05
         889   1.78000017E-03   3.25809885E-03   3.25780385E-03  -9.05507040E-05
         890   1.78200018E-03   3.26144719E-03   3.26115126E-03  -9.07433350E-05
         891   1.78400020E-03   3.26479482E-03   3.26449983E-03  -9.03649707E-05
         892   1.78600021E-03   3.26814177E-03   3.26784607E-03  -9.04861809E-05
         893   1.78800023E-03   3.27148824E-03   3.27119231E-03  -9.04647968E-05
         894   1.79000024E-03   3.27483402E-03   3.27453716E-03  -9.06568021E-05
         895   1.79200014E-03   3.27817909E-03   3.27788224E-03  -9.05642883E-05
         896   1.79400016E-03   3.28152347E-03   3.28122615E-03  -9.06139103E-05
         897   1.79600017E-03   3.28486715E-03   3.28456983E-03  -9.05216657E-05
         898   1.79800019E-03   3.28821014E-03   3.28791258E-03  -9.05004490E-05
         899   1.80000020E-03   3.29155242E-03   3.29125510E-03  -9.03377950E-05
         900   1.80200022E-03   3.29489401E-03   3.29459668E-03  -9.02461688E-05
         901   1.80400023E-03   3.29823513E-03   3.29793687E-03  -9.04371627E-05
         902   1.80600025E-03   3.30157555E-03   3.30127706E-03  -9.04161861E-05
         903   1.80800015E-03   3.30491527E-03   3.30461608E-03  -9.05361958E-05
         904   1.81000016E-03   3.30825429E-03   3.30795511E-03  -9.04448098E-05
         905   1.81200018E-03   3.31159262E-03   3.31129297E-03  -9.04942717E-05
         906   1.81400019E-03   3.31493025E-03   3.31463083E-03  -9.03328983E-05
         907   1.81600021E-03   3.31826718E-03   3.31796752E-03  -9.03122273E-05
         908   1.81800022E-03   3.32160364E-03   3.32130305E-03  -9.05019406E-05
         909   1.82000024E-03   3.32493940E-03   3.32463859E-03  -9.04811677E-05
         910   1.82200025E-03   3.32827447E-03   3.32797412E-03  -9.02505635E-05
         911   1.82400015E-03   3.33160884E-03   3.33130709E-03  -9.05796187E-05
         912   1.82600017E-03   3.33494251E-03   3.33464146E-03  -9.02795800E-05
         913   1.82800018E-03   3.33827548E-03   3.33797326E-03  -9.05382258E-05
         914   1.83000020E-03   3.34160775E-03   3.34130647E-03  -9.01691747E-05
         915   1.83200021E-03   3.34493932E-03   3.34463711E-03  -9.03578402E-05
         916   1.83400023E-03   3.34827043E-03   3.34796775E-03  -9.04070330E-05
         917   1.83600024E-03   3.35160084E-03   3.35129839E-03  -9.02477113E-05
         918   1.83800026E-03   3.35493055E-03   3.35462810E-03  -9.01581298E-05
         919   1.84000016E-03   3.35825956E-03   3.35795642E-03  -9.02767788E-05
         920   1.84200017E-03   3.36158788E-03   3.36128473E-03  -9.01873937E-05
         921   1.84400019E-03   3.36491549E-03   3.36461188E-03  -9.02366082E-05
         922   1.84600020E-03   3.36824241E-03   3.36793903E-03  -9.00783343E-05
         923   1.84800022E-03   3.37156886E-03   3.37126479E-03  -9.01966559E-05
         924   1.85000023E-03   3.37489462E-03   3.37458961E-03  -9.03837717E-05
         925   1.85200025E-03   3.37821967E-03   3.37791443E-03  -9.03637410E-05
         926   1.85400026E-03   3.38154403E-03   3.38123902E-03  -9.02060274E-05
         927   1.85600016E-03   3.38486768E-03   3.38456267E-03  -9.01174426E-05
         928   1.85800018E-03   3.38819064E-03   3.38788494E-03  -9.02352476E-05
         929   1.86000019E-03   3.39151290E-03   3.39120743E-03  -9.00781815E-05
         930   1.86200021E-03   3.39483470E-03   3.39452852E-03  -9.01958265E-05
         931   1.86400022E-03   3.39815579E-03   3.39784962E-03  -9.01076637E-05
         932   1.86600024E-03   3.40147619E-03   3.40116979E-03  -9.00881569E-05
         933   1.86800025E-03   3.40479589E-03   3.40448855E-03  -9.02738975E-05
         934   1.87000015E-03   3.40811489E-03   3.40780732E-03  -9.02543034E-05
         935   1.87200017E-03   3.41143319E-03   3.41112609E-03  -9.00299783E-05
         936   1.87400018E-03   3.41475080E-03   3.41444253E-03  -9.02834872E-05
         937   1.87600020E-03   3.41806794E-03   3.41776013E-03  -9.00595987E-05
         938   1.87800021E-03   3.42138438E-03   3.42107657E-03  -8.99722945E-05
         939   1.88000023E-03   3.42470012E-03   3.42439162E-03  -9.00891682E-05
         940   1.88200024E-03   3.42801516E-03   3.42770573E-03  -9.02737738E-05
         941   1.88400026E-03   3.43132950E-03   3.43102100E-03  -8.99150982E-05
         942   1.88600016E-03   3.43464315E-03   3.43433372E-03  -9.00995510E-05
         943   1.88800017E-03   3.43795633E-03   3.43764666E-03  -9.00804516E-05
         944   1.89000019E-03   3.44126881E-03   3.44095821E-03  -9.02644169E-05
         945   1.89200020E-03   3.44458059E-03   3.44426977E-03  -9.02452302E-05
         946   1.89400022E-03   3.44789168E-03   3.44758155E-03  -8.99559309E-05
         947   1.89600023E-03   3.45120206E-03   3.45089077E-03  -9.02070169E-05
         948   1.89800025E-03   3.45451175E-03   3.45420116E-03  -8.99183506E-05
         949   1.90000026E-03   3.45782074E-03   3.45750921E-03  -9.01016829E-05
         950   1.90200016E-03   3.46112926E-03   3.46081727E-03  -9.01501116E-05
         951   1.90400018E-03   3.46443709E-03   3.46412533E-03  -8.99968072E-05
         952   1.90600019E-03   3.46774422E-03   3.46743222E-03  -8.99781298E-05
         953   1.90800021E-03   3.47105064E-03   3.47073795E-03  -9.00936793E-05
         954   1.91000022E-03   3.47435637E-03   3.47404345E-03  -9.00749801E-05
         955   1.91200024E-03   3.47766140E-03   3.47734918E-03  -8.97884820E-05
         956   1.91400026E-03   3.48096597E-03   3.48065258E-03  -9.00377272E-05
         957   1.91600027E-03   3.48426984E-03   3.48395691E-03  -8.98186699E-05
         958   1.91800017E-03   3.48757301E-03   3.48725915E-03  -9.00006853E-05
         959   1.92000018E-03   3.49087548E-03   3.49056115E-03  -9.00489540E-05
         960   1.92200020E-03   3.49417725E-03   3.49386316E-03  -8.98972066E-05
         961   1.92400021E-03   3.49747832E-03   3.49716423E-03  -8.98123471E-05
         962   1.92600023E-03   3.50077893E-03   3.50046391E-03  -8.99937440E-05
         963   1.92800025E-03   3.50407884E-03   3.50376358E-03  -8.99754450E-05
         964   1.93000026E-03   3.50737805E-03   3.50706209E-03  -9.00899904E-05
         965   1.93200016E-03   3.51067656E-03   3.51036061E-03  -9.00053346E-05
         966   1.93400017E-03   3.51397437E-03   3.51365795E-03  -9.00533996E-05
         967   1.93600019E-03   3.51727149E-03   3.51695530E-03  -8.99027655E-05
         968   1.93800020E-03   3.52056813E-03   3.52025148E-03  -8.99508668E-05
         969   1.94000022E-03   3.52386408E-03   3.52354767E-03  -8.98006401E-05
         970   1.94200024E-03   3.52715934E-03   3.52684245E-03  -8.98487851E-05
         971   1.94400025E-03   3.53045389E-03   3.53013631E-03  -8.99628139E-05
         972   1.94600027E-03   3.53374775E-03   3.53342993E-03  -8.99448496E-05
         973   1.94800016E-03   3.53704090E-03   3.53672379E-03  -8.96635829E-05
         974   1.95000018E-03   3.54033359E-03   3.54001508E-03  -8.99748484E-05
         975   1.95200020E-03   3.54362559E-03   3.54330777E-03  -8.96941056E-05
         976   1.95400021E-03   3.54691688E-03   3.54659790E-03  -8.99391453E-05
         977   1.95600023E-03   3.55020748E-03   3.54988803E-03  -8.99869628E-05
         978   1.95800024E-03   3.55349737E-03   3.55317816E-03  -8.98381113E-05
         979   1.96000026E-03   3.55678657E-03   3.55646713E-03  -8.98204962E-05
         980   1.96200027E-03   3.56007530E-03   3.55975609E-03  -8.96721031E-05
         981   1.96400029E-03   3.56336334E-03   3.56304389E-03  -8.96547062E-05
         982   1.96600030E-03   3.56665067E-03   3.56633053E-03  -8.97679347E-05
         983   1.96800032E-03   3.56993731E-03   3.56961717E-03  -8.96852871E-05
         984   1.97000033E-03   3.57322325E-03   3.57290264E-03  -8.97331483E-05
         985   1.97200011E-03   3.57650849E-03   3.57618812E-03  -8.95855992E-05
         986   1.97400013E-03   3.57979327E-03   3.57947219E-03  -8.96985512E-05
         987   1.97600015E-03   3.58307734E-03   3.58275534E-03  -8.98762955E-05
         988   1.97800016E-03   3.58636072E-03   3.58603941E-03  -8.95992052E-05
         989   1.98000018E-03   3.58964340E-03   3.58932139E-03  -8.97118807E-05
         990   1.98200019E-03   3.59292538E-03   3.59260314E-03  -8.96947386E-05
         991   1.98400021E-03   3.59620689E-03   3.59588373E-03  -8.98719081E-05
         992   1.98600022E-03   3.59948771E-03   3.59916431E-03  -8.98546787E-05
         993   1.98800024E-03   3.60276783E-03   3.60244513E-03  -8.95789562E-05
         994   1.99000025E-03   3.60604725E-03   3.60572455E-03  -8.94974801E-05
         995   1.99200027E-03   3.60932597E-03   3.60900280E-03  -8.95452176E-05
         996   1.99400028E-03   3.61260399E-03   3.61228106E-03  -8.93994948E-05
         997   1.99600030E-03   3.61588155E-03   3.61555815E-03  -8.94472614E-05
         998   1.99800031E-03   3.61915841E-03   3.61883384E-03  -8.96879865E-05
         999   2.00000033E-03   3.62243457E-03   3.62210977E-03  -8.96711499E-05
        1000   2.00200011E-03   3.62571003E-03   3.62538570E-03  -8.94616751E-05
        1001   2.00400013E-03   3.62898479E-03   3.62866046E-03  -8.93809411E-05
        1002   2.00600014E-03   3.63225909E-03   3.63193383E-03  -8.95568082E-05
        1003   2.00800016E-03   3.63553269E-03   3.63520742E-03  -8.94761615E-05
        1004   2.01000017E-03   3.63880559E-03   3.63847963E-03  -8.95876656E-05
        1005   2.01200019E-03   3.64207779E-03   3.64175183E-03  -8.95071717E-05
        1006   2.01400020E-03   3.64534929E-03   3.64502310E-03  -8.94907207E-05
        1007   2.01600022E-03   3.64862033E-03   3.64829414E-03  -8.94104815E-05
        1008   2.01800023E-03   3.65189067E-03   3.65156401E-03  -8.94579425E-05
        1009   2.02000025E-03   3.65516031E-03   3.65483272E-03  -8.96327547E-05
        1010   2.02200026E-03   3.65842925E-03   3.65810143E-03  -8.96163110E-05
        1011   2.02400028E-03   3.66169750E-03   3.66137014E-03  -8.94091208E-05
        1012   2.02600029E-03   3.66496504E-03   3.66463768E-03  -8.93293982E-05
        1013   2.02800031E-03   3.66823212E-03   3.66790406E-03  -8.94402838E-05
        1014   2.03000032E-03   3.67149850E-03   3.67117045E-03  -8.93607066E-05
        1015   2.03200034E-03   3.67476419E-03   3.67443543E-03  -8.94713958E-05
        1016   2.03400012E-03   3.67802917E-03   3.67770065E-03  -8.93286488E-05
        1017   2.03600014E-03   3.68129346E-03   3.68096470E-03  -8.93126926E-05
        1018   2.03800015E-03   3.68455728E-03   3.68422735E-03  -8.95495832E-05
        1019   2.04000017E-03   3.68782040E-03   3.68749024E-03  -8.95334815E-05
        1020   2.04200018E-03   3.69108282E-03   3.69075290E-03  -8.93912511E-05
        1021   2.04400020E-03   3.69434454E-03   3.69401439E-03  -8.93753531E-05
        1022   2.04600021E-03   3.69760557E-03   3.69727495E-03  -8.94224868E-05
        1023   2.04800023E-03   3.70086613E-03   3.70053528E-03  -8.94066179E-05
        1024   2.05000024E-03   3.70412599E-03   3.70379561E-03  -8.92021926E-05
        1025   2.05200026E-03   3.70738516E-03   3.70705361E-03  -8.94378318E-05
        1026   2.05400027E-03   3.71064362E-03   3.71031277E-03  -8.91710151E-05
        1027   2.05600029E-03   3.71390139E-03   3.71356960E-03  -8.93436008E-05
        1028   2.05800030E-03   3.71715869E-03   3.71682760E-03  -8.90773590E-05
        1029   2.06000032E-03   3.72041529E-03   3.72008304E-03  -8.93123433E-05
        1030   2.06200033E-03   3.72367119E-03   3.72333871E-03  -8.92967801E-05
        1031   2.06400012E-03   3.72692640E-03   3.72659438E-03  -8.90938099E-05
        1032   2.06600013E-03   3.73018091E-03   3.72984749E-03  -8.93906472E-05
        1033   2.06800015E-03   3.73343495E-03   3.73310200E-03  -8.91879754E-05
        1034   2.07000016E-03   3.73668829E-03   3.73635511E-03  -8.91726377E-05
        1035   2.07200018E-03   3.73994093E-03   3.73960729E-03  -8.92196113E-05
        1036   2.07400019E-03   3.74319288E-03   3.74285923E-03  -8.91420932E-05
        1037   2.07600021E-03   3.74644413E-03   3.74611001E-03  -8.91890450E-05
        1038   2.07800022E-03   3.74969491E-03   3.74936103E-03  -8.90496085E-05
        1039   2.08000024E-03   3.75294499E-03   3.75261065E-03  -8.90965894E-05
        1040   2.08200025E-03   3.75619438E-03   3.75586026E-03  -8.89575094E-05
        1041   2.08400027E-03   3.75944306E-03   3.75910755E-03  -8.92522876E-05
        1042   2.08600028E-03   3.76269128E-03   3.76235601E-03  -8.91133459E-05
        1043   2.08800030E-03   3.76593880E-03   3.76560329E-03  -8.90983283E-05
        1044   2.09000031E-03   3.76918563E-03   3.76884919E-03  -8.92687021E-05
        1045   2.09200033E-03   3.77243175E-03   3.77209531E-03  -8.91918826E-05
        1046   2.09400035E-03   3.77567718E-03   3.77534144E-03  -8.89301809E-05
        1047   2.09600013E-03   3.77892214E-03   3.77858640E-03  -8.88538052E-05
        1048   2.09800014E-03   3.78216640E-03   3.78182880E-03  -8.92701501E-05
        1049   2.10000016E-03   3.78540996E-03   3.78507259E-03  -8.91321324E-05
        1050   2.10200017E-03   3.78865283E-03   3.78831499E-03  -8.91787713E-05
        1051   2.10400019E-03   3.79189500E-03   3.79155739E-03  -8.90410956E-05
        1052   2.10600020E-03   3.79513670E-03   3.79479886E-03  -8.90263982E-05
        1053   2.10800022E-03   3.79837770E-03   3.79803893E-03  -8.91956588E-05
        1054   2.11000023E-03   3.80161800E-03   3.80127900E-03  -8.91808813E-05
        1055   2.11200025E-03   3.80485761E-03   3.80451907E-03  -8.89825387E-05
        1056   2.11400026E-03   3.80809675E-03   3.80775798E-03  -8.89679941E-05
        1057   2.11600028E-03   3.81133519E-03   3.81099572E-03  -8.90756928E-05
        1058   2.11800030E-03   3.81457293E-03   3.81423347E-03  -8.90000811E-05
        1059   2.12000031E-03   3.81780998E-03   3.81747005E-03  -8.90466035E-05
        1060   2.12200033E-03   3.82104632E-03   3.82070662E-03  -8.89102303E-05
        1061   2.12400034E-03   3.82428220E-03   3.82394181E-03  -8.90176743E-05
        1062   2.12600012E-03   3.82751739E-03   3.82717722E-03  -8.88815848E-05
        1063   2.12800014E-03   3.83075187E-03   3.83041124E-03  -8.89281073E-05
        1064   2.13000015E-03   3.83398565E-03   3.83364432E-03  -8.90353112E-05
        1065   2.13200017E-03   3.83721897E-03   3.83687718E-03  -8.90816591E-05
        1066   2.13400018E-03   3.84045159E-03   3.84011026E-03  -8.88853974E-05
        1067   2.13600020E-03   3.84368352E-03   3.84334195E-03  -8.88712384E-05
        1068   2.13800021E-03   3.84691474E-03   3.84657248E-03  -8.89781877E-05
        1069   2.14000023E-03   3.85014527E-03   3.84980324E-03  -8.88430368E-05
        1070   2.14200024E-03   3.85337532E-03   3.85303260E-03  -8.89498624E-05
        1071   2.14400026E-03   3.85660469E-03   3.85626196E-03  -8.88753711E-05
        1072   2.14600028E-03   3.85983335E-03   3.85949016E-03  -8.89216826E-05
        1073   2.14800029E-03   3.86306131E-03   3.86271835E-03  -8.87870920E-05
        1074   2.15000031E-03   3.86628881E-03   3.86594515E-03  -8.88936629E-05
        1075   2.15200032E-03   3.86951561E-03   3.86917102E-03  -8.90602532E-05
        1076   2.15400034E-03   3.87274171E-03   3.87239805E-03  -8.87455317E-05
        1077   2.15600035E-03   3.87596712E-03   3.87562276E-03  -8.88519207E-05
        1078   2.15800013E-03   3.87919182E-03   3.87884723E-03  -8.88380819E-05
        1079   2.16000015E-03   3.88241606E-03   3.88207077E-03  -8.89442454E-05
        1080   2.16200016E-03   3.88563960E-03   3.88529408E-03  -8.89303774E-05
        1081   2.16400018E-03   3.88886244E-03   3.88851645E-03  -8.89764342E-05
        1082   2.16600019E-03   3.89208458E-03   3.89173860E-03  -8.89027651E-05
        1083   2.16800021E-03   3.89530626E-03   3.89496074E-03  -8.87096685E-05
        1084   2.17000023E-03   3.89852724E-03   3.89818056E-03  -8.89350340E-05
        1085   2.17200024E-03   3.90174752E-03   3.90140037E-03  -8.89809962E-05
        1086   2.17400026E-03   3.90496710E-03   3.90462042E-03  -8.87883580E-05
        1087   2.17600027E-03   3.90818622E-03   3.90783884E-03  -8.88939758E-05
        1088   2.17800029E-03   3.91140440E-03   3.91105749E-03  -8.87017522E-05
        1089   2.18000030E-03   3.91462212E-03   3.91427521E-03  -8.86288399E-05
        1090   2.18200032E-03   3.91783938E-03   3.91749153E-03  -8.87938077E-05
        1091   2.18400033E-03   3.92105570E-03   3.92070739E-03  -8.88397481E-05
        1092   2.18600035E-03   3.92427156E-03   3.92392371E-03  -8.86482521E-05
        1093   2.18800013E-03   3.92748648E-03   3.92713770E-03  -8.88128561E-05
        1094   2.19000014E-03   3.93070094E-03   3.93035263E-03  -8.86217313E-05
        1095   2.19200016E-03   3.93391494E-03   3.93356569E-03  -8.87861024E-05
        1096   2.19400018E-03   3.93712800E-03   3.93677829E-03  -8.88319337E-05
        1097   2.19600019E-03   3.94034060E-03   3.93999089E-03  -8.87595015E-05
        1098   2.19800021E-03   3.94355273E-03   3.94320255E-03  -8.88053037E-05
        1099   2.20000022E-03   3.94676393E-03   3.94641375E-03  -8.87330389E-05
        1100   2.20200024E-03   3.94997466E-03   3.94962402E-03  -8.87788192E-05
        1101   2.20400025E-03   3.95318447E-03   3.95283429E-03  -8.85889094E-05
        1102   2.20600027E-03   3.95639380E-03   3.95604363E-03  -8.85170448E-05
        1103   2.20800028E-03   3.95960268E-03   3.95925157E-03  -8.86805501E-05
        1104   2.21000030E-03   3.96281062E-03   3.96245951E-03  -8.86087582E-05
        1105   2.21200031E-03   3.96601809E-03   3.96566605E-03  -8.87719580E-05
        1106   2.21400033E-03   3.96922510E-03   3.96887306E-03  -8.87002243E-05
        1107   2.21600034E-03   3.97243118E-03   3.97207960E-03  -8.85113841E-05
        1108   2.21800036E-03   3.97563679E-03   3.97528522E-03  -8.84400142E-05
        1109   2.22000014E-03   3.97884147E-03   3.97848943E-03  -8.84858309E-05
        1110   2.22200016E-03   3.98204569E-03   3.98169272E-03  -8.86485432E-05
        1111   2.22400017E-03   3.98524944E-03   3.98489600E-03  -8.86941416E-05
        1112   2.22600019E-03   3.98845226E-03   3.98809882E-03  -8.86229100E-05
        1113   2.22800020E-03   3.99165461E-03   3.99130117E-03  -8.85518020E-05
        1114   2.23000022E-03   3.99485650E-03   3.99450306E-03  -8.84808251E-05
        1115   2.23200023E-03   3.99805745E-03   3.99770355E-03  -8.85264672E-05
        1116   2.23400025E-03   4.00125794E-03   4.00090311E-03  -8.86884518E-05
        1117   2.23600026E-03   4.00445750E-03   4.00410267E-03  -8.86175840E-05
        1118   2.23800028E-03   4.00765659E-03   4.00730222E-03  -8.84306282E-05
        1119   2.24000029E-03   4.01085522E-03   4.01049946E-03  -8.87084607E-05
        1120   2.24200031E-03   4.01405292E-03   4.01369808E-03  -8.84057299E-05
        1121   2.24400032E-03   4.01725015E-03   4.01689531E-03  -8.83353641E-05
        1122   2.24600034E-03   4.02044691E-03   4.02009115E-03  -8.84968031E-05
        1123   2.24800035E-03   4.02364274E-03   4.02328698E-03  -8.84265100E-05
        1124   2.25000014E-03   4.02683811E-03   4.02648188E-03  -8.84719921E-05
        1125   2.25200015E-03   4.03003255E-03   4.02967585E-03  -8.85174304E-05
        1126   2.25400017E-03   4.03322652E-03   4.03286936E-03  -8.85628033E-05
        1127   2.25600018E-03   4.03642002E-03   4.03606286E-03  -8.84927285E-05
        1128   2.25800020E-03   4.03961260E-03   4.03925544E-03  -8.84227848E-05
        1129   2.26000021E-03   4.04280471E-03   4.04244661E-03  -8.85833651E-05
        1130   2.26200023E-03   4.04599635E-03   4.04563779E-03  -8.86285925E-05
        1131   2.26400024E-03   4.04918706E-03   4.04882897E-03  -8.84437250E-05
        1132   2.26600026E-03   4.05237731E-03   4.05201921E-03  -8.83740940E-05
        1133   2.26800027E-03   4.05556662E-03   4.05520806E-03  -8.84194305E-05
        1134   2.27000029E-03   4.05875547E-03   4.05839691E-03  -8.83499597E-05
        1135   2.27200030E-03   4.06194385E-03   4.06158436E-03  -8.85099216E-05
        1136   2.27400032E-03   4.06513130E-03   4.06477181E-03  -8.84405163E-05
        1137   2.27600033E-03   4.06831829E-03   4.06795833E-03  -8.84857072E-05
        1138   2.27800035E-03   4.07150481E-03   4.07114485E-03  -8.84164474E-05
        1139   2.28000036E-03   4.07469040E-03   4.07433044E-03  -8.83473185E-05
        1140   2.28200015E-03   4.07787552E-03   4.07751556E-03  -8.82783061E-05
        1141   2.28400016E-03   4.08106018E-03   4.08069976E-03  -8.83235407E-05
        1142   2.28600018E-03   4.08424390E-03   4.08388255E-03  -8.84827532E-05
        1143   2.28800019E-03   4.08742717E-03   4.08706535E-03  -8.85277768E-05
        1144   2.29000021E-03   4.09060949E-03   4.09024814E-03  -8.83450484E-05
        1145   2.29200022E-03   4.09379136E-03   4.09343001E-03  -8.82763707E-05
        1146   2.29400024E-03   4.09697276E-03   4.09661047E-03  -8.84351757E-05
        1147   2.29600025E-03   4.10015322E-03   4.09979094E-03  -8.83665780E-05
        1148   2.29800027E-03   4.10333322E-03   4.10297047E-03  -8.84115871E-05
        1149   2.30000028E-03   4.10651276E-03   4.10614954E-03  -8.84565452E-05
        1150   2.30200030E-03   4.10969136E-03   4.10932908E-03  -8.81614687E-05
        1151   2.30400031E-03   4.11286950E-03   4.11250582E-03  -8.84330584E-05
        1152   2.30600033E-03   4.11604671E-03   4.11568396E-03  -8.81384840E-05
        1153   2.30800034E-03   4.11922345E-03   4.11885977E-03  -8.82966342E-05
        1154   2.31000036E-03   4.12239973E-03   4.12203558E-03  -8.83415778E-05
        1155   2.31200014E-03   4.12557507E-03   4.12521092E-03  -8.82735767E-05
        1156   2.31400016E-03   4.12874995E-03   4.12838580E-03  -8.82056920E-05
        1157   2.31600017E-03   4.13192436E-03   4.13156021E-03  -8.81379237E-05
        1158   2.31800019E-03   4.13509784E-03   4.13473230E-03  -8.84081674E-05
        1159   2.32000020E-03   4.13827086E-03   4.13790578E-03  -8.82278327E-05
        1160   2.32200022E-03   4.14144341E-03   4.14107786E-03  -8.82726963E-05
        1161   2.32400023E-03   4.14461503E-03   4.14424902E-03  -8.83175162E-05
        1162   2.32600025E-03   4.14778618E-03   4.14741971E-03  -8.83622706E-05
        1163   2.32800026E-03   4.15095640E-03   4.15059086E-03  -8.80703810E-05
        1164   2.33000028E-03   4.15412616E-03   4.15376062E-03  -8.80031730E-05
        1165   2.33200029E-03   4.15729545E-03   4.15692898E-03  -8.81601372E-05
        1166   2.33400031E-03   4.16046381E-03   4.16009780E-03  -8.79810468E-05
        1167   2.33600033E-03   4.16363170E-03   4.16326523E-03  -8.80259613E-05
        1168   2.33800034E-03   4.16679913E-03   4.16643266E-03  -8.79590443E-05
        1169   2.34000036E-03   4.16996563E-03   4.16959869E-03  -8.80039370E-05
        1170   2.34200037E-03   4.17313166E-03   4.17276379E-03  -8.81603773E-05
        1171   2.34400015E-03   4.17629723E-03   4.17592982E-03  -8.79820218E-05
        1172   2.34600017E-03   4.17946186E-03   4.17909352E-03  -8.81382730E-05
        1173   2.34800018E-03   4.18262603E-03   4.18225769E-03  -8.80715888E-05
        1174   2.35000020E-03   4.18578973E-03   4.18542000E-03  -8.83388202E-05
        1175   2.35200021E-03   4.18895250E-03   4.18858277E-03  -8.82721142E-05
        1176   2.35400023E-03   4.19211481E-03   4.19174554E-03  -8.80944208E-05
        1177   2.35600024E-03   4.19527618E-03   4.19490691E-03  -8.80280350E-05
        1178   2.35800026E-03   4.19843709E-03   4.19806689E-03  -8.81836168E-05
        1179   2.36000028E-03   4.20159753E-03   4.20122733E-03  -8.81172818E-05
        1180   2.36200029E-03   4.20475705E-03   4.20438638E-03  -8.81618253E-05
        1181   2.36400031E-03   4.20791609E-03   4.20754543E-03  -8.80956359E-05
        1182   2.36600032E-03   4.21107467E-03   4.21070447E-03  -8.79189538E-05
        1183   2.36800034E-03   4.21423232E-03   4.21386119E-03  -8.80741063E-05
        1184   2.37000035E-03   4.21738951E-03   4.21701884E-03  -8.78977298E-05
        1185   2.37200037E-03   4.22054622E-03   4.22017463E-03  -8.80526859E-05
        1186   2.37400015E-03   4.22370201E-03   4.22332995E-03  -8.80971565E-05
        1187   2.37600016E-03   4.22685733E-03   4.22648527E-03  -8.80313892E-05
        1188   2.37800018E-03   4.23001219E-03   4.22963966E-03  -8.80758307E-05
        1189   2.38000019E-03   4.23316611E-03   4.23279265E-03  -8.82302484E-05
        1190   2.38200021E-03   4.23631957E-03   4.23594564E-03  -8.82745080E-05
        1191   2.38400022E-03   4.23947209E-03   4.23909910E-03  -8.79891450E-05
        1192   2.38600024E-03   4.24262416E-03   4.24225070E-03  -8.80335429E-05
        1193   2.38800026E-03   4.24577575E-03   4.24540276E-03  -8.78584906E-05
        1194   2.39000027E-03   4.24892642E-03   4.24855202E-03  -8.81221786E-05
        1195   2.39200029E-03   4.25207661E-03   4.25170315E-03  -8.78378269E-05
        1196   2.39400030E-03   4.25522635E-03   4.25485242E-03  -8.78822539E-05
        1197   2.39600032E-03   4.25837515E-03   4.25800076E-03  -8.79266372E-05
        1198   2.39800033E-03   4.26152349E-03   4.26114909E-03  -8.78616702E-05
        1199   2.40000035E-03   4.26467136E-03   4.26429603E-03  -8.80152293E-05
        1200   2.40200036E-03   4.26781829E-03   4.26744344E-03  -8.78411956E-05
        1201   2.40400038E-03   4.27096477E-03   4.27058944E-03  -8.78855280E-05
        1202   2.40600016E-03   4.27411078E-03   4.27373499E-03  -8.79298022E-05
        1203   2.40800017E-03   4.27725585E-03   4.27688006E-03  -8.78651408E-05
        1204   2.41000019E-03   4.28040046E-03   4.28002328E-03  -8.81270098E-05
        1205   2.41200021E-03   4.28354461E-03   4.28316835E-03  -8.78448554E-05
        1206   2.41400022E-03   4.28668782E-03   4.28631064E-03  -8.79977379E-05
        1207   2.41600024E-03   4.28983057E-03   4.28945292E-03  -8.80418374E-05
        1208   2.41800025E-03   4.29297239E-03   4.29259520E-03  -8.78689025E-05
        1209   2.42000027E-03   4.29611374E-03   4.29573655E-03  -8.78046485E-05
        1210   2.42200028E-03   4.29925462E-03   4.29887651E-03  -8.79571598E-05
        1211   2.42400030E-03   4.30239458E-03   4.30201646E-03  -8.78929641E-05
        1212   2.42600031E-03   4.30553406E-03   4.30515641E-03  -8.77206912E-05
        1213   2.42800033E-03   4.30867309E-03   4.30829497E-03  -8.77648708E-05
        1214   2.43000034E-03   4.31181118E-03   4.31143260E-03  -8.78090068E-05
        1215   2.43200036E-03   4.31494880E-03   4.31457022E-03  -8.77451530E-05
        1216   2.43400037E-03   4.31808596E-03   4.31770692E-03  -8.77892599E-05
        1217   2.43600016E-03   4.32122219E-03   4.32084315E-03  -8.77255370E-05
        1218   2.43800017E-03   4.32435796E-03   4.32397844E-03  -8.77696220E-05
        1219   2.44000019E-03   4.32749325E-03   4.32711374E-03  -8.77060229E-05
        1220   2.44200020E-03   4.33062762E-03   4.33024764E-03  -8.77500861E-05
        1221   2.44400022E-03   4.33376152E-03   4.33338154E-03  -8.76866252E-05
        1222   2.44600023E-03   4.33689496E-03   4.33651451E-03  -8.77306593E-05
        1223   2.44800025E-03   4.34002746E-03   4.33964701E-03  -8.76673294E-05
        1224   2.45000026E-03   4.34315950E-03   4.34277905E-03  -8.76041086E-05
        1225   2.45200028E-03   4.34629107E-03   4.34590923E-03  -8.78624560E-05
        1226   2.45400029E-03   4.34942171E-03   4.34903987E-03  -8.77992061E-05
        1227   2.45600031E-03   4.35255188E-03   4.35217004E-03  -8.77360580E-05
        1228   2.45800032E-03   4.35568159E-03   4.35529929E-03  -8.77799393E-05
        1229   2.46000034E-03   4.35881037E-03   4.35842760E-03  -8.78237770E-05
        1230   2.46200035E-03   4.36193869E-03   4.36155545E-03  -8.78675637E-05
        1231   2.46400037E-03   4.36506607E-03   4.36468376E-03  -8.75912083E-05
        1232   2.46600038E-03   4.36819298E-03   4.36781021E-03  -8.76351187E-05
        1233   2.46800017E-03   4.37131943E-03   4.37093619E-03  -8.76789854E-05
        1234   2.47000018E-03   4.37444495E-03   4.37406171E-03  -8.76163322E-05
        1235   2.47200020E-03   4.37757000E-03   4.37718630E-03  -8.76601698E-05
        1236   2.47400021E-03   4.38069459E-03   4.38031089E-03  -8.75976402E-05
        1237   2.47600023E-03   4.38381825E-03   4.38343408E-03  -8.76414633E-05
        1238   2.47800024E-03   4.38694144E-03   4.38655727E-03  -8.75790574E-05
        1239   2.48000026E-03   4.39006416E-03   4.38967953E-03  -8.76228514E-05
        1240   2.48200027E-03   4.39318595E-03   4.39280132E-03  -8.75605765E-05
        1241   2.48400029E-03   4.39630728E-03   4.39592218E-03  -8.76043487E-05
        1242   2.48600030E-03   4.39942814E-03   4.39904304E-03  -8.75421974E-05
        1243   2.48800032E-03   4.40254807E-03   4.40216297E-03  -8.74801481E-05
        1244   2.49000033E-03   4.40566754E-03   4.40528244E-03  -8.74182078E-05
        1245   2.49200035E-03   4.40878654E-03   4.40840097E-03  -8.74619946E-05
        1246   2.49400036E-03   4.41190461E-03   4.41151951E-03  -8.72946111E-05
        1247   2.49600038E-03   4.41502221E-03   4.41463571E-03  -8.75494370E-05
        1248   2.49800016E-03   4.41813935E-03   4.41775331E-03  -8.73822428E-05
        1249   2.50000018E-03   4.42125555E-03   4.42086905E-03  -8.74259931E-05
        1250   2.50200019E-03   4.42437129E-03   4.42398433E-03  -8.74696852E-05
        1251   2.50400021E-03   4.42748656E-03   4.42709913E-03  -8.75133337E-05
        1252   2.50600022E-03   4.43060091E-03   4.43021394E-03  -8.73466925E-05
        1253   2.50800024E-03   4.43371478E-03   4.43332782E-03  -8.72853416E-05
        1254   2.51000025E-03   4.43682820E-03   4.43644030E-03  -8.74340330E-05
        1255   2.51200027E-03   4.43994068E-03   4.43955278E-03  -8.73727331E-05
        1256   2.51400028E-03   4.44305269E-03   4.44266433E-03  -8.74163525E-05
        1257   2.51600030E-03   4.44616424E-03   4.44577588E-03  -8.73551689E-05
        1258   2.51800031E-03   4.44927486E-03   4.44888603E-03  -8.73987738E-05
        1259   2.52000033E-03   4.45238501E-03   4.45199618E-03  -8.73377139E-05
        1260   2.52200034E-03   4.45549469E-03   4.45510633E-03  -8.71722223E-05
        1261   2.52400036E-03   4.45860345E-03   4.45821416E-03  -8.73203535E-05
        1262   2.52600037E-03   4.46171174E-03   4.46132291E-03  -8.71551310E-05
        1263   2.52800039E-03   4.46481956E-03   4.46442934E-03  -8.74074030E-05
        1264   2.53000017E-03   4.46792645E-03   4.46753716E-03  -8.71381271E-05
        1265   2.53200019E-03   4.47103288E-03   4.47064266E-03  -8.72859237E-05
        1266   2.53400020E-03   4.47413884E-03   4.47374815E-03  -8.73294193E-05
        1267   2.53600022E-03   4.47724387E-03   4.47685365E-03  -8.71648226E-05
        1268   2.53800023E-03   4.48034843E-03   4.47995774E-03  -8.72083692E-05
        1269   2.54000025E-03   4.48345253E-03   4.48306091E-03  -8.73557510E-05
        1270   2.54200026E-03   4.48655570E-03   4.48616501E-03  -8.70877047E-05
        1271   2.54400028E-03   4.48965840E-03   4.48926678E-03  -8.72349920E-05
        1272   2.54600029E-03   4.49276064E-03   4.49236855E-03  -8.72784149E-05
        1273   2.54800031E-03   4.49586194E-03   4.49547032E-03  -8.71146112E-05
        1274   2.55000032E-03   4.49896278E-03   4.49857116E-03  -8.70545628E-05
        1275   2.55200034E-03   4.50206315E-03   4.50167060E-03  -8.72015080E-05
        1276   2.55400036E-03   4.50516259E-03   4.50477004E-03  -8.71415104E-05
        1277   2.55600037E-03   4.50826157E-03   4.50786809E-03  -8.72882229E-05
        1278   2.55800039E-03   4.51136008E-03   4.51096660E-03  -8.72282617E-05
        1279   2.56000040E-03   4.51445766E-03   4.51406464E-03  -8.70652439E-05
        1280   2.56200018E-03   4.51755477E-03   4.51716175E-03  -8.70055446E-05
        1281   2.56400020E-03   4.52065142E-03   4.52025747E-03  -8.71519951E-05
        1282   2.56600021E-03   4.52374713E-03   4.52335225E-03  -8.72982564E-05
        1283   2.56800023E-03   4.52684239E-03   4.52644797E-03  -8.71356751E-05
        1284   2.57000024E-03   4.52993717E-03   4.52954276E-03  -8.70761432E-05
        1285   2.57200026E-03   4.53303102E-03   4.53263614E-03  -8.71194497E-05
        1286   2.57400027E-03   4.53612441E-03   4.53573000E-03  -8.69573632E-05
        1287   2.57600029E-03   4.53921733E-03   4.53882199E-03  -8.71033117E-05
        1288   2.57800031E-03   4.54230933E-03   4.54191444E-03  -8.69414798E-05
        1289   2.58000032E-03   4.54540085E-03   4.54500550E-03  -8.69848081E-05
        1290   2.58200034E-03   4.54849191E-03   4.54809656E-03  -8.69256910E-05
        1291   2.58400035E-03   4.55158204E-03   4.55118669E-03  -8.68666684E-05
        1292   2.58600037E-03   4.55467170E-03   4.55427496E-03  -8.71145094E-05
        1293   2.58800038E-03   4.55776090E-03   4.55736509E-03  -8.68510833E-05
        1294   2.59000040E-03   4.56084916E-03   4.56045242E-03  -8.69965006E-05
        1295   2.59200018E-03   4.56393696E-03   4.56354022E-03  -8.69376381E-05
        1296   2.59400019E-03   4.56702430E-03   4.56662662E-03  -8.70828226E-05
        1297   2.59600021E-03   4.57011070E-03   4.56971396E-03  -8.68201896E-05
        1298   2.59800022E-03   4.57319664E-03   4.57279896E-03  -8.69652795E-05
        1299   2.60000024E-03   4.57628211E-03   4.57588444E-03  -8.69066425E-05
        1300   2.60200026E-03   4.57936665E-03   4.57896804E-03  -8.70515069E-05
        1301   2.60400027E-03   4.58245073E-03   4.58205212E-03  -8.69929136E-05
        1302   2.60600029E-03   4.58553433E-03   4.58513619E-03  -8.68328425E-05
        1303   2.60800030E-03   4.58861701E-03   4.58821887E-03  -8.67745039E-05
        1304   2.61000032E-03   4.59169922E-03   4.59130015E-03  -8.69191135E-05
        1305   2.61200033E-03   4.59478097E-03   4.59438190E-03  -8.68608113E-05
        1306   2.61400035E-03   4.59786179E-03   4.59746365E-03  -8.66000119E-05
        1307   2.61600036E-03   4.60094213E-03   4.60054260E-03  -8.68457064E-05
        1308   2.61800038E-03   4.60402202E-03   4.60362295E-03  -8.66864502E-05
        1309   2.62000039E-03   4.60710144E-03   4.60670236E-03  -8.66285045E-05
        1310   2.62200041E-03   4.61017992E-03   4.60978039E-03  -8.66716728E-05
        1311   2.62400019E-03   4.61325794E-03   4.61285841E-03  -8.66138435E-05
        1312   2.62600021E-03   4.61633550E-03   4.61593503E-03  -8.67578710E-05
        1313   2.62800022E-03   4.61941212E-03   4.61901166E-03  -8.67000854E-05
        1314   2.63000024E-03   4.62248828E-03   4.62208735E-03  -8.67431372E-05
        1315   2.63200025E-03   4.62556398E-03   4.62516304E-03  -8.66854534E-05
        1316   2.63400027E-03   4.62863874E-03   4.62823734E-03  -8.67284907E-05
        1317   2.63600028E-03   4.63171303E-03   4.63131070E-03  -8.68720308E-05
        1318   2.63800030E-03   4.63478686E-03   4.63438500E-03  -8.67139170E-05
        1319   2.64000031E-03   4.63785976E-03   4.63745696E-03  -8.68573043E-05
        1320   2.64200033E-03   4.64093219E-03   4.64052893E-03  -8.69001524E-05
        1321   2.64400034E-03   4.64400416E-03   4.64360090E-03  -8.68426650E-05
        1322   2.64600036E-03   4.64707520E-03   4.64667194E-03  -8.67852723E-05
        1323   2.64800037E-03   4.65014577E-03   4.64974251E-03  -8.67279596E-05
        1324   2.65000039E-03   4.65321587E-03   4.65281215E-03  -8.67708222E-05
        1325   2.65200040E-03   4.65628505E-03   4.65588178E-03  -8.66135961E-05
        1326   2.65400019E-03   4.65935376E-03   4.65895049E-03  -8.65565453E-05
        1327   2.65600020E-03   4.66242200E-03   4.66201780E-03  -8.66993651E-05
        1328   2.65800022E-03   4.66548931E-03   4.66508511E-03  -8.66423652E-05
        1329   2.66000023E-03   4.66855615E-03   4.66815243E-03  -8.64856775E-05
        1330   2.66200025E-03   4.67162253E-03   4.67121834E-03  -8.65286056E-05
        1331   2.66400026E-03   4.67468798E-03   4.67428332E-03  -8.65714901E-05
        1332   2.66600028E-03   4.67775296E-03   4.67734784E-03  -8.66143237E-05
        1333   2.66800029E-03   4.68081748E-03   4.68041282E-03  -8.64581161E-05
        1334   2.67000031E-03   4.68388153E-03   4.68347641E-03  -8.65009861E-05
        1335   2.67200032E-03   4.68694465E-03   4.68653906E-03  -8.65438196E-05
        1336   2.67400034E-03   4.69000731E-03   4.68960172E-03  -8.64873000E-05
        1337   2.67600035E-03   4.69306950E-03   4.69266297E-03  -8.66293412E-05
        1338   2.67800037E-03   4.69613075E-03   4.69572423E-03  -8.65728653E-05
        1339   2.68000038E-03   4.69919154E-03   4.69878409E-03  -8.67146955E-05
        1340   2.68200040E-03   4.70225187E-03   4.70184442E-03  -8.66582559E-05
        1341   2.68400041E-03   4.70531126E-03   4.70490428E-03  -8.65029215E-05
        1342   2.68600020E-03   4.70837019E-03   4.70796321E-03  -8.64467147E-05
        1343   2.68800021E-03   4.71142866E-03   4.71102120E-03  -8.64894464E-05
        1344   2.69000023E-03   4.71448619E-03   4.71407874E-03  -8.64333488E-05
        1345   2.69200024E-03   4.71754326E-03   4.71713534E-03  -8.64760586E-05
        1346   2.69400026E-03   4.72059986E-03   4.72019194E-03  -8.64200629E-05
        1347   2.69600027E-03   4.72365553E-03   4.72324714E-03  -8.64627509E-05
        1348   2.69800029E-03   4.72671073E-03   4.72630234E-03  -8.64068643E-05
        1349   2.70000030E-03   4.72976547E-03   4.72935662E-03  -8.64495232E-05
        1350   2.70200032E-03   4.73281974E-03   4.73241089E-03  -8.63937239E-05
        1351   2.70400033E-03   4.73587308E-03   4.73546376E-03  -8.64363610E-05
        1352   2.70600035E-03   4.73892596E-03   4.73851664E-03  -8.63806781E-05
        1353   2.70800036E-03   4.74197837E-03   4.74156858E-03  -8.64232861E-05
        1354   2.71000038E-03   4.74502984E-03   4.74462006E-03  -8.63677051E-05
        1355   2.71200039E-03   4.74808086E-03   4.74767061E-03  -8.64102913E-05
        1356   2.71400041E-03   4.75113140E-03   4.75072023E-03  -8.65508555E-05
        1357   2.71600019E-03   4.75418102E-03   4.75377077E-03  -8.62994057E-05
        1358   2.71800021E-03   4.75723017E-03   4.75681899E-03  -8.64398899E-05
        1359   2.72000022E-03   4.76027885E-03   4.75986721E-03  -8.64823669E-05
        1360   2.72200024E-03   4.76332661E-03   4.76291543E-03  -8.63292516E-05
        1361   2.72400025E-03   4.76637390E-03   4.76596225E-03  -8.63717651E-05
        1362   2.72600027E-03   4.76942072E-03   4.76900814E-03  -8.65118855E-05
        1363   2.72800028E-03   4.77246661E-03   4.77205496E-03  -8.62614907E-05
        1364   2.73000030E-03   4.77551203E-03   4.77509946E-03  -8.64015310E-05
        1365   2.73200031E-03   4.77855699E-03   4.77814442E-03  -8.63464666E-05
        1366   2.73400033E-03   4.78160148E-03   4.78118891E-03  -8.62914894E-05
        1367   2.73600034E-03   4.78464505E-03   4.78423247E-03  -8.62365923E-05
        1368   2.73800036E-03   4.78768814E-03   4.78727557E-03  -8.61817753E-05
        1369   2.74000037E-03   4.79073077E-03   4.79031773E-03  -8.62242523E-05
        1370   2.74200039E-03   4.79377247E-03   4.79335897E-03  -8.62666930E-05
        1371   2.74400041E-03   4.79681371E-03   4.79639973E-03  -8.63090900E-05
        1372   2.74600042E-03   4.79985448E-03   4.79944097E-03  -8.61573717E-05
        1373   2.74800020E-03   4.80289431E-03   4.80248081E-03  -8.61028384E-05
        1374   2.75000022E-03   4.80593368E-03   4.80551925E-03  -8.62422021E-05
        1375   2.75200023E-03   4.80897259E-03   4.80855815E-03  -8.61876979E-05
        1376   2.75400025E-03   4.81201056E-03   4.81159566E-03  -8.62300658E-05
        1377   2.75600026E-03   4.81504807E-03   4.81463317E-03  -8.61756635E-05
        1378   2.75800028E-03   4.81808512E-03   4.81767068E-03  -8.60246728E-05
        1379   2.76000029E-03   4.82112169E-03   4.82070539E-03  -8.63569003E-05
        1380   2.76200031E-03   4.82415734E-03   4.82374197E-03  -8.61094741E-05
        1381   2.76400032E-03   4.82719252E-03   4.82677668E-03  -8.61518056E-05
        1382   2.76600034E-03   4.83022723E-03   4.82981093E-03  -8.61940935E-05
        1383   2.76800035E-03   4.83326102E-03   4.83284472E-03  -8.61399894E-05
        1384   2.77000037E-03   4.83629433E-03   4.83587850E-03  -8.59896536E-05
        1385   2.77200039E-03   4.83932719E-03   4.83890995E-03  -8.62244851E-05
        1386   2.77400040E-03   4.84235911E-03   4.84194281E-03  -8.59781285E-05
        1387   2.77600042E-03   4.84539056E-03   4.84497426E-03  -8.59243373E-05
        1388   2.77800020E-03   4.84842155E-03   4.84800432E-03  -8.60627333E-05
        1389   2.78000021E-03   4.85145207E-03   4.85103484E-03  -8.60089713E-05
        1390   2.78200023E-03   4.85448167E-03   4.85406397E-03  -8.60512300E-05
        1391   2.78400024E-03   4.85751079E-03   4.85709310E-03  -8.59975626E-05
        1392   2.78600026E-03   4.86053945E-03   4.86012083E-03  -8.61356166E-05
        1393   2.78800027E-03   4.86356718E-03   4.86314902E-03  -8.59862266E-05
        1394   2.79000029E-03   4.86659445E-03   4.86617535E-03  -8.61241351E-05
        1395   2.79200030E-03   4.86962125E-03   4.86920215E-03  -8.60705986E-05
        1396   2.79400032E-03   4.87264711E-03   4.87222895E-03  -8.58259809E-05
        1397   2.79600034E-03   4.87567252E-03   4.87525342E-03  -8.59637657E-05
        1398   2.79800035E-03   4.87869745E-03   4.87827882E-03  -8.58150015E-05
        1399   2.80000037E-03   4.88172192E-03   4.88130189E-03  -8.60480432E-05
        1400   2.80200038E-03   4.88474546E-03   4.88432497E-03  -8.60901273E-05
        1401   2.80400040E-03   4.88776853E-03   4.88734851E-03  -8.59415886E-05
        1402   2.80600041E-03   4.89079114E-03   4.89037018E-03  -8.60789223E-05
        1403   2.80800043E-03   4.89381282E-03   4.89339232E-03  -8.59306019E-05
        1404   2.81000021E-03   4.89683403E-03   4.89641307E-03  -8.59726933E-05
        1405   2.81200022E-03   4.89985477E-03   4.89943381E-03  -8.59196807E-05
        1406   2.81400024E-03   4.90287459E-03   4.90245316E-03  -8.59617503E-05
        1407   2.81600025E-03   4.90589393E-03   4.90547298E-03  -8.58139101E-05
        1408   2.81800027E-03   4.90891282E-03   4.90849139E-03  -8.58560088E-05
        1409   2.82000029E-03   4.91193123E-03   4.91150981E-03  -8.58032436E-05
        1410   2.82200030E-03   4.91494872E-03   4.91452683E-03  -8.58453204E-05
        1411   2.82400032E-03   4.91796574E-03   4.91754385E-03  -8.57926498E-05
        1412   2.82600033E-03   4.92098229E-03   4.92055994E-03  -8.58346975E-05
        1413   2.82800035E-03   4.92399791E-03   4.92357602E-03  -8.56875413E-05
        1414   2.83000036E-03   4.92701307E-03   4.92659071E-03  -8.57296254E-05
        1415   2.83200038E-03   4.93002776E-03   4.92960447E-03  -8.58661369E-05
        1416   2.83400039E-03   4.93304199E-03   4.93261917E-03  -8.57192572E-05
        1417   2.83600041E-03   4.93605528E-03   4.93563153E-03  -8.58556305E-05
        1418   2.83800042E-03   4.93906811E-03   4.93864389E-03  -8.58975545E-05
        1419   2.84000020E-03   4.94208047E-03   4.94165625E-03  -8.58451895E-05
        1420   2.84200022E-03   4.94509190E-03   4.94466769E-03  -8.57929117E-05
        1421   2.84400024E-03   4.94810287E-03   4.94767912E-03  -8.56465776E-05
        1422   2.84600025E-03   4.95111337E-03   4.95068775E-03  -8.59707652E-05
        1423   2.84800027E-03   4.95412294E-03   4.95369779E-03  -8.58245257E-05
        1424   2.85000028E-03   4.95713204E-03   4.95670643E-03  -8.58663770E-05
        1425   2.85200030E-03   4.96014068E-03   4.95971553E-03  -8.57203922E-05
        1426   2.85400031E-03   4.96314885E-03   4.96272324E-03  -8.57622726E-05
        1427   2.85600033E-03   4.96615609E-03   4.96573094E-03  -8.56165498E-05
        1428   2.85800034E-03   4.96916287E-03   4.96873725E-03  -8.56584666E-05
        1429   2.86000036E-03   4.97216918E-03   4.97174263E-03  -8.57940104E-05
        1430   2.86200037E-03   4.97517455E-03   4.97474801E-03  -8.57421765E-05
        1431   2.86400039E-03   4.97817947E-03   4.97775292E-03  -8.56904226E-05
        1432   2.86600040E-03   4.98118391E-03   4.98075690E-03  -8.57322302E-05
        1433   2.86800042E-03   4.98418789E-03   4.98376135E-03  -8.55871112E-05
        1434   2.87000043E-03   4.98719094E-03   4.98676393E-03  -8.56289553E-05
        1435   2.87200022E-03   4.99019353E-03   4.98976558E-03  -8.57640916E-05
        1436   2.87400023E-03   4.99319565E-03   4.99276724E-03  -8.58057974E-05
        1437   2.87600025E-03   4.99619683E-03   4.99576936E-03  -8.55678154E-05
        1438   2.87800026E-03   4.99919755E-03   4.99876961E-03  -8.56096085E-05
        1439   2.88000028E-03   5.00219781E-03   5.00176894E-03  -8.57444757E-05
        1440   2.88200029E-03   5.00519760E-03   5.00476826E-03  -8.57861305E-05
        1441   2.88400031E-03   5.00819646E-03   5.00776758E-03  -8.56417610E-05
        1442   2.88600032E-03   5.01119485E-03   5.01076551E-03  -8.56834595E-05
        1443   2.88800034E-03   5.01419278E-03   5.01376251E-03  -8.58179919E-05
        1444   2.89000035E-03   5.01718977E-03   5.01675950E-03  -8.57667255E-05
        1445   2.89200037E-03   5.02018631E-03   5.01975650E-03  -8.56227489E-05
        1446   2.89400038E-03   5.02318237E-03   5.02275210E-03  -8.56643965E-05
        1447   2.89600040E-03   5.02617750E-03   5.02574677E-03  -8.57060077E-05
        1448   2.89800041E-03   5.02917217E-03   5.02874237E-03  -8.54697500E-05
        1449   2.90000043E-03   5.03216637E-03   5.03173564E-03  -8.56039987E-05
        1450   2.90200021E-03   5.03516011E-03   5.03472891E-03  -8.56455954E-05
        1451   2.90400023E-03   5.03815291E-03   5.03772125E-03  -8.56871557E-05
        1452   2.90600024E-03   5.04114525E-03   5.04071359E-03  -8.56362894E-05
        1453   2.90800026E-03   5.04413713E-03   5.04370546E-03  -8.55854887E-05
        1454   2.91000027E-03   5.04712807E-03   5.04669640E-03  -8.55347680E-05
        1455   2.91200029E-03   5.05011855E-03   5.04968641E-03  -8.55763356E-05
        1456   2.91400030E-03   5.05310856E-03   5.05267736E-03  -8.53413585E-05
        1457   2.91600032E-03   5.05609810E-03   5.05566597E-03  -8.54751270E-05
        1458   2.91800033E-03   5.05908672E-03   5.05865458E-03  -8.54246246E-05
        1459   2.92000035E-03   5.06207487E-03   5.06164320E-03  -8.52821904E-05
        1460   2.92200036E-03   5.06506255E-03   5.06463042E-03  -8.53238307E-05
        1461   2.92400038E-03   5.06804977E-03   5.06761670E-03  -8.54573300E-05
        1462   2.92600039E-03   5.07103605E-03   5.07060299E-03  -8.54070022E-05
        1463   2.92800041E-03   5.07402187E-03   5.07358788E-03  -8.55403196E-05
        1464   2.93000042E-03   5.07700723E-03   5.07657276E-03  -8.55817489E-05
        1465   2.93200044E-03   5.07999165E-03   5.07955765E-03  -8.54397877E-05
        1466   2.93400022E-03   5.08297561E-03   5.08254161E-03  -8.53896272E-05
        1467   2.93600024E-03   5.08595910E-03   5.08552417E-03  -8.55226754E-05
        1468   2.93800025E-03   5.08894213E-03   5.08850673E-03  -8.55640610E-05
        1469   2.94000027E-03   5.09192422E-03   5.09148929E-03  -8.54224782E-05
        1470   2.94200028E-03   5.09490585E-03   5.09447092E-03  -8.53724850E-05
        1471   2.94400030E-03   5.09788701E-03   5.09745115E-03  -8.55052785E-05
        1472   2.94600031E-03   5.10086725E-03   5.10043139E-03  -8.54553145E-05
        1473   2.94800033E-03   5.10384701E-03   5.10341162E-03  -8.53141682E-05
        1474   2.95000034E-03   5.10682631E-03   5.10639045E-03  -8.53555903E-05
        1475   2.95200036E-03   5.10980515E-03   5.10936836E-03  -8.54881218E-05
        1476   2.95400037E-03   5.11278305E-03   5.11234626E-03  -8.54383252E-05
        1477   2.95600039E-03   5.11576049E-03   5.11532417E-03  -8.52975500E-05
        1478   2.95800040E-03   5.11873746E-03   5.11830067E-03  -8.53389283E-05
        1479   2.96000042E-03   5.12171350E-03   5.12127625E-03  -8.53802703E-05
        1480   2.96200044E-03   5.12468908E-03   5.12425182E-03  -8.53306919E-05
        1481   2.96400022E-03   5.12766419E-03   5.12722740E-03  -8.51903460E-05
        1482   2.96600023E-03   5.13063883E-03   5.13020158E-03  -8.52317316E-05
        1483   2.96800025E-03   5.13361255E-03   5.13317436E-03  -8.53637976E-05
        1484   2.97000026E-03   5.13658579E-03   5.13614761E-03  -8.53143865E-05
        1485   2.97200028E-03   5.13955858E-03   5.13911946E-03  -8.54462705E-05
        1486   2.97400029E-03   5.14253089E-03   5.14209131E-03  -8.54874452E-05
        1487   2.97600031E-03   5.14550228E-03   5.14506316E-03  -8.53475649E-05
        1488   2.97800032E-03   5.14847320E-03   5.14803408E-03  -8.52983067E-05
        1489   2.98000034E-03   5.15144365E-03   5.15100453E-03  -8.52491212E-05
        1490   2.98200035E-03   5.15441317E-03   5.15397405E-03  -8.52000012E-05
        1491   2.98400037E-03   5.15738223E-03   5.15694264E-03  -8.52412559E-05
        1492   2.98600039E-03   5.16035082E-03   5.15991077E-03  -8.52824669E-05
        1493   2.98800040E-03   5.16331894E-03   5.16287889E-03  -8.52334342E-05
        1494   2.99000042E-03   5.16628614E-03   5.16584609E-03  -8.51844816E-05
        1495   2.99200043E-03   5.16925287E-03   5.16881235E-03  -8.52256853E-05
        1496   2.99400045E-03   5.17221913E-03   5.17177815E-03  -8.52668527E-05
        1497   2.99600023E-03   5.17518446E-03   5.17474394E-03  -8.51279983E-05
        1498   2.99800024E-03   5.17814932E-03   5.17770881E-03  -8.50792494E-05
        1499   3.00000026E-03   5.18111372E-03   5.18067228E-03  -8.52103476E-05
        1500   3.00200027E-03   5.18407766E-03   5.18363575E-03  -8.52514713E-05
        1501   3.00400029E-03   5.18704066E-03   5.18659921E-03  -8.51129807E-05
        1502   3.00600030E-03   5.19000320E-03   5.18956175E-03  -8.50643919E-05
        1503   3.00800032E-03   5.19296527E-03   5.19252289E-03  -8.51952354E-05
        1504   3.01000034E-03   5.19592687E-03   5.19548403E-03  -8.52363082E-05
        1505   3.01200035E-03   5.19888755E-03   5.19844517E-03  -8.50981814E-05
        1506   3.01400037E-03   5.20184776E-03   5.20140538E-03  -8.50497527E-05
        1507   3.01600038E-03   5.20480750E-03   5.20436373E-03  -8.52698286E-05
        1508   3.01800040E-03   5.20776631E-03   5.20732254E-03  -8.52213780E-05
        1509   3.02000041E-03   5.21072466E-03   5.21028135E-03  -8.50836077E-05
        1510   3.02200043E-03   5.21368254E-03   5.21323923E-03  -8.50353317E-05
        1511   3.02400044E-03   5.21663995E-03   5.21619665E-03  -8.49871212E-05
        1512   3.02600022E-03   5.21959644E-03   5.21915313E-03  -8.49389835E-05
        1513   3.02800024E-03   5.22255246E-03   5.22210822E-03  -8.50692595E-05
        1514   3.03000025E-03   5.22550801E-03   5.22506330E-03  -8.51102668E-05
        1515   3.03200027E-03   5.22846309E-03   5.22801885E-03  -8.49730786E-05
        1516   3.03400028E-03   5.23141725E-03   5.23097254E-03  -8.50141223E-05
        1517   3.03600030E-03   5.23437094E-03   5.23392670E-03  -8.48771670E-05
        1518   3.03800032E-03   5.23732416E-03   5.23687946E-03  -8.49182325E-05
        1519   3.04000033E-03   5.24027692E-03   5.23983128E-03  -8.50481301E-05
        1520   3.04200035E-03   5.24322875E-03   5.24278264E-03  -8.50890719E-05
        1521   3.04400036E-03   5.24618011E-03   5.24573447E-03  -8.49524222E-05
        1522   3.04600038E-03   5.24913101E-03   5.24868490E-03  -8.49933858E-05
        1523   3.04800039E-03   5.25208097E-03   5.25163533E-03  -8.48569689E-05
        1524   3.05000041E-03   5.25503047E-03   5.25458436E-03  -8.48979616E-05
        1525   3.05200042E-03   5.25797950E-03   5.25753247E-03  -8.50274955E-05
        1526   3.05400044E-03   5.26092807E-03   5.26048150E-03  -8.48913114E-05
        1527   3.05600045E-03   5.26387570E-03   5.26342867E-03  -8.49322460E-05
        1528   3.05800023E-03   5.26682287E-03   5.26637537E-03  -8.49731514E-05
        1529   3.06000025E-03   5.26976958E-03   5.26932208E-03  -8.49256321E-05
        1530   3.06200027E-03   5.27271582E-03   5.27226785E-03  -8.49665012E-05
        1531   3.06400028E-03   5.27566113E-03   5.27521363E-03  -8.48307827E-05
        1532   3.06600030E-03   5.27860597E-03   5.27815800E-03  -8.48716809E-05
        1533   3.06800031E-03   5.28155034E-03   5.28110238E-03  -8.48243653E-05
        1534   3.07000033E-03   5.28449425E-03   5.28404582E-03  -8.48652417E-05
        1535   3.07200034E-03   5.28743723E-03   5.28698787E-03  -8.49941716E-05
        1536   3.07400036E-03   5.29037975E-03   5.28993132E-03  -8.47708216E-05
        1537   3.07600037E-03   5.29332180E-03   5.29287197E-03  -8.49876596E-05
        1538   3.07800039E-03   5.29626291E-03   5.29581401E-03  -8.47645861E-05
        1539   3.08000040E-03   5.29920356E-03   5.29875373E-03  -8.48933196E-05
        1540   3.08200042E-03   5.30214375E-03   5.30169485E-03  -8.46705589E-05
        1541   3.08400043E-03   5.30508347E-03   5.30463317E-03  -8.48870113E-05
        1542   3.08600045E-03   5.30802226E-03   5.30757289E-03  -8.46645271E-05
        1543   3.08800023E-03   5.31096058E-03   5.31051029E-03  -8.47930714E-05
        1544   3.09000025E-03   5.31389844E-03   5.31344768E-03  -8.48338314E-05
        1545   3.09200026E-03   5.31683583E-03   5.31638507E-03  -8.47869596E-05
        1546   3.09400028E-03   5.31977229E-03   5.31932106E-03  -8.48277050E-05
        1547   3.09600029E-03   5.32270828E-03   5.32225706E-03  -8.47809060E-05
        1548   3.09800031E-03   5.32564381E-03   5.32519212E-03  -8.48216223E-05
        1549   3.10000032E-03   5.32857887E-03   5.32812718E-03  -8.47749034E-05
        1550   3.10200034E-03   5.33151301E-03   5.33106085E-03  -8.48155978E-05
        1551   3.10400035E-03   5.33444667E-03   5.33399452E-03  -8.47689516E-05
        1552   3.10600037E-03   5.33737987E-03   5.33692818E-03  -8.46351031E-05
        1553   3.10800038E-03   5.34031261E-03   5.33985952E-03  -8.48502532E-05
        1554   3.11000040E-03   5.34324441E-03   5.34279225E-03  -8.46293624E-05
        1555   3.11200041E-03   5.34617575E-03   5.34572359E-03  -8.45829563E-05
        1556   3.11400043E-03   5.34910662E-03   5.34865353E-03  -8.47107440E-05
        1557   3.11600044E-03   5.35203703E-03   5.35158394E-03  -8.46643597E-05
        1558   3.11800046E-03   5.35496650E-03   5.35451295E-03  -8.47050105E-05
        1559   3.12000024E-03   5.35789551E-03   5.35744196E-03  -8.46587063E-05
        1560   3.12200026E-03   5.36082406E-03   5.36036957E-03  -8.47862102E-05
        1561   3.12400027E-03   5.36375167E-03   5.36329718E-03  -8.47399278E-05
        1562   3.12600029E-03   5.36667882E-03   5.36622526E-03  -8.45201357E-05
        1563   3.12800030E-03   5.36960550E-03   5.36915194E-03  -8.44740644E-05
        1564   3.13000032E-03   5.37253171E-03   5.37207723E-03  -8.46014300E-05
        1565   3.13200033E-03   5.37545700E-03   5.37500251E-03  -8.45553877E-05
        1566   3.13400035E-03   5.37838181E-03   5.37792686E-03  -8.45959948E-05
        1567   3.13600036E-03   5.38130617E-03   5.38085075E-03  -8.46365656E-05
        1568   3.13800038E-03   5.38423005E-03   5.38377371E-03  -8.47636038E-05
        1569   3.14000039E-03   5.38715301E-03   5.38669713E-03  -8.46311523E-05
        1570   3.14200041E-03   5.39007550E-03   5.38962008E-03  -8.44988608E-05
        1571   3.14400042E-03   5.39299753E-03   5.39254164E-03  -8.45394316E-05
        1572   3.14600044E-03   5.39591908E-03   5.39546227E-03  -8.46662806E-05
        1573   3.14800045E-03   5.39883971E-03   5.39838430E-03  -8.43616726E-05
        1574   3.15000024E-03   5.40175987E-03   5.40130353E-03  -8.44885071E-05
        1575   3.15200025E-03   5.40467957E-03   5.40422322E-03  -8.44428578E-05
        1576   3.15400027E-03   5.40759880E-03   5.40714152E-03  -8.45695249E-05
        1577   3.15600028E-03   5.41051710E-03   5.41005936E-03  -8.46099865E-05
        1578   3.15800030E-03   5.41343493E-03   5.41297765E-03  -8.44783426E-05
        1579   3.16000031E-03   5.41635230E-03   5.41589502E-03  -8.44328388E-05
        1580   3.16200033E-03   5.41926920E-03   5.41881192E-03  -8.43873859E-05
        1581   3.16400034E-03   5.42218518E-03   5.42172790E-03  -8.43419984E-05
        1582   3.16600036E-03   5.42510068E-03   5.42464247E-03  -8.44683673E-05
        1583   3.16800037E-03   5.42801572E-03   5.42755844E-03  -8.42513982E-05
        1584   3.17000039E-03   5.43093029E-03   5.43047162E-03  -8.44634487E-05
        1585   3.17200040E-03   5.43384394E-03   5.43338526E-03  -8.44181559E-05
        1586   3.17400042E-03   5.43675711E-03   5.43629890E-03  -8.42872541E-05
        1587   3.17600043E-03   5.43966983E-03   5.43921115E-03  -8.43277376E-05
        1588   3.17800045E-03   5.44258207E-03   5.44212339E-03  -8.42826121E-05
        1589   3.18000047E-03   5.44549339E-03   5.44503424E-03  -8.43230737E-05
        1590   3.18200025E-03   5.44840423E-03   5.44794416E-03  -8.44489841E-05
        1591   3.18400026E-03   5.45131462E-03   5.45085408E-03  -8.44893293E-05
        1592   3.18600028E-03   5.45422453E-03   5.45376400E-03  -8.44442475E-05
        1593   3.18800029E-03   5.45713352E-03   5.45667298E-03  -8.43992311E-05
        1594   3.19000031E-03   5.46004204E-03   5.45958150E-03  -8.43542730E-05
        1595   3.19200032E-03   5.46295010E-03   5.46248909E-03  -8.43946182E-05
        1596   3.19400034E-03   5.46585768E-03   5.46539668E-03  -8.43497182E-05
        1597   3.19600035E-03   5.46876434E-03   5.46830287E-03  -8.43900489E-05
        1598   3.19800037E-03   5.47167053E-03   5.47120906E-03  -8.43452217E-05
        1599   3.20000038E-03   5.47457626E-03   5.47411526E-03  -8.42153750E-05
        1600   3.20200040E-03   5.47748152E-03   5.47701959E-03  -8.43407615E-05
        1601   3.20400042E-03   5.48038585E-03   5.47992438E-03  -8.42110749E-05
        1602   3.20600043E-03   5.48328971E-03   5.48282871E-03  -8.40815410E-05
        1603   3.20800045E-03   5.48619311E-03   5.48573118E-03  -8.42068257E-05
        1604   3.21000046E-03   5.48909605E-03   5.48863411E-03  -8.41622896E-05
        1605   3.21200024E-03   5.49199805E-03   5.49153564E-03  -8.42026129E-05
        1606   3.21400026E-03   5.49489958E-03   5.49443718E-03  -8.41581495E-05
        1607   3.21600027E-03   5.49780065E-03   5.49733732E-03  -8.42831651E-05
        1608   3.21800029E-03   5.50070126E-03   5.50023792E-03  -8.42387162E-05
        1609   3.22000030E-03   5.50360093E-03   5.50313713E-03  -8.42789523E-05
        1610   3.22200032E-03   5.50650014E-03   5.50603634E-03  -8.42345762E-05
        1611   3.22400033E-03   5.50939888E-03   5.50893554E-03  -8.41057190E-05
        1612   3.22600035E-03   5.51229715E-03   5.51183335E-03  -8.41459841E-05
        1613   3.22800037E-03   5.51519450E-03   5.51473023E-03  -8.41862202E-05
        1614   3.23000038E-03   5.51809138E-03   5.51762665E-03  -8.42264271E-05
        1615   3.23200040E-03   5.52098779E-03   5.52052353E-03  -8.40978755E-05
        1616   3.23400041E-03   5.52388374E-03   5.52341947E-03  -8.40537832E-05
        1617   3.23600043E-03   5.52677875E-03   5.52631356E-03  -8.41782894E-05
        1618   3.23800044E-03   5.52967330E-03   5.52920811E-03  -8.41342262E-05
        1619   3.24000046E-03   5.53256739E-03   5.53210266E-03  -8.40060238E-05
        1620   3.24200047E-03   5.53546101E-03   5.53499581E-03  -8.40462453E-05
        1621   3.24400025E-03   5.53835370E-03   5.53788897E-03  -8.39182539E-05
        1622   3.24600027E-03   5.54124592E-03   5.54078072E-03  -8.39584973E-05
        1623   3.24800028E-03   5.54413768E-03   5.54367155E-03  -8.40827124E-05
        1624   3.25000030E-03   5.54702897E-03   5.54656237E-03  -8.41228466E-05
        1625   3.25200032E-03   5.54991979E-03   5.54945320E-03  -8.40790235E-05
        1626   3.25400033E-03   5.55280969E-03   5.55234309E-03  -8.40352659E-05
        1627   3.25600035E-03   5.55569911E-03   5.55523252E-03  -8.39915519E-05
        1628   3.25800036E-03   5.55858808E-03   5.55812102E-03  -8.40316861E-05
        1629   3.26000038E-03   5.56147657E-03   5.56100952E-03  -8.39880377E-05
        1630   3.26200039E-03   5.56436414E-03   5.56389662E-03  -8.40281500E-05
        1631   3.26400041E-03   5.56725124E-03   5.56678418E-03  -8.39009153E-05
        1632   3.26600042E-03   5.57013787E-03   5.56966988E-03  -8.40246576E-05
        1633   3.26800044E-03   5.57302404E-03   5.57255605E-03  -8.39811401E-05
        1634   3.27000045E-03   5.57590928E-03   5.57544082E-03  -8.40212015E-05
        1635   3.27200047E-03   5.57879405E-03   5.57832606E-03  -8.38942724E-05
        1636   3.27400025E-03   5.58167836E-03   5.58120944E-03  -8.40177963E-05
        1637   3.27600027E-03   5.58456220E-03   5.58409328E-03  -8.39744025E-05
        1638   3.27800028E-03   5.58744511E-03   5.58697572E-03  -8.40144276E-05
        1639   3.28000030E-03   5.59032755E-03   5.58985816E-03  -8.39711065E-05
        1640   3.28200031E-03   5.59320953E-03   5.59273968E-03  -8.40111024E-05
        1641   3.28400033E-03   5.59609104E-03   5.59562072E-03  -8.40510693E-05
        1642   3.28600034E-03   5.59897162E-03   5.59850223E-03  -8.38414562E-05
        1643   3.28800036E-03   5.60185174E-03   5.60138235E-03  -8.37983462E-05
        1644   3.29000037E-03   5.60473138E-03   5.60426107E-03  -8.39214845E-05
        1645   3.29200039E-03   5.60761057E-03   5.60713978E-03  -8.39614440E-05
        1646   3.29400040E-03   5.61048882E-03   5.61001897E-03  -8.37523476E-05
        1647   3.29600042E-03   5.61336661E-03   5.61289676E-03  -8.37094049E-05
        1648   3.29800043E-03   5.61624393E-03   5.61577315E-03  -8.38323685E-05
        1649   3.30000045E-03   5.61912078E-03   5.61864953E-03  -8.38723281E-05
        1650   3.30200046E-03   5.62199717E-03   5.62152592E-03  -8.38294145E-05
        1651   3.30400048E-03   5.62487263E-03   5.62440138E-03  -8.37865591E-05
        1652   3.30600026E-03   5.62774763E-03   5.62727544E-03  -8.39092681E-05
        1653   3.30800028E-03   5.63062215E-03   5.63014951E-03  -8.39491404E-05
        1654   3.31000029E-03   5.63349621E-03   5.63302403E-03  -8.38236374E-05
        1655   3.31200031E-03   5.63636934E-03   5.63589670E-03  -8.38635315E-05
        1656   3.31400032E-03   5.63924201E-03   5.63876983E-03  -8.37382177E-05
        1657   3.31600034E-03   5.64211421E-03   5.64164156E-03  -8.37781336E-05
        1658   3.31800035E-03   5.64498594E-03   5.64451329E-03  -8.37355110E-05
        1659   3.32000037E-03   5.64785674E-03   5.64738363E-03  -8.37754051E-05
        1660   3.32200038E-03   5.65072708E-03   5.65025443E-03  -8.36504259E-05
        1661   3.32400040E-03   5.65359695E-03   5.65312384E-03  -8.36903419E-05
        1662   3.32600041E-03   5.65646635E-03   5.65599324E-03  -8.36478866E-05
        1663   3.32800043E-03   5.65933529E-03   5.65886125E-03  -8.37700645E-05
        1664   3.33000044E-03   5.66220330E-03   5.66172926E-03  -8.37276311E-05
        1665   3.33200046E-03   5.66507084E-03   5.66459633E-03  -8.37674597E-05
        1666   3.33400047E-03   5.66793792E-03   5.66746341E-03  -8.37250846E-05
        1667   3.33600026E-03   5.67080453E-03   5.67032909E-03  -8.38470150E-05
        1668   3.33800027E-03   5.67367021E-03   5.67319477E-03  -8.38046617E-05
        1669   3.34000029E-03   5.67653542E-03   5.67606091E-03  -8.35982646E-05
        1670   3.34200030E-03   5.67940017E-03   5.67892520E-03  -8.36381005E-05
        1671   3.34400032E-03   5.68226445E-03   5.68178901E-03  -8.36779000E-05
        1672   3.34600033E-03   5.68512781E-03   5.68465237E-03  -8.36357503E-05
        1673   3.34800035E-03   5.68799069E-03   5.68751432E-03  -8.37574116E-05
        1674   3.35000036E-03   5.69085311E-03   5.69037674E-03  -8.37152838E-05
        1675   3.35200038E-03   5.69371507E-03   5.69323869E-03  -8.36731997E-05
        1676   3.35400039E-03   5.69657655E-03   5.69609972E-03  -8.37129264E-05
        1677   3.35600041E-03   5.69943711E-03   5.69896074E-03  -8.35891842E-05
        1678   3.35800042E-03   5.70229720E-03   5.70182083E-03  -8.35472601E-05
        1679   3.36000044E-03   5.70515683E-03   5.70467953E-03  -8.36686449E-05
        1680   3.36200045E-03   5.70801599E-03   5.70753822E-03  -8.37083280E-05
        1681   3.36400047E-03   5.71087422E-03   5.71039645E-03  -8.36664258E-05
        1682   3.36600048E-03   5.71373198E-03   5.71325421E-03  -8.36245817E-05
        1683   3.36800027E-03   5.71658928E-03   5.71611151E-03  -8.35827814E-05
        1684   3.37000028E-03   5.71944611E-03   5.71896788E-03  -8.36224572E-05
        1685   3.37200030E-03   5.72230201E-03   5.72182424E-03  -8.34993261E-05
        1686   3.37400031E-03   5.72515745E-03   5.72467921E-03  -8.35390310E-05
        1687   3.37600033E-03   5.72801242E-03   5.72753418E-03  -8.34973907E-05
        1688   3.37800034E-03   5.73086692E-03   5.73038822E-03  -8.35370665E-05
        1689   3.38000036E-03   5.73372096E-03   5.73324179E-03  -8.35767059E-05
        1690   3.38200037E-03   5.73657406E-03   5.73609443E-03  -8.36163235E-05
        1691   3.38400039E-03   5.73942671E-03   5.73894707E-03  -8.35747633E-05
        1692   3.38600040E-03   5.74227888E-03   5.74179878E-03  -8.36143518E-05
        1693   3.38800042E-03   5.74513059E-03   5.74465003E-03  -8.36539111E-05
        1694   3.39000043E-03   5.74798137E-03   5.74750174E-03  -8.34503662E-05
        1695   3.39200045E-03   5.75083168E-03   5.75035205E-03  -8.34090024E-05
        1696   3.39400047E-03   5.75368153E-03   5.75320097E-03  -8.35295796E-05
        1697   3.39600048E-03   5.75653091E-03   5.75605035E-03  -8.34882303E-05
        1698   3.39800026E-03   5.75937983E-03   5.75889926E-03  -8.34469247E-05
        1699   3.40000028E-03   5.76222781E-03   5.76174585E-03  -8.36481559E-05
        1700   3.40200029E-03   5.76507533E-03   5.76459384E-03  -8.35260507E-05
        1701   3.40400031E-03   5.76792238E-03   5.76744089E-03  -8.34848179E-05
        1702   3.40600032E-03   5.77076897E-03   5.77028748E-03  -8.34436360E-05
        1703   3.40800034E-03   5.77361463E-03   5.77313313E-03  -8.34025050E-05
        1704   3.41000035E-03   5.77645982E-03   5.77597832E-03  -8.33614249E-05
        1705   3.41200037E-03   5.77930454E-03   5.77882258E-03  -8.34009770E-05
        1706   3.41400038E-03   5.78214880E-03   5.78166591E-03  -8.35210376E-05
        1707   3.41600040E-03   5.78499259E-03   5.78451017E-03  -8.33994709E-05
        1708   3.41800041E-03   5.78783546E-03   5.78735210E-03  -8.35194442E-05
        1709   3.42000043E-03   5.79067785E-03   5.79019543E-03  -8.33175873E-05
        1710   3.42200045E-03   5.79351978E-03   5.79303596E-03  -8.35178798E-05
        1711   3.42400046E-03   5.79636125E-03   5.79587789E-03  -8.33965823E-05
        1712   3.42600048E-03   5.79920178E-03   5.79871750E-03  -8.35163519E-05
        1713   3.42800049E-03   5.80204185E-03   5.80155849E-03  -8.33149243E-05
        1714   3.43000027E-03   5.80488145E-03   5.80439810E-03  -8.32741644E-05
        1715   3.43200029E-03   5.80772059E-03   5.80723630E-03  -8.33938393E-05
        1716   3.43400030E-03   5.81055926E-03   5.81007451E-03  -8.34332532E-05
        1717   3.43600032E-03   5.81339700E-03   5.81291178E-03  -8.34726379E-05
        1718   3.43800033E-03   5.81623428E-03   5.81574906E-03  -8.34319144E-05
        1719   3.44000035E-03   5.81907108E-03   5.81858633E-03  -8.33111990E-05
        1720   3.44200036E-03   5.82190743E-03   5.82142221E-03  -8.33506056E-05
        1721   3.44400038E-03   5.82474284E-03   5.82425715E-03  -8.33899830E-05
        1722   3.44600040E-03   5.82757778E-03   5.82709163E-03  -8.34293387E-05
        1723   3.44800041E-03   5.83041226E-03   5.82992658E-03  -8.33088925E-05
        1724   3.45000043E-03   5.83324628E-03   5.83276013E-03  -8.33482554E-05
        1725   3.45200044E-03   5.83607983E-03   5.83559368E-03  -8.33077866E-05
        1726   3.45400046E-03   5.83891245E-03   5.83842630E-03  -8.32673686E-05
        1727   3.45600047E-03   5.84174460E-03   5.84125845E-03  -8.32269943E-05
        1728   3.45800049E-03   5.84457628E-03   5.84408967E-03  -8.32663573E-05
        1729   3.46000027E-03   5.84740750E-03   5.84691996E-03  -8.33853337E-05
        1730   3.46200028E-03   5.85023779E-03   5.84975118E-03  -8.31857687E-05
        1731   3.46400030E-03   5.85306762E-03   5.85258100E-03  -8.31455473E-05
        1732   3.46600031E-03   5.85589698E-03   5.85540989E-03  -8.31849029E-05
        1733   3.46800033E-03   5.85872587E-03   5.85823739E-03  -8.33832164E-05
        1734   3.47000035E-03   5.86155429E-03   5.86106628E-03  -8.32635269E-05
        1735   3.47200036E-03   5.86438179E-03   5.86389424E-03  -8.31439538E-05
        1736   3.47400038E-03   5.86720882E-03   5.86672034E-03  -8.32626538E-05
        1737   3.47600039E-03   5.87003538E-03   5.86954691E-03  -8.32225560E-05
        1738   3.47800041E-03   5.87286148E-03   5.87237347E-03  -8.31032012E-05
        1739   3.48000042E-03   5.87568711E-03   5.87519864E-03  -8.31424986E-05
        1740   3.48200044E-03   5.87851182E-03   5.87802287E-03  -8.31817742E-05
        1741   3.48400045E-03   5.88133605E-03   5.88084664E-03  -8.32210135E-05
        1742   3.48600047E-03   5.88415982E-03   5.88367088E-03  -8.31019206E-05
        1743   3.48800048E-03   5.88698313E-03   5.88649372E-03  -8.31411744E-05
        1744   3.49000050E-03   5.88980550E-03   5.88931656E-03  -8.30222561E-05
        1745   3.49200028E-03   5.89262741E-03   5.89213846E-03  -8.29824930E-05
        1746   3.49400030E-03   5.89544885E-03   5.89495897E-03  -8.31007783E-05
        1747   3.49600031E-03   5.89826982E-03   5.89777948E-03  -8.31399884E-05
        1748   3.49800033E-03   5.90109034E-03   5.90059999E-03  -8.31002471E-05
        1749   3.50000034E-03   5.90390991E-03   5.90342050E-03  -8.29027849E-05
        1750   3.50200036E-03   5.90672903E-03   5.90623822E-03  -8.30997596E-05
        1751   3.50400037E-03   5.90954768E-03   5.90905780E-03  -8.29025012E-05
        1752   3.50600039E-03   5.91236586E-03   5.91187458E-03  -8.30993013E-05
        1753   3.50800040E-03   5.91518357E-03   5.91469277E-03  -8.29809796E-05
        1754   3.51000042E-03   5.91800036E-03   5.91750955E-03  -8.29414785E-05
        1755   3.51200043E-03   5.92081668E-03   5.92032541E-03  -8.29806886E-05
        1756   3.51400045E-03   5.92363253E-03   5.92314126E-03  -8.29412384E-05
        1757   3.51600046E-03   5.92644792E-03   5.92595572E-03  -8.30590070E-05
        1758   3.51800048E-03   5.92926284E-03   5.92877157E-03  -8.28624688E-05
        1759   3.52000049E-03   5.93207683E-03   5.93158463E-03  -8.29801866E-05
        1760   3.52200028E-03   5.93489036E-03   5.93439816E-03  -8.29408455E-05
        1761   3.52400029E-03   5.93770342E-03   5.93721028E-03  -8.30584177E-05
        1762   3.52600031E-03   5.94051601E-03   5.94002334E-03  -8.29406927E-05
        1763   3.52800032E-03   5.94332814E-03   5.94283454E-03  -8.30581703E-05
        1764   3.53000034E-03   5.94613934E-03   5.94564527E-03  -8.30972276E-05
        1765   3.53200035E-03   5.94895007E-03   5.94845647E-03  -8.29796700E-05
        1766   3.53400037E-03   5.95176034E-03   5.95126627E-03  -8.30187419E-05
        1767   3.53600038E-03   5.95457014E-03   5.95407607E-03  -8.29795608E-05
        1768   3.53800040E-03   5.95737901E-03   5.95688587E-03  -8.27840777E-05
        1769   3.54000041E-03   5.96018741E-03   5.95969288E-03  -8.29794953E-05
        1770   3.54200043E-03   5.96299535E-03   5.96250175E-03  -8.27842014E-05
        1771   3.54400044E-03   5.96580282E-03   5.96530922E-03  -8.27452459E-05
        1772   3.54600046E-03   5.96860982E-03   5.96811529E-03  -8.28623888E-05
        1773   3.54800047E-03   5.97141590E-03   5.97092137E-03  -8.28234479E-05
        1774   3.55000049E-03   5.97422151E-03   5.97372651E-03  -8.28625052E-05
        1775   3.55200050E-03   5.97702665E-03   5.97653119E-03  -8.29015335E-05
        1776   3.55400029E-03   5.97983133E-03   5.97933633E-03  -8.27847616E-05
        1777   3.55600030E-03   5.98263554E-03   5.98214008E-03  -8.28238044E-05
        1778   3.55800032E-03   5.98543882E-03   5.98494289E-03  -8.28628254E-05
        1779   3.56000033E-03   5.98824164E-03   5.98774524E-03  -8.29018099E-05
        1780   3.56200035E-03   5.99104399E-03   5.99054806E-03  -8.27852928E-05
        1781   3.56400036E-03   5.99384587E-03   5.99334948E-03  -8.28242919E-05
        1782   3.56600038E-03   5.99664729E-03   5.99615090E-03  -8.27855984E-05
        1783   3.56800039E-03   5.99944778E-03   5.99895092E-03  -8.28245829E-05
        1784   3.57000041E-03   6.00224780E-03   6.00175140E-03  -8.27083495E-05
        1785   3.57200042E-03   6.00504735E-03   6.00455049E-03  -8.27473414E-05
        1786   3.57400044E-03   6.00784644E-03   6.00734958E-03  -8.27087861E-05
        1787   3.57600045E-03   6.01064507E-03   6.01014821E-03  -8.26702744E-05
        1788   3.57800047E-03   6.01344276E-03   6.01294497E-03  -8.27867043E-05
        1789   3.58000048E-03   6.01623999E-03   6.01574266E-03  -8.26707983E-05
        1790   3.58200050E-03   6.01903675E-03   6.01853942E-03  -8.26323812E-05
        1791   3.58400028E-03   6.02183305E-03   6.02133479E-03  -8.27486947E-05
        1792   3.58600030E-03   6.02462888E-03   6.02413062E-03  -8.27102849E-05
        1793   3.58800031E-03   6.02742378E-03   6.02692598E-03  -8.25946627E-05
        1794   3.59000033E-03   6.03021821E-03   6.02971995E-03  -8.26336181E-05
        1795   3.59200034E-03   6.03301218E-03   6.03251345E-03  -8.26725445E-05
        1796   3.59400036E-03   6.03580568E-03   6.03530649E-03  -8.27114418E-05
        1797   3.59600037E-03   6.03859872E-03   6.03809953E-03  -8.26731848E-05
        1798   3.59800039E-03   6.04139082E-03   6.04089117E-03  -8.27120602E-05
        1799   3.60000040E-03   6.04418246E-03   6.04368327E-03  -8.25968018E-05
        1800   3.60200042E-03   6.04697363E-03   6.04647398E-03  -8.26356918E-05
        1801   3.60400043E-03   6.04976434E-03   6.04926469E-03  -8.25975731E-05
        1802   3.60600045E-03   6.05255459E-03   6.05205400E-03  -8.27133845E-05
        1803   3.60800046E-03   6.05534390E-03   6.05484331E-03  -8.26752803E-05
        1804   3.61000048E-03   6.05813274E-03   6.05763309E-03  -8.24834642E-05
        1805   3.61200050E-03   6.06092112E-03   6.06042147E-03  -8.24455128E-05
        1806   3.61400051E-03   6.06370904E-03   6.06320845E-03  -8.25612224E-05
        1807   3.61600029E-03   6.06649648E-03   6.06599543E-03  -8.26000542E-05
        1808   3.61800031E-03   6.06928300E-03   6.06878148E-03  -8.26388641E-05
        1809   3.62000032E-03   6.07206905E-03   6.07156754E-03  -8.26009418E-05
        1810   3.62200034E-03   6.07485464E-03   6.07435312E-03  -8.25630632E-05
        1811   3.62400035E-03   6.07763976E-03   6.07713824E-03  -8.25252282E-05
        1812   3.62600037E-03   6.08042441E-03   6.07992290E-03  -8.24874296E-05
        1813   3.62800038E-03   6.08320814E-03   6.08270615E-03  -8.25262396E-05
        1814   3.63000040E-03   6.08599139E-03   6.08548848E-03  -8.26415489E-05
        1815   3.63200041E-03   6.08877419E-03   6.08827220E-03  -8.24507952E-05
        1816   3.63400043E-03   6.09155651E-03   6.09105313E-03  -8.26425021E-05
        1817   3.63600045E-03   6.09433837E-03   6.09383592E-03  -8.24519302E-05
        1818   3.63800046E-03   6.09711930E-03   6.09661685E-03  -8.24143208E-05
        1819   3.64000048E-03   6.09989977E-03   6.09939685E-03  -8.24531016E-05
        1820   3.64200049E-03   6.10267976E-03   6.10217685E-03  -8.24155359E-05
        1821   3.64400051E-03   6.10545930E-03   6.10495545E-03  -8.25305833E-05
        1822   3.64600052E-03   6.10823836E-03   6.10773452E-03  -8.24930248E-05
        1823   3.64800030E-03   6.11101650E-03   6.11051312E-03  -8.23793089E-05
        1824   3.65000032E-03   6.11379417E-03   6.11329079E-03  -8.23418814E-05
        1825   3.65200033E-03   6.11657137E-03   6.11606706E-03  -8.24567760E-05
        1826   3.65400035E-03   6.11934811E-03   6.11884333E-03  -8.24954695E-05
        1827   3.65600036E-03   6.12212438E-03   6.12161960E-03  -8.24580566E-05
        1828   3.65800038E-03   6.12490019E-03   6.12439495E-03  -8.24967210E-05
        1829   3.66000040E-03   6.12767506E-03   6.12717029E-03  -8.23833543E-05
        1830   3.66200041E-03   6.13044947E-03   6.12994423E-03  -8.24220406E-05
        1831   3.66400043E-03   6.13322342E-03   6.13271818E-03  -8.23847586E-05
        1832   3.66600044E-03   6.13599690E-03   6.13549212E-03  -8.22716102E-05
        1833   3.66800046E-03   6.13876991E-03   6.13826374E-03  -8.24620511E-05
        1834   3.67000047E-03   6.14154199E-03   6.14103535E-03  -8.25006646E-05
        1835   3.67200049E-03   6.14431361E-03   6.14380697E-03  -8.24634408E-05
        1836   3.67400050E-03   6.14708476E-03   6.14657858E-03  -8.23505034E-05
        1837   3.67600052E-03   6.14985544E-03   6.14934927E-03  -8.23133960E-05
        1838   3.67800030E-03   6.15262566E-03   6.15211949E-03  -8.22763323E-05
        1839   3.68000031E-03   6.15539495E-03   6.15488738E-03  -8.24663002E-05
        1840   3.68200033E-03   6.15816377E-03   6.15765667E-03  -8.23535884E-05
        1841   3.68400034E-03   6.16093213E-03   6.16042502E-03  -8.23165828E-05
        1842   3.68600036E-03   6.16370002E-03   6.16319291E-03  -8.22796137E-05
        1843   3.68800038E-03   6.16646744E-03   6.16595987E-03  -8.23182127E-05
        1844   3.69000039E-03   6.16923394E-03   6.16872637E-03  -8.22812945E-05
        1845   3.69200041E-03   6.17199996E-03   6.17149239E-03  -8.22444199E-05
        1846   3.69400042E-03   6.17476553E-03   6.17425796E-03  -8.22075817E-05
        1847   3.69600044E-03   6.17753062E-03   6.17702212E-03  -8.23215669E-05
        1848   3.69800045E-03   6.18029526E-03   6.17978675E-03  -8.22847360E-05
        1849   3.70000047E-03   6.18305942E-03   6.18255138E-03  -8.21726208E-05
        1850   3.70200048E-03   6.18582265E-03   6.18531462E-03  -8.21359135E-05
        1851   3.70400050E-03   6.18858542E-03   6.18807646E-03  -8.22497605E-05
        1852   3.70600051E-03   6.19134773E-03   6.19083876E-03  -8.22130605E-05
        1853   3.70800053E-03   6.19410956E-03   6.19360059E-03  -8.21763970E-05
        1854   3.71000031E-03   6.19687093E-03   6.19636150E-03  -8.22149304E-05
        1855   3.71200033E-03   6.19963137E-03   6.19912148E-03  -8.22534494E-05
        1856   3.71400034E-03   6.20239135E-03   6.20188238E-03  -8.20666610E-05
        1857   3.71600036E-03   6.20515086E-03   6.20464096E-03  -8.21802751E-05
        1858   3.71800037E-03   6.20790990E-03   6.20739907E-03  -8.22937945E-05
        1859   3.72000039E-03   6.21066848E-03   6.21015765E-03  -8.22572401E-05
        1860   3.72200040E-03   6.21342612E-03   6.21291483E-03  -8.22956863E-05
        1861   3.72400042E-03   6.21618330E-03   6.21567247E-03  -8.21842550E-05
        1862   3.72600043E-03   6.21894002E-03   6.21842965E-03  -8.20729329E-05
        1863   3.72800045E-03   6.22169627E-03   6.22118590E-03  -8.20365749E-05
        1864   3.73000046E-03   6.22445205E-03   6.22394076E-03  -8.21498979E-05
        1865   3.73200048E-03   6.22720737E-03   6.22669561E-03  -8.21883368E-05
        1866   3.73400049E-03   6.22996176E-03   6.22945046E-03  -8.20772402E-05
        1867   3.73600051E-03   6.23271568E-03   6.23220438E-03  -8.20409696E-05
        1868   3.73800052E-03   6.23546913E-03   6.23495784E-03  -8.20047426E-05
        1869   3.74000031E-03   6.23822212E-03   6.23771036E-03  -8.20432033E-05
        1870   3.74200032E-03   6.24097465E-03   6.24046195E-03  -8.21562717E-05
        1871   3.74400034E-03   6.24372624E-03   6.24321448E-03  -8.19708730E-05
        1872   3.74600035E-03   6.24647737E-03   6.24596467E-03  -8.20838904E-05
        1873   3.74800037E-03   6.24922803E-03   6.24871580E-03  -8.19732304E-05
        1874   3.75000038E-03   6.25197822E-03   6.25146599E-03  -8.19371708E-05
        1875   3.75200040E-03   6.25472795E-03   6.25421526E-03  -8.19756024E-05
        1876   3.75400041E-03   6.25747722E-03   6.25696406E-03  -8.20140122E-05
        1877   3.75600043E-03   6.26022555E-03   6.25971192E-03  -8.20524001E-05
        1878   3.75800044E-03   6.26297342E-03   6.26245979E-03  -8.20163987E-05
        1879   3.76000046E-03   6.26572082E-03   6.26520719E-03  -8.19804336E-05
        1880   3.76200047E-03   6.26846775E-03   6.26795413E-03  -8.19445049E-05
        1881   3.76400049E-03   6.27121422E-03   6.27070060E-03  -8.19086126E-05
        1882   3.76600050E-03   6.27395976E-03   6.27344614E-03  -8.18727713E-05
        1883   3.76800052E-03   6.27670484E-03   6.27619028E-03  -8.19853594E-05
        1884   3.77000053E-03   6.27944944E-03   6.27893535E-03  -8.18753542E-05
        1885   3.77200032E-03   6.28219359E-03   6.28167950E-03  -8.18395856E-05
        1886   3.77400033E-03   6.28493726E-03   6.28442271E-03  -8.18779590E-05
        1887   3.77600035E-03   6.28768047E-03   6.28716592E-03  -8.18422341E-05
        1888   3.77800036E-03   6.29042275E-03   6.28990773E-03  -8.18805929E-05
        1889   3.78000038E-03   6.29316457E-03   6.29264954E-03  -8.18449189E-05
        1890   3.78200039E-03   6.29590591E-03   6.29538996E-03  -8.19572306E-05
        1891   3.78400041E-03   6.29864680E-03   6.29813178E-03  -8.17736727E-05
        1892   3.78600042E-03   6.30138721E-03   6.30087126E-03  -8.18859335E-05
        1893   3.78800044E-03   6.30412716E-03   6.30361075E-03  -8.19242123E-05
        1894   3.79000045E-03   6.30686618E-03   6.30635023E-03  -8.18147892E-05
        1895   3.79200047E-03   6.30960474E-03   6.30908832E-03  -8.18530898E-05
        1896   3.79400048E-03   6.31234283E-03   6.31182641E-03  -8.18175831E-05
        1897   3.79600050E-03   6.31508045E-03   6.31456356E-03  -8.18558619E-05
        1898   3.79800051E-03   6.31781761E-03   6.31730072E-03  -8.18203916E-05
        1899   3.80000053E-03   6.32055383E-03   6.32003648E-03  -8.18586559E-05
        1900   3.80200031E-03   6.32328959E-03   6.32277224E-03  -8.18232365E-05
        1901   3.80400033E-03   6.32602489E-03   6.32550707E-03  -8.18614790E-05
        1902   3.80600034E-03   6.32875971E-03   6.32824190E-03  -8.18260960E-05
        1903   3.80800036E-03   6.33149408E-03   6.33097626E-03  -8.17907567E-05
        1904   3.81000037E-03   6.33422798E-03   6.33370969E-03  -8.18289845E-05
        1905   3.81200039E-03   6.33696094E-03   6.33644219E-03  -8.18671833E-05
        1906   3.81400040E-03   6.33969344E-03   6.33917563E-03  -8.16849642E-05
        1907   3.81600042E-03   6.34242548E-03   6.34190673E-03  -8.17966429E-05
        1908   3.81800043E-03   6.34515705E-03   6.34463876E-03  -8.16880274E-05
        1909   3.82000045E-03   6.34788815E-03   6.34736894E-03  -8.17996115E-05
        1910   3.82200046E-03   6.35061879E-03   6.35010004E-03  -8.16911052E-05
        1911   3.82400048E-03   6.35334849E-03   6.35282975E-03  -8.16559987E-05
        1912   3.82600049E-03   6.35607773E-03   6.35555852E-03  -8.16942120E-05
        1913   3.82800051E-03   6.35880651E-03   6.35828730E-03  -8.16591491E-05
        1914   3.83000053E-03   6.36153482E-03   6.36101607E-03  -8.15509120E-05
        1915   3.83200054E-03   6.36426266E-03   6.36374345E-03  -8.15891399E-05
        1916   3.83400032E-03   6.36699004E-03   6.36646990E-03  -8.17004839E-05
        1917   3.83600034E-03   6.36971649E-03   6.36919588E-03  -8.17386244E-05
        1918   3.83800035E-03   6.37244247E-03   6.37192233E-03  -8.16305692E-05
        1919   3.84000037E-03   6.37516798E-03   6.37464738E-03  -8.16687243E-05
        1920   3.84200038E-03   6.37789303E-03   6.37737149E-03  -8.17798718E-05
        1921   3.84400040E-03   6.38061762E-03   6.38009654E-03  -8.16719621E-05
        1922   3.84600041E-03   6.38334127E-03   6.38281927E-03  -8.17830296E-05
        1923   3.84800043E-03   6.38606446E-03   6.38554338E-03  -8.16022948E-05
        1924   3.85000044E-03   6.38878718E-03   6.38826611E-03  -8.15675157E-05
        1925   3.85200046E-03   6.39150944E-03   6.39098743E-03  -8.16785032E-05
        1926   3.85400048E-03   6.39423123E-03   6.39370922E-03  -8.16437387E-05
        1927   3.85600049E-03   6.39695255E-03   6.39643054E-03  -8.16090032E-05
        1928   3.85800051E-03   6.39967294E-03   6.39915094E-03  -8.15743042E-05
        1929   3.86000052E-03   6.40239287E-03   6.40187133E-03  -8.14669038E-05
        1930   3.86200054E-03   6.40511233E-03   6.40459033E-03  -8.15050298E-05
        1931   3.86400032E-03   6.40783133E-03   6.40730979E-03  -8.13977531E-05
        1932   3.86600033E-03   6.41054986E-03   6.41002739E-03  -8.15085368E-05
        1933   3.86800035E-03   6.41326793E-03   6.41274452E-03  -8.16192332E-05
        1934   3.87000036E-03   6.41598506E-03   6.41546212E-03  -8.15120729E-05
        1935   3.87200038E-03   6.41870173E-03   6.41817925E-03  -8.14050145E-05
        1936   3.87400039E-03   6.42141793E-03   6.42089453E-03  -8.15156309E-05
        1937   3.87600041E-03   6.42413367E-03   6.42361026E-03  -8.14811719E-05
        1938   3.87800043E-03   6.42684894E-03   6.42632600E-03  -8.13742736E-05
        1939   3.88000044E-03   6.42956374E-03   6.42903894E-03  -8.16296597E-05
        1940   3.88200046E-03   6.43227762E-03   6.43175328E-03  -8.15228123E-05
        1941   3.88400047E-03   6.43499102E-03   6.43446669E-03  -8.14884334E-05
        1942   3.88600049E-03   6.43770397E-03   6.43718010E-03  -8.13817460E-05
        1943   3.88800050E-03   6.44041644E-03   6.43989211E-03  -8.14197847E-05
        1944   3.89000052E-03   6.44312846E-03   6.44260412E-03  -8.13855077E-05
        1945   3.89200053E-03   6.44584000E-03   6.44531474E-03  -8.14957748E-05
        1946   3.89400055E-03   6.44855062E-03   6.44802535E-03  -8.14615196E-05
        1947   3.89600033E-03   6.45126076E-03   6.45073643E-03  -8.12829094E-05
        1948   3.89800034E-03   6.45397045E-03   6.45344472E-03  -8.14652667E-05
        1949   3.90000036E-03   6.45667966E-03   6.45615440E-03  -8.13589504E-05
        1950   3.90200038E-03   6.45938842E-03   6.45886268E-03  -8.13969309E-05
        1951   3.90400039E-03   6.46209670E-03   6.46157144E-03  -8.12907383E-05
        1952   3.90600041E-03   6.46480406E-03   6.46427833E-03  -8.13287406E-05
        1953   3.90800042E-03   6.46751095E-03   6.46698568E-03  -8.12226863E-05
        1954   3.91000044E-03   6.47021737E-03   6.46969164E-03  -8.12606886E-05
        1955   3.91200045E-03   6.47292333E-03   6.47239806E-03  -8.11547652E-05
        1956   3.91400047E-03   6.47562882E-03   6.47510262E-03  -8.12646977E-05
        1957   3.91600048E-03   6.47833385E-03   6.47780765E-03  -8.12307626E-05
        1958   3.91800050E-03   6.48103841E-03   6.48051128E-03  -8.13405859E-05
        1959   3.92000051E-03   6.48374204E-03   6.48321491E-03  -8.13066654E-05
        1960   3.92200053E-03   6.48644520E-03   6.48591854E-03  -8.12009748E-05
        1961   3.92400054E-03   6.48914790E-03   6.48862123E-03  -8.11671562E-05
        1962   3.92600056E-03   6.49185013E-03   6.49132254E-03  -8.12768485E-05
        1963   3.92800057E-03   6.49455190E-03   6.49402477E-03  -8.11713253E-05
        1964   3.93000059E-03   6.49725320E-03   6.49672514E-03  -8.12809376E-05
        1965   3.93200060E-03   6.49995357E-03   6.49942644E-03  -8.11038626E-05
        1966   3.93400062E-03   6.50265347E-03   6.50212495E-03  -8.12850485E-05
        1967   3.93600063E-03   6.50535291E-03   6.50482532E-03  -8.11081336E-05
        1968   3.93800065E-03   6.50805188E-03   6.50752429E-03  -8.10744968E-05
        1969   3.94000066E-03   6.51075039E-03   6.51022187E-03  -8.11839564E-05
        1970   3.94200021E-03   6.51344843E-03   6.51291944E-03  -8.12218277E-05
        1971   3.94400023E-03   6.51614554E-03   6.51561609E-03  -8.12596772E-05
        1972   3.94600024E-03   6.51884219E-03   6.51831273E-03  -8.12260623E-05
        1973   3.94800026E-03   6.52153837E-03   6.52100891E-03  -8.11924765E-05
        1974   3.95000027E-03   6.52423408E-03   6.52370416E-03  -8.12303188E-05
        1975   3.95200029E-03   6.52692933E-03   6.52639987E-03  -8.11254140E-05
        1976   3.95400031E-03   6.52962411E-03   6.52909372E-03  -8.12345825E-05
        1977   3.95600032E-03   6.53231796E-03   6.53178804E-03  -8.11297796E-05
        1978   3.95800034E-03   6.53501134E-03   6.53448096E-03  -8.11676073E-05
        1979   3.96000035E-03   6.53770426E-03   6.53717387E-03  -8.11341743E-05
        1980   3.96200037E-03   6.54039672E-03   6.53986679E-03  -8.10295605E-05
        1981   3.96400038E-03   6.54308870E-03   6.54255832E-03  -8.10674028E-05
        1982   3.96600040E-03   6.54578023E-03   6.54524891E-03  -8.11763675E-05
        1983   3.96800041E-03   6.54847128E-03   6.54793950E-03  -8.12141298E-05
        1984   3.97000043E-03   6.55116141E-03   6.55063009E-03  -8.11096834E-05
        1985   3.97200044E-03   6.55385107E-03   6.55331975E-03  -8.10763959E-05
        1986   3.97400046E-03   6.55654026E-03   6.55600894E-03  -8.10431375E-05
        1987   3.97600047E-03   6.55922899E-03   6.55869721E-03  -8.10809215E-05
        1988   3.97800049E-03   6.56191725E-03   6.56138547E-03  -8.10476995E-05
        1989   3.98000050E-03   6.56460505E-03   6.56407326E-03  -8.10145139E-05
        1990   3.98200052E-03   6.56729192E-03   6.56676060E-03  -8.09104458E-05
        1991   3.98400053E-03   6.56997832E-03   6.56944606E-03  -8.10191341E-05
        1992   3.98600055E-03   6.57266425E-03   6.57213200E-03  -8.09860285E-05
        1993   3.98800056E-03   6.57534972E-03   6.57481793E-03  -8.08821133E-05
        1994   3.99000058E-03   6.57803472E-03   6.57750247E-03  -8.09199046E-05
        1995   3.99200059E-03   6.58071926E-03   6.58018701E-03  -8.08868863E-05
        1996   3.99400061E-03   6.58340333E-03   6.58287015E-03  -8.09953926E-05
        1997   3.99600063E-03   6.58608647E-03   6.58555375E-03  -8.08916811E-05
        1998   3.99800064E-03   6.58876915E-03   6.58823596E-03  -8.09294288E-05
        1999   4.00000066E-03   6.59145135E-03   6.59091817E-03  -8.08964978E-05
        2000   4.00200067E-03   6.59413310E-03   6.59360038E-03  -8.07929609E-05
        2001   4.00400022E-03   6.59681438E-03   6.59628119E-03  -8.08307232E-05
        2002   4.00600024E-03   6.59949519E-03   6.59896107E-03  -8.09390258E-05
        2003   4.00800025E-03   6.60217507E-03   6.60164095E-03  -8.09061748E-05
        2004   4.01000027E-03   6.60485448E-03   6.60431944E-03  -8.10143756E-05
        2005   4.01200028E-03   6.60753343E-03   6.60699932E-03  -8.08405530E-05
        2006   4.01400030E-03   6.61021192E-03   6.60967687E-03  -8.09487101E-05
        2007   4.01600031E-03   6.61288993E-03   6.61235536E-03  -8.08455006E-05
        2008   4.01800033E-03   6.61556749E-03   6.61503291E-03  -8.08127734E-05
        2009   4.02000034E-03   6.61824457E-03   6.61770906E-03  -8.09208286E-05
        2010   4.02200036E-03   6.62092073E-03   6.62038568E-03  -8.08177720E-05
        2011   4.02400037E-03   6.62359642E-03   6.62306184E-03  -8.07148099E-05
        2012   4.02600039E-03   6.62627164E-03   6.62573660E-03  -8.07525066E-05
        2013   4.02800040E-03   6.62894640E-03   6.62841089E-03  -8.07901743E-05
        2014   4.03000042E-03   6.63162069E-03   6.63108472E-03  -8.08278201E-05
        2015   4.03200043E-03   6.63429452E-03   6.63375854E-03  -8.07952456E-05
        2016   4.03400045E-03   6.63696788E-03   6.63643098E-03  -8.09030462E-05
        2017   4.03600046E-03   6.63964031E-03   6.63910387E-03  -8.08003315E-05
        2018   4.03800048E-03   6.64231228E-03   6.64177630E-03  -8.06977114E-05
        2019   4.04000049E-03   6.64498378E-03   6.64444780E-03  -8.06652679E-05
        2020   4.04200051E-03   6.64765481E-03   6.64711837E-03  -8.07029137E-05
        2021   4.04400053E-03   6.65032538E-03   6.64978847E-03  -8.07405304E-05
        2022   4.04600054E-03   6.65299548E-03   6.65245857E-03  -8.07081233E-05
        2023   4.04800056E-03   6.65566465E-03   6.65512774E-03  -8.06757598E-05
        2024   4.05000057E-03   6.65833335E-03   6.65779598E-03  -8.07133692E-05
        2025   4.05200059E-03   6.66100159E-03   6.66046469E-03  -8.06111129E-05
        2026   4.05400060E-03   6.66366937E-03   6.66313153E-03  -8.07186225E-05
        2027   4.05600062E-03   6.66633667E-03   6.66579930E-03  -8.06164608E-05
        2028   4.05800063E-03   6.66900352E-03   6.66846614E-03  -8.05842210E-05
        2029   4.06000065E-03   6.67166989E-03   6.67113159E-03  -8.06916214E-05
        2030   4.06200066E-03   6.67433534E-03   6.67379703E-03  -8.06593962E-05
        2031   4.06400068E-03   6.67700032E-03   6.67646294E-03  -8.04876981E-05
        2032   4.06600023E-03   6.67966483E-03   6.67912699E-03  -8.05253148E-05
        2033   4.06800024E-03   6.68232888E-03   6.68179011E-03  -8.06325988E-05
        2034   4.07000026E-03   6.68499246E-03   6.68445323E-03  -8.06701355E-05
        2035   4.07200027E-03   6.68765558E-03   6.68711634E-03  -8.06380122E-05
        2036   4.07400029E-03   6.69031823E-03   6.68977853E-03  -8.06755270E-05
        2037   4.07600030E-03   6.69297995E-03   6.69244025E-03  -8.06434473E-05
        2038   4.07800032E-03   6.69564120E-03   6.69510243E-03  -8.04722731E-05
        2039   4.08000033E-03   6.69830199E-03   6.69776322E-03  -8.04403026E-05
        2040   4.08200035E-03   6.70096232E-03   6.70042261E-03  -8.05473683E-05
        2041   4.08400036E-03   6.70362217E-03   6.70308201E-03  -8.05848831E-05
        2042   4.08600038E-03   6.70628157E-03   6.70574186E-03  -8.04834781E-05
        2043   4.08800039E-03   6.70894049E-03   6.70840032E-03  -8.05210002E-05
        2044   4.09000041E-03   6.71159849E-03   6.71105832E-03  -8.04891097E-05
        2045   4.09200042E-03   6.71425601E-03   6.71371585E-03  -8.04572483E-05
        2046   4.09400044E-03   6.71691308E-03   6.71637291E-03  -8.04254159E-05
        2047   4.09600046E-03   6.71956968E-03   6.71902858E-03  -8.05322416E-05
        2048   4.09800047E-03   6.72222581E-03   6.72168471E-03  -8.05004165E-05
        2049   4.10000049E-03   6.72488147E-03   6.72434084E-03  -8.03993680E-05
        2050   4.10200050E-03   6.72753667E-03   6.72699558E-03  -8.04368610E-05
        2051   4.10400052E-03   6.73019094E-03   6.72965031E-03  -8.03359362E-05
        2052   4.10600053E-03   6.73284475E-03   6.73230411E-03  -8.03042713E-05
        2053   4.10800055E-03   6.73549809E-03   6.73495745E-03  -8.02726281E-05
        2054   4.11000056E-03   6.73815096E-03   6.73760986E-03  -8.03101429E-05
        2055   4.11200058E-03   6.74080336E-03   6.74026227E-03  -8.02785435E-05
        2056   4.11400059E-03   6.74345531E-03   6.74291374E-03  -8.03160292E-05
        2057   4.11600061E-03   6.74610678E-03   6.74556475E-03  -8.03535004E-05
        2058   4.11800062E-03   6.74875779E-03   6.74821623E-03  -8.02529248E-05
        2059   4.12000064E-03   6.75140787E-03   6.75086584E-03  -8.02904033E-05
        2060   4.12200065E-03   6.75405748E-03   6.75351499E-03  -8.03278599E-05
        2061   4.12400067E-03   6.75670663E-03   6.75616367E-03  -8.03652947E-05
        2062   4.12600068E-03   6.75935531E-03   6.75881235E-03  -8.03337971E-05
        2063   4.12800023E-03   6.76200353E-03   6.76146150E-03  -8.01645801E-05
        2064   4.13000025E-03   6.76465128E-03   6.76410785E-03  -8.03397488E-05
        2065   4.13200026E-03   6.76729856E-03   6.76675420E-03  -8.04459632E-05
        2066   4.13400028E-03   6.76994491E-03   6.76940056E-03  -8.04145093E-05
        2067   4.13600029E-03   6.77259080E-03   6.77204691E-03  -8.03143266E-05
        2068   4.13800031E-03   6.77523622E-03   6.77469233E-03  -8.02829672E-05
        2069   4.14000032E-03   6.77788118E-03   6.77733636E-03  -8.03890580E-05
        2070   4.14200034E-03   6.78052567E-03   6.77998178E-03  -8.02203285E-05
        2071   4.14400036E-03   6.78316969E-03   6.78262440E-03  -8.03950388E-05
        2072   4.14600037E-03   6.78581325E-03   6.78526843E-03  -8.02950817E-05
        2073   4.14800039E-03   6.78845588E-03   6.78791152E-03  -8.01952192E-05
        2074   4.15000040E-03   6.79109804E-03   6.79055322E-03  -8.02325958E-05
        2075   4.15200042E-03   6.79373974E-03   6.79319492E-03  -8.02013965E-05
        2076   4.15400043E-03   6.79638097E-03   6.79583661E-03  -8.01016940E-05
        2077   4.15600045E-03   6.79902174E-03   6.79847691E-03  -8.01390852E-05
        2078   4.15800046E-03   6.80166204E-03   6.80111628E-03  -8.02449213E-05
        2079   4.16000048E-03   6.80430187E-03   6.80375658E-03  -8.01453352E-05
        2080   4.16200049E-03   6.80694124E-03   6.80639502E-03  -8.02510986E-05
        2081   4.16400051E-03   6.80957967E-03   6.80903438E-03  -8.00832131E-05
        2082   4.16600052E-03   6.81221765E-03   6.81167096E-03  -8.02573049E-05
        2083   4.16800054E-03   6.81485515E-03   6.81430940E-03  -8.00895577E-05
        2084   4.17000055E-03   6.81749219E-03   6.81694597E-03  -8.01268907E-05
        2085   4.17200057E-03   6.82012876E-03   6.81958161E-03  -8.02324867E-05
        2086   4.17400058E-03   6.82276487E-03   6.82221772E-03  -8.02014911E-05
        2087   4.17600060E-03   6.82540052E-03   6.82485336E-03  -8.01705173E-05
        2088   4.17800061E-03   6.82803523E-03   6.82748761E-03  -8.02077848E-05
        2089   4.18000063E-03   6.83066947E-03   6.83012232E-03  -8.01086717E-05
        2090   4.18200064E-03   6.83330325E-03   6.83275564E-03  -8.01459464E-05
        2091   4.18400066E-03   6.83593657E-03   6.83538895E-03  -8.01150745E-05
        2092   4.18600067E-03   6.83856942E-03   6.83802227E-03  -8.00161215E-05
        2093   4.18800069E-03   6.84120180E-03   6.84065465E-03  -7.99853296E-05
        2094   4.19000024E-03   6.84383372E-03   6.84328564E-03  -8.00906710E-05
        2095   4.19200025E-03   6.84646517E-03   6.84591616E-03  -8.01959395E-05
        2096   4.19400027E-03   6.84909569E-03   6.84854714E-03  -8.00971320E-05
        2097   4.19600029E-03   6.85172575E-03   6.85117720E-03  -8.00663838E-05
        2098   4.19800030E-03   6.85435534E-03   6.85380679E-03  -8.00356647E-05
        2099   4.20000032E-03   6.85698446E-03   6.85643544E-03  -8.00728958E-05
        2100   4.20200033E-03   6.85961312E-03   6.85906410E-03  -8.00422131E-05
        2101   4.20400035E-03   6.86224131E-03   6.86169229E-03  -8.00115522E-05
        2102   4.20600036E-03   6.86486904E-03   6.86432002E-03  -7.99809204E-05
        2103   4.20800038E-03   6.86749583E-03   6.86694589E-03  -8.00859634E-05
        2104   4.21000039E-03   6.87012216E-03   6.86957221E-03  -8.00553462E-05
        2105   4.21200041E-03   6.87274802E-03   6.87219854E-03  -7.99569898E-05
        2106   4.21400042E-03   6.87537342E-03   6.87482348E-03  -7.99941990E-05
        2107   4.21600044E-03   6.87799836E-03   6.87744841E-03  -7.99636618E-05
        2108   4.21800045E-03   6.88062282E-03   6.88007241E-03  -8.00008493E-05
        2109   4.22000047E-03   6.88324682E-03   6.88269595E-03  -8.00380149E-05
        2110   4.22200048E-03   6.88587036E-03   6.88531995E-03  -7.99398767E-05
        2111   4.22400050E-03   6.88849296E-03   6.88794255E-03  -7.99094414E-05
        2112   4.22600051E-03   6.89111510E-03   6.89056516E-03  -7.98114488E-05
        2113   4.22800053E-03   6.89373678E-03   6.89318636E-03  -7.98486508E-05
        2114   4.23000054E-03   6.89635798E-03   6.89580804E-03  -7.97507673E-05
        2115   4.23200056E-03   6.89897873E-03   6.89842785E-03  -7.98554829E-05
        2116   4.23400057E-03   6.90159900E-03   6.90104812E-03  -7.98251640E-05
        2117   4.23600059E-03   6.90421881E-03   6.90366747E-03  -7.98623296E-05
        2118   4.23800061E-03   6.90683816E-03   6.90628635E-03  -7.98994733E-05
        2119   4.24000062E-03   6.90945657E-03   6.90890523E-03  -7.98017863E-05
        2120   4.24200064E-03   6.91207452E-03   6.91152317E-03  -7.97715547E-05
        2121   4.24400065E-03   6.91469200E-03   6.91414112E-03  -7.96740060E-05
        2122   4.24600067E-03   6.91730902E-03   6.91675767E-03  -7.97111861E-05
        2123   4.24800068E-03   6.91992557E-03   6.91937422E-03  -7.96810418E-05
        2124   4.25000070E-03   6.92254165E-03   6.92198984E-03  -7.97182074E-05
        2125   4.25200025E-03   6.92515727E-03   6.92460500E-03  -7.97553512E-05
        2126   4.25400026E-03   6.92777243E-03   6.92721969E-03  -7.97924658E-05
        2127   4.25600028E-03   6.93038665E-03   6.92983391E-03  -7.97623652E-05
        2128   4.25800029E-03   6.93300040E-03   6.93244813E-03  -7.96651148E-05
        2129   4.26000031E-03   6.93561370E-03   6.93506096E-03  -7.97022512E-05
        2130   4.26200032E-03   6.93822652E-03   6.93767285E-03  -7.98064866E-05
        2131   4.26400034E-03   6.94083888E-03   6.94028614E-03  -7.96422391E-05
        2132   4.26600035E-03   6.94345077E-03   6.94289804E-03  -7.96122840E-05
        2133   4.26800037E-03   6.94606220E-03   6.94550853E-03  -7.97164466E-05
        2134   4.27000038E-03   6.94867317E-03   6.94811903E-03  -7.97535176E-05
        2135   4.27200040E-03   6.95128366E-03   6.95072999E-03  -7.96565655E-05
        2136   4.27400041E-03   6.95389323E-03   6.95333956E-03  -7.96266686E-05
        2137   4.27600043E-03   6.95650233E-03   6.95594773E-03  -7.97307002E-05
        2138   4.27800044E-03   6.95911096E-03   6.95855729E-03  -7.95669621E-05
        2139   4.28000046E-03   6.96171913E-03   6.96116453E-03  -7.96709501E-05
        2140   4.28200047E-03   6.96432684E-03   6.96377270E-03  -7.95742453E-05
        2141   4.28400049E-03   6.96693407E-03   6.96637994E-03  -7.95444575E-05
        2142   4.28600051E-03   6.96954085E-03   6.96898578E-03  -7.96483582E-05
        2143   4.28800052E-03   6.97214715E-03   6.97159162E-03  -7.96853783E-05
        2144   4.29000054E-03   6.97475253E-03   6.97419746E-03  -7.95888336E-05
        2145   4.29200055E-03   6.97735744E-03   6.97680237E-03  -7.95591186E-05
        2146   4.29400057E-03   6.97996188E-03   6.97940681E-03  -7.95294327E-05
        2147   4.29600058E-03   6.98256586E-03   6.98201032E-03  -7.95664673E-05
        2148   4.29800060E-03   6.98516937E-03   6.98461384E-03  -7.95368105E-05
        2149   4.30000061E-03   6.98777242E-03   6.98721642E-03  -7.95738306E-05
        2150   4.30200063E-03   6.99037500E-03   6.98981853E-03  -7.96108288E-05
        2151   4.30400064E-03   6.99297711E-03   6.99242111E-03  -7.95146043E-05
        2152   4.30600066E-03   6.99557830E-03   6.99502230E-03  -7.94850348E-05
        2153   4.30800067E-03   6.99817901E-03   6.99762348E-03  -7.93889412E-05
        2154   4.31000069E-03   7.00077927E-03   7.00022327E-03  -7.94259759E-05
        2155   4.31200070E-03   7.00337905E-03   7.00282305E-03  -7.93964937E-05
        2156   4.31400025E-03   7.00597838E-03   7.00542191E-03  -7.94335065E-05
        2157   4.31600027E-03   7.00857723E-03   7.00801937E-03  -7.96034074E-05
        2158   4.31800028E-03   7.01117562E-03   7.01061822E-03  -7.95074739E-05
        2159   4.32000030E-03   7.01377355E-03   7.01321568E-03  -7.95444284E-05
        2160   4.32200031E-03   7.01637100E-03   7.01581361E-03  -7.94485968E-05
        2161   4.32400033E-03   7.01896753E-03   7.01840967E-03  -7.94855587E-05
        2162   4.32600034E-03   7.02156359E-03   7.02100480E-03  -7.95888263E-05
        2163   4.32800036E-03   7.02415919E-03   7.02360133E-03  -7.94268053E-05
        2164   4.33000037E-03   7.02675432E-03   7.02619646E-03  -7.93974687E-05
        2165   4.33200039E-03   7.02934898E-03   7.02879066E-03  -7.94344160E-05
        2166   4.33400040E-03   7.03194318E-03   7.03138439E-03  -7.94713415E-05
        2167   4.33600042E-03   7.03453692E-03   7.03397859E-03  -7.93758300E-05
        2168   4.33800044E-03   7.03713018E-03   7.03657139E-03  -7.94127554E-05
        2169   4.34000045E-03   7.03972299E-03   7.03916280E-03  -7.95819797E-05
        2170   4.34200047E-03   7.04231486E-03   7.04175560E-03  -7.94204243E-05
        2171   4.34400048E-03   7.04490626E-03   7.04434607E-03  -7.95234228E-05
        2172   4.34600050E-03   7.04749720E-03   7.04693794E-03  -7.93620202E-05
        2173   4.34800051E-03   7.05008768E-03   7.04952842E-03  -7.93328509E-05
        2174   4.35000053E-03   7.05267768E-03   7.05211749E-03  -7.94357911E-05
        2175   4.35200054E-03   7.05526723E-03   7.05470797E-03  -7.92746068E-05
        2176   4.35400056E-03   7.05785630E-03   7.05729611E-03  -7.93775034E-05
        2177   4.35600057E-03   7.06044491E-03   7.05988379E-03  -7.94803273E-05
        2178   4.35800059E-03   7.06303259E-03   7.06247194E-03  -7.93852596E-05
        2179   4.36000060E-03   7.06561981E-03   7.06506008E-03  -7.92243591E-05
        2180   4.36200062E-03   7.06820656E-03   7.06764683E-03  -7.91953644E-05
        2181   4.36400063E-03   7.07079284E-03   7.07023265E-03  -7.92322608E-05
        2182   4.36600065E-03   7.07337866E-03   7.07281800E-03  -7.92691353E-05
        2183   4.36800066E-03   7.07596401E-03   7.07540382E-03  -7.91743514E-05
        2184   4.37000068E-03   7.07854889E-03   7.07798824E-03  -7.92112332E-05
        2185   4.37200069E-03   7.08113331E-03   7.08057173E-03  -7.93138679E-05
        2186   4.37400071E-03   7.08371727E-03   7.08315615E-03  -7.92191859E-05
        2187   4.37600026E-03   7.08630076E-03   7.08573917E-03  -7.92560240E-05
        2188   4.37800027E-03   7.08888331E-03   7.08832126E-03  -7.92928477E-05
        2189   4.38000029E-03   7.09146541E-03   7.09090335E-03  -7.92639767E-05
        2190   4.38200030E-03   7.09404703E-03   7.09348544E-03  -7.91694765E-05
        2191   4.38400032E-03   7.09662819E-03   7.09606521E-03  -7.93375584E-05
        2192   4.38600034E-03   7.09920889E-03   7.09864590E-03  -7.93087165E-05
        2193   4.38800035E-03   7.10178912E-03   7.10122567E-03  -7.93454819E-05
        2194   4.39000037E-03   7.10436888E-03   7.10380543E-03  -7.93166619E-05
        2195   4.39200038E-03   7.10694818E-03   7.10638519E-03  -7.92223436E-05
        2196   4.39400040E-03   7.10952701E-03   7.10896356E-03  -7.92591163E-05
        2197   4.39600041E-03   7.11210491E-03   7.11154100E-03  -7.92958672E-05
        2198   4.39800043E-03   7.11468235E-03   7.11411797E-03  -7.93326035E-05
        2199   4.40000044E-03   7.11725932E-03   7.11669540E-03  -7.92384380E-05
        2200   4.40200046E-03   7.11983582E-03   7.11927144E-03  -7.92751744E-05
        2201   4.40400047E-03   7.12241186E-03   7.12184748E-03  -7.92464998E-05
        2202   4.40600049E-03   7.12498743E-03   7.12442398E-03  -7.90871200E-05
        2203   4.40800050E-03   7.12756254E-03   7.12699862E-03  -7.91238854E-05
        2204   4.41000052E-03   7.13013718E-03   7.12957233E-03  -7.92259525E-05
        2205   4.41200053E-03   7.13271135E-03   7.13214604E-03  -7.92626524E-05
        2206   4.41400055E-03   7.13528460E-03   7.13471975E-03  -7.91687926E-05
        2207   4.41600056E-03   7.13785738E-03   7.13729253E-03  -7.91402563E-05
        2208   4.41800058E-03   7.14042969E-03   7.13986484E-03  -7.91117418E-05
        2209   4.42000059E-03   7.14300154E-03   7.14243622E-03  -7.91484563E-05
        2210   4.42200061E-03   7.14557292E-03   7.14500761E-03  -7.91199709E-05
        2211   4.42400062E-03   7.14814384E-03   7.14757899E-03  -7.90263584E-05
        2212   4.42600064E-03   7.15071429E-03   7.15014897E-03  -7.90630802E-05
        2213   4.42800066E-03   7.15328427E-03   7.15271803E-03  -7.91648854E-05
        2214   4.43000067E-03   7.15585379E-03   7.15528848E-03  -7.90062913E-05
        2215   4.43200069E-03   7.15842284E-03   7.15785706E-03  -7.90429985E-05
        2216   4.43400070E-03   7.16099096E-03   7.16042519E-03  -7.90146441E-05
        2217   4.43600072E-03   7.16355862E-03   7.16299284E-03  -7.89863261E-05
        2218   4.43800027E-03   7.16612581E-03   7.16555957E-03  -7.90230188E-05
        2219   4.44000028E-03   7.16869254E-03   7.16812583E-03  -7.90596896E-05
        2220   4.44200030E-03   7.17125880E-03   7.17069115E-03  -7.91612838E-05
        2221   4.44400031E-03   7.17382459E-03   7.17325788E-03  -7.90031263E-05
        2222   4.44600033E-03   7.17638992E-03   7.17582228E-03  -7.91046768E-05
        2223   4.44800034E-03   7.17895478E-03   7.17838760E-03  -7.90115373E-05
        2224   4.45000036E-03   7.18151918E-03   7.18095154E-03  -7.90481718E-05
        2225   4.45200037E-03   7.18408264E-03   7.18351454E-03  -7.90847917E-05
        2226   4.45400039E-03   7.18664564E-03   7.18607754E-03  -7.90565900E-05
        2227   4.45600040E-03   7.18920818E-03   7.18864053E-03  -7.89636251E-05
        2228   4.45800042E-03   7.19177024E-03   7.19120260E-03  -7.89354890E-05
        2229   4.46000043E-03   7.19433185E-03   7.19376421E-03  -7.89073820E-05
        2230   4.46200045E-03   7.19689298E-03   7.19632488E-03  -7.89440164E-05
        2231   4.46400046E-03   7.19945366E-03   7.19888555E-03  -7.89159312E-05
        2232   4.46600048E-03   7.20201386E-03   7.20144482E-03  -7.90172126E-05
        2233   4.46800049E-03   7.20457360E-03   7.20400456E-03  -7.89891346E-05
        2234   4.47000051E-03   7.20713288E-03   7.20656384E-03  -7.89610858E-05
        2235   4.47200052E-03   7.20969122E-03   7.20912218E-03  -7.89330661E-05
        2236   4.47400054E-03   7.21224910E-03   7.21168006E-03  -7.89050682E-05
        2237   4.47600055E-03   7.21480651E-03   7.21423747E-03  -7.88770922E-05
        2238   4.47800057E-03   7.21736345E-03   7.21679442E-03  -7.88491452E-05
        2239   4.48000059E-03   7.21991993E-03   7.21935136E-03  -7.87567187E-05
        2240   4.48200060E-03   7.22247595E-03   7.22190738E-03  -7.87288445E-05
        2241   4.48400062E-03   7.22503150E-03   7.22446293E-03  -7.87009994E-05
        2242   4.48600063E-03   7.22758658E-03   7.22701754E-03  -7.87376121E-05
        2243   4.48800065E-03   7.23014120E-03   7.22957216E-03  -7.87097888E-05
        2244   4.49000066E-03   7.23269535E-03   7.23212585E-03  -7.87463869E-05
        2245   4.49200068E-03   7.23524904E-03   7.23467907E-03  -7.87829558E-05
        2246   4.49400069E-03   7.23780179E-03   7.23723136E-03  -7.88195175E-05
        2247   4.49600071E-03   7.24035408E-03   7.23978365E-03  -7.87917306E-05
        2248   4.49800072E-03   7.24290591E-03   7.24233594E-03  -7.86996679E-05
        2249   4.50000027E-03   7.24545727E-03   7.24488730E-03  -7.86719538E-05
        2250   4.50200029E-03   7.24800816E-03   7.24743726E-03  -7.87727768E-05
        2251   4.50400030E-03   7.25055858E-03   7.24998815E-03  -7.86808305E-05
        2252   4.50600032E-03   7.25310855E-03   7.25253811E-03  -7.86531673E-05
        2253   4.50800033E-03   7.25565804E-03   7.25508668E-03  -7.87539029E-05
        2254   4.51000035E-03   7.25820707E-03   7.25763524E-03  -7.87904137E-05
        2255   4.51200036E-03   7.26075564E-03   7.26018287E-03  -7.88910402E-05
        2256   4.51400038E-03   7.26330327E-03   7.26273144E-03  -7.87351237E-05
        2257   4.51600039E-03   7.26585044E-03   7.26527814E-03  -7.87716199E-05
        2258   4.51800041E-03   7.26839714E-03   7.26782531E-03  -7.86799428E-05
        2259   4.52000042E-03   7.27094337E-03   7.27037154E-03  -7.86523815E-05
        2260   4.52200044E-03   7.27348914E-03   7.27291685E-03  -7.86888850E-05
        2261   4.52400045E-03   7.27603445E-03   7.27546215E-03  -7.86613600E-05
        2262   4.52600047E-03   7.27857929E-03   7.27800699E-03  -7.86338496E-05
        2263   4.52800049E-03   7.28112366E-03   7.28055090E-03  -7.86703386E-05
        2264   4.53000050E-03   7.28366757E-03   7.28309480E-03  -7.86428573E-05
        2265   4.53200052E-03   7.28621101E-03   7.28563778E-03  -7.86793244E-05
        2266   4.53400053E-03   7.28875399E-03   7.28818029E-03  -7.87157696E-05
        2267   4.53600055E-03   7.29129603E-03   7.29072327E-03  -7.85605735E-05
        2268   4.53800056E-03   7.29383761E-03   7.29326485E-03  -7.85331940E-05
        2269   4.54000058E-03   7.29637872E-03   7.29580503E-03  -7.86335004E-05
        2270   4.54200059E-03   7.29891937E-03   7.29834521E-03  -7.86699384E-05
        2271   4.54400061E-03   7.30145955E-03   7.30088586E-03  -7.85787779E-05
        2272   4.54600062E-03   7.30399927E-03   7.30342604E-03  -7.84876902E-05
        2273   4.54800064E-03   7.30653852E-03   7.30596529E-03  -7.84604126E-05
        2274   4.55000065E-03   7.30907731E-03   7.30850315E-03  -7.85605953E-05
        2275   4.55200067E-03   7.31161563E-03   7.31104100E-03  -7.85970187E-05
        2276   4.55400068E-03   7.31415348E-03   7.31357932E-03  -7.85060693E-05
        2277   4.55600070E-03   7.31669087E-03   7.31611578E-03  -7.86061501E-05
        2278   4.55800071E-03   7.31922733E-03   7.31865270E-03  -7.85152733E-05
        2279   4.56000073E-03   7.32176332E-03   7.32118823E-03  -7.85516895E-05
        2280   4.56200028E-03   7.32429884E-03   7.32372375E-03  -7.85244920E-05
        2281   4.56400029E-03   7.32683390E-03   7.32625835E-03  -7.85608863E-05
        2282   4.56600031E-03   7.32936850E-03   7.32879248E-03  -7.85972588E-05
        2283   4.56800032E-03   7.33190263E-03   7.33132707E-03  -7.85065713E-05
        2284   4.57000034E-03   7.33443629E-03   7.33386027E-03  -7.85429511E-05
        2285   4.57200035E-03   7.33696949E-03   7.33639346E-03  -7.85158263E-05
        2286   4.57400037E-03   7.33950222E-03   7.33892666E-03  -7.84252770E-05
        2287   4.57600038E-03   7.34203449E-03   7.34145846E-03  -7.84616568E-05
        2288   4.57800040E-03   7.34456629E-03   7.34398933E-03  -7.85614320E-05
        2289   4.58000042E-03   7.34709715E-03   7.34652020E-03  -7.85343727E-05
        2290   4.58200043E-03   7.34962756E-03   7.34905107E-03  -7.84439617E-05
        2291   4.58400045E-03   7.35215750E-03   7.35158054E-03  -7.84803124E-05
        2292   4.58600046E-03   7.35468697E-03   7.35411048E-03  -7.83899959E-05
        2293   4.58800048E-03   7.35721597E-03   7.35663855E-03  -7.84896547E-05
        2294   4.59000049E-03   7.35974452E-03   7.35916710E-03  -7.84626827E-05
        2295   4.59200051E-03   7.36227259E-03   7.36169564E-03  -7.83724754E-05
        2296   4.59400052E-03   7.36480020E-03   7.36422278E-03  -7.84088188E-05
        2297   4.59600054E-03   7.36732734E-03   7.36674992E-03  -7.83819196E-05
        2298   4.59800055E-03   7.36985402E-03   7.36927614E-03  -7.84182412E-05
        2299   4.60000057E-03   7.37238023E-03   7.37180235E-03  -7.83913638E-05
        2300   4.60200058E-03   7.37490598E-03   7.37432810E-03  -7.83645155E-05
        2301   4.60400060E-03   7.37743080E-03   7.37685291E-03  -7.83376963E-05
        2302   4.60600061E-03   7.37995515E-03   7.37937680E-03  -7.83740034E-05
        2303   4.60800063E-03   7.38247903E-03   7.38190161E-03  -7.82210336E-05
        2304   4.61000064E-03   7.38500245E-03   7.38442410E-03  -7.83204378E-05
        2305   4.61200066E-03   7.38752540E-03   7.38694752E-03  -7.82306452E-05
        2306   4.61400067E-03   7.39004789E-03   7.38947000E-03  -7.82039351E-05
        2307   4.61600069E-03   7.39256991E-03   7.39199156E-03  -7.82402567E-05
        2308   4.61800070E-03   7.39509147E-03   7.39451265E-03  -7.82765565E-05
        2309   4.62000072E-03   7.39761256E-03   7.39703421E-03  -7.81869167E-05
        2310   4.62200074E-03   7.40013318E-03   7.39955390E-03  -7.82861607E-05
        2311   4.62400028E-03   7.40265334E-03   7.40207406E-03  -7.82595016E-05
        2312   4.62600030E-03   7.40517303E-03   7.40459329E-03  -7.82957650E-05
        2313   4.62800032E-03   7.40769180E-03   7.40711205E-03  -7.82691423E-05
        2314   4.63000033E-03   7.41021009E-03   7.40962988E-03  -7.83053911E-05
        2315   4.63200035E-03   7.41272792E-03   7.41214724E-03  -7.83416181E-05
        2316   4.63400036E-03   7.41524529E-03   7.41466507E-03  -7.82522184E-05
        2317   4.63600038E-03   7.41776219E-03   7.41718151E-03  -7.82884454E-05
        2318   4.63800039E-03   7.42027862E-03   7.41969794E-03  -7.82618954E-05
        2319   4.64000041E-03   7.42279459E-03   7.42221344E-03  -7.82981078E-05
        2320   4.64200042E-03   7.42531009E-03   7.42472988E-03  -7.81461349E-05
        2321   4.64400044E-03   7.42782513E-03   7.42724398E-03  -7.82450807E-05
        2322   4.64600045E-03   7.43033970E-03   7.42975809E-03  -7.82812785E-05
        2323   4.64800047E-03   7.43285380E-03   7.43227219E-03  -7.82547941E-05
        2324   4.65000048E-03   7.43536744E-03   7.43478537E-03  -7.82909774E-05
        2325   4.65200050E-03   7.43788015E-03   7.43729807E-03  -7.82645293E-05
        2326   4.65400051E-03   7.44039239E-03   7.43981125E-03  -7.81129056E-05
        2327   4.65600053E-03   7.44290417E-03   7.44232303E-03  -7.80865448E-05
        2328   4.65800054E-03   7.44541548E-03   7.44483434E-03  -7.80602059E-05
        2329   4.66000056E-03   7.44792633E-03   7.44734518E-03  -7.80338887E-05
        2330   4.66200057E-03   7.45043671E-03   7.44985556E-03  -7.80075934E-05
        2331   4.66400059E-03   7.45294662E-03   7.45236501E-03  -7.80438058E-05
        2332   4.66600060E-03   7.45545607E-03   7.45487446E-03  -7.80175396E-05
        2333   4.66800062E-03   7.45796505E-03   7.45738251E-03  -7.81161871E-05
        2334   4.67000064E-03   7.46047357E-03   7.45989056E-03  -7.81523413E-05
        2335   4.67200065E-03   7.46298162E-03   7.46239861E-03  -7.81260751E-05
        2336   4.67400067E-03   7.46548921E-03   7.46490574E-03  -7.81622221E-05
        2337   4.67600068E-03   7.46799633E-03   7.46741286E-03  -7.81359777E-05
        2338   4.67800070E-03   7.47050252E-03   7.46991998E-03  -7.79850743E-05
        2339   4.68000071E-03   7.47300824E-03   7.47242570E-03  -7.79589245E-05
        2340   4.68200073E-03   7.47551350E-03   7.47493003E-03  -7.80573973E-05
        2341   4.68400074E-03   7.47801829E-03   7.47743482E-03  -7.80312475E-05
        2342   4.68600029E-03   7.48052262E-03   7.47993914E-03  -7.80051269E-05
        2343   4.68800031E-03   7.48302648E-03   7.48244254E-03  -7.80412593E-05
        2344   4.69000032E-03   7.48552987E-03   7.48494593E-03  -7.80151604E-05
        2345   4.69200034E-03   7.48803280E-03   7.48744840E-03  -7.80512783E-05
        2346   4.69400035E-03   7.49053527E-03   7.48995040E-03  -7.80873743E-05
        2347   4.69600037E-03   7.49303726E-03   7.49245286E-03  -7.79991460E-05
        2348   4.69800038E-03   7.49553880E-03   7.49495393E-03  -7.80352493E-05
        2349   4.70000040E-03   7.49803986E-03   7.49745453E-03  -7.80713308E-05
        2350   4.70200041E-03   7.50054047E-03   7.49995559E-03  -7.79832044E-05
        2351   4.70400043E-03   7.50304013E-03   7.50245573E-03  -7.78951508E-05
        2352   4.70600044E-03   7.50553934E-03   7.50495400E-03  -7.79933180E-05
        2353   4.70800046E-03   7.50803808E-03   7.50745274E-03  -7.79673574E-05
        2354   4.71000047E-03   7.51053635E-03   7.50995148E-03  -7.78794056E-05
        2355   4.71200049E-03   7.51303416E-03   7.51244882E-03  -7.79155016E-05
        2356   4.71400050E-03   7.51553150E-03   7.51494616E-03  -7.78896137E-05
        2357   4.71600052E-03   7.51802837E-03   7.51744257E-03  -7.79256879E-05
        2358   4.71800053E-03   7.52052478E-03   7.51993898E-03  -7.78998219E-05
        2359   4.72000055E-03   7.52302073E-03   7.52243493E-03  -7.78739704E-05
        2360   4.72200057E-03   7.52551621E-03   7.52492994E-03  -7.79100374E-05
        2361   4.72400058E-03   7.52801122E-03   7.52742495E-03  -7.78842150E-05
        2362   4.72600060E-03   7.53050577E-03   7.52991904E-03  -7.79202528E-05
        2363   4.72800061E-03   7.53299985E-03   7.53241265E-03  -7.79562833E-05
        2364   4.73000063E-03   7.53549347E-03   7.53490673E-03  -7.78686808E-05
        2365   4.73200064E-03   7.53798615E-03   7.53739942E-03  -7.78429239E-05
        2366   4.73400066E-03   7.54047837E-03   7.53989210E-03  -7.77554305E-05
        2367   4.73600067E-03   7.54297012E-03   7.54238339E-03  -7.77914902E-05
        2368   4.73800069E-03   7.54546141E-03   7.54487514E-03  -7.77040768E-05
        2369   4.74000070E-03   7.54795223E-03   7.54736504E-03  -7.78018366E-05
        2370   4.74200072E-03   7.55044259E-03   7.54985539E-03  -7.77761743E-05
        2371   4.74400073E-03   7.55293248E-03   7.55234575E-03  -7.76888701E-05
        2372   4.74600075E-03   7.55542191E-03   7.55483471E-03  -7.77249152E-05
        2373   4.74800030E-03   7.55791087E-03   7.55732413E-03  -7.76376910E-05
        2374   4.75000031E-03   7.56039936E-03   7.55981170E-03  -7.77353416E-05
        2375   4.75200033E-03   7.56288739E-03   7.56229972E-03  -7.77097666E-05
        2376   4.75400034E-03   7.56537495E-03   7.56478636E-03  -7.78073372E-05
        2377   4.75600036E-03   7.56786205E-03   7.56727299E-03  -7.78433023E-05
        2378   4.75800037E-03   7.57034868E-03   7.56976008E-03  -7.77562091E-05
        2379   4.76000039E-03   7.57283438E-03   7.57224532E-03  -7.77921887E-05
        2380   4.76200040E-03   7.57531961E-03   7.57473102E-03  -7.77051828E-05
        2381   4.76400042E-03   7.57780438E-03   7.57721532E-03  -7.77411624E-05
        2382   4.76600043E-03   7.58028869E-03   7.57969962E-03  -7.77156820E-05
        2383   4.76800045E-03   7.58277252E-03   7.58218393E-03  -7.76288070E-05
        2384   4.77000047E-03   7.58525589E-03   7.58466683E-03  -7.76647867E-05
        2385   4.77200048E-03   7.58773880E-03   7.58715020E-03  -7.75779918E-05
        2386   4.77400050E-03   7.59022124E-03   7.58963218E-03  -7.76139786E-05
        2387   4.77600051E-03   7.59270322E-03   7.59211415E-03  -7.75886001E-05
        2388   4.77800053E-03   7.59518472E-03   7.59459613E-03  -7.75019289E-05
        2389   4.78000054E-03   7.59766577E-03   7.59707671E-03  -7.75379231E-05
        2390   4.78200056E-03   7.60014635E-03   7.59955635E-03  -7.76351735E-05
        2391   4.78400057E-03   7.60262646E-03   7.60203693E-03  -7.75485823E-05
        2392   4.78600059E-03   7.60510610E-03   7.60451658E-03  -7.75232984E-05
        2393   4.78800060E-03   7.60758528E-03   7.60699483E-03  -7.76204688E-05
        2394   4.79000062E-03   7.61006400E-03   7.60947308E-03  -7.76563829E-05
        2395   4.79200063E-03   7.61254178E-03   7.61195039E-03  -7.76922898E-05
        2396   4.79400065E-03   7.61501910E-03   7.61442864E-03  -7.75446897E-05
        2397   4.79600066E-03   7.61749595E-03   7.61690503E-03  -7.75806111E-05
        2398   4.79800068E-03   7.61997234E-03   7.61938188E-03  -7.74942819E-05
        2399   4.80000069E-03   7.62244826E-03   7.62185780E-03  -7.74691071E-05
        2400   4.80200071E-03   7.62492372E-03   7.62433279E-03  -7.75050357E-05
        2401   4.80400072E-03   7.62739871E-03   7.62680732E-03  -7.75409426E-05
        2402   4.80600074E-03   7.62987323E-03   7.62928231E-03  -7.74547516E-05
        2403   4.80800075E-03   7.63234729E-03   7.63175590E-03  -7.74906657E-05
        2404   4.81000030E-03   7.63482088E-03   7.63422949E-03  -7.74655564E-05
        2405   4.81200032E-03   7.63729401E-03   7.63670169E-03  -7.75624358E-05
        2406   4.81400033E-03   7.63976667E-03   7.63917435E-03  -7.75373264E-05
        2407   4.81600035E-03   7.64223887E-03   7.64164655E-03  -7.75122389E-05
        2408   4.81800037E-03   7.64471060E-03   7.64411781E-03  -7.75481021E-05
        2409   4.82000038E-03   7.64718186E-03   7.64658907E-03  -7.75230365E-05
        2410   4.82200040E-03   7.64965219E-03   7.64905894E-03  -7.75588851E-05
        2411   4.82400041E-03   7.65212206E-03   7.65152927E-03  -7.74729851E-05
        2412   4.82600043E-03   7.65459146E-03   7.65399914E-03  -7.73871507E-05
        2413   4.82800044E-03   7.65706040E-03   7.65646808E-03  -7.73621941E-05
        2414   4.83000046E-03   7.65952887E-03   7.65893701E-03  -7.72764542E-05
        2415   4.83200047E-03   7.66199687E-03   7.66140455E-03  -7.73123465E-05
        2416   4.83400049E-03   7.66446441E-03   7.66387070E-03  -7.74697473E-05
        2417   4.83600050E-03   7.66693149E-03   7.66633870E-03  -7.73233260E-05
        2418   4.83800052E-03   7.66939810E-03   7.66880484E-03  -7.73591819E-05
        2419   4.84000053E-03   7.67186424E-03   7.67127145E-03  -7.72736093E-05
        2420   4.84200055E-03   7.67432991E-03   7.67373666E-03  -7.73094653E-05
        2421   4.84400056E-03   7.67679513E-03   7.67620187E-03  -7.72846397E-05
        2422   4.84600058E-03   7.67925987E-03   7.67866615E-03  -7.73204811E-05
        2423   4.84800059E-03   7.68172415E-03   7.68112997E-03  -7.73563006E-05
        2424   4.85000061E-03   7.68418796E-03   7.68359425E-03  -7.72708881E-05
        2425   4.85200062E-03   7.68665131E-03   7.68605713E-03  -7.73067150E-05
        2426   4.85400064E-03   7.68911419E-03   7.68852001E-03  -7.72819476E-05
        2427   4.85600065E-03   7.69157615E-03   7.69098150E-03  -7.73177599E-05
        2428   4.85800067E-03   7.69403763E-03   7.69344298E-03  -7.72930216E-05
        2429   4.86000068E-03   7.69649865E-03   7.69590354E-03  -7.73288193E-05
        2430   4.86200070E-03   7.69895921E-03   7.69836549E-03  -7.71226260E-05
        2431   4.86400072E-03   7.70141929E-03   7.70082464E-03  -7.72189305E-05
        2432   4.86600073E-03   7.70387892E-03   7.70328380E-03  -7.72547355E-05
        2433   4.86800075E-03   7.70633807E-03   7.70574296E-03  -7.72300773E-05
        2434   4.87000076E-03   7.70879677E-03   7.70820258E-03  -7.70846091E-05
        2435   4.87200031E-03   7.71125499E-03   7.71066034E-03  -7.71204359E-05
        2436   4.87400033E-03   7.71371275E-03   7.71311764E-03  -7.71562336E-05
        2437   4.87600034E-03   7.71617005E-03   7.71557447E-03  -7.71920240E-05
        2438   4.87800036E-03   7.71862688E-03   7.71803129E-03  -7.71674459E-05
        2439   4.88000037E-03   7.72108324E-03   7.72048673E-03  -7.72635394E-05
        2440   4.88200039E-03   7.72353914E-03   7.72294262E-03  -7.72389685E-05
        2441   4.88400040E-03   7.72599457E-03   7.72539852E-03  -7.71541381E-05
        2442   4.88600042E-03   7.72844953E-03   7.72785302E-03  -7.71898849E-05
        2443   4.88800043E-03   7.73090404E-03   7.73030752E-03  -7.71653795E-05
        2444   4.89000045E-03   7.73335807E-03   7.73276063E-03  -7.72613348E-05
        2445   4.89200046E-03   7.73581117E-03   7.73521420E-03  -7.71766281E-05
        2446   4.89400048E-03   7.73826381E-03   7.73766637E-03  -7.72123531E-05
        2447   4.89600049E-03   7.74071598E-03   7.74011947E-03  -7.70675615E-05
        2448   4.89800051E-03   7.74316769E-03   7.74257025E-03  -7.71634514E-05
        2449   4.90000052E-03   7.74561893E-03   7.74502149E-03  -7.71390260E-05
        2450   4.90200054E-03   7.74806971E-03   7.74747226E-03  -7.71146297E-05
        2451   4.90400055E-03   7.75052002E-03   7.74992350E-03  -7.69700637E-05
        2452   4.90600057E-03   7.75296986E-03   7.75237288E-03  -7.70058105E-05
        2453   4.90800058E-03   7.75541924E-03   7.75482273E-03  -7.69214384E-05
        2454   4.91000060E-03   7.75786815E-03   7.75727117E-03  -7.69571852E-05
        2455   4.91200062E-03   7.76031660E-03   7.75971869E-03  -7.70529368E-05
        2456   4.91400063E-03   7.76276458E-03   7.76216714E-03  -7.69686376E-05
        2457   4.91600065E-03   7.76521210E-03   7.76461465E-03  -7.69443795E-05
        2458   4.91800066E-03   7.76765915E-03   7.76706077E-03  -7.70400511E-05
        2459   4.92000068E-03   7.77010573E-03   7.76950689E-03  -7.70757324E-05
        2460   4.92200069E-03   7.77255185E-03   7.77195301E-03  -7.70514744E-05
        2461   4.92400071E-03   7.77499750E-03   7.77439913E-03  -7.69673279E-05
        2462   4.92600072E-03   7.77744269E-03   7.77684292E-03  -7.71227787E-05
        2463   4.92800074E-03   7.77988741E-03   7.77928811E-03  -7.70386760E-05
        2464   4.93000075E-03   7.78233120E-03   7.78173190E-03  -7.70144834E-05
        2465   4.93200077E-03   7.78477453E-03   7.78417569E-03  -7.69304825E-05
        2466   4.93400032E-03   7.78721739E-03   7.78661808E-03  -7.69661565E-05
        2467   4.93600033E-03   7.78965978E-03   7.78905954E-03  -7.70616025E-05
        2468   4.93800035E-03   7.79210171E-03   7.79150240E-03  -7.69179096E-05
        2469   4.94000036E-03   7.79454317E-03   7.79394386E-03  -7.68938116E-05
        2470   4.94200038E-03   7.79698417E-03   7.79638533E-03  -7.68100072E-05
        2471   4.94400039E-03   7.79942470E-03   7.79882539E-03  -7.68456812E-05
        2472   4.94600041E-03   7.80186476E-03   7.80126546E-03  -7.68216487E-05
        2473   4.94800042E-03   7.80430436E-03   7.80370459E-03  -7.68573082E-05
        2474   4.95000044E-03   7.80674350E-03   7.80614372E-03  -7.68332975E-05
        2475   4.95200045E-03   7.80918216E-03   7.80858239E-03  -7.68093014E-05
        2476   4.95400047E-03   7.81162037E-03   7.81102059E-03  -7.67853198E-05
        2477   4.95600048E-03   7.81405810E-03   7.81345833E-03  -7.67613674E-05
        2478   4.95800050E-03   7.81649537E-03   7.81589467E-03  -7.68565951E-05
        2479   4.96000051E-03   7.81893171E-03   7.81833194E-03  -7.67135134E-05
        2480   4.96200053E-03   7.82136805E-03   7.82076828E-03  -7.66896192E-05
        2481   4.96400055E-03   7.82380346E-03   7.82320369E-03  -7.66657467E-05
        2482   4.96600056E-03   7.82623887E-03   7.82563817E-03  -7.67609017E-05
        2483   4.96800058E-03   7.82867335E-03   7.82807358E-03  -7.66180528E-05
        2484   4.97000059E-03   7.83110783E-03   7.83050712E-03  -7.67131714E-05
        2485   4.97200061E-03   7.83354137E-03   7.83294067E-03  -7.66893427E-05
        2486   4.97400062E-03   7.83597492E-03   7.83537328E-03  -7.67843958E-05
        2487   4.97600064E-03   7.83840753E-03   7.83780683E-03  -7.66417288E-05
        2488   4.97800065E-03   7.84084015E-03   7.84023851E-03  -7.67367455E-05
        2489   4.98000067E-03   7.84327183E-03   7.84267019E-03  -7.67129532E-05
        2490   4.98200068E-03   7.84570351E-03   7.84510281E-03  -7.65704535E-05
        2491   4.98400070E-03   7.84813426E-03   7.84753263E-03  -7.66654193E-05
        2492   4.98600071E-03   7.85056502E-03   7.84996338E-03  -7.66416779E-05
        2493   4.98800073E-03   7.85299484E-03   7.85239320E-03  -7.66179655E-05
        2494   4.99000074E-03   7.85542466E-03   7.85482116E-03  -7.68314130E-05
        2495   4.99200076E-03   7.85785355E-03   7.85725098E-03  -7.66891244E-05
        2496   4.99400077E-03   7.86028244E-03   7.85967894E-03  -7.67839301E-05
        2497   4.99600032E-03   7.86271039E-03   7.86210783E-03  -7.66417506E-05
        2498   4.99800034E-03   7.86513742E-03   7.86453392E-03  -7.67365273E-05
        2499   5.00000035E-03   7.86756445E-03   7.86696095E-03  -7.67128513E-05
        2500   5.00200037E-03   7.86999054E-03   7.86938798E-03  -7.65708464E-05
        2501   5.00400038E-03   7.87241664E-03   7.87181221E-03  -7.67838865E-05
        2502   5.00600040E-03   7.87484180E-03   7.87423830E-03  -7.66419544E-05
        2503   5.00800041E-03   7.87726697E-03   7.87666347E-03  -7.66183584E-05
        2504   5.01000043E-03   7.87969120E-03   7.87908770E-03  -7.65947843E-05
        2505   5.01200045E-03   7.88211543E-03   7.88151100E-03  -7.66894009E-05
        2506   5.01400046E-03   7.88453873E-03   7.88393617E-03  -7.64295546E-05
        2507   5.01600048E-03   7.88696203E-03   7.88635854E-03  -7.65241712E-05
        2508   5.01800049E-03   7.88938440E-03   7.88878091E-03  -7.65006698E-05
        2509   5.02000051E-03   7.89180677E-03   7.89120328E-03  -7.64771903E-05
        2510   5.02200052E-03   7.89422821E-03   7.89362378E-03  -7.65717195E-05
        2511   5.02400054E-03   7.89664965E-03   7.89604522E-03  -7.65482400E-05
        2512   5.02600055E-03   7.89907016E-03   7.89846480E-03  -7.66427038E-05
        2513   5.02800057E-03   7.90149067E-03   7.90088624E-03  -7.65013392E-05
        2514   5.03000058E-03   7.90391024E-03   7.90330488E-03  -7.65957666E-05
        2515   5.03200060E-03   7.90632982E-03   7.90572539E-03  -7.64545111E-05
        2516   5.03400061E-03   7.90874846E-03   7.90814217E-03  -7.66666781E-05
        2517   5.03600063E-03   7.91116711E-03   7.91056175E-03  -7.65254954E-05
        2518   5.03800064E-03   7.91358482E-03   7.91297853E-03  -7.66198209E-05
        2519   5.04000066E-03   7.91600253E-03   7.91539624E-03  -7.65964141E-05
        2520   5.04200067E-03   7.91841932E-03   7.91781303E-03  -7.65730365E-05
        2521   5.04400069E-03   7.92083517E-03   7.92022888E-03  -7.65496807E-05
        2522   5.04600070E-03   7.92325102E-03   7.92264473E-03  -7.65263394E-05
        2523   5.04800072E-03   7.92566594E-03   7.92506058E-03  -7.63854914E-05
        2524   5.05000073E-03   7.92808086E-03   7.92747457E-03  -7.64797151E-05
        2525   5.05200075E-03   7.93049484E-03   7.92989042E-03  -7.62215277E-05
        2526   5.05400077E-03   7.93290883E-03   7.93230254E-03  -7.64331635E-05
        2527   5.05600078E-03   7.93532189E-03   7.93471560E-03  -7.64099241E-05
        2528   5.05800033E-03   7.93773495E-03   7.93712959E-03  -7.62693453E-05
        2529   5.06000035E-03   7.94014707E-03   7.93954078E-03  -7.63634816E-05
        2530   5.06200036E-03   7.94255920E-03   7.94195291E-03  -7.63402932E-05
        2531   5.06400038E-03   7.94497039E-03   7.94436410E-03  -7.63171192E-05
        2532   5.06600039E-03   7.94738159E-03   7.94677436E-03  -7.64111683E-05
        2533   5.06800041E-03   7.94979185E-03   7.94918556E-03  -7.62708296E-05
        2534   5.07000042E-03   7.95220211E-03   7.95159582E-03  -7.62477139E-05
        2535   5.07200044E-03   7.95461144E-03   7.95400515E-03  -7.62246200E-05
        2536   5.07400045E-03   7.95702077E-03   7.95641448E-03  -7.62015334E-05
        2537   5.07600047E-03   7.95942917E-03   7.95882195E-03  -7.62955024E-05
        2538   5.07800048E-03   7.96183757E-03   7.96123035E-03  -7.62724230E-05
        2539   5.08000050E-03   7.96424504E-03   7.96363782E-03  -7.62493655E-05
        2540   5.08200051E-03   7.96665251E-03   7.96604529E-03  -7.62263226E-05
        2541   5.08400053E-03   7.96905905E-03   7.96845183E-03  -7.62033014E-05
        2542   5.08600054E-03   7.97146559E-03   7.97085743E-03  -7.62971395E-05
        2543   5.08800056E-03   7.97387119E-03   7.97326304E-03  -7.62741256E-05
        2544   5.09000057E-03   7.97627680E-03   7.97566865E-03  -7.62511190E-05
        2545   5.09200059E-03   7.97868147E-03   7.97807332E-03  -7.62281343E-05
        2546   5.09400060E-03   7.98108615E-03   7.98047800E-03  -7.62051641E-05
        2547   5.09600062E-03   7.98348989E-03   7.98288081E-03  -7.62988930E-05
        2548   5.09800063E-03   7.98589364E-03   7.98528455E-03  -7.62759228E-05
        2549   5.10000065E-03   7.98829645E-03   7.98768736E-03  -7.62529817E-05
        2550   5.10200066E-03   7.99069833E-03   7.99008831E-03  -7.63466232E-05
        2551   5.10400068E-03   7.99310021E-03   7.99249113E-03  -7.62071504E-05
        2552   5.10600070E-03   7.99550116E-03   7.99489208E-03  -7.61842603E-05
        2553   5.10800071E-03   7.99790211E-03   7.99729303E-03  -7.61613919E-05
        2554   5.11000073E-03   8.00030213E-03   7.99969304E-03  -7.61385454E-05
        2555   5.11200074E-03   8.00270215E-03   8.00209399E-03  -7.59993127E-05
        2556   5.11400076E-03   8.00510123E-03   8.00449215E-03  -7.60928961E-05
        2557   5.11600077E-03   8.00750032E-03   8.00689217E-03  -7.59537725E-05
        2558   5.11800079E-03   8.00989848E-03   8.00928939E-03  -7.60473195E-05
        2559   5.12000080E-03   8.01229663E-03   8.01168755E-03  -7.60245530E-05
        2560   5.12200035E-03   8.01469386E-03   8.01408477E-03  -7.60018083E-05
        2561   5.12400037E-03   8.01709108E-03   8.01648106E-03  -7.60952680E-05
        2562   5.12600038E-03   8.01948737E-03   8.01887736E-03  -7.60725306E-05
        2563   5.12800040E-03   8.02188367E-03   8.02127458E-03  -7.59336908E-05
        2564   5.13000041E-03   8.02427903E-03   8.02366994E-03  -7.59110189E-05
        2565   5.13200043E-03   8.02667439E-03   8.02606437E-03  -7.60044131E-05
        2566   5.13400044E-03   8.02906882E-03   8.02845974E-03  -7.58657334E-05
        2567   5.13600046E-03   8.03146325E-03   8.03085323E-03  -7.59590912E-05
        2568   5.13800047E-03   8.03385675E-03   8.03324673E-03  -7.59364557E-05
        2569   5.14000049E-03   8.03625025E-03   8.03564023E-03  -7.59138347E-05
        2570   5.14200050E-03   8.03864282E-03   8.03803280E-03  -7.58912429E-05
        2571   5.14400052E-03   8.04103538E-03   8.04042537E-03  -7.58686583E-05
        2572   5.14600053E-03   8.04342702E-03   8.04281700E-03  -7.58460956E-05
        2573   5.14800055E-03   8.04581866E-03   8.04520678E-03  -7.60550902E-05
        2574   5.15000056E-03   8.04820936E-03   8.04759841E-03  -7.59167597E-05
        2575   5.15200058E-03   8.05060007E-03   8.04998819E-03  -7.60099138E-05
        2576   5.15400060E-03   8.05298984E-03   8.05237889E-03  -7.58716924E-05
        2577   5.15600061E-03   8.05537961E-03   8.05476774E-03  -7.59648174E-05
        2578   5.15800063E-03   8.05776846E-03   8.05715658E-03  -7.59422910E-05
        2579   5.16000064E-03   8.06015730E-03   8.05954449E-03  -7.60353432E-05
        2580   5.16200066E-03   8.06254521E-03   8.06193333E-03  -7.58972965E-05
        2581   5.16400067E-03   8.06493312E-03   8.06432031E-03  -7.59903196E-05
        2582   5.16600069E-03   8.06732010E-03   8.06670729E-03  -7.59678296E-05
        2583   5.16800070E-03   8.06970708E-03   8.06909334E-03  -7.60607873E-05
        2584   5.17000072E-03   8.07209313E-03   8.07147939E-03  -7.60382973E-05
        2585   5.17200073E-03   8.07447825E-03   8.07386544E-03  -7.59004761E-05
        2586   5.17400075E-03   8.07686336E-03   8.07625055E-03  -7.58780661E-05
        2587   5.17600076E-03   8.07924755E-03   8.07863474E-03  -7.58556707E-05
        2588   5.17800078E-03   8.08163173E-03   8.08101892E-03  -7.58332899E-05
        2589   5.18000079E-03   8.08401499E-03   8.08340218E-03  -7.58109309E-05
        2590   5.18200081E-03   8.08639824E-03   8.08578450E-03  -7.59037794E-05
        2591   5.18400036E-03   8.08878057E-03   8.08816776E-03  -7.57662638E-05
        2592   5.18600037E-03   8.09116289E-03   8.09054915E-03  -7.58590759E-05
        2593   5.18800039E-03   8.09354428E-03   8.09293147E-03  -7.57216694E-05
        2594   5.19000040E-03   8.09592567E-03   8.09531286E-03  -7.56993904E-05
        2595   5.19200042E-03   8.09830613E-03   8.09769239E-03  -7.57921589E-05
        2596   5.19400043E-03   8.10068659E-03   8.10007285E-03  -7.57698799E-05
        2597   5.19600045E-03   8.10306612E-03   8.10245331E-03  -7.56326772E-05
        2598   5.19800046E-03   8.10544565E-03   8.10483191E-03  -7.57253947E-05
        2599   5.20000048E-03   8.10782425E-03   8.10721144E-03  -7.55882938E-05
        2600   5.20200050E-03   8.11020285E-03   8.10959004E-03  -7.55661167E-05
        2601   5.20400051E-03   8.11258052E-03   8.11196771E-03  -7.55439687E-05
        2602   5.20600053E-03   8.11495818E-03   8.11434444E-03  -7.56366207E-05
        2603   5.20800054E-03   8.11733492E-03   8.11672211E-03  -7.54997236E-05
        2604   5.21000056E-03   8.11971165E-03   8.11909791E-03  -7.55923393E-05
        2605   5.21200057E-03   8.12208746E-03   8.12147465E-03  -7.54555367E-05
        2606   5.21400059E-03   8.12446326E-03   8.12384952E-03  -7.55481233E-05
        2607   5.21600060E-03   8.12683813E-03   8.12622532E-03  -7.54114299E-05
        2608   5.21800062E-03   8.12921301E-03   8.12859833E-03  -7.56185618E-05
        2609   5.22000063E-03   8.13158695E-03   8.13097320E-03  -7.54819339E-05
        2610   5.22200065E-03   8.13396089E-03   8.13334715E-03  -7.54599023E-05
        2611   5.22400066E-03   8.13633390E-03   8.13571922E-03  -7.55523724E-05
        2612   5.22600068E-03   8.13870691E-03   8.13809223E-03  -7.55303408E-05
        2613   5.22800069E-03   8.14107899E-03   8.14046524E-03  -7.53939166E-05
        2614   5.23000071E-03   8.14345106E-03   8.14283546E-03  -7.56007212E-05
        2615   5.23200072E-03   8.14582221E-03   8.14520661E-03  -7.55787114E-05
        2616   5.23400074E-03   8.14819336E-03   8.14757776E-03  -7.55567162E-05
        2617   5.23600075E-03   8.15056358E-03   8.14994797E-03  -7.55347428E-05
        2618   5.23800077E-03   8.15293379E-03   8.15231912E-03  -7.53985296E-05
        2619   5.24000078E-03   8.15530308E-03   8.15468747E-03  -7.54908397E-05
        2620   5.24200080E-03   8.15767236E-03   8.15705676E-03  -7.54689172E-05
        2621   5.24400081E-03   8.16004071E-03   8.15942511E-03  -7.54470093E-05
        2622   5.24600036E-03   8.16240907E-03   8.16179253E-03  -7.55392321E-05
        2623   5.24800038E-03   8.16477649E-03   8.16415995E-03  -7.55173314E-05
        2624   5.25000039E-03   8.16714391E-03   8.16652644E-03  -7.56094887E-05
        2625   5.25200041E-03   8.16951040E-03   8.16889293E-03  -7.55875808E-05
        2626   5.25400043E-03   8.17187689E-03   8.17125943E-03  -7.55656947E-05
        2627   5.25600044E-03   8.17424245E-03   8.17362405E-03  -7.56577720E-05
        2628   5.25800046E-03   8.17660801E-03   8.17599054E-03  -7.55219662E-05
        2629   5.26000047E-03   8.17897264E-03   8.17835424E-03  -7.56140143E-05
        2630   5.26200049E-03   8.18133727E-03   8.18071794E-03  -7.57060116E-05
        2631   5.26400050E-03   8.18370096E-03   8.18308257E-03  -7.55703222E-05
        2632   5.26600052E-03   8.18606466E-03   8.18544626E-03  -7.55485016E-05
        2633   5.26800053E-03   8.18842743E-03   8.18780717E-03  -7.57542075E-05
        2634   5.27000055E-03   8.19079019E-03   8.19016993E-03  -7.57323505E-05
        2635   5.27200056E-03   8.19315203E-03   8.19253176E-03  -7.57105227E-05
        2636   5.27400058E-03   8.19551386E-03   8.19489360E-03  -7.56887021E-05
        2637   5.27600059E-03   8.19787476E-03   8.19725357E-03  -7.57805246E-05
        2638   5.27800061E-03   8.20023473E-03   8.19961447E-03  -7.56451191E-05
        2639   5.28000062E-03   8.20259470E-03   8.20197444E-03  -7.56233567E-05
        2640   5.28200064E-03   8.20495375E-03   8.20433348E-03  -7.56016088E-05
        2641   5.28400065E-03   8.20731279E-03   8.20669252E-03  -7.55798828E-05
        2642   5.28600067E-03   8.20967089E-03   8.20905063E-03  -7.55581714E-05
        2643   5.28800068E-03   8.21202900E-03   8.21140874E-03  -7.55364672E-05
        2644   5.29000070E-03   8.21438618E-03   8.21376685E-03  -7.54013963E-05
        2645   5.29200071E-03   8.21674336E-03   8.21612310E-03  -7.54931316E-05
        2646   5.29400073E-03   8.21909960E-03   8.21848027E-03  -7.53581553E-05
        2647   5.29600075E-03   8.22145585E-03   8.22083652E-03  -7.53365530E-05
        2648   5.29800076E-03   8.22381116E-03   8.22319090E-03  -7.54282446E-05
        2649   5.30000078E-03   8.22616648E-03   8.22554715E-03  -7.52934138E-05
        2650   5.30200079E-03   8.22852086E-03   8.22790153E-03  -7.52718697E-05
        2651   5.30400081E-03   8.23087525E-03   8.23025592E-03  -7.52503329E-05
        2652   5.30600082E-03   8.23322870E-03   8.23261030E-03  -7.51156913E-05
        2653   5.30800037E-03   8.23558215E-03   8.23496189E-03  -7.53204222E-05
        2654   5.31000039E-03   8.23793467E-03   8.23731534E-03  -7.51858461E-05
        2655   5.31200040E-03   8.24028719E-03   8.23966693E-03  -7.52774140E-05
        2656   5.31400042E-03   8.24263878E-03   8.24201945E-03  -7.51429325E-05
        2657   5.31600043E-03   8.24499037E-03   8.24437011E-03  -7.52344713E-05
        2658   5.31800045E-03   8.24734103E-03   8.24672077E-03  -7.52130290E-05
        2659   5.32000046E-03   8.24969169E-03   8.24907143E-03  -7.51915941E-05
        2660   5.32200048E-03   8.25204141E-03   8.25142115E-03  -7.51701809E-05
        2661   5.32400049E-03   8.25439114E-03   8.25377088E-03  -7.51487823E-05
        2662   5.32600051E-03   8.25673994E-03   8.25612061E-03  -7.50145919E-05
        2663   5.32800052E-03   8.25908873E-03   8.25846847E-03  -7.51060361E-05
        2664   5.33000054E-03   8.26143660E-03   8.26081727E-03  -7.49719402E-05
        2665   5.33200055E-03   8.26378446E-03   8.26316420E-03  -7.50633553E-05
        2666   5.33400057E-03   8.26613139E-03   8.26551206E-03  -7.49293613E-05
        2667   5.33600058E-03   8.26847833E-03   8.26785807E-03  -7.50207400E-05
        2668   5.33800060E-03   8.27082433E-03   8.27020500E-03  -7.48868406E-05
        2669   5.34000061E-03   8.27317033E-03   8.27255007E-03  -7.49781902E-05
        2670   5.34200063E-03   8.27551540E-03   8.27489607E-03  -7.48443854E-05
        2671   5.34400064E-03   8.27786047E-03   8.27724114E-03  -7.48231832E-05
        2672   5.34600066E-03   8.28020461E-03   8.27958528E-03  -7.48019957E-05
        2673   5.34800068E-03   8.28254875E-03   8.28192849E-03  -7.48932871E-05
        2674   5.35000069E-03   8.28489196E-03   8.28427169E-03  -7.48720995E-05
        2675   5.35200071E-03   8.28723516E-03   8.28661583E-03  -7.47385347E-05
        2676   5.35400072E-03   8.28957744E-03   8.28895625E-03  -7.49421451E-05
        2677   5.35600074E-03   8.29191972E-03   8.29129945E-03  -7.48086386E-05
        2678   5.35800075E-03   8.29426106E-03   8.29364080E-03  -7.47875238E-05
        2679   5.36000077E-03   8.29660241E-03   8.29598214E-03  -7.47664162E-05
        2680   5.36200078E-03   8.29894282E-03   8.29832256E-03  -7.47453305E-05
        2681   5.36400080E-03   8.30128323E-03   8.30066297E-03  -7.47242520E-05
        2682   5.36600081E-03   8.30362272E-03   8.30300152E-03  -7.48153761E-05
        2683   5.36800083E-03   8.30596220E-03   8.30534194E-03  -7.46821534E-05
        2684   5.37000038E-03   8.30830075E-03   8.30767956E-03  -7.47732483E-05
        2685   5.37200039E-03   8.31063930E-03   8.31001904E-03  -7.46401201E-05
        2686   5.37400041E-03   8.31297692E-03   8.31235480E-03  -7.48432285E-05
        2687   5.37600042E-03   8.31531454E-03   8.31469242E-03  -7.48221864E-05
        2688   5.37800044E-03   8.31765123E-03   8.31702910E-03  -7.48011662E-05
        2689   5.38000045E-03   8.31998792E-03   8.31936672E-03  -7.46682053E-05
        2690   5.38200047E-03   8.32232367E-03   8.32170248E-03  -7.46472433E-05
        2691   5.38400048E-03   8.32465943E-03   8.32403731E-03  -7.47381928E-05
        2692   5.38600050E-03   8.32699426E-03   8.32637306E-03  -7.46053702E-05
        2693   5.38800051E-03   8.32932908E-03   8.32870696E-03  -7.46962833E-05
        2694   5.39000053E-03   8.33166298E-03   8.33104085E-03  -7.46753576E-05
        2695   5.39200054E-03   8.33399687E-03   8.33337568E-03  -7.45426805E-05
        2696   5.39400056E-03   8.33632983E-03   8.33570864E-03  -7.45218204E-05
        2697   5.39600058E-03   8.33866280E-03   8.33803974E-03  -7.47243757E-05
        2698   5.39800059E-03   8.34099483E-03   8.34037270E-03  -7.45918078E-05
        2699   5.40000061E-03   8.34332686E-03   8.34270474E-03  -7.45709549E-05
        2700   5.40200062E-03   8.34565796E-03   8.34503490E-03  -7.46617370E-05
        2701   5.40400064E-03   8.34798906E-03   8.34736601E-03  -7.46408841E-05
        2702   5.40600065E-03   8.35031923E-03   8.34969711E-03  -7.45085053E-05
        2703   5.40800067E-03   8.35264940E-03   8.35202634E-03  -7.45992365E-05
        2704   5.41000068E-03   8.35497864E-03   8.35435651E-03  -7.44669524E-05
        2705   5.41200070E-03   8.35730787E-03   8.35668389E-03  -7.46691076E-05
        2706   5.41400071E-03   8.35963618E-03   8.35901406E-03  -7.44254648E-05
        2707   5.41600073E-03   8.36196449E-03   8.36134143E-03  -7.45161306E-05
        2708   5.41800074E-03   8.36429186E-03   8.36366881E-03  -7.44953941E-05
        2709   5.42000076E-03   8.36661924E-03   8.36599525E-03  -7.45860016E-05
        2710   5.42200077E-03   8.36894568E-03   8.36832263E-03  -7.44539648E-05
        2711   5.42400079E-03   8.37127212E-03   8.37064814E-03  -7.45445432E-05
        2712   5.42600080E-03   8.37359764E-03   8.37297458E-03  -7.44126010E-05
        2713   5.42800082E-03   8.37592315E-03   8.37530009E-03  -7.43919372E-05
        2714   5.43000083E-03   8.37824773E-03   8.37762374E-03  -7.44824720E-05
        2715   5.43200038E-03   8.38057231E-03   8.37994833E-03  -7.44618083E-05
        2716   5.43400040E-03   8.38289596E-03   8.38227104E-03  -7.45522848E-05
        2717   5.43600041E-03   8.38521961E-03   8.38459469E-03  -7.45316211E-05
        2718   5.43800043E-03   8.38754233E-03   8.38691834E-03  -7.43999262E-05
        2719   5.44000044E-03   8.38986505E-03   8.38924013E-03  -7.44903518E-05
        2720   5.44200046E-03   8.39218684E-03   8.39156099E-03  -7.45807338E-05
        2721   5.44400048E-03   8.39450862E-03   8.39388371E-03  -7.44491408E-05
        2722   5.44600049E-03   8.39682948E-03   8.39620456E-03  -7.44285644E-05
        2723   5.44800051E-03   8.39915033E-03   8.39852542E-03  -7.44079953E-05
        2724   5.45000052E-03   8.40147026E-03   8.40084534E-03  -7.43874480E-05
        2725   5.45200054E-03   8.40379018E-03   8.40316527E-03  -7.43669079E-05
        2726   5.45400055E-03   8.40610918E-03   8.40548333E-03  -7.44572026E-05
        2727   5.45600057E-03   8.40842817E-03   8.40780232E-03  -7.44366625E-05
        2728   5.45800058E-03   8.41074623E-03   8.41012131E-03  -7.43054043E-05
        2729   5.46000060E-03   8.41306429E-03   8.41243844E-03  -7.43956407E-05
        2730   5.46200061E-03   8.41538142E-03   8.41475558E-03  -7.43751589E-05
        2731   5.46400063E-03   8.41769855E-03   8.41707364E-03  -7.42440243E-05
        2732   5.46600064E-03   8.42001475E-03   8.41938984E-03  -7.42236007E-05
        2733   5.46800066E-03   8.42233095E-03   8.42170604E-03  -7.42031916E-05
        2734   5.47000067E-03   8.42464622E-03   8.42402037E-03  -7.42933626E-05
        2735   5.47200069E-03   8.42696149E-03   8.42633471E-03  -7.43834826E-05
        2736   5.47400070E-03   8.42927583E-03   8.42864998E-03  -7.42525517E-05
        2737   5.47600072E-03   8.43159016E-03   8.43096338E-03  -7.43426426E-05
        2738   5.47800073E-03   8.43390357E-03   8.43327772E-03  -7.42118063E-05
        2739   5.48000075E-03   8.43621697E-03   8.43559019E-03  -7.43018682E-05
        2740   5.48200076E-03   8.43852945E-03   8.43790360E-03  -7.41711192E-05
        2741   5.48400078E-03   8.44084192E-03   8.44021514E-03  -7.42611519E-05
        2742   5.48600079E-03   8.44315346E-03   8.44252761E-03  -7.41304975E-05
        2743   5.48800081E-03   8.44546501E-03   8.44483823E-03  -7.42204938E-05
        2744   5.49000083E-03   8.44777562E-03   8.44714977E-03  -7.40899341E-05
        2745   5.49200084E-03   8.45008623E-03   8.44946038E-03  -7.40696705E-05
        2746   5.49400039E-03   8.45239591E-03   8.45177006E-03  -7.40494288E-05
        2747   5.49600041E-03   8.45470559E-03   8.45407788E-03  -7.42495395E-05
        2748   5.49800042E-03   8.45701434E-03   8.45638756E-03  -7.41191325E-05
        2749   5.50000044E-03   8.45932309E-03   8.45869631E-03  -7.40988980E-05
        2750   5.50200045E-03   8.46163090E-03   8.46100412E-03  -7.40786854E-05
        2751   5.50400047E-03   8.46393872E-03   8.46331194E-03  -7.40584874E-05
        2752   5.50600048E-03   8.46624561E-03   8.46561883E-03  -7.40383111E-05
        2753   5.50800050E-03   8.46855249E-03   8.46792571E-03  -7.40181349E-05
        2754   5.51000051E-03   8.47085845E-03   8.47023260E-03  -7.38880262E-05
        2755   5.51200053E-03   8.47316440E-03   8.47253762E-03  -7.39778479E-05
        2756   5.51400054E-03   8.47546943E-03   8.47484358E-03  -7.38478266E-05
        2757   5.51600056E-03   8.47777445E-03   8.47714767E-03  -7.39376192E-05
        2758   5.51800057E-03   8.48007854E-03   8.47945176E-03  -7.39175230E-05
        2759   5.52000059E-03   8.48238263E-03   8.48175585E-03  -7.38974486E-05
        2760   5.52200060E-03   8.48468579E-03   8.48405901E-03  -7.38773815E-05
        2761   5.52400062E-03   8.48698895E-03   8.48636217E-03  -7.38573362E-05
        2762   5.52600063E-03   8.48929118E-03   8.48866440E-03  -7.38373055E-05
        2763   5.52800065E-03   8.49159341E-03   8.49096756E-03  -7.37075898E-05
        2764   5.53000066E-03   8.49389471E-03   8.49326793E-03  -7.37972805E-05
        2765   5.53200068E-03   8.49619601E-03   8.49557016E-03  -7.36676593E-05
        2766   5.53400069E-03   8.49849638E-03   8.49786960E-03  -7.37573209E-05
        2767   5.53600071E-03   8.50079674E-03   8.50017089E-03  -7.36277871E-05
        2768   5.53800073E-03   8.50309618E-03   8.50247033E-03  -7.36078728E-05
        2769   5.54000074E-03   8.50539561E-03   8.50476976E-03  -7.35879730E-05
        2770   5.54200076E-03   8.50769412E-03   8.50706827E-03  -7.35680878E-05
        2771   5.54400077E-03   8.50999262E-03   8.50936770E-03  -7.34387650E-05
        2772   5.54600079E-03   8.51229019E-03   8.51166435E-03  -7.35283684E-05
        2773   5.54800080E-03   8.51458777E-03   8.51396285E-03  -7.33991255E-05
        2774   5.55000082E-03   8.51688441E-03   8.51625856E-03  -7.34886999E-05
        2775   5.55200083E-03   8.51918105E-03   8.51855520E-03  -7.34688874E-05
        2776   5.55400085E-03   8.52147676E-03   8.52085184E-03  -7.33397828E-05
        2777   5.55600040E-03   8.52377247E-03   8.52314662E-03  -7.34293062E-05
        2778   5.55800041E-03   8.52606818E-03   8.52544140E-03  -7.35187859E-05
        2779   5.56000043E-03   8.52836296E-03   8.52773618E-03  -7.34990026E-05
        2780   5.56200044E-03   8.53065774E-03   8.53003096E-03  -7.34792266E-05
        2781   5.56400046E-03   8.53295159E-03   8.53232481E-03  -7.34594723E-05
        2782   5.56600047E-03   8.53524543E-03   8.53461865E-03  -7.34397327E-05
        2783   5.56800049E-03   8.53753835E-03   8.53691064E-03  -7.35291105E-05
        2784   5.57000050E-03   8.53983127E-03   8.53920355E-03  -7.35093636E-05
        2785   5.57200052E-03   8.54212325E-03   8.54149461E-03  -7.35986832E-05
        2786   5.57400053E-03   8.54441524E-03   8.54378659E-03  -7.35789363E-05
        2787   5.57600055E-03   8.54670629E-03   8.54607765E-03  -7.35592112E-05
        2788   5.57800056E-03   8.54899734E-03   8.54836777E-03  -7.36484508E-05
        2789   5.58000058E-03   8.55128746E-03   8.55065789E-03  -7.36287257E-05
        2790   5.58200059E-03   8.55357759E-03   8.55294801E-03  -7.36090151E-05
        2791   5.58400061E-03   8.55586678E-03   8.55523720E-03  -7.35893191E-05
        2792   5.58600063E-03   8.55815597E-03   8.55752733E-03  -7.34607893E-05
        2793   5.58800064E-03   8.56044423E-03   8.55981465E-03  -7.35499634E-05
        2794   5.59000066E-03   8.56273249E-03   8.56210198E-03  -7.36390866E-05
        2795   5.59200067E-03   8.56501982E-03   8.56438931E-03  -7.36194197E-05
        2796   5.59400069E-03   8.56730714E-03   8.56667664E-03  -7.35997673E-05
        2797   5.59600070E-03   8.56959354E-03   8.56896304E-03  -7.35801295E-05
        2798   5.59800072E-03   8.57187994E-03   8.57124943E-03  -7.35604990E-05
        2799   5.60000073E-03   8.57416540E-03   8.57353397E-03  -7.36495276E-05
        2800   5.60200075E-03   8.57645087E-03   8.57581943E-03  -7.36298971E-05
        2801   5.60400076E-03   8.57873540E-03   8.57810490E-03  -7.35017093E-05
        2802   5.60600078E-03   8.58101994E-03   8.58038757E-03  -7.36992370E-05
        2803   5.60800079E-03   8.58330354E-03   8.58267210E-03  -7.35711074E-05
        2804   5.61000081E-03   8.58558714E-03   8.58495478E-03  -7.36600268E-05
        2805   5.61200082E-03   8.58786982E-03   8.58723838E-03  -7.35319845E-05
        2806   5.61400084E-03   8.59015249E-03   8.58952012E-03  -7.36208822E-05
        2807   5.61600085E-03   8.59243423E-03   8.59180186E-03  -7.36013317E-05
        2808   5.61800040E-03   8.59471597E-03   8.59408360E-03  -7.35817885E-05
        2809   5.62000042E-03   8.59699678E-03   8.59636441E-03  -7.35622671E-05
        2810   5.62200043E-03   8.59927759E-03   8.59864429E-03  -7.36510701E-05
        2811   5.62400045E-03   8.60155746E-03   8.60092510E-03  -7.35232607E-05
        2812   5.62600046E-03   8.60383734E-03   8.60320404E-03  -7.36120346E-05
        2813   5.62800048E-03   8.60611629E-03   8.60548392E-03  -7.34843052E-05
        2814   5.63000049E-03   8.60839523E-03   8.60776193E-03  -7.35730573E-05
        2815   5.63200051E-03   8.61067325E-03   8.61004088E-03  -7.34454152E-05
        2816   5.63400052E-03   8.61295126E-03   8.61231796E-03  -7.35341382E-05
        2817   5.63600054E-03   8.61522835E-03   8.61459598E-03  -7.34065834E-05
        2818   5.63800056E-03   8.61750543E-03   8.61687306E-03  -7.33871784E-05
        2819   5.64000057E-03   8.61978158E-03   8.61915015E-03  -7.32597400E-05
        2820   5.64200059E-03   8.62205774E-03   8.62142444E-03  -7.34564601E-05
        2821   5.64400060E-03   8.62433296E-03   8.62369966E-03  -7.34370842E-05
        2822   5.64600062E-03   8.62660818E-03   8.62597581E-03  -7.33097404E-05
        2823   5.64800063E-03   8.62888247E-03   8.62825010E-03  -7.32904155E-05
        2824   5.65000065E-03   8.63115676E-03   8.63052439E-03  -7.32711051E-05
        2825   5.65200066E-03   8.63343012E-03   8.63279775E-03  -7.32518092E-05
        2826   5.65400068E-03   8.63570347E-03   8.63507111E-03  -7.32325207E-05
        2827   5.65600069E-03   8.63797590E-03   8.63734353E-03  -7.32132539E-05
        2828   5.65800071E-03   8.64024833E-03   8.63961689E-03  -7.30861939E-05
        2829   5.66000072E-03   8.64251982E-03   8.64188746E-03  -7.31747568E-05
        2830   5.66200074E-03   8.64479132E-03   8.64415988E-03  -7.30477841E-05
        2831   5.66400075E-03   8.64706282E-03   8.64643045E-03  -7.31363107E-05
        2832   5.66600077E-03   8.64933338E-03   8.64870008E-03  -7.32248009E-05
        2833   5.66800078E-03   8.65160394E-03   8.65097065E-03  -7.32055851E-05
        2834   5.67000080E-03   8.65387358E-03   8.65324121E-03  -7.30787506E-05
        2835   5.67200081E-03   8.65614321E-03   8.65550991E-03  -7.31671898E-05
        2836   5.67400083E-03   8.65841191E-03   8.65777861E-03  -7.31480177E-05
        2837   5.67600084E-03   8.66068061E-03   8.66004732E-03  -7.31288528E-05
        2838   5.67800086E-03   8.66294838E-03   8.66231415E-03  -7.32172339E-05
        2839   5.68000041E-03   8.66521616E-03   8.66458192E-03  -7.31980690E-05
        2840   5.68200042E-03   8.66748299E-03   8.66684783E-03  -7.32863919E-05
        2841   5.68400044E-03   8.66974983E-03   8.66911374E-03  -7.33746638E-05
        2842   5.68600046E-03   8.67201574E-03   8.67138151E-03  -7.31406690E-05
        2843   5.68800047E-03   8.67428165E-03   8.67364649E-03  -7.32289482E-05
        2844   5.69000049E-03   8.67654663E-03   8.67591146E-03  -7.32098270E-05
        2845   5.69200050E-03   8.67881160E-03   8.67817458E-03  -7.34053756E-05
        2846   5.69400052E-03   8.68107565E-03   8.68043955E-03  -7.32789267E-05
        2847   5.69600053E-03   8.68333969E-03   8.68270360E-03  -7.32598201E-05
        2848   5.69800055E-03   8.68560281E-03   8.68496671E-03  -7.32407352E-05
        2849   5.70000056E-03   8.68786592E-03   8.68722983E-03  -7.32216504E-05
        2850   5.70200058E-03   8.69012810E-03   8.68949201E-03  -7.32025874E-05
        2851   5.70400059E-03   8.69239029E-03   8.69175419E-03  -7.31835389E-05
        2852   5.70600061E-03   8.69465154E-03   8.69401544E-03  -7.31645050E-05
        2853   5.70800062E-03   8.69691279E-03   8.69627576E-03  -7.32525805E-05
        2854   5.71000064E-03   8.69917311E-03   8.69853701E-03  -7.31264736E-05
        2855   5.71200065E-03   8.70143343E-03   8.70079733E-03  -7.31074761E-05
        2856   5.71400067E-03   8.70369282E-03   8.70305672E-03  -7.30884931E-05
        2857   5.71600068E-03   8.70595220E-03   8.70531518E-03  -7.31765176E-05
        2858   5.71800070E-03   8.70821066E-03   8.70757457E-03  -7.30505708E-05
        2859   5.72000071E-03   8.71046912E-03   8.70983209E-03  -7.31385662E-05
        2860   5.72200073E-03   8.71272665E-03   8.71208962E-03  -7.31196124E-05
        2861   5.72400074E-03   8.71498417E-03   8.71434808E-03  -7.29937965E-05
        2862   5.72600076E-03   8.71724077E-03   8.71660467E-03  -7.29748936E-05
        2863   5.72800077E-03   8.71949736E-03   8.71886127E-03  -7.29560052E-05
        2864   5.73000079E-03   8.72175302E-03   8.72111786E-03  -7.28303421E-05
        2865   5.73200081E-03   8.72400869E-03   8.72337166E-03  -7.30250467E-05
        2866   5.73400082E-03   8.72626435E-03   8.72562733E-03  -7.30061729E-05
        2867   5.73600084E-03   8.72851908E-03   8.72788299E-03  -7.28805971E-05
        2868   5.73800085E-03   8.73077381E-03   8.73013679E-03  -7.29684616E-05
        2869   5.74000087E-03   8.73302761E-03   8.73239059E-03  -7.29496242E-05
        2870   5.74200042E-03   8.73528142E-03   8.73464439E-03  -7.29308013E-05
        2871   5.74400043E-03   8.73753428E-03   8.73689633E-03  -7.30186002E-05
        2872   5.74600045E-03   8.73978715E-03   8.73914827E-03  -7.31063556E-05
        2873   5.74800046E-03   8.74203909E-03   8.74140020E-03  -7.30875254E-05
        2874   5.75000048E-03   8.74429103E-03   8.74365214E-03  -7.30687025E-05
        2875   5.75200049E-03   8.74654204E-03   8.74590222E-03  -7.31563850E-05
        2876   5.75400051E-03   8.74879304E-03   8.74815416E-03  -7.30310931E-05
        2877   5.75600052E-03   8.75104312E-03   8.75040423E-03  -7.30123138E-05
        2878   5.75800054E-03   8.75329319E-03   8.75265338E-03  -7.30999600E-05
        2879   5.76000055E-03   8.75554234E-03   8.75490252E-03  -7.30811807E-05
        2880   5.76200057E-03   8.75779148E-03   8.75715259E-03  -7.29560561E-05
        2881   5.76400058E-03   8.76003969E-03   8.75939988E-03  -7.30436586E-05
        2882   5.76600060E-03   8.76228791E-03   8.76164809E-03  -7.30249158E-05
        2883   5.76800061E-03   8.76453519E-03   8.76389444E-03  -7.31124674E-05
        2884   5.77000063E-03   8.76678247E-03   8.76614172E-03  -7.30937245E-05
        2885   5.77200064E-03   8.76902882E-03   8.76838900E-03  -7.29687745E-05
        2886   5.77400066E-03   8.77127517E-03   8.77063535E-03  -7.29500898E-05
        2887   5.77600067E-03   8.77352059E-03   8.77288077E-03  -7.29314124E-05
        2888   5.77800069E-03   8.77576601E-03   8.77512526E-03  -7.30188913E-05
        2889   5.78000071E-03   8.77801050E-03   8.77737161E-03  -7.27879960E-05
        2890   5.78200072E-03   8.78025498E-03   8.77961516E-03  -7.28754749E-05
        2891   5.78400074E-03   8.78249854E-03   8.78185965E-03  -7.27507941E-05
        2892   5.78600075E-03   8.78474209E-03   8.78410228E-03  -7.28382438E-05
        2893   5.78800077E-03   8.78698472E-03   8.78634583E-03  -7.27136503E-05
        2894   5.79000078E-03   8.78922734E-03   8.78858753E-03  -7.28010709E-05
        2895   5.79200080E-03   8.79146904E-03   8.79083015E-03  -7.26765575E-05
        2896   5.79400081E-03   8.79371073E-03   8.79307091E-03  -7.27639563E-05
        2897   5.79600083E-03   8.79595242E-03   8.79531354E-03  -7.26395156E-05
        2898   5.79800084E-03   8.79819319E-03   8.79755337E-03  -7.27268780E-05
        2899   5.80000086E-03   8.80043395E-03   8.79979320E-03  -7.28142040E-05
        2900   5.80200087E-03   8.80267378E-03   8.80203303E-03  -7.27956722E-05
        2901   5.80400042E-03   8.80491361E-03   8.80427193E-03  -7.28829400E-05
        2902   5.80600044E-03   8.80715251E-03   8.80651083E-03  -7.28644154E-05
        2903   5.80800045E-03   8.80939141E-03   8.80874973E-03  -7.28458981E-05
        2904   5.81000047E-03   8.81162938E-03   8.81098863E-03  -7.27216830E-05
        2905   5.81200048E-03   8.81386735E-03   8.81322473E-03  -7.29145831E-05
        2906   5.81400050E-03   8.81610438E-03   8.81546270E-03  -7.27904189E-05
        2907   5.81600051E-03   8.81834142E-03   8.81769881E-03  -7.28775849E-05
        2908   5.81800053E-03   8.82057752E-03   8.81993491E-03  -7.28591040E-05
        2909   5.82000054E-03   8.82281363E-03   8.82217195E-03  -7.27350634E-05
        2910   5.82200056E-03   8.82504880E-03   8.82440712E-03  -7.27166407E-05
        2911   5.82400057E-03   8.82728398E-03   8.82664230E-03  -7.26982253E-05
        2912   5.82600059E-03   8.82951822E-03   8.82887561E-03  -7.27853258E-05
        2913   5.82800061E-03   8.83175246E-03   8.83110985E-03  -7.27669103E-05
        2914   5.83000062E-03   8.83398578E-03   8.83334409E-03  -7.26430735E-05
        2915   5.83200064E-03   8.83621909E-03   8.83557647E-03  -7.27301231E-05
        2916   5.83400065E-03   8.83845147E-03   8.83780979E-03  -7.26063663E-05
        2917   5.83600067E-03   8.84068385E-03   8.84004217E-03  -7.25880309E-05
        2918   5.83800068E-03   8.84291530E-03   8.84227362E-03  -7.25697100E-05
        2919   5.84000070E-03   8.84514675E-03   8.84450506E-03  -7.25514037E-05
        2920   5.84200071E-03   8.84737726E-03   8.84673558E-03  -7.25331120E-05
        2921   5.84400073E-03   8.84960778E-03   8.84896610E-03  -7.25148275E-05
        2922   5.84600074E-03   8.85183830E-03   8.85119569E-03  -7.26017824E-05
        2923   5.84800076E-03   8.85406788E-03   8.85342620E-03  -7.24782949E-05
        2924   5.85000077E-03   8.85629747E-03   8.85565486E-03  -7.25652208E-05
        2925   5.85200079E-03   8.85852613E-03   8.85788444E-03  -7.24418205E-05
        2926   5.85400080E-03   8.86075478E-03   8.86011124E-03  -7.26338403E-05
        2927   5.85600082E-03   8.86298250E-03   8.86233989E-03  -7.25104837E-05
        2928   5.85800083E-03   8.86521023E-03   8.86456668E-03  -7.25973296E-05
        2929   5.86000085E-03   8.86743702E-03   8.86679348E-03  -7.25791033E-05
        2930   5.86200086E-03   8.86966381E-03   8.86901934E-03  -7.26658909E-05
        2931   5.86400088E-03   8.87188967E-03   8.87124613E-03  -7.25426726E-05
        2932   5.86600043E-03   8.87411553E-03   8.87347199E-03  -7.25244754E-05
        2933   5.86800044E-03   8.87634046E-03   8.87569692E-03  -7.25062928E-05
        2934   5.87000046E-03   8.87856539E-03   8.87792092E-03  -7.25930367E-05
        2935   5.87200047E-03   8.88078939E-03   8.88014492E-03  -7.25748541E-05
        2936   5.87400049E-03   8.88301339E-03   8.88236891E-03  -7.25566861E-05
        2937   5.87600050E-03   8.88523646E-03   8.88459291E-03  -7.24336933E-05
        2938   5.87800052E-03   8.88745952E-03   8.88681505E-03  -7.25203790E-05
        2939   5.88000054E-03   8.88968166E-03   8.88903812E-03  -7.23974736E-05
        2940   5.88200055E-03   8.89190380E-03   8.89125932E-03  -7.24841302E-05
        2941   5.88400057E-03   8.89412500E-03   8.89348146E-03  -7.23613048E-05
        2942   5.88600058E-03   8.89634620E-03   8.89570173E-03  -7.24479323E-05
        2943   5.88800060E-03   8.89856648E-03   8.89792293E-03  -7.23251796E-05
        2944   5.89000061E-03   8.90078675E-03   8.90014227E-03  -7.24117854E-05
        2945   5.89200063E-03   8.90300702E-03   8.90236255E-03  -7.23937264E-05
        2946   5.89400064E-03   8.90522636E-03   8.90458189E-03  -7.23756893E-05
        2947   5.89600066E-03   8.90744571E-03   8.90680030E-03  -7.24622223E-05
        2948   5.89800067E-03   8.90966412E-03   8.90901871E-03  -7.24441779E-05
        2949   5.90000069E-03   8.91188253E-03   8.91123712E-03  -7.24261408E-05
        2950   5.90200070E-03   8.91410001E-03   8.91345460E-03  -7.24081256E-05
        2951   5.90400072E-03   8.91631749E-03   8.91567208E-03  -7.23901176E-05
        2952   5.90600073E-03   8.91853403E-03   8.91788956E-03  -7.22676850E-05
        2953   5.90800075E-03   8.92075058E-03   8.92010424E-03  -7.24585552E-05
        2954   5.91000076E-03   8.92296620E-03   8.92232079E-03  -7.23361736E-05
        2955   5.91200078E-03   8.92518181E-03   8.92453641E-03  -7.23182166E-05
        2956   5.91400079E-03   8.92739650E-03   8.92675109E-03  -7.23002740E-05
        2957   5.91600081E-03   8.92961118E-03   8.92896485E-03  -7.23866542E-05
        2958   5.91800082E-03   8.93182494E-03   8.93118046E-03  -7.21601391E-05
        2959   5.92000084E-03   8.93403869E-03   8.93339235E-03  -7.23507765E-05
        2960   5.92200086E-03   8.93625151E-03   8.93560611E-03  -7.22286277E-05
        2961   5.92400087E-03   8.93846434E-03   8.93781893E-03  -7.22107434E-05
        2962   5.92600089E-03   8.94067623E-03   8.94002989E-03  -7.22970581E-05
        2963   5.92800044E-03   8.94288812E-03   8.94224271E-03  -7.21750184E-05
        2964   5.93000045E-03   8.94509908E-03   8.94445367E-03  -7.21571778E-05
        2965   5.93200047E-03   8.94731004E-03   8.94666370E-03  -7.22434488E-05
        2966   5.93400048E-03   8.94952100E-03   8.94887559E-03  -7.21215256E-05
        2967   5.93600050E-03   8.95173103E-03   8.95108562E-03  -7.21037140E-05
        2968   5.93800051E-03   8.95394105E-03   8.95329472E-03  -7.21899487E-05
        2969   5.94000053E-03   8.95615015E-03   8.95550381E-03  -7.21721372E-05
        2970   5.94200054E-03   8.95835925E-03   8.95771291E-03  -7.21543402E-05
        2971   5.94400056E-03   8.96056741E-03   8.95992015E-03  -7.22405093E-05
        2972   5.94600057E-03   8.96277558E-03   8.96212831E-03  -7.22227123E-05
        2973   5.94800059E-03   8.96498282E-03   8.96433555E-03  -7.22049299E-05
        2974   5.95000060E-03   8.96719005E-03   8.96654185E-03  -7.22910263E-05
        2975   5.95200062E-03   8.96939635E-03   8.96875001E-03  -7.20655444E-05
        2976   5.95400063E-03   8.97160266E-03   8.97095539E-03  -7.21516481E-05
        2977   5.95600065E-03   8.97380803E-03   8.97316076E-03  -7.21339093E-05
        2978   5.95800066E-03   8.97601340E-03   8.97536613E-03  -7.21161850E-05
        2979   5.96000068E-03   8.97821784E-03   8.97757150E-03  -7.19947348E-05
        2980   5.96200069E-03   8.98042228E-03   8.97977408E-03  -7.21844990E-05
        2981   5.96400071E-03   8.98262579E-03   8.98197852E-03  -7.20630997E-05
        2982   5.96600072E-03   8.98482930E-03   8.98418296E-03  -7.19417512E-05
        2983   5.96800074E-03   8.98703188E-03   8.98638554E-03  -7.19241216E-05
        2984   5.97000076E-03   8.98923445E-03   8.98858812E-03  -7.19064919E-05
        2985   5.97200077E-03   8.99143703E-03   8.99078976E-03  -7.19924719E-05
        2986   5.97400079E-03   8.99363868E-03   8.99299141E-03  -7.19748496E-05
        2987   5.97600080E-03   8.99584033E-03   8.99519306E-03  -7.19572345E-05
        2988   5.97800082E-03   8.99804104E-03   8.99739377E-03  -7.19396339E-05
        2989   5.98000083E-03   9.00024176E-03   8.99959262E-03  -7.21290271E-05
        2990   5.98200085E-03   9.00244154E-03   9.00179334E-03  -7.20079333E-05
        2991   5.98400086E-03   9.00464132E-03   9.00399312E-03  -7.19903401E-05
        2992   5.98600088E-03   9.00684018E-03   9.00619291E-03  -7.18693482E-05
        2993   5.98800089E-03   9.00903903E-03   9.00839083E-03  -7.19551972E-05
        2994   5.99000044E-03   9.01123695E-03   9.01058875E-03  -7.19376403E-05
        2995   5.99200046E-03   9.01343487E-03   9.01278574E-03  -7.20234384E-05
        2996   5.99400047E-03   9.01563186E-03   9.01498273E-03  -7.20058888E-05
        2997   5.99600049E-03   9.01782885E-03   9.01717972E-03  -7.19883465E-05
        2998   5.99800050E-03   9.02002491E-03   9.01937671E-03  -7.18675510E-05
        2999   6.00000052E-03   9.02222097E-03   9.02157184E-03  -7.19532982E-05
        3000   6.00200053E-03   9.02441610E-03   9.02376790E-03  -7.18325755E-05
        3001   6.00400055E-03   9.02661122E-03   9.02596209E-03  -7.19183008E-05
        3002   6.00600056E-03   9.02880635E-03   9.02815815E-03  -7.17976436E-05
        3003   6.00800058E-03   9.03100055E-03   9.03035142E-03  -7.18833398E-05
        3004   6.01000059E-03   9.03319474E-03   9.03254654E-03  -7.17627627E-05
        3005   6.01200061E-03   9.03538801E-03   9.03473794E-03  -7.19515228E-05
        3006   6.01400062E-03   9.03758127E-03   9.03693214E-03  -7.18309966E-05
        3007   6.01600064E-03   9.03977361E-03   9.03912447E-03  -7.18135707E-05
        3008   6.01800065E-03   9.04196594E-03   9.04131494E-03  -7.20021926E-05
        3009   6.02000067E-03   9.04415734E-03   9.04350728E-03  -7.18817537E-05
        3010   6.02200069E-03   9.04634874E-03   9.04569868E-03  -7.18643423E-05
        3011   6.02400070E-03   9.04853921E-03   9.04788915E-03  -7.18469382E-05
        3012   6.02600072E-03   9.05072968E-03   9.05007962E-03  -7.18295487E-05
        3013   6.02800073E-03   9.05291922E-03   9.05226916E-03  -7.18121737E-05
        3014   6.03000075E-03   9.05510876E-03   9.05445777E-03  -7.18976735E-05
        3015   6.03200076E-03   9.05729737E-03   9.05664824E-03  -7.16746217E-05
        3016   6.03400078E-03   9.05948598E-03   9.05883498E-03  -7.18629381E-05
        3017   6.03600079E-03   9.06167366E-03   9.06102359E-03  -7.17427974E-05
        3018   6.03800081E-03   9.06386133E-03   9.06321127E-03  -7.17254807E-05
        3019   6.04000082E-03   9.06604901E-03   9.06539895E-03  -7.17081712E-05
        3020   6.04200084E-03   9.06823575E-03   9.06758569E-03  -7.16908762E-05
        3021   6.04400085E-03   9.07042250E-03   9.06977151E-03  -7.17762814E-05
        3022   6.04600087E-03   9.07260831E-03   9.07195825E-03  -7.16563227E-05
        3023   6.04800088E-03   9.07479413E-03   9.07414313E-03  -7.17417061E-05
        3024   6.05000090E-03   9.07697901E-03   9.07632802E-03  -7.17244329E-05
        3025   6.05200045E-03   9.07916389E-03   9.07851197E-03  -7.18097654E-05
        3026   6.05400046E-03   9.08134785E-03   9.08069592E-03  -7.17924922E-05
        3027   6.05600048E-03   9.08353180E-03   9.08287987E-03  -7.17752337E-05
        3028   6.05800049E-03   9.08571482E-03   9.08506289E-03  -7.17579824E-05
        3029   6.06000051E-03   9.08789784E-03   9.08724684E-03  -7.16382492E-05
        3030   6.06200052E-03   9.09007993E-03   9.08942800E-03  -7.17235234E-05
        3031   6.06400054E-03   9.09226201E-03   9.09160916E-03  -7.18087540E-05
        3032   6.06600055E-03   9.09444317E-03   9.09379125E-03  -7.16891082E-05
        3033   6.06800057E-03   9.09662433E-03   9.09597240E-03  -7.16719223E-05
        3034   6.07000059E-03   9.09880456E-03   9.09815263E-03  -7.16547438E-05
        3035   6.07200060E-03   9.10098478E-03   9.10033286E-03  -7.16375798E-05
        3036   6.07400062E-03   9.10316501E-03   9.10251401E-03  -7.15180940E-05
        3037   6.07600063E-03   9.10534430E-03   9.10469145E-03  -7.17055736E-05
        3038   6.07800065E-03   9.10752360E-03   9.10687074E-03  -7.16884169E-05
        3039   6.08000066E-03   9.10970196E-03   9.10905004E-03  -7.15690185E-05
        3040   6.08200068E-03   9.11188032E-03   9.11122747E-03  -7.16541326E-05
        3041   6.08400069E-03   9.11405776E-03   9.11340490E-03  -7.16370123E-05
        3042   6.08600071E-03   9.11623519E-03   9.11558233E-03  -7.16199065E-05
        3043   6.08800072E-03   9.11841169E-03   9.11775883E-03  -7.16028080E-05
        3044   6.09000074E-03   9.12058819E-03   9.11993440E-03  -7.16878421E-05
        3045   6.09200075E-03   9.12276376E-03   9.12210997E-03  -7.16707509E-05
        3046   6.09400077E-03   9.12493933E-03   9.12428554E-03  -7.16536597E-05
        3047   6.09600078E-03   9.12711397E-03   9.12646111E-03  -7.15345304E-05
        3048   6.09800080E-03   9.12928861E-03   9.12863575E-03  -7.15174901E-05
        3049   6.10000081E-03   9.13146231E-03   9.13081039E-03  -7.13984628E-05
        3050   6.10200083E-03   9.13363602E-03   9.13298316E-03  -7.14834459E-05
        3051   6.10400084E-03   9.13580973E-03   9.13515687E-03  -7.14664347E-05
        3052   6.10600086E-03   9.13798250E-03   9.13732871E-03  -7.15513743E-05
        3053   6.10800087E-03   9.14015528E-03   9.13950149E-03  -7.15343631E-05
        3054   6.11000089E-03   9.14232712E-03   9.14167427E-03  -7.14154885E-05
        3055   6.11200090E-03   9.14449897E-03   9.14384611E-03  -7.13985282E-05
        3056   6.11400045E-03   9.14666988E-03   9.14601702E-03  -7.13815753E-05
        3057   6.11600047E-03   9.14884079E-03   9.14818607E-03  -7.15682618E-05
        3058   6.11800049E-03   9.15101077E-03   9.15035605E-03  -7.15512870E-05
        3059   6.12000050E-03   9.15318076E-03   9.15252697E-03  -7.14325652E-05
        3060   6.12200052E-03   9.15534981E-03   9.15469509E-03  -7.15173737E-05
        3061   6.12400053E-03   9.15751886E-03   9.15686507E-03  -7.13987174E-05
        3062   6.12600055E-03   9.15968698E-03   9.15903319E-03  -7.13818154E-05
        3063   6.12800056E-03   9.16185509E-03   9.16120037E-03  -7.14665948E-05
        3064   6.13000058E-03   9.16402228E-03   9.16336849E-03  -7.13480476E-05
        3065   6.13200059E-03   9.16618947E-03   9.16553568E-03  -7.13311747E-05
        3066   6.13400061E-03   9.16835666E-03   9.16770194E-03  -7.14159105E-05
        3067   6.13600062E-03   9.17052291E-03   9.16986912E-03  -7.12974652E-05
        3068   6.13800064E-03   9.17268917E-03   9.17203445E-03  -7.13821719E-05
        3069   6.14000065E-03   9.17485449E-03   9.17419884E-03  -7.14668495E-05
        3070   6.14200067E-03   9.17701982E-03   9.17636510E-03  -7.13484842E-05
        3071   6.14400068E-03   9.17918421E-03   9.17852856E-03  -7.14331400E-05
        3072   6.14600070E-03   9.18134861E-03   9.18069296E-03  -7.14162961E-05
        3073   6.14800071E-03   9.18351207E-03   9.18285735E-03  -7.12980473E-05
        3074   6.15000073E-03   9.18567553E-03   9.18502081E-03  -7.12812471E-05
        3075   6.15200074E-03   9.18783806E-03   9.18718334E-03  -7.12644687E-05
        3076   6.15400076E-03   9.19000059E-03   9.18934587E-03  -7.12477049E-05
        3077   6.15600077E-03   9.19216219E-03   9.19150654E-03  -7.13322806E-05
        3078   6.15800079E-03   9.19432379E-03   9.19366907E-03  -7.12141991E-05
        3079   6.16000080E-03   9.19648539E-03   9.19582974E-03  -7.12987385E-05
        3080   6.16200082E-03   9.19864606E-03   9.19799041E-03  -7.12819965E-05
        3081   6.16400084E-03   9.20080673E-03   9.20015108E-03  -7.12652545E-05
        3082   6.16600085E-03   9.20296647E-03   9.20231082E-03  -7.12485271E-05
        3083   6.16800087E-03   9.20512620E-03   9.20446962E-03  -7.13330010E-05
        3084   6.17000088E-03   9.20728501E-03   9.20662843E-03  -7.13162735E-05
        3085   6.17200090E-03   9.20944382E-03   9.20878723E-03  -7.12995534E-05
        3086   6.17400091E-03   9.21160169E-03   9.21094511E-03  -7.12828478E-05
        3087   6.17600046E-03   9.21375956E-03   9.21310298E-03  -7.12661567E-05
        3088   6.17800048E-03   9.21591651E-03   9.21525899E-03  -7.13505433E-05
        3089   6.18000049E-03   9.21807345E-03   9.21741594E-03  -7.13338450E-05
        3090   6.18200051E-03   9.22022946E-03   9.21957195E-03  -7.13171685E-05
        3091   6.18400052E-03   9.22238547E-03   9.22172889E-03  -7.11994944E-05
        3092   6.18600054E-03   9.22454055E-03   9.22388304E-03  -7.12838300E-05
        3093   6.18800055E-03   9.22669563E-03   9.22603812E-03  -7.12671826E-05
        3094   6.19000057E-03   9.22885071E-03   9.22819320E-03  -7.12505353E-05
        3095   6.19200058E-03   9.23100486E-03   9.23034735E-03  -7.12339097E-05
        3096   6.19400060E-03   9.23315901E-03   9.23250057E-03  -7.13181726E-05
        3097   6.19600061E-03   9.23531223E-03   9.23465472E-03  -7.12006877E-05
        3098   6.19800063E-03   9.23746545E-03   9.23680793E-03  -7.11840839E-05
        3099   6.20000064E-03   9.23961774E-03   9.23896022E-03  -7.11675020E-05
        3100   6.20200066E-03   9.24177002E-03   9.24111251E-03  -7.11509274E-05
        3101   6.20400067E-03   9.24392138E-03   9.24326386E-03  -7.11343673E-05
        3102   6.20600069E-03   9.24607273E-03   9.24541429E-03  -7.12185574E-05
        3103   6.20800070E-03   9.24822316E-03   9.24756471E-03  -7.12019973E-05
        3104   6.21000072E-03   9.25037358E-03   9.24971513E-03  -7.11854445E-05
        3105   6.21200074E-03   9.25252307E-03   9.25186649E-03  -7.09675660E-05
        3106   6.21400075E-03   9.25467256E-03   9.25401412E-03  -7.11523753E-05
        3107   6.21600077E-03   9.25682206E-03   9.25616361E-03  -7.11358516E-05
        3108   6.21800078E-03   9.25897062E-03   9.25831310E-03  -7.10187378E-05
        3109   6.22000080E-03   9.26111918E-03   9.26045980E-03  -7.12034162E-05
        3110   6.22200081E-03   9.26326681E-03   9.26260836E-03  -7.10863533E-05
        3111   6.22400083E-03   9.26541444E-03   9.26475506E-03  -7.11704051E-05
        3112   6.22600084E-03   9.26756114E-03   9.26690176E-03  -7.11539178E-05
        3113   6.22800086E-03   9.26970784E-03   9.26904939E-03  -7.10369568E-05
        3114   6.23000087E-03   9.27185360E-03   9.27119516E-03  -7.10205131E-05
        3115   6.23200089E-03   9.27399937E-03   9.27334093E-03  -7.10040840E-05
        3116   6.23400090E-03   9.27614421E-03   9.27548669E-03  -7.08872467E-05
        3117   6.23600092E-03   9.27828904E-03   9.27762967E-03  -7.10716413E-05
        3118   6.23800047E-03   9.28043295E-03   9.27977450E-03  -7.09548549E-05
        3119   6.24000048E-03   9.28257685E-03   9.28191748E-03  -7.10388122E-05
        3120   6.24200050E-03   9.28472076E-03   9.28406138E-03  -7.10224049E-05
        3121   6.24400051E-03   9.28686373E-03   9.28620435E-03  -7.10060194E-05
        3122   6.24600053E-03   9.28900670E-03   9.28834639E-03  -7.10899112E-05
        3123   6.24800054E-03   9.29114874E-03   9.29048844E-03  -7.10735185E-05
        3124   6.25000056E-03   9.29329079E-03   9.29263048E-03  -7.10571330E-05
        3125   6.25200057E-03   9.29543190E-03   9.29477159E-03  -7.10407694E-05
        3126   6.25400059E-03   9.29757301E-03   9.29691270E-03  -7.10244058E-05
        3127   6.25600060E-03   9.29971319E-03   9.29905288E-03  -7.10080567E-05
        3128   6.25800062E-03   9.30185337E-03   9.30119399E-03  -7.08915832E-05
        3129   6.26000063E-03   9.30399261E-03   9.30333231E-03  -7.09753949E-05
        3130   6.26200065E-03   9.30613186E-03   9.30547249E-03  -7.08589869E-05
        3131   6.26400067E-03   9.30827018E-03   9.30761080E-03  -7.08427106E-05
        3132   6.26600068E-03   9.31040850E-03   9.30974819E-03  -7.09264859E-05
        3133   6.26800070E-03   9.31254681E-03   9.31188650E-03  -7.09101951E-05
        3134   6.27000071E-03   9.31468420E-03   9.31402389E-03  -7.08939260E-05
        3135   6.27200073E-03   9.31682158E-03   9.31616127E-03  -7.08776570E-05
        3136   6.27400074E-03   9.31895804E-03   9.31829773E-03  -7.08614098E-05
        3137   6.27600076E-03   9.32109449E-03   9.32043418E-03  -7.08451626E-05
        3138   6.27800077E-03   9.32323001E-03   9.32256877E-03  -7.09288433E-05
        3139   6.28000079E-03   9.32536554E-03   9.32470523E-03  -7.08127191E-05
        3140   6.28200080E-03   9.32750013E-03   9.32683889E-03  -7.08963707E-05
        3141   6.28400082E-03   9.32963472E-03   9.32897441E-03  -7.07803119E-05
        3142   6.28600083E-03   9.33176838E-03   9.33110807E-03  -7.07641229E-05
        3143   6.28800085E-03   9.33390204E-03   9.33324173E-03  -7.07479485E-05
        3144   6.29000086E-03   9.33603570E-03   9.33537446E-03  -7.08315492E-05
        3145   6.29200088E-03   9.33816843E-03   9.33750812E-03  -7.07156214E-05
        3146   6.29400089E-03   9.34030116E-03   9.33963992E-03  -7.07992003E-05
        3147   6.29600091E-03   9.34243295E-03   9.34177171E-03  -7.07830404E-05
        3148   6.29800092E-03   9.34456475E-03   9.34390258E-03  -7.08665757E-05
        3149   6.30000047E-03   9.34669562E-03   9.34603438E-03  -7.07507570E-05
        3150   6.30200049E-03   9.34882648E-03   9.34816431E-03  -7.08342632E-05
        3151   6.30400050E-03   9.35095642E-03   9.35029518E-03  -7.07185172E-05
        3152   6.30600052E-03   9.35308635E-03   9.35242418E-03  -7.08020016E-05
        3153   6.30800053E-03   9.35521536E-03   9.35455412E-03  -7.06863211E-05
        3154   6.31000055E-03   9.35734436E-03   9.35668219E-03  -7.07697836E-05
        3155   6.31200057E-03   9.35947243E-03   9.35881119E-03  -7.06541687E-05
        3156   6.31400058E-03   9.36160050E-03   9.36093926E-03  -7.06381034E-05
        3157   6.31600060E-03   9.36372858E-03   9.36306734E-03  -7.06220526E-05
        3158   6.31800061E-03   9.36585572E-03   9.36519355E-03  -7.07054642E-05
        3159   6.32000063E-03   9.36798286E-03   9.36732069E-03  -7.06894061E-05
        3160   6.32200064E-03   9.37010907E-03   9.36944690E-03  -7.06733626E-05
        3161   6.32400066E-03   9.37223528E-03   9.37157217E-03  -7.07567160E-05
        3162   6.32600067E-03   9.37436055E-03   9.37369838E-03  -7.06413120E-05
        3163   6.32800069E-03   9.37648583E-03   9.37582366E-03  -7.06252977E-05
        3164   6.33000070E-03   9.37861018E-03   9.37794801E-03  -7.06092978E-05
        3165   6.33200072E-03   9.38073453E-03   9.38007236E-03  -7.05933126E-05
        3166   6.33400073E-03   9.38285794E-03   9.38219670E-03  -7.04780614E-05
        3167   6.33600075E-03   9.38498136E-03   9.38431919E-03  -7.05613638E-05
        3168   6.33800076E-03   9.38710477E-03   9.38644260E-03  -7.05454004E-05
        3169   6.34000078E-03   9.38922726E-03   9.38856415E-03  -7.06286592E-05
        3170   6.34200079E-03   9.39134974E-03   9.39068664E-03  -7.06126957E-05
        3171   6.34400081E-03   9.39347129E-03   9.39280819E-03  -7.05967468E-05
        3172   6.34600082E-03   9.39559285E-03   9.39492881E-03  -7.06799401E-05
        3173   6.34800084E-03   9.39771347E-03   9.39705130E-03  -7.04657577E-05
        3174   6.35000085E-03   9.39983409E-03   9.39917099E-03  -7.05489510E-05
        3175   6.35200087E-03   9.40195378E-03   9.40129161E-03  -7.04339764E-05
        3176   6.35400089E-03   9.40407347E-03   9.40341130E-03  -7.04181002E-05
        3177   6.35600090E-03   9.40619223E-03   9.40553006E-03  -7.04022386E-05
        3178   6.35800092E-03   9.40831099E-03   9.40764882E-03  -7.03863770E-05
        3179   6.36000093E-03   9.41042975E-03   9.40976758E-03  -7.03705300E-05
        3180   6.36200048E-03   9.41254757E-03   9.41188447E-03  -7.04536578E-05
        3181   6.36400050E-03   9.41466540E-03   9.41400137E-03  -7.05367420E-05
        3182   6.36600051E-03   9.41678230E-03   9.41611826E-03  -7.05208877E-05
        3183   6.36800053E-03   9.41889919E-03   9.41823609E-03  -7.04061458E-05
        3184   6.37000054E-03   9.42101516E-03   9.42035019E-03  -7.05880666E-05
        3185   6.37200056E-03   9.42313112E-03   9.42246802E-03  -7.03745245E-05
        3186   6.37400057E-03   9.42524616E-03   9.42458212E-03  -7.04575505E-05
        3187   6.37600059E-03   9.42736119E-03   9.42669716E-03  -7.04417471E-05
        3188   6.37800060E-03   9.42947529E-03   9.42881219E-03  -7.03271726E-05
        3189   6.38000062E-03   9.43158939E-03   9.43092536E-03  -7.04101622E-05
        3190   6.38200063E-03   9.43370350E-03   9.43303946E-03  -7.03943806E-05
        3191   6.38400065E-03   9.43581667E-03   9.43515263E-03  -7.03786136E-05
        3192   6.38600066E-03   9.43792984E-03   9.43726487E-03  -7.04615522E-05
        3193   6.38800068E-03   9.44004208E-03   9.43937711E-03  -7.04457852E-05
        3194   6.39000069E-03   9.44215432E-03   9.44149029E-03  -7.03313781E-05
        3195   6.39200071E-03   9.44426563E-03   9.44360159E-03  -7.03156547E-05
        3196   6.39400072E-03   9.44637693E-03   9.44571197E-03  -7.03985352E-05
        3197   6.39600074E-03   9.44848731E-03   9.44782235E-03  -7.03828118E-05
        3198   6.39800075E-03   9.45059769E-03   9.44993366E-03  -7.02685356E-05
        3199   6.40000077E-03   9.45270713E-03   9.45204217E-03  -7.03513942E-05
        3200   6.40200078E-03   9.45481658E-03   9.45415255E-03  -7.02371763E-05
        3201   6.40400080E-03   9.45692603E-03   9.45626106E-03  -7.03200058E-05
        3202   6.40600082E-03   9.45903454E-03   9.45836958E-03  -7.03043261E-05
        3203   6.40800083E-03   9.46114305E-03   9.46047716E-03  -7.03871119E-05
        3204   6.41000085E-03   9.46325064E-03   9.46258660E-03  -7.01745739E-05
        3205   6.41200086E-03   9.46535822E-03   9.46469326E-03  -7.02573525E-05
        3206   6.41400088E-03   9.46746487E-03   9.46680084E-03  -7.01433382E-05
        3207   6.41600089E-03   9.46957152E-03   9.46890563E-03  -7.03244586E-05
        3208   6.41800091E-03   9.47167724E-03   9.47101228E-03  -7.02104808E-05
        3209   6.42000092E-03   9.47378296E-03   9.47311707E-03  -7.02931939E-05
        3210   6.42200094E-03   9.47588775E-03   9.47522279E-03  -7.01792815E-05
        3211   6.42400049E-03   9.47799254E-03   9.47732758E-03  -7.01636964E-05
        3212   6.42600050E-03   9.48009733E-03   9.47943144E-03  -7.02463658E-05
        3213   6.42800052E-03   9.48220119E-03   9.48153622E-03  -7.01325480E-05
        3214   6.43000053E-03   9.48430505E-03   9.48363915E-03  -7.02152029E-05
        3215   6.43200055E-03   9.48640797E-03   9.48574208E-03  -7.01996396E-05
        3216   6.43400056E-03   9.48851090E-03   9.48784407E-03  -7.02822435E-05
        3217   6.43600058E-03   9.49061289E-03   9.48994700E-03  -7.01685276E-05
        3218   6.43800059E-03   9.49271489E-03   9.49204899E-03  -7.01529934E-05
        3219   6.44000061E-03   9.49481595E-03   9.49415099E-03  -7.00393648E-05
        3220   6.44200062E-03   9.49691702E-03   9.49625112E-03  -7.01219469E-05
        3221   6.44400064E-03   9.49901808E-03   9.49835125E-03  -7.02044927E-05
        3222   6.44600065E-03   9.50111821E-03   9.50045232E-03  -7.00909441E-05
        3223   6.44800067E-03   9.50321835E-03   9.50255152E-03  -7.01734680E-05
        3224   6.45000068E-03   9.50531755E-03   9.50465072E-03  -7.01579629E-05
        3225   6.45200070E-03   9.50741675E-03   9.50674992E-03  -7.01424724E-05
        3226   6.45400072E-03   9.50951502E-03   9.50884819E-03  -7.01269964E-05
        3227   6.45600073E-03   9.51161329E-03   9.51094646E-03  -7.01115277E-05
        3228   6.45800075E-03   9.51371063E-03   9.51304380E-03  -7.00960663E-05
        3229   6.46000076E-03   9.51580796E-03   9.51514114E-03  -7.00806195E-05
        3230   6.46200078E-03   9.51790437E-03   9.51723754E-03  -7.00651799E-05
        3231   6.46400079E-03   9.52000078E-03   9.51933488E-03  -6.99519078E-05
        3232   6.46600081E-03   9.52209719E-03   9.52143036E-03  -7.00343298E-05
        3233   6.46800082E-03   9.52419266E-03   9.52352490E-03  -7.01167155E-05
        3234   6.47000084E-03   9.52628814E-03   9.52562038E-03  -7.01012905E-05
        3235   6.47200085E-03   9.52838268E-03   9.52771492E-03  -7.00858800E-05
        3236   6.47400087E-03   9.53047723E-03   9.52980947E-03  -7.00704768E-05
        3237   6.47600088E-03   9.53257084E-03   9.53190308E-03  -7.00550881E-05
        3238   6.47800090E-03   9.53466445E-03   9.53399763E-03  -6.99420125E-05
        3239   6.48000091E-03   9.53675713E-03   9.53608938E-03  -7.00243327E-05
        3240   6.48200093E-03   9.53884982E-03   9.53818299E-03  -6.99113225E-05
        3241   6.48400094E-03   9.54094250E-03   9.54027474E-03  -6.99936136E-05
        3242   6.48600049E-03   9.54303425E-03   9.54236742E-03  -6.98806616E-05
        3243   6.48800051E-03   9.54512600E-03   9.54445731E-03  -7.00605160E-05
        3244   6.49000052E-03   9.54721682E-03   9.54654813E-03  -7.00451710E-05
        3245   6.49200054E-03   9.54930764E-03   9.54863895E-03  -7.00298333E-05
        3246   6.49400055E-03   9.55139752E-03   9.55072884E-03  -7.00145101E-05
        3247   6.49600057E-03   9.55348741E-03   9.55281872E-03  -6.99991942E-05
        3248   6.49800058E-03   9.55557637E-03   9.55490768E-03  -6.99838929E-05
        3249   6.50000060E-03   9.55766533E-03   9.55699664E-03  -6.99685916E-05
        3250   6.50200062E-03   9.55975335E-03   9.55908559E-03  -6.98558724E-05
        3251   6.50400063E-03   9.56184138E-03   9.56117269E-03  -6.99380325E-05
        3252   6.50600065E-03   9.56392940E-03   9.56326071E-03  -6.99227603E-05
        3253   6.50800066E-03   9.56601650E-03   9.56534687E-03  -7.00048768E-05
        3254   6.51000068E-03   9.56810359E-03   9.56743490E-03  -6.98922595E-05
        3255   6.51200069E-03   9.57018975E-03   9.56952106E-03  -6.98770164E-05
        3256   6.51400071E-03   9.57227591E-03   9.57160722E-03  -6.98617878E-05
        3257   6.51600072E-03   9.57436115E-03   9.57369152E-03  -6.99438606E-05
        3258   6.51800074E-03   9.57644638E-03   9.57577676E-03  -6.99286247E-05
        3259   6.52000075E-03   9.57853068E-03   9.57786199E-03  -6.98161675E-05
        3260   6.52200077E-03   9.58061498E-03   9.57994536E-03  -6.98981967E-05
        3261   6.52400078E-03   9.58269928E-03   9.58203059E-03  -6.97857904E-05
        3262   6.52600080E-03   9.58478265E-03   9.58411302E-03  -6.98678050E-05
        3263   6.52800081E-03   9.58686601E-03   9.58619732E-03  -6.97554569E-05
        3264   6.53000083E-03   9.58894845E-03   9.58827790E-03  -6.99345837E-05
        3265   6.53200084E-03   9.59103089E-03   9.59036127E-03  -6.98222866E-05
        3266   6.53400086E-03   9.59311239E-03   9.59244184E-03  -6.99042284E-05
        3267   6.53600087E-03   9.59519390E-03   9.59452521E-03  -6.96949137E-05
        3268   6.53800089E-03   9.59727447E-03   9.59660485E-03  -6.97768555E-05
        3269   6.54000090E-03   9.59935505E-03   9.59868543E-03  -6.97617361E-05
        3270   6.54200092E-03   9.60143562E-03   9.60076507E-03  -6.98436270E-05
        3271   6.54400093E-03   9.60351527E-03   9.60284472E-03  -6.98285003E-05
        3272   6.54600095E-03   9.60559491E-03   9.60492436E-03  -6.98133808E-05
        3273   6.54800050E-03   9.60767362E-03   9.60700214E-03  -6.98952281E-05
        3274   6.55000051E-03   9.60975233E-03   9.60908178E-03  -6.97831783E-05
        3275   6.55200053E-03   9.61183012E-03   9.61115956E-03  -6.97680880E-05
        3276   6.55400055E-03   9.61390790E-03   9.61323734E-03  -6.97530122E-05
        3277   6.55600056E-03   9.61598475E-03   9.61531419E-03  -6.97379437E-05
        3278   6.55800058E-03   9.61806159E-03   9.61739011E-03  -6.98197327E-05
        3279   6.56000059E-03   9.62013844E-03   9.61946696E-03  -6.98046570E-05
        3280   6.56200061E-03   9.62221436E-03   9.62154288E-03  -6.97895957E-05
        3281   6.56400062E-03   9.62429028E-03   9.62361787E-03  -6.98713193E-05
        3282   6.56600064E-03   9.62636527E-03   9.62569378E-03  -6.97595024E-05
        3283   6.56800065E-03   9.62844025E-03   9.62776784E-03  -6.98412041E-05
        3284   6.57000067E-03   9.63051431E-03   9.62984283E-03  -6.97294454E-05
        3285   6.57200068E-03   9.63258836E-03   9.63191595E-03  -6.98111253E-05
        3286   6.57400070E-03   9.63466149E-03   9.63399000E-03  -6.96994248E-05
        3287   6.57600071E-03   9.63673461E-03   9.63606220E-03  -6.97810901E-05
        3288   6.57800073E-03   9.63880681E-03   9.63813532E-03  -6.96694478E-05
        3289   6.58000074E-03   9.64087900E-03   9.64020751E-03  -6.96544739E-05
        3290   6.58200076E-03   9.64295119E-03   9.64227878E-03  -6.97360956E-05
        3291   6.58400077E-03   9.64502245E-03   9.64435097E-03  -6.96245479E-05
        3292   6.58600079E-03   9.64709371E-03   9.64642130E-03  -6.97061478E-05
        3293   6.58800080E-03   9.64916404E-03   9.64849256E-03  -6.95946583E-05
        3294   6.59000082E-03   9.65123437E-03   9.65056196E-03  -6.96762436E-05
        3295   6.59200083E-03   9.65330377E-03   9.65263229E-03  -6.95648123E-05
        3296   6.59400085E-03   9.65537317E-03   9.65470076E-03  -6.96463758E-05
        3297   6.59600087E-03   9.65744164E-03   9.65677015E-03  -6.95350100E-05
        3298   6.59800088E-03   9.65951011E-03   9.65883862E-03  -6.95201161E-05
        3299   6.60000090E-03   9.66157857E-03   9.66090616E-03  -6.96016359E-05
        3300   6.60200091E-03   9.66364611E-03   9.66297369E-03  -6.95867493E-05
        3301   6.60400093E-03   9.66571365E-03   9.66504216E-03  -6.94754926E-05
        3302   6.60600094E-03   9.66778025E-03   9.66710784E-03  -6.95569906E-05
        3303   6.60800096E-03   9.66984686E-03   9.66917537E-03  -6.94457922E-05
        3304   6.61000051E-03   9.67191253E-03   9.67124104E-03  -6.94309638E-05
        3305   6.61200052E-03   9.67397820E-03   9.67330579E-03  -6.95124181E-05
        3306   6.61400054E-03   9.67604294E-03   9.67537053E-03  -6.94975897E-05
        3307   6.61600055E-03   9.67810769E-03   9.67743620E-03  -6.93865150E-05
        3308   6.61800057E-03   9.68017243E-03   9.67950001E-03  -6.94679402E-05
        3309   6.62000058E-03   9.68223624E-03   9.68156476E-03  -6.93569236E-05
        3310   6.62200060E-03   9.68430005E-03   9.68362670E-03  -6.95345079E-05
        3311   6.62400061E-03   9.68636293E-03   9.68569051E-03  -6.94235350E-05
        3312   6.62600063E-03   9.68842581E-03   9.68775246E-03  -6.95048948E-05
        3313   6.62800064E-03   9.69048776E-03   9.68981627E-03  -6.92978647E-05
        3314   6.63000066E-03   9.69254971E-03   9.69187729E-03  -6.93792244E-05
        3315   6.63200067E-03   9.69461165E-03   9.69393831E-03  -6.94605405E-05
        3316   6.63400069E-03   9.69667267E-03   9.69599932E-03  -6.94457776E-05
        3317   6.63600070E-03   9.69873369E-03   9.69805941E-03  -6.95270573E-05
        3318   6.63800072E-03   9.70079377E-03   9.70012043E-03  -6.94162736E-05
        3319   6.64000073E-03   9.70285386E-03   9.70218051E-03  -6.94015325E-05
        3320   6.64200075E-03   9.70491301E-03   9.70423874E-03  -6.94827831E-05
        3321   6.64400076E-03   9.70697217E-03   9.70629789E-03  -6.94680421E-05
        3322   6.64600078E-03   9.70903039E-03   9.70835704E-03  -6.93573820E-05
        3323   6.64800080E-03   9.71108861E-03   9.71041527E-03  -6.93426773E-05
        3324   6.65000081E-03   9.71314684E-03   9.71247256E-03  -6.94238843E-05
        3325   6.65200083E-03   9.71520413E-03   9.71453078E-03  -6.93133043E-05
        3326   6.65400084E-03   9.71726142E-03   9.71658714E-03  -6.93944821E-05
        3327   6.65600086E-03   9.71931778E-03   9.71864350E-03  -6.93797992E-05
        3328   6.65800087E-03   9.72137414E-03   9.72069986E-03  -6.93651236E-05
        3329   6.66000089E-03   9.72342957E-03   9.72275436E-03  -6.94462506E-05
        3330   6.66200090E-03   9.72548500E-03   9.72481072E-03  -6.93358015E-05
        3331   6.66400092E-03   9.72753949E-03   9.72686522E-03  -6.93211550E-05
        3332   6.66600093E-03   9.72959399E-03   9.72892065E-03  -6.92107860E-05
        3333   6.66800095E-03   9.73164849E-03   9.73097421E-03  -6.92918838E-05
        3334   6.67000096E-03   9.73370206E-03   9.73302685E-03  -6.93729598E-05
        3335   6.67200051E-03   9.73575562E-03   9.73508134E-03  -6.92626490E-05
        3336   6.67400053E-03   9.73780826E-03   9.73713398E-03  -6.92480535E-05
        3337   6.67600054E-03   9.73986089E-03   9.73918568E-03  -6.93290858E-05
        3338   6.67800056E-03   9.74191260E-03   9.74123832E-03  -6.92188769E-05
        3339   6.68000057E-03   9.74396430E-03   9.74328816E-03  -6.93954862E-05
        3340   6.68200059E-03   9.74601507E-03   9.74533986E-03  -6.92853064E-05
        3341   6.68400060E-03   9.74806584E-03   9.74739064E-03  -6.92707326E-05
        3342   6.68600062E-03   9.75011662E-03   9.74944048E-03  -6.93516922E-05
        3343   6.68800063E-03   9.75216646E-03   9.75149125E-03  -6.92415997E-05
        3344   6.69000065E-03   9.75421630E-03   9.75354016E-03  -6.93225447E-05
        3345   6.69200066E-03   9.75626521E-03   9.75559000E-03  -6.92125104E-05
        3346   6.69400068E-03   9.75831412E-03   9.75763798E-03  -6.92934263E-05
        3347   6.69600070E-03   9.76036210E-03   9.75968689E-03  -6.91834575E-05
        3348   6.69800071E-03   9.76241007E-03   9.76173487E-03  -6.91689420E-05
        3349   6.70000073E-03   9.76445805E-03   9.76378191E-03  -6.92498215E-05
        3350   6.70200074E-03   9.76650510E-03   9.76582896E-03  -6.92353060E-05
        3351   6.70400076E-03   9.76855215E-03   9.76787508E-03  -6.93161492E-05
        3352   6.70600077E-03   9.77059826E-03   9.76992212E-03  -6.92063040E-05
        3353   6.70800079E-03   9.77264438E-03   9.77196824E-03  -6.91918103E-05
        3354   6.71000080E-03   9.77468956E-03   9.77401342E-03  -6.91773312E-05
        3355   6.71200082E-03   9.77673475E-03   9.77605768E-03  -6.92581307E-05
        3356   6.71400083E-03   9.77877900E-03   9.77810286E-03  -6.91484020E-05
        3357   6.71600085E-03   9.78082325E-03   9.78014711E-03  -6.91339519E-05
        3358   6.71800086E-03   9.78286751E-03   9.78219137E-03  -6.91195019E-05
        3359   6.72000088E-03   9.78491083E-03   9.78423469E-03  -6.91050664E-05
        3360   6.72200089E-03   9.78695415E-03   9.78627801E-03  -6.90906381E-05
        3361   6.72400091E-03   9.78899654E-03   9.78831947E-03  -6.91713722E-05
        3362   6.72600092E-03   9.79103893E-03   9.79036186E-03  -6.91569439E-05
        3363   6.72800094E-03   9.79308039E-03   9.79240425E-03  -6.90474117E-05
        3364   6.73000095E-03   9.79512185E-03   9.79444478E-03  -6.91281166E-05
        3365   6.73200097E-03   9.79716238E-03   9.79648530E-03  -6.91137175E-05
        3366   6.73400052E-03   9.79920290E-03   9.79852676E-03  -6.90042725E-05
        3367   6.73600053E-03   9.80124343E-03   9.80056636E-03  -6.90849338E-05
        3368   6.73800055E-03   9.80328303E-03   9.80260596E-03  -6.90705638E-05
        3369   6.74000056E-03   9.80532262E-03   9.80464462E-03  -6.91511887E-05
        3370   6.74200058E-03   9.80736129E-03   9.80668422E-03  -6.90418383E-05
        3371   6.74400060E-03   9.80939995E-03   9.80872288E-03  -6.90274901E-05
        3372   6.74600061E-03   9.81143769E-03   9.81076062E-03  -6.90131492E-05
        3373   6.74800063E-03   9.81347542E-03   9.81279835E-03  -6.89988228E-05
        3374   6.75000064E-03   9.81551316E-03   9.81483515E-03  -6.90793895E-05
        3375   6.75200066E-03   9.81754996E-03   9.81687196E-03  -6.90650559E-05
        3376   6.75400067E-03   9.81958676E-03   9.81890876E-03  -6.90507295E-05
        3377   6.75600069E-03   9.82162263E-03   9.82094463E-03  -6.90364177E-05
        3378   6.75800070E-03   9.82365850E-03   9.82298143E-03  -6.89272929E-05
        3379   6.76000072E-03   9.82569344E-03   9.82501637E-03  -6.89130175E-05
        3380   6.76200073E-03   9.82772838E-03   9.82704945E-03  -6.90883026E-05
        3381   6.76400075E-03   9.82976239E-03   9.82908439E-03  -6.89792432E-05
        3382   6.76600076E-03   9.83179640E-03   9.83111840E-03  -6.89649751E-05
        3383   6.76800078E-03   9.83383041E-03   9.83315241E-03  -6.89507069E-05
        3384   6.77000079E-03   9.83586349E-03   9.83518548E-03  -6.89364533E-05
        3385   6.77200081E-03   9.83789656E-03   9.83721856E-03  -6.89222070E-05
        3386   6.77400082E-03   9.83992871E-03   9.83925071E-03  -6.89079752E-05
        3387   6.77600084E-03   9.84196085E-03   9.84128192E-03  -6.89883891E-05
        3388   6.77800085E-03   9.84399207E-03   9.84331314E-03  -6.89741501E-05
        3389   6.78000087E-03   9.84602328E-03   9.84534621E-03  -6.87707143E-05
        3390   6.78200088E-03   9.84805450E-03   9.84737650E-03  -6.88511136E-05
        3391   6.78400090E-03   9.85008478E-03   9.84940585E-03  -6.89314838E-05
        3392   6.78600091E-03   9.85211506E-03   9.85143613E-03  -6.89172739E-05
        3393   6.78800093E-03   9.85414442E-03   9.85346641E-03  -6.88085565E-05
        3394   6.79000095E-03   9.85617377E-03   9.85549577E-03  -6.87943902E-05
        3395   6.79200096E-03   9.85820219E-03   9.85752419E-03  -6.87802385E-05
        3396   6.79400098E-03   9.86023061E-03   9.85955261E-03  -6.87660868E-05
        3397   6.79600053E-03   9.86225810E-03   9.86158010E-03  -6.87519496E-05
        3398   6.79800054E-03   9.86428559E-03   9.86360665E-03  -6.88322398E-05
        3399   6.80000056E-03   9.86631308E-03   9.86563414E-03  -6.88180953E-05
        3400   6.80200057E-03   9.86833964E-03   9.86766070E-03  -6.88039654E-05
        3401   6.80400059E-03   9.87036619E-03   9.86968726E-03  -6.87898355E-05
        3402   6.80600060E-03   9.87239182E-03   9.87171289E-03  -6.87757201E-05
        3403   6.80800062E-03   9.87441745E-03   9.87373851E-03  -6.87616121E-05
        3404   6.81000063E-03   9.87644214E-03   9.87576321E-03  -6.87475112E-05
        3405   6.81200065E-03   9.87846684E-03   9.87778790E-03  -6.87334177E-05
        3406   6.81400066E-03   9.88049153E-03   9.87981167E-03  -6.88136060E-05
        3407   6.81600068E-03   9.88251530E-03   9.88183636E-03  -6.87052598E-05
        3408   6.81800069E-03   9.88453906E-03   9.88386013E-03  -6.86911953E-05
        3409   6.82000071E-03   9.88656189E-03   9.88588203E-03  -6.87713546E-05
        3410   6.82200072E-03   9.88858473E-03   9.88790486E-03  -6.87572829E-05
        3411   6.82400074E-03   9.89060663E-03   9.88992769E-03  -6.86490530E-05
        3412   6.82600075E-03   9.89262853E-03   9.89194959E-03  -6.86350177E-05
        3413   6.82800077E-03   9.89465043E-03   9.89397056E-03  -6.87151332E-05
        3414   6.83000078E-03   9.89667140E-03   9.89599247E-03  -6.86069834E-05
        3415   6.83200080E-03   9.89869237E-03   9.89801250E-03  -6.86870699E-05
        3416   6.83400081E-03   9.90071241E-03   9.90003347E-03  -6.85789782E-05
        3417   6.83600083E-03   9.90273245E-03   9.90205258E-03  -6.86590429E-05
        3418   6.83800085E-03   9.90475155E-03   9.90407169E-03  -6.86450512E-05
        3419   6.84000086E-03   9.90677066E-03   9.90608986E-03  -6.87250795E-05
        3420   6.84200088E-03   9.90878977E-03   9.90810990E-03  -6.86170679E-05
        3421   6.84400089E-03   9.91080794E-03   9.91012808E-03  -6.86030980E-05
        3422   6.84600091E-03   9.91282612E-03   9.91214532E-03  -6.86830899E-05
        3423   6.84800092E-03   9.91484337E-03   9.91416350E-03  -6.85751729E-05
        3424   6.85000094E-03   9.91686061E-03   9.91617888E-03  -6.87490756E-05
        3425   6.85200095E-03   9.91887692E-03   9.91819613E-03  -6.86411950E-05
        3426   6.85400097E-03   9.92089324E-03   9.92021151E-03  -6.87211286E-05
        3427   6.85600098E-03   9.92290862E-03   9.92222875E-03  -6.85194318E-05
        3428   6.85800053E-03   9.92492400E-03   9.92424320E-03  -6.85993655E-05
        3429   6.86000055E-03   9.92693938E-03   9.92625766E-03  -6.86792700E-05
        3430   6.86200056E-03   9.92895383E-03   9.92827304E-03  -6.85715204E-05
        3431   6.86400058E-03   9.93096828E-03   9.93028749E-03  -6.85576160E-05
        3432   6.86600059E-03   9.93298180E-03   9.93230101E-03  -6.85437117E-05
        3433   6.86800061E-03   9.93499532E-03   9.93431453E-03  -6.85298219E-05
        3434   6.87000062E-03   9.93700791E-03   9.93632618E-03  -6.86096755E-05
        3435   6.87200064E-03   9.93902050E-03   9.93833970E-03  -6.85020641E-05
        3436   6.87400065E-03   9.94103309E-03   9.94035136E-03  -6.85818959E-05
        3437   6.87600067E-03   9.94304474E-03   9.94236302E-03  -6.85680207E-05
        3438   6.87800068E-03   9.94505640E-03   9.94437467E-03  -6.85541454E-05
        3439   6.88000070E-03   9.94706713E-03   9.94638540E-03  -6.85402920E-05
        3440   6.88200071E-03   9.94907785E-03   9.94839612E-03  -6.85264386E-05
        3441   6.88400073E-03   9.95108765E-03   9.95040592E-03  -6.85125924E-05
        3442   6.88600074E-03   9.95309744E-03   9.95241664E-03  -6.84051774E-05
        3443   6.88800076E-03   9.95510723E-03   9.95442457E-03  -6.85784908E-05
        3444   6.89000078E-03   9.95711610E-03   9.95643437E-03  -6.84711122E-05
        3445   6.89200079E-03   9.95912496E-03   9.95844230E-03  -6.85508276E-05
        3446   6.89400081E-03   9.96113289E-03   9.96045116E-03  -6.84434999E-05
        3447   6.89600082E-03   9.96314082E-03   9.96245816E-03  -6.85231935E-05
        3448   6.89800084E-03   9.96514782E-03   9.96446609E-03  -6.84159240E-05
        3449   6.90000085E-03   9.96715482E-03   9.96647216E-03  -6.84955958E-05
        3450   6.90200087E-03   9.96916182E-03   9.96848010E-03  -6.83883700E-05
        3451   6.90400088E-03   9.97116789E-03   9.97048616E-03  -6.83746111E-05
        3452   6.90600090E-03   9.97317396E-03   9.97249130E-03  -6.84542538E-05
        3453   6.90800091E-03   9.97517910E-03   9.97449644E-03  -6.84404949E-05
        3454   6.91000093E-03   9.97718424E-03   9.97650158E-03  -6.84267361E-05
        3455   6.91200094E-03   9.97918844E-03   9.97850671E-03  -6.83196558E-05
        3456   6.91400096E-03   9.98119265E-03   9.98050999E-03  -6.83992548E-05
        3457   6.91600097E-03   9.98319685E-03   9.98251420E-03  -6.83855251E-05
        3458   6.91800099E-03   9.98520013E-03   9.98451654E-03  -6.84650877E-05
        3459   6.92000054E-03   9.98720340E-03   9.98651981E-03  -6.84513507E-05
        3460   6.92200055E-03   9.98920575E-03   9.98852216E-03  -6.84376282E-05
        3461   6.92400057E-03   9.99120809E-03   9.99052357E-03  -6.85171399E-05
        3462   6.92600058E-03   9.99320950E-03   9.99252684E-03  -6.83170001E-05
        3463   6.92800060E-03   9.99521092E-03   9.99452733E-03  -6.83965118E-05
        3464   6.93000061E-03   9.99721233E-03   9.99652874E-03  -6.83828112E-05
        3465   6.93200063E-03   9.99921281E-03   9.99852829E-03  -6.84622864E-05
        3466   6.93400064E-03   1.00012133E-02   1.00005288E-02  -6.84485931E-05
        3467   6.93600066E-03   1.00032128E-02   1.00025283E-02  -6.84349070E-05
        3468   6.93800068E-03   1.00052124E-02   1.00045269E-02  -6.85143241E-05
        3469   6.94000069E-03   1.00072110E-02   1.00065265E-02  -6.84075640E-05
        3470   6.94200071E-03   1.00092096E-02   1.00085260E-02  -6.83008402E-05
        3471   6.94400072E-03   1.00112082E-02   1.00105237E-02  -6.83802500E-05
        3472   6.94600074E-03   1.00132059E-02   1.00125214E-02  -6.83666076E-05
        3473   6.94800075E-03   1.00152036E-02   1.00145182E-02  -6.84459737E-05
        3474   6.95000077E-03   1.00172004E-02   1.00165149E-02  -6.84323240E-05
        3475   6.95200078E-03   1.00191971E-02   1.00185117E-02  -6.84186889E-05
        3476   6.95400080E-03   1.00211930E-02   1.00205084E-02  -6.83121107E-05
        3477   6.95600081E-03   1.00231888E-02   1.00225043E-02  -6.82985119E-05
        3478   6.95800083E-03   1.00251846E-02   1.00245001E-02  -6.82849131E-05
        3479   6.96000084E-03   1.00271795E-02   1.00264940E-02  -6.83642138E-05
        3480   6.96200086E-03   1.00291744E-02   1.00284880E-02  -6.84434926E-05
        3481   6.96400087E-03   1.00311683E-02   1.00304820E-02  -6.84298866E-05
        3482   6.96600089E-03   1.00331623E-02   1.00324759E-02  -6.84162878E-05
        3483   6.96800090E-03   1.00351553E-02   1.00344690E-02  -6.84026963E-05
        3484   6.97000092E-03   1.00371484E-02   1.00364620E-02  -6.83891121E-05
        3485   6.97200093E-03   1.00391414E-02   1.00384541E-02  -6.84683182E-05
        3486   6.97400095E-03   1.00411335E-02   1.00404471E-02  -6.83619728E-05
        3487   6.97600096E-03   1.00431256E-02   1.00424383E-02  -6.84411571E-05
        3488   6.97800098E-03   1.00451168E-02   1.00444304E-02  -6.83348626E-05
        3489   6.98000100E-03   1.00471079E-02   1.00464206E-02  -6.84140250E-05
        3490   6.98200054E-03   1.00490982E-02   1.00484118E-02  -6.83077815E-05
        3491   6.98400056E-03   1.00510884E-02   1.00504011E-02  -6.83869293E-05
        3492   6.98600058E-03   1.00530786E-02   1.00523913E-02  -6.83733888E-05
        3493   6.98800059E-03   1.00550679E-02   1.00543806E-02  -6.83598628E-05
        3494   6.99000061E-03   1.00570573E-02   1.00563690E-02  -6.84389524E-05
        3495   6.99200062E-03   1.00590456E-02   1.00583574E-02  -6.84254264E-05
        3496   6.99400064E-03   1.00610340E-02   1.00603458E-02  -6.84119004E-05
        3497   6.99600065E-03   1.00630214E-02   1.00623341E-02  -6.83058242E-05
        3498   6.99800067E-03   1.00650089E-02   1.00643206E-02  -6.83848848E-05
        3499   7.00000068E-03   1.00669963E-02   1.00663090E-02  -6.82788523E-05
        3500   7.00200070E-03   1.00689828E-02   1.00682946E-02  -6.83578910E-05
        3501   7.00400071E-03   1.00709694E-02   1.00702811E-02  -6.83444086E-05
        3502   7.00600073E-03   1.00729549E-02   1.00722667E-02  -6.83309336E-05
        3503   7.00800074E-03   1.00749405E-02   1.00742513E-02  -6.84099214E-05
        3504   7.01000076E-03   1.00769252E-02   1.00762369E-02  -6.83040125E-05
        3505   7.01200077E-03   1.00789098E-02   1.00782216E-02  -6.82905593E-05
        3506   7.01400079E-03   1.00808945E-02   1.00802053E-02  -6.83695107E-05
        3507   7.01600080E-03   1.00828782E-02   1.00821899E-02  -6.82636819E-05
        3508   7.01800082E-03   1.00848619E-02   1.00841727E-02  -6.83426115E-05
        3509   7.02000083E-03   1.00868447E-02   1.00861555E-02  -6.83291801E-05
        3510   7.02200085E-03   1.00888275E-02   1.00881383E-02  -6.83157486E-05
        3511   7.02400086E-03   1.00908093E-02   1.00901211E-02  -6.82100217E-05
        3512   7.02600088E-03   1.00927912E-02   1.00921020E-02  -6.82889149E-05
        3513   7.02800089E-03   1.00947730E-02   1.00940848E-02  -6.81832389E-05
        3514   7.03000091E-03   1.00967539E-02   1.00960648E-02  -6.82621103E-05
        3515   7.03200093E-03   1.00987349E-02   1.00980448E-02  -6.83409526E-05
        3516   7.03400094E-03   1.01007149E-02   1.01000257E-02  -6.82353420E-05
        3517   7.03600096E-03   1.01026949E-02   1.01020047E-02  -6.83141625E-05
        3518   7.03800097E-03   1.01046739E-02   1.01039847E-02  -6.82086029E-05
        3519   7.04000099E-03   1.01066530E-02   1.01059638E-02  -6.81952442E-05
        3520   7.04200100E-03   1.01086320E-02   1.01079429E-02  -6.81818929E-05
        3521   7.04400055E-03   1.01106102E-02   1.01099201E-02  -6.82606842E-05
        3522   7.04600057E-03   1.01125883E-02   1.01118982E-02  -6.82473255E-05
        3523   7.04800058E-03   1.01145655E-02   1.01138754E-02  -6.82339887E-05
        3524   7.05000060E-03   1.01165427E-02   1.01158526E-02  -6.82206519E-05
        3525   7.05200061E-03   1.01185190E-02   1.01178288E-02  -6.82073223E-05
        3526   7.05400063E-03   1.01204952E-02   1.01198051E-02  -6.81940073E-05
        3527   7.05600064E-03   1.01224715E-02   1.01217814E-02  -6.81806923E-05
        3528   7.05800066E-03   1.01244468E-02   1.01237567E-02  -6.81673846E-05
        3529   7.06000067E-03   1.01264222E-02   1.01257320E-02  -6.81540841E-05
        3530   7.06200069E-03   1.01283966E-02   1.01277065E-02  -6.81407982E-05
        3531   7.06400070E-03   1.01303710E-02   1.01296809E-02  -6.81275196E-05
        3532   7.06600072E-03   1.01323444E-02   1.01316543E-02  -6.81142483E-05
        3533   7.06800073E-03   1.01343179E-02   1.01336287E-02  -6.80090743E-05
        3534   7.07000075E-03   1.01362914E-02   1.01356003E-02  -6.81796155E-05
        3535   7.07200076E-03   1.01382639E-02   1.01375747E-02  -6.79826044E-05
        3536   7.07400078E-03   1.01402365E-02   1.01395464E-02  -6.80612357E-05
        3537   7.07600079E-03   1.01422081E-02   1.01415180E-02  -6.80480007E-05
        3538   7.07800081E-03   1.01441797E-02   1.01434896E-02  -6.80347730E-05
        3539   7.08000083E-03   1.01461513E-02   1.01454612E-02  -6.80215526E-05
        3540   7.08200084E-03   1.01481220E-02   1.01474319E-02  -6.80083467E-05
        3541   7.08400086E-03   1.01500927E-02   1.01494025E-02  -6.79951409E-05
        3542   7.08600087E-03   1.01520624E-02   1.01513714E-02  -6.80736921E-05
        3543   7.08800089E-03   1.01540321E-02   1.01533411E-02  -6.80604862E-05
        3544   7.09000090E-03   1.01560010E-02   1.01553109E-02  -6.79555815E-05
        3545   7.09200092E-03   1.01579698E-02   1.01572797E-02  -6.79424047E-05
        3546   7.09400093E-03   1.01599386E-02   1.01592466E-02  -6.81125966E-05
        3547   7.09600095E-03   1.01619065E-02   1.01612164E-02  -6.79160876E-05
        3548   7.09800096E-03   1.01638744E-02   1.01631833E-02  -6.79945733E-05
        3549   7.10000098E-03   1.01658413E-02   1.01651503E-02  -6.79814184E-05
        3550   7.10200099E-03   1.01678083E-02   1.01671172E-02  -6.79682707E-05
        3551   7.10400101E-03   1.01697743E-02   1.01690842E-02  -6.78635406E-05
        3552   7.10600056E-03   1.01717403E-02   1.01710483E-02  -6.80335652E-05
        3553   7.10800057E-03   1.01737063E-02   1.01730153E-02  -6.79288642E-05
        3554   7.11000059E-03   1.01756714E-02   1.01749804E-02  -6.79157456E-05
        3555   7.11200060E-03   1.01776365E-02   1.01769445E-02  -6.79941513E-05
        3556   7.11400062E-03   1.01796007E-02   1.01789087E-02  -6.79810255E-05
        3557   7.11600063E-03   1.01815648E-02   1.01808738E-02  -6.78764263E-05
        3558   7.11800065E-03   1.01835281E-02   1.01828361E-02  -6.79548102E-05
        3559   7.12000066E-03   1.01854913E-02   1.01848003E-02  -6.78502620E-05
        3560   7.12200068E-03   1.01874545E-02   1.01867625E-02  -6.79286168E-05
        3561   7.12400069E-03   1.01894168E-02   1.01887248E-02  -6.79155346E-05
        3562   7.12600071E-03   1.01913791E-02   1.01906871E-02  -6.79024524E-05
        3563   7.12800073E-03   1.01933405E-02   1.01926494E-02  -6.77980133E-05
        3564   7.13000074E-03   1.01953018E-02   1.01946099E-02  -6.78763245E-05
        3565   7.13200076E-03   1.01972632E-02   1.01965712E-02  -6.78632714E-05
        3566   7.13400077E-03   1.01992236E-02   1.01985307E-02  -6.79415534E-05
        3567   7.13600079E-03   1.02011841E-02   1.02004912E-02  -6.79284931E-05
        3568   7.13800080E-03   1.02031436E-02   1.02024516E-02  -6.78241558E-05
        3569   7.14000082E-03   1.02051031E-02   1.02044102E-02  -6.79024088E-05
        3570   7.14200083E-03   1.02070617E-02   1.02063697E-02  -6.77981225E-05
        3571   7.14400085E-03   1.02090202E-02   1.02083273E-02  -6.78763463E-05
        3572   7.14600086E-03   1.02109788E-02   1.02102878E-02  -6.76808922E-05
        3573   7.14800088E-03   1.02129364E-02   1.02122445E-02  -6.77591161E-05
        3574   7.15000089E-03   1.02148941E-02   1.02142021E-02  -6.77461285E-05
        3575   7.15200091E-03   1.02168508E-02   1.02161588E-02  -6.77331554E-05
        3576   7.15400092E-03   1.02188075E-02   1.02181146E-02  -6.78113356E-05
        3577   7.15600094E-03   1.02207633E-02   1.02200722E-02  -6.76160926E-05
        3578   7.15800095E-03   1.02227191E-02   1.02220271E-02  -6.76942727E-05
        3579   7.16000097E-03   1.02246748E-02   1.02239819E-02  -6.77724165E-05
        3580   7.16200098E-03   1.02266297E-02   1.02259368E-02  -6.77594653E-05
        3581   7.16400100E-03   1.02285845E-02   1.02278925E-02  -6.76554482E-05
        3582   7.16600101E-03   1.02305384E-02   1.02298465E-02  -6.76425261E-05
        3583   7.16800056E-03   1.02324924E-02   1.02317994E-02  -6.77206408E-05
        3584   7.17000058E-03   1.02344463E-02   1.02337534E-02  -6.77077114E-05
        3585   7.17200059E-03   1.02363992E-02   1.02357063E-02  -6.76947893E-05
        3586   7.17400061E-03   1.02383522E-02   1.02376603E-02  -6.75909032E-05
        3587   7.17600062E-03   1.02403043E-02   1.02396104E-02  -6.77599310E-05
        3588   7.17800064E-03   1.02422563E-02   1.02415634E-02  -6.76560740E-05
        3589   7.18000066E-03   1.02442075E-02   1.02435146E-02  -6.76431882E-05
        3590   7.18200067E-03   1.02461586E-02   1.02454657E-02  -6.76303098E-05
        3591   7.18400069E-03   1.02481097E-02   1.02474159E-02  -6.77083226E-05
        3592   7.18600070E-03   1.02500599E-02   1.02493670E-02  -6.76045674E-05
        3593   7.18800072E-03   1.02520101E-02   1.02513172E-02  -6.75917036E-05
        3594   7.19000073E-03   1.02539593E-02   1.02532674E-02  -6.74880139E-05
        3595   7.19200075E-03   1.02559086E-02   1.02552148E-02  -6.76568307E-05
        3596   7.19400076E-03   1.02578579E-02   1.02571640E-02  -6.76439740E-05
        3597   7.19600078E-03   1.02598062E-02   1.02591133E-02  -6.75403426E-05
        3598   7.19800079E-03   1.02617545E-02   1.02610607E-02  -6.76182826E-05
        3599   7.20000081E-03   1.02637019E-02   1.02630090E-02  -6.75147021E-05
        3600   7.20200082E-03   1.02656493E-02   1.02649555E-02  -6.75926276E-05
        3601   7.20400084E-03   1.02675958E-02   1.02669019E-02  -6.75798146E-05
        3602   7.20600085E-03   1.02695422E-02   1.02688493E-02  -6.74763069E-05
        3603   7.20800087E-03   1.02714887E-02   1.02707958E-02  -6.74635157E-05
        3604   7.21000088E-03   1.02734342E-02   1.02727413E-02  -6.74507392E-05
        3605   7.21200090E-03   1.02753798E-02   1.02746850E-02  -6.76192649E-05
        3606   7.21400091E-03   1.02773244E-02   1.02766305E-02  -6.75158371E-05
        3607   7.21600093E-03   1.02792690E-02   1.02785751E-02  -6.75030678E-05
        3608   7.21800094E-03   1.02812136E-02   1.02805197E-02  -6.74902985E-05
        3609   7.22000096E-03   1.02831572E-02   1.02824625E-02  -6.75681149E-05
        3610   7.22200098E-03   1.02851009E-02   1.02844071E-02  -6.74647890E-05
        3611   7.22400099E-03   1.02870436E-02   1.02863498E-02  -6.74520415E-05
        3612   7.22600101E-03   1.02889864E-02   1.02882916E-02  -6.75298361E-05
        3613   7.22800102E-03   1.02909282E-02   1.02902334E-02  -6.75170959E-05
        3614   7.23000104E-03   1.02928700E-02   1.02921762E-02  -6.74138573E-05
        3615   7.23200059E-03   1.02948118E-02   1.02941180E-02  -6.74011462E-05
        3616   7.23400060E-03   1.02967527E-02   1.02960588E-02  -6.73884351E-05
        3617   7.23600062E-03   1.02986936E-02   1.02979979E-02  -6.75566262E-05
        3618   7.23800063E-03   1.03006335E-02   1.02999387E-02  -6.74534749E-05
        3619   7.24000065E-03   1.03025734E-02   1.03018787E-02  -6.74407711E-05
        3620   7.24200066E-03   1.03045134E-02   1.03038177E-02  -6.75184638E-05
        3621   7.24400068E-03   1.03064524E-02   1.03057576E-02  -6.74153853E-05
        3622   7.24600069E-03   1.03083914E-02   1.03076957E-02  -6.74930634E-05
        3623   7.24800071E-03   1.03103295E-02   1.03096338E-02  -6.74803741E-05
        3624   7.25000072E-03   1.03122676E-02   1.03115719E-02  -6.74676921E-05
        3625   7.25200074E-03   1.03142047E-02   1.03135090E-02  -6.74550174E-05
        3626   7.25400075E-03   1.03161419E-02   1.03154462E-02  -6.74423500E-05
        3627   7.25600077E-03   1.03180790E-02   1.03173824E-02  -6.75199626E-05
        3628   7.25800078E-03   1.03200153E-02   1.03193186E-02  -6.75072952E-05
        3629   7.26000080E-03   1.03219515E-02   1.03212558E-02  -6.74043913E-05
        3630   7.26200081E-03   1.03238868E-02   1.03231901E-02  -6.74819748E-05
        3631   7.26400083E-03   1.03258220E-02   1.03251263E-02  -6.73791219E-05
        3632   7.26600084E-03   1.03277573E-02   1.03270598E-02  -6.75468764E-05
        3633   7.26800086E-03   1.03296917E-02   1.03289960E-02  -6.73538816E-05
        3634   7.27000087E-03   1.03316261E-02   1.03309294E-02  -6.74314215E-05
        3635   7.27200089E-03   1.03335595E-02   1.03328628E-02  -6.74188050E-05
        3636   7.27400091E-03   1.03354929E-02   1.03347963E-02  -6.74061957E-05
        3637   7.27600092E-03   1.03374254E-02   1.03367288E-02  -6.73935938E-05
        3638   7.27800094E-03   1.03393579E-02   1.03386613E-02  -6.73809918E-05
        3639   7.28000095E-03   1.03412904E-02   1.03405938E-02  -6.73684044E-05
        3640   7.28200097E-03   1.03432219E-02   1.03425262E-02  -6.72657698E-05
        3641   7.28400098E-03   1.03451535E-02   1.03444578E-02  -6.72532042E-05
        3642   7.28600100E-03   1.03470841E-02   1.03463875E-02  -6.73306786E-05
        3643   7.28800101E-03   1.03490148E-02   1.03483181E-02  -6.73181130E-05
        3644   7.29000103E-03   1.03509454E-02   1.03502488E-02  -6.73055620E-05
        3645   7.29200104E-03   1.03528751E-02   1.03521775E-02  -6.73829854E-05
        3646   7.29400059E-03   1.03548048E-02   1.03541072E-02  -6.73704271E-05
        3647   7.29600061E-03   1.03567336E-02   1.03560360E-02  -6.73578761E-05
        3648   7.29800062E-03   1.03586623E-02   1.03579639E-02  -6.74352559E-05
        3649   7.30000064E-03   1.03605902E-02   1.03598926E-02  -6.73328032E-05
        3650   7.30200065E-03   1.03625180E-02   1.03618214E-02  -6.72303868E-05
        3651   7.30400067E-03   1.03644459E-02   1.03637483E-02  -6.73077520E-05
        3652   7.30600068E-03   1.03663728E-02   1.03656752E-02  -6.72952374E-05
        3653   7.30800070E-03   1.03682997E-02   1.03676021E-02  -6.72827300E-05
        3654   7.31000071E-03   1.03702256E-02   1.03695281E-02  -6.72702372E-05
        3655   7.31200073E-03   1.03721516E-02   1.03714531E-02  -6.73475442E-05
        3656   7.31400074E-03   1.03740776E-02   1.03733800E-02  -6.72452588E-05
        3657   7.31600076E-03   1.03760026E-02   1.03753041E-02  -6.73225513E-05
        3658   7.31800077E-03   1.03779277E-02   1.03772301E-02  -6.72203096E-05
        3659   7.32000079E-03   1.03798518E-02   1.03791542E-02  -6.72078459E-05
        3660   7.32200081E-03   1.03817759E-02   1.03810783E-02  -6.71953894E-05
        3661   7.32400082E-03   1.03836991E-02   1.03830015E-02  -6.71829403E-05
        3662   7.32600084E-03   1.03856223E-02   1.03849238E-02  -6.72601891E-05
        3663   7.32800085E-03   1.03875455E-02   1.03868479E-02  -6.71580638E-05
        3664   7.33000087E-03   1.03894677E-02   1.03887701E-02  -6.71456364E-05
        3665   7.33200088E-03   1.03913900E-02   1.03906915E-02  -6.72228562E-05
        3666   7.33400090E-03   1.03933113E-02   1.03926146E-02  -6.70311856E-05
        3667   7.33600091E-03   1.03952326E-02   1.03945350E-02  -6.71083981E-05
        3668   7.33800093E-03   1.03971539E-02   1.03964563E-02  -6.70959998E-05
        3669   7.34000094E-03   1.03990743E-02   1.03983758E-02  -6.71731759E-05
        3670   7.34200096E-03   1.04009947E-02   1.04002962E-02  -6.71607704E-05
        3671   7.34400097E-03   1.04029141E-02   1.04022166E-02  -6.70588415E-05
        3672   7.34600099E-03   1.04048336E-02   1.04041360E-02  -6.70464724E-05
        3673   7.34800100E-03   1.04067530E-02   1.04060555E-02  -6.70341033E-05
        3674   7.35000102E-03   1.04086716E-02   1.04079731E-02  -6.71112357E-05
        3675   7.35200103E-03   1.04105901E-02   1.04098916E-02  -6.70988666E-05
        3676   7.35400105E-03   1.04125077E-02   1.04118092E-02  -6.70865120E-05
        3677   7.35600060E-03   1.04144253E-02   1.04137277E-02  -6.69847141E-05
        3678   7.35800061E-03   1.04163419E-02   1.04156435E-02  -6.70618101E-05
        3679   7.36000063E-03   1.04182586E-02   1.04175610E-02  -6.69600704E-05
        3680   7.36200064E-03   1.04201753E-02   1.04194758E-02  -6.71265298E-05
        3681   7.36400066E-03   1.04220910E-02   1.04213925E-02  -6.70248191E-05
        3682   7.36600067E-03   1.04240067E-02   1.04233073E-02  -6.71018570E-05
        3683   7.36800069E-03   1.04259215E-02   1.04252240E-02  -6.69108485E-05
        3684   7.37000071E-03   1.04278363E-02   1.04271388E-02  -6.68985667E-05
        3685   7.37200072E-03   1.04297511E-02   1.04290526E-02  -6.69755900E-05
        3686   7.37400074E-03   1.04316650E-02   1.04309665E-02  -6.69633009E-05
        3687   7.37600075E-03   1.04335789E-02   1.04328794E-02  -6.70402878E-05
        3688   7.37800077E-03   1.04354918E-02   1.04347942E-02  -6.68494831E-05
        3689   7.38000078E-03   1.04374047E-02   1.04367062E-02  -6.69264700E-05
        3690   7.38200080E-03   1.04393177E-02   1.04386183E-02  -6.70034351E-05
        3691   7.38400081E-03   1.04412297E-02   1.04405303E-02  -6.69911606E-05
        3692   7.38600083E-03   1.04431417E-02   1.04424423E-02  -6.69788933E-05
        3693   7.38800084E-03   1.04450528E-02   1.04443533E-02  -6.69666406E-05
        3694   7.39000086E-03   1.04469638E-02   1.04462644E-02  -6.69543879E-05
        3695   7.39200087E-03   1.04488740E-02   1.04481755E-02  -6.68530047E-05
        3696   7.39400089E-03   1.04507841E-02   1.04500866E-02  -6.67516579E-05
        3697   7.39600090E-03   1.04526943E-02   1.04519958E-02  -6.68285720E-05
        3698   7.39800092E-03   1.04546035E-02   1.04539059E-02  -6.67272689E-05
        3699   7.40000093E-03   1.04565127E-02   1.04558133E-02  -6.68932407E-05
        3700   7.40200095E-03   1.04584210E-02   1.04577225E-02  -6.67919739E-05
        3701   7.40400096E-03   1.04603292E-02   1.04596298E-02  -6.68688372E-05
        3702   7.40600098E-03   1.04622375E-02   1.04615390E-02  -6.67676068E-05
        3703   7.40800099E-03   1.04641449E-02   1.04634464E-02  -6.67554341E-05
        3704   7.41000101E-03   1.04660522E-02   1.04653537E-02  -6.67432687E-05
        3705   7.41200102E-03   1.04679586E-02   1.04672592E-02  -6.68200955E-05
        3706   7.41400104E-03   1.04698651E-02   1.04691666E-02  -6.67189597E-05
        3707   7.41600106E-03   1.04717715E-02   1.04710720E-02  -6.67957647E-05
        3708   7.41800060E-03   1.04736770E-02   1.04729766E-02  -6.68725406E-05
        3709   7.42000062E-03   1.04755824E-02   1.04748821E-02  -6.68603752E-05
        3710   7.42200064E-03   1.04774870E-02   1.04767885E-02  -6.66704218E-05
        3711   7.42400065E-03   1.04793916E-02   1.04786921E-02  -6.67471904E-05
        3712   7.42600067E-03   1.04812961E-02   1.04805967E-02  -6.67350614E-05
        3713   7.42800068E-03   1.04831997E-02   1.04824994E-02  -6.68117937E-05
        3714   7.43000070E-03   1.04851034E-02   1.04844030E-02  -6.67996646E-05
        3715   7.43200071E-03   1.04870060E-02   1.04863066E-02  -6.66987253E-05
        3716   7.43400073E-03   1.04889087E-02   1.04882084E-02  -6.67754284E-05
        3717   7.43600074E-03   1.04908105E-02   1.04901111E-02  -6.66745327E-05
        3718   7.43800076E-03   1.04927123E-02   1.04920119E-02  -6.67512213E-05
        3719   7.44000077E-03   1.04946140E-02   1.04939146E-02  -6.66503693E-05
        3720   7.44200079E-03   1.04965148E-02   1.04958154E-02  -6.66382984E-05
        3721   7.44400080E-03   1.04984157E-02   1.04977153E-02  -6.67149507E-05
        3722   7.44600082E-03   1.05003156E-02   1.04996152E-02  -6.67028798E-05
        3723   7.44800083E-03   1.05022155E-02   1.05015161E-02  -6.66021224E-05
        3724   7.45000085E-03   1.05041154E-02   1.05034159E-02  -6.65900734E-05
        3725   7.45200086E-03   1.05060143E-02   1.05053149E-02  -6.65780390E-05
        3726   7.45400088E-03   1.05079133E-02   1.05072139E-02  -6.65660045E-05
        3727   7.45600089E-03   1.05098113E-02   1.05091119E-02  -6.65539847E-05
        3728   7.45800091E-03   1.05117094E-02   1.05110090E-02  -6.66305787E-05
        3729   7.46000092E-03   1.05136074E-02   1.05129071E-02  -6.66185442E-05
        3730   7.46200094E-03   1.05155045E-02   1.05148051E-02  -6.65179468E-05
        3731   7.46400096E-03   1.05174016E-02   1.05167003E-02  -6.66830747E-05
        3732   7.46600097E-03   1.05192978E-02   1.05185984E-02  -6.64939580E-05
        3733   7.46800099E-03   1.05211940E-02   1.05204936E-02  -6.65705084E-05
        3734   7.47000100E-03   1.05230901E-02   1.05223889E-02  -6.66470223E-05
        3735   7.47200102E-03   1.05249854E-02   1.05242850E-02  -6.65465195E-05
        3736   7.47400103E-03   1.05268806E-02   1.05261803E-02  -6.65345433E-05
        3737   7.47600105E-03   1.05287749E-02   1.05280755E-02  -6.64341060E-05
        3738   7.47800106E-03   1.05306692E-02   1.05299689E-02  -6.65106054E-05
        3739   7.48000061E-03   1.05325636E-02   1.05318632E-02  -6.64986364E-05
        3740   7.48200063E-03   1.05344569E-02   1.05337556E-02  -6.65751068E-05
        3741   7.48400064E-03   1.05363503E-02   1.05356490E-02  -6.65631451E-05
        3742   7.48600066E-03   1.05382428E-02   1.05375415E-02  -6.65511907E-05
        3743   7.48800067E-03   1.05401352E-02   1.05394339E-02  -6.65392363E-05
        3744   7.49000069E-03   1.05420267E-02   1.05413264E-02  -6.64389445E-05
        3745   7.49200070E-03   1.05439182E-02   1.05432179E-02  -6.64270265E-05
        3746   7.49400072E-03   1.05458098E-02   1.05451085E-02  -6.65034313E-05
        3747   7.49600073E-03   1.05477003E-02   1.05469991E-02  -6.64915133E-05
        3748   7.49800075E-03   1.05495909E-02   1.05488896E-02  -6.64795953E-05
        3749   7.50000076E-03   1.05514806E-02   1.05507802E-02  -6.63794126E-05
        3750   7.50200078E-03   1.05533702E-02   1.05526708E-02  -6.62792663E-05
        3751   7.50400079E-03   1.05552599E-02   1.05545586E-02  -6.64438849E-05
        3752   7.50600081E-03   1.05571486E-02   1.05564473E-02  -6.64319959E-05
        3753   7.50800082E-03   1.05590373E-02   1.05583351E-02  -6.65083280E-05
        3754   7.51000084E-03   1.05609251E-02   1.05602238E-02  -6.64082399E-05
        3755   7.51200086E-03   1.05628129E-02   1.05621126E-02  -6.63081883E-05
        3756   7.51400087E-03   1.05647007E-02   1.05639994E-02  -6.63845058E-05
        3757   7.51600089E-03   1.05665876E-02   1.05658863E-02  -6.63726532E-05
        3758   7.51800090E-03   1.05684744E-02   1.05677731E-02  -6.63608007E-05
        3759   7.52000092E-03   1.05703603E-02   1.05696600E-02  -6.62608436E-05
        3760   7.52200093E-03   1.05722463E-02   1.05715450E-02  -6.63371247E-05
        3761   7.52400095E-03   1.05741322E-02   1.05734309E-02  -6.63252940E-05
        3762   7.52600096E-03   1.05760172E-02   1.05753159E-02  -6.63134706E-05
        3763   7.52800098E-03   1.05779022E-02   1.05772018E-02  -6.62135935E-05
        3764   7.53000099E-03   1.05797863E-02   1.05790850E-02  -6.62898456E-05
        3765   7.53200101E-03   1.05816703E-02   1.05809700E-02  -6.61900194E-05
        3766   7.53400102E-03   1.05835544E-02   1.05828522E-02  -6.63542523E-05
        3767   7.53600104E-03   1.05854375E-02   1.05847353E-02  -6.63424435E-05
        3768   7.53800105E-03   1.05873207E-02   1.05866194E-02  -6.62426683E-05
        3769   7.54000107E-03   1.05892029E-02   1.05885016E-02  -6.62308885E-05
        3770   7.54200062E-03   1.05910851E-02   1.05903838E-02  -6.62191233E-05
        3771   7.54400063E-03   1.05929673E-02   1.05922651E-02  -6.62952807E-05
        3772   7.54600065E-03   1.05948485E-02   1.05941463E-02  -6.62835082E-05
        3773   7.54800066E-03   1.05967298E-02   1.05960276E-02  -6.62717430E-05
        3774   7.55000068E-03   1.05986102E-02   1.05979079E-02  -6.62599850E-05
        3775   7.55200069E-03   1.06004905E-02   1.05997892E-02  -6.61603626E-05
        3776   7.55400071E-03   1.06023708E-02   1.06016677E-02  -6.63243336E-05
        3777   7.55600072E-03   1.06042502E-02   1.06035471E-02  -6.63125757E-05
        3778   7.55800074E-03   1.06061297E-02   1.06054265E-02  -6.63008250E-05
        3779   7.56000075E-03   1.06080081E-02   1.06073059E-02  -6.62012826E-05
        3780   7.56200077E-03   1.06098866E-02   1.06091835E-02  -6.62773455E-05
        3781   7.56400079E-03   1.06117651E-02   1.06110619E-02  -6.62656166E-05
        3782   7.56600080E-03   1.06136426E-02   1.06129395E-02  -6.62538951E-05
        3783   7.56800082E-03   1.06155202E-02   1.06148170E-02  -6.62421735E-05
        3784   7.57000083E-03   1.06173968E-02   1.06166936E-02  -6.62304665E-05
        3785   7.57200085E-03   1.06192734E-02   1.06185693E-02  -6.63064711E-05
        3786   7.57400086E-03   1.06211491E-02   1.06204459E-02  -6.62070670E-05
        3787   7.57600088E-03   1.06230248E-02   1.06223226E-02  -6.61076920E-05
        3788   7.57800089E-03   1.06249005E-02   1.06241973E-02  -6.61836893E-05
        3789   7.58000091E-03   1.06267752E-02   1.06260730E-02  -6.60843580E-05
        3790   7.58200092E-03   1.06286500E-02   1.06279468E-02  -6.61603335E-05
        3791   7.58400094E-03   1.06305238E-02   1.06298206E-02  -6.61486774E-05
        3792   7.58600095E-03   1.06323976E-02   1.06316945E-02  -6.61370141E-05
        3793   7.58800097E-03   1.06342714E-02   1.06335683E-02  -6.61253580E-05
        3794   7.59000098E-03   1.06361443E-02   1.06354412E-02  -6.61137165E-05
        3795   7.59200100E-03   1.06380172E-02   1.06373141E-02  -6.61020749E-05
        3796   7.59400101E-03   1.06398892E-02   1.06391860E-02  -6.60904479E-05
        3797   7.59600103E-03   1.06417611E-02   1.06410598E-02  -6.59037614E-05
        3798   7.59800104E-03   1.06436331E-02   1.06429299E-02  -6.60671940E-05
        3799   7.60000106E-03   1.06455041E-02   1.06448019E-02  -6.59680882E-05
        3800   7.60200107E-03   1.06473751E-02   1.06466720E-02  -6.60439764E-05
        3801   7.60400062E-03   1.06492452E-02   1.06485439E-02  -6.58574427E-05
        3802   7.60600064E-03   1.06511153E-02   1.06504131E-02  -6.59333309E-05
        3803   7.60800065E-03   1.06529854E-02   1.06522823E-02  -6.60091900E-05
        3804   7.61000067E-03   1.06548546E-02   1.06541514E-02  -6.59976140E-05
        3805   7.61200069E-03   1.06567238E-02   1.06560206E-02  -6.59860380E-05
        3806   7.61400070E-03   1.06585920E-02   1.06578898E-02  -6.58870777E-05
        3807   7.61600072E-03   1.06604602E-02   1.06597580E-02  -6.58755307E-05
        3808   7.61800073E-03   1.06623285E-02   1.06616253E-02  -6.59513462E-05
        3809   7.62000075E-03   1.06641958E-02   1.06634926E-02  -6.59397992E-05
        3810   7.62200076E-03   1.06660631E-02   1.06653590E-02  -6.60155783E-05
        3811   7.62400078E-03   1.06679294E-02   1.06672272E-02  -6.58294084E-05
        3812   7.62600079E-03   1.06697958E-02   1.06690926E-02  -6.59051875E-05
        3813   7.62800081E-03   1.06716622E-02   1.06709599E-02  -6.58063800E-05
        3814   7.63000082E-03   1.06735276E-02   1.06728245E-02  -6.58821446E-05
        3815   7.63200084E-03   1.06753930E-02   1.06746899E-02  -6.58706267E-05
        3816   7.63400085E-03   1.06772576E-02   1.06765553E-02  -6.57718920E-05
        3817   7.63600087E-03   1.06791221E-02   1.06784198E-02  -6.57604032E-05
        3818   7.63800088E-03   1.06809866E-02   1.06802844E-02  -6.57489290E-05
        3819   7.64000090E-03   1.06828501E-02   1.06821479E-02  -6.57374549E-05
        3820   7.64200091E-03   1.06847137E-02   1.06840106E-02  -6.58131612E-05
        3821   7.64400093E-03   1.06865764E-02   1.06858732E-02  -6.58016943E-05
        3822   7.64600094E-03   1.06884390E-02   1.06877368E-02  -6.57030760E-05
        3823   7.64800096E-03   1.06903017E-02   1.06895994E-02  -6.56916309E-05
        3824   7.65000097E-03   1.06921634E-02   1.06914612E-02  -6.56801931E-05
        3825   7.65200099E-03   1.06940251E-02   1.06933219E-02  -6.57558558E-05
        3826   7.65400100E-03   1.06958859E-02   1.06951827E-02  -6.57444180E-05
        3827   7.65600102E-03   1.06977466E-02   1.06970435E-02  -6.57329801E-05
        3828   7.65800104E-03   1.06996074E-02   1.06989052E-02  -6.56344928E-05
        3829   7.66000105E-03   1.07014673E-02   1.07007641E-02  -6.57101264E-05
        3830   7.66200107E-03   1.07033271E-02   1.07026240E-02  -6.56987031E-05
        3831   7.66400108E-03   1.07051861E-02   1.07044838E-02  -6.56002885E-05
        3832   7.66600063E-03   1.07070450E-02   1.07063418E-02  -6.56758930E-05
        3833   7.66800065E-03   1.07089039E-02   1.07082007E-02  -6.56644916E-05
        3834   7.67000066E-03   1.07107619E-02   1.07100587E-02  -6.56530974E-05
        3835   7.67200068E-03   1.07126199E-02   1.07119167E-02  -6.56417105E-05
        3836   7.67400069E-03   1.07144769E-02   1.07137747E-02  -6.55433978E-05
        3837   7.67600071E-03   1.07163340E-02   1.07156308E-02  -6.56189586E-05
        3838   7.67800072E-03   1.07181910E-02   1.07174870E-02  -6.56944903E-05
        3839   7.68000074E-03   1.07200472E-02   1.07193440E-02  -6.55962285E-05
        3840   7.68200075E-03   1.07219033E-02   1.07211992E-02  -6.56717457E-05
        3841   7.68400077E-03   1.07237585E-02   1.07230563E-02  -6.54866672E-05
        3842   7.68600078E-03   1.07256137E-02   1.07249115E-02  -6.54753385E-05
        3843   7.68800080E-03   1.07274689E-02   1.07267667E-02  -6.54640171E-05
        3844   7.69000081E-03   1.07293231E-02   1.07286200E-02  -6.55395124E-05
        3845   7.69200083E-03   1.07311774E-02   1.07304733E-02  -6.56149859E-05
        3846   7.69400084E-03   1.07330307E-02   1.07323285E-02  -6.54300893E-05
        3847   7.69600086E-03   1.07348841E-02   1.07341809E-02  -6.55055628E-05
        3848   7.69800087E-03   1.07367374E-02   1.07360333E-02  -6.55810072E-05
        3849   7.70000089E-03   1.07385898E-02   1.07378876E-02  -6.53962197E-05
        3850   7.70200090E-03   1.07404422E-02   1.07397391E-02  -6.54716569E-05
        3851   7.70400092E-03   1.07422937E-02   1.07415915E-02  -6.53736643E-05
        3852   7.70600094E-03   1.07441451E-02   1.07434429E-02  -6.53624011E-05
        3853   7.70800095E-03   1.07459966E-02   1.07452935E-02  -6.54378164E-05
        3854   7.71000097E-03   1.07478471E-02   1.07471440E-02  -6.54265459E-05
        3855   7.71200098E-03   1.07496977E-02   1.07489945E-02  -6.54152827E-05
        3856   7.71400100E-03   1.07515473E-02   1.07508451E-02  -6.53173993E-05
        3857   7.71600101E-03   1.07533969E-02   1.07526947E-02  -6.53061652E-05
        3858   7.71800103E-03   1.07552465E-02   1.07545443E-02  -6.52949311E-05
        3859   7.72000104E-03   1.07570952E-02   1.07563920E-02  -6.53702955E-05
        3860   7.72200106E-03   1.07589439E-02   1.07582426E-02  -6.51859154E-05
        3861   7.72400107E-03   1.07607925E-02   1.07600903E-02  -6.52612725E-05
        3862   7.72600109E-03   1.07626403E-02   1.07619381E-02  -6.52500676E-05
        3863   7.72800064E-03   1.07644880E-02   1.07637858E-02  -6.52388699E-05
        3864   7.73000065E-03   1.07663348E-02   1.07656308E-02  -6.54007090E-05
        3865   7.73200067E-03   1.07681816E-02   1.07674785E-02  -6.53029929E-05
        3866   7.73400068E-03   1.07700285E-02   1.07693244E-02  -6.53782772E-05
        3867   7.73600070E-03   1.07718743E-02   1.07711703E-02  -6.53670722E-05
        3868   7.73800071E-03   1.07737202E-02   1.07730171E-02  -6.52694143E-05
        3869   7.74000073E-03   1.07755652E-02   1.07748611E-02  -6.53446841E-05
        3870   7.74200074E-03   1.07774101E-02   1.07767070E-02  -6.52470699E-05
        3871   7.74400076E-03   1.07792551E-02   1.07785510E-02  -6.53223105E-05
        3872   7.74600077E-03   1.07810991E-02   1.07803950E-02  -6.53111347E-05
        3873   7.74800079E-03   1.07829431E-02   1.07822390E-02  -6.52999661E-05
        3874   7.75000080E-03   1.07847862E-02   1.07840821E-02  -6.52888048E-05
        3875   7.75200082E-03   1.07866293E-02   1.07859252E-02  -6.52776507E-05
        3876   7.75400084E-03   1.07884724E-02   1.07877683E-02  -6.52664967E-05
        3877   7.75600085E-03   1.07903145E-02   1.07896095E-02  -6.53416791E-05
        3878   7.75800087E-03   1.07921567E-02   1.07914517E-02  -6.53305251E-05
        3879   7.76000088E-03   1.07939979E-02   1.07932938E-02  -6.52330855E-05
        3880   7.76200090E-03   1.07958391E-02   1.07951351E-02  -6.52219605E-05
        3881   7.76400091E-03   1.07976804E-02   1.07969763E-02  -6.52108356E-05
        3882   7.76600093E-03   1.07995206E-02   1.07988166E-02  -6.51997252E-05
        3883   7.76800094E-03   1.08013609E-02   1.08006559E-02  -6.52748495E-05
        3884   7.77000096E-03   1.08032003E-02   1.08024953E-02  -6.52637318E-05
        3885   7.77200097E-03   1.08050397E-02   1.08043356E-02  -6.51664232E-05
        3886   7.77400099E-03   1.08068790E-02   1.08061740E-02  -6.52415183E-05
        3887   7.77600100E-03   1.08087175E-02   1.08080124E-02  -6.52304225E-05
        3888   7.77800102E-03   1.08105559E-02   1.08098509E-02  -6.52193266E-05
        3889   7.78000103E-03   1.08123934E-02   1.08116884E-02  -6.52082381E-05
        3890   7.78200105E-03   1.08142309E-02   1.08135268E-02  -6.51110313E-05
        3891   7.78400106E-03   1.08160684E-02   1.08153624E-02  -6.52722010E-05
        3892   7.78600108E-03   1.08179050E-02   1.08171999E-02  -6.51750161E-05
        3893   7.78800109E-03   1.08197415E-02   1.08190365E-02  -6.51639566E-05
        3894   7.79000064E-03   1.08215772E-02   1.08208722E-02  -6.51528972E-05
        3895   7.79200066E-03   1.08234128E-02   1.08227087E-02  -6.50557922E-05
        3896   7.79400067E-03   1.08252484E-02   1.08245434E-02  -6.51308001E-05
        3897   7.79600069E-03   1.08270831E-02   1.08263772E-02  -6.52057934E-05
        3898   7.79800070E-03   1.08289178E-02   1.08282119E-02  -6.51947412E-05
        3899   7.80000072E-03   1.08307516E-02   1.08300466E-02  -6.50977090E-05
        3900   7.80200073E-03   1.08325854E-02   1.08318804E-02  -6.50866859E-05
        3901   7.80400075E-03   1.08344192E-02   1.08337142E-02  -6.50756701E-05
        3902   7.80600077E-03   1.08362520E-02   1.08355470E-02  -6.50646616E-05
        3903   7.80800078E-03   1.08380849E-02   1.08373798E-02  -6.50536604E-05
        3904   7.81000080E-03   1.08399177E-02   1.08392118E-02  -6.51285809E-05
        3905   7.81200081E-03   1.08417496E-02   1.08410437E-02  -6.51175797E-05
        3906   7.81400129E-03   1.08435815E-02   1.08428765E-02  -6.50206784E-05
        3907   7.81600084E-03   1.08454125E-02   1.08447075E-02  -6.50096990E-05
        3908   7.81800132E-03   1.08472435E-02   1.08465385E-02  -6.49987269E-05
        3909   7.82000087E-03   1.08490745E-02   1.08483694E-02  -6.49877547E-05
        3910   7.82200042E-03   1.08509045E-02   1.08501976E-02  -6.51484734E-05
        3911   7.82400090E-03   1.08527346E-02   1.08520268E-02  -6.52233139E-05
        3912   7.82600045E-03   1.08545637E-02   1.08538577E-02  -6.50407019E-05
        3913   7.82800093E-03   1.08563928E-02   1.08556869E-02  -6.50297443E-05
        3914   7.83000048E-03   1.08582219E-02   1.08575150E-02  -6.51045702E-05
        3915   7.83200096E-03   1.08600501E-02   1.08593442E-02  -6.50078437E-05
        3916   7.83400051E-03   1.08618783E-02   1.08611714E-02  -6.50826551E-05
        3917   7.83600099E-03   1.08637055E-02   1.08629987E-02  -6.50717047E-05
        3918   7.83800054E-03   1.08655328E-02   1.08648259E-02  -6.50607617E-05
        3919   7.84000102E-03   1.08673600E-02   1.08666541E-02  -6.49641079E-05
        3920   7.84200057E-03   1.08691864E-02   1.08684795E-02  -6.50388902E-05
        3921   7.84400105E-03   1.08710127E-02   1.08703058E-02  -6.50279617E-05
        3922   7.84600060E-03   1.08728381E-02   1.08721312E-02  -6.50170405E-05
        3923   7.84800109E-03   1.08746635E-02   1.08739566E-02  -6.50061265E-05
        3924   7.85000063E-03   1.08764889E-02   1.08757829E-02  -6.49095819E-05
        3925   7.85200112E-03   1.08783133E-02   1.08776065E-02  -6.49843205E-05
        3926   7.85400067E-03   1.08801378E-02   1.08794309E-02  -6.49734211E-05
        3927   7.85600115E-03   1.08819613E-02   1.08812544E-02  -6.49625290E-05
        3928   7.85800070E-03   1.08837849E-02   1.08830780E-02  -6.49516442E-05
        3929   7.86000118E-03   1.08856084E-02   1.08849024E-02  -6.48552013E-05
        3930   7.86200073E-03   1.08874310E-02   1.08867250E-02  -6.48443383E-05
        3931   7.86400121E-03   1.08892536E-02   1.08885476E-02  -6.48334899E-05
        3932   7.86600076E-03   1.08910762E-02   1.08903693E-02  -6.49081630E-05
        3933   7.86800124E-03   1.08928978E-02   1.08921910E-02  -6.48973073E-05
        3934   7.87000079E-03   1.08947195E-02   1.08940126E-02  -6.48864516E-05
        3935   7.87200127E-03   1.08965402E-02   1.08958334E-02  -6.48756104E-05
        3936   7.87400082E-03   1.08983610E-02   1.08976541E-02  -6.48647692E-05
        3937   7.87600130E-03   1.09001817E-02   1.08994739E-02  -6.49393842E-05
        3938   7.87800085E-03   1.09020015E-02   1.09012946E-02  -6.48431087E-05
        3939   7.88000133E-03   1.09038213E-02   1.09031126E-02  -6.50031361E-05
        3940   7.88200088E-03   1.09056402E-02   1.09049343E-02  -6.47360648E-05
        3941   7.88400043E-03   1.09074591E-02   1.09067513E-02  -6.48960558E-05
        3942   7.88600091E-03   1.09092779E-02   1.09085701E-02  -6.48852365E-05
        3943   7.88800046E-03   1.09110959E-02   1.09103881E-02  -6.48744244E-05
        3944   7.89000094E-03   1.09129138E-02   1.09122060E-02  -6.48636196E-05
        3945   7.89200049E-03   1.09147308E-02   1.09140230E-02  -6.48528221E-05
        3946   7.89400097E-03   1.09165478E-02   1.09158391E-02  -6.49273497E-05
        3947   7.89600052E-03   1.09183649E-02   1.09176561E-02  -6.49165449E-05
        3948   7.89800100E-03   1.09201809E-02   1.09194731E-02  -6.48204514E-05
        3949   7.90000055E-03   1.09219970E-02   1.09212892E-02  -6.48096684E-05
        3950   7.90200103E-03   1.09238122E-02   1.09231044E-02  -6.47989000E-05
        3951   7.90400058E-03   1.09256273E-02   1.09249204E-02  -6.47028792E-05
        3952   7.90600106E-03   1.09274425E-02   1.09267356E-02  -6.46921326E-05
        3953   7.90800061E-03   1.09292567E-02   1.09285498E-02  -6.46813933E-05
        3954   7.91000109E-03   1.09310709E-02   1.09303640E-02  -6.46706612E-05
        3955   7.91200064E-03   1.09328851E-02   1.09321782E-02  -6.46599292E-05
        3956   7.91400112E-03   1.09346984E-02   1.09339906E-02  -6.47343841E-05
        3957   7.91600067E-03   1.09365117E-02   1.09358048E-02  -6.46384797E-05
        3958   7.91800115E-03   1.09383240E-02   1.09376162E-02  -6.47129273E-05
        3959   7.92000070E-03   1.09401364E-02   1.09394286E-02  -6.47022025E-05
        3960   7.92200118E-03   1.09419487E-02   1.09412409E-02  -6.46914850E-05
        3961   7.92400073E-03   1.09437602E-02   1.09430524E-02  -6.46807821E-05
        3962   7.92600121E-03   1.09455716E-02   1.09448619E-02  -6.48402711E-05
        3963   7.92800076E-03   1.09473821E-02   1.09466743E-02  -6.46593762E-05
        3964   7.93000124E-03   1.09491926E-02   1.09484838E-02  -6.47337583E-05
        3965   7.93200079E-03   1.09510031E-02   1.09502953E-02  -6.46379995E-05
        3966   7.93400127E-03   1.09528126E-02   1.09521039E-02  -6.47123597E-05
        3967   7.93600082E-03   1.09546222E-02   1.09539153E-02  -6.45316104E-05
        3968   7.93800130E-03   1.09564308E-02   1.09557221E-02  -6.46909903E-05
        3969   7.94000085E-03   1.09582394E-02   1.09575316E-02  -6.45953114E-05
        3970   7.94200134E-03   1.09600481E-02   1.09593393E-02  -6.46696353E-05
        3971   7.94400088E-03   1.09618558E-02   1.09611489E-02  -6.44890242E-05
        3972   7.94600043E-03   1.09636635E-02   1.09629557E-02  -6.45633481E-05
        3973   7.94800092E-03   1.09654712E-02   1.09647634E-02  -6.45527107E-05
        3974   7.95000046E-03   1.09672779E-02   1.09665701E-02  -6.45420732E-05
        3975   7.95200095E-03   1.09690847E-02   1.09683750E-02  -6.47012712E-05
        3976   7.95400050E-03   1.09708905E-02   1.09701818E-02  -6.46057160E-05
        3977   7.95600098E-03   1.09726964E-02   1.09719867E-02  -6.46799745E-05
        3978   7.95800053E-03   1.09745022E-02   1.09737944E-02  -6.44995816E-05
        3979   7.96000101E-03   1.09763071E-02   1.09755993E-02  -6.44889733E-05
        3980   7.96200056E-03   1.09781120E-02   1.09774042E-02  -6.44783722E-05
        3981   7.96400104E-03   1.09799160E-02   1.09792072E-02  -6.45526088E-05
        3982   7.96600059E-03   1.09817199E-02   1.09810112E-02  -6.45420077E-05
        3983   7.96800107E-03   1.09835239E-02   1.09828152E-02  -6.45314067E-05
        3984   7.97000062E-03   1.09853270E-02   1.09846182E-02  -6.45208129E-05
        3985   7.97200110E-03   1.09871300E-02   1.09864213E-02  -6.45102191E-05
        3986   7.97400065E-03   1.09889321E-02   1.09882234E-02  -6.44996398E-05
        3987   7.97600113E-03   1.09907342E-02   1.09900255E-02  -6.44890679E-05
        3988   7.97800068E-03   1.09925363E-02   1.09918285E-02  -6.43937601E-05
        3989   7.98000116E-03   1.09943375E-02   1.09936278E-02  -6.45526525E-05
        3990   7.98200071E-03   1.09961387E-02   1.09954309E-02  -6.43726598E-05
        3991   7.98400119E-03   1.09979399E-02   1.09972311E-02  -6.44468091E-05
        3992   7.98600074E-03   1.09997401E-02   1.09990323E-02  -6.43515814E-05
        3993   7.98800122E-03   1.10015403E-02   1.10008307E-02  -6.45103864E-05
        3994   7.99000077E-03   1.10033397E-02   1.10026309E-02  -6.44151805E-05
        3995   7.99200125E-03   1.10051390E-02   1.10044312E-02  -6.43200110E-05
        3996   7.99400080E-03   1.10069383E-02   1.10062286E-02  -6.44787433E-05
        3997   7.99600128E-03   1.10087367E-02   1.10080279E-02  -6.43836029E-05
        3998   7.99800083E-03   1.10105351E-02   1.10098263E-02  -6.43730818E-05
        3999   8.00000131E-03   1.10123325E-02   1.10116238E-02  -6.43625754E-05
        4000   8.00200086E-03   1.10141300E-02   1.10134222E-02  -6.42675077E-05
        4001   8.00400134E-03   1.10159274E-02   1.10152196E-02  -6.42570158E-05
        4002   8.00600089E-03   1.10177239E-02   1.10170143E-02  -6.44156171E-05
        4003   8.00800044E-03   1.10195205E-02   1.10188127E-02  -6.42360610E-05
        4004   8.01000092E-03   1.10213170E-02   1.10206073E-02  -6.43946187E-05
        4005   8.01200047E-03   1.10231126E-02   1.10224029E-02  -6.43841267E-05
        4006   8.01400095E-03   1.10249082E-02   1.10241985E-02  -6.43736421E-05
        4007   8.01600050E-03   1.10267028E-02   1.10259932E-02  -6.43631647E-05
        4008   8.01800098E-03   1.10284975E-02   1.10277878E-02  -6.43526873E-05
        4009   8.02000053E-03   1.10302921E-02   1.10295834E-02  -6.42577725E-05
        4010   8.02200101E-03   1.10320859E-02   1.10313762E-02  -6.43317544E-05
        4011   8.02400056E-03   1.10338796E-02   1.10331699E-02  -6.43212989E-05
        4012   8.02600104E-03   1.10356724E-02   1.10349627E-02  -6.43108506E-05
        4013   8.02800059E-03   1.10374652E-02   1.10367555E-02  -6.43004023E-05
        4014   8.03000107E-03   1.10392580E-02   1.10385483E-02  -6.42899540E-05
        4015   8.03200062E-03   1.10410498E-02   1.10403420E-02  -6.41107981E-05
        4016   8.03400110E-03   1.10428417E-02   1.10421320E-02  -6.42690939E-05
        4017   8.03600065E-03   1.10446336E-02   1.10439239E-02  -6.42586674E-05
        4018   8.03800113E-03   1.10464245E-02   1.10457139E-02  -6.43325693E-05
        4019   8.04000068E-03   1.10482154E-02   1.10475058E-02  -6.42378291E-05
        4020   8.04200117E-03   1.10500054E-02   1.10492958E-02  -6.42274244E-05
        4021   8.04400072E-03   1.10517954E-02   1.10510858E-02  -6.42170198E-05
        4022   8.04600120E-03   1.10535854E-02   1.10528748E-02  -6.42908853E-05
        4023   8.04800075E-03   1.10553745E-02   1.10546649E-02  -6.41962324E-05
        4024   8.05000123E-03   1.10571636E-02   1.10564539E-02  -6.41858423E-05
        4025   8.05200078E-03   1.10589517E-02   1.10582421E-02  -6.41754596E-05
        4026   8.05400126E-03   1.10607399E-02   1.10600302E-02  -6.41650840E-05
        4027   8.05600081E-03   1.10625280E-02   1.10618183E-02  -6.41547158E-05
        4028   8.05800129E-03   1.10643152E-02   1.10636065E-02  -6.40601647E-05
        4029   8.06000084E-03   1.10661024E-02   1.10653918E-02  -6.42181622E-05
        4030   8.06200132E-03   1.10678896E-02   1.10671800E-02  -6.41236329E-05
        4031   8.06400087E-03   1.10696759E-02   1.10689662E-02  -6.41132865E-05
        4032   8.06600135E-03   1.10714622E-02   1.10707516E-02  -6.41870720E-05
        4033   8.06800090E-03   1.10732475E-02   1.10725379E-02  -6.40926082E-05
        4034   8.07000045E-03   1.10750329E-02   1.10743232E-02  -6.40822764E-05
        4035   8.07200093E-03   1.10768182E-02   1.10761067E-02  -6.42401210E-05
        4036   8.07400048E-03   1.10786026E-02   1.10778930E-02  -6.40616199E-05
        4037   8.07600096E-03   1.10803870E-02   1.10796755E-02  -6.42194282E-05
        4038   8.07800051E-03   1.10821705E-02   1.10814618E-02  -6.39569480E-05
        4039   8.08000099E-03   1.10839540E-02   1.10832434E-02  -6.41147271E-05
        4040   8.08200054E-03   1.10857375E-02   1.10850269E-02  -6.41044098E-05
        4041   8.08400102E-03   1.10875200E-02   1.10868094E-02  -6.40941071E-05
        4042   8.08600057E-03   1.10893026E-02   1.10885929E-02  -6.39998034E-05
        4043   8.08800105E-03   1.10910852E-02   1.10903736E-02  -6.41574807E-05
        4044   8.09000060E-03   1.10928668E-02   1.10921571E-02  -6.39792415E-05
        4045   8.09200108E-03   1.10946484E-02   1.10939378E-02  -6.40529179E-05
        4046   8.09400063E-03   1.10964291E-02   1.10957194E-02  -6.39587015E-05
        4047   8.09600111E-03   1.10982098E-02   1.10975001E-02  -6.39484351E-05
        4048   8.09800066E-03   1.10999905E-02   1.10992799E-02  -6.40220896E-05
        4049   8.10000114E-03   1.11017702E-02   1.11010596E-02  -6.40118305E-05
        4050   8.10200069E-03   1.11035500E-02   1.11028394E-02  -6.40015642E-05
        4051   8.10400117E-03   1.11053288E-02   1.11046191E-02  -6.39074424E-05
        4052   8.10600072E-03   1.11071076E-02   1.11063980E-02  -6.38972051E-05
        4053   8.10800120E-03   1.11088865E-02   1.11081768E-02  -6.38869751E-05
        4054   8.11000075E-03   1.11106643E-02   1.11099547E-02  -6.38767524E-05
        4055   8.11200123E-03   1.11124422E-02   1.11117316E-02  -6.39503487E-05
        4056   8.11400078E-03   1.11142201E-02   1.11135095E-02  -6.39401187E-05
        4057   8.11600126E-03   1.11159971E-02   1.11152865E-02  -6.39298960E-05
        4058   8.11800081E-03   1.11177741E-02   1.11170644E-02  -6.38358979E-05
        4059   8.12000129E-03   1.11195501E-02   1.11188395E-02  -6.39094651E-05
        4060   8.12200084E-03   1.11213261E-02   1.11206174E-02  -6.37317571E-05
        4061   8.12400132E-03   1.11231022E-02   1.11223906E-02  -6.39727950E-05
        4062   8.12600087E-03   1.11248773E-02   1.11241676E-02  -6.37951380E-05
        4063   8.12800135E-03   1.11266524E-02   1.11259408E-02  -6.39523860E-05
        4064   8.13000090E-03   1.11284275E-02   1.11277169E-02  -6.38584825E-05
        4065   8.13200045E-03   1.11302016E-02   1.11294910E-02  -6.38483034E-05
        4066   8.13400093E-03   1.11319758E-02   1.11312652E-02  -6.38381243E-05
        4067   8.13600048E-03   1.11337490E-02   1.11330384E-02  -6.38279598E-05
        4068   8.13800097E-03   1.11355223E-02   1.11348117E-02  -6.38177953E-05
        4069   8.14000051E-03   1.11372955E-02   1.11365840E-02  -6.38912679E-05
        4070   8.14200100E-03   1.11390678E-02   1.11383563E-02  -6.38810961E-05
        4071   8.14400055E-03   1.11408401E-02   1.11401295E-02  -6.37873309E-05
        4072   8.14600103E-03   1.11426115E-02   1.11419009E-02  -6.37771882E-05
        4073   8.14800058E-03   1.11443829E-02   1.11436723E-02  -6.37670528E-05
        4074   8.15000106E-03   1.11461543E-02   1.11454437E-02  -6.37569174E-05
        4075   8.15200061E-03   1.11479247E-02   1.11472150E-02  -6.36632394E-05
        4076   8.15400109E-03   1.11496951E-02   1.11489845E-02  -6.37366684E-05
        4077   8.15600064E-03   1.11514656E-02   1.11507541E-02  -6.38100755E-05
        4078   8.15800112E-03   1.11532351E-02   1.11525245E-02  -6.37164339E-05
        4079   8.16000067E-03   1.11550046E-02   1.11542940E-02  -6.37063276E-05
        4080   8.16200115E-03   1.11567732E-02   1.11560626E-02  -6.36962286E-05
        4081   8.16400070E-03   1.11585418E-02   1.11578321E-02  -6.36026598E-05
        4082   8.16600118E-03   1.11603104E-02   1.11595988E-02  -6.37595003E-05
        4083   8.16800073E-03   1.11620780E-02   1.11613674E-02  -6.36659533E-05
        4084   8.17000121E-03   1.11638457E-02   1.11631341E-02  -6.37393096E-05
        4085   8.17200076E-03   1.11656133E-02   1.11649018E-02  -6.37292178E-05
        4086   8.17400124E-03   1.11673800E-02   1.11666676E-02  -6.38025449E-05
        4087   8.17600079E-03   1.11691467E-02   1.11684352E-02  -6.37090561E-05
        4088   8.17800127E-03   1.11709125E-02   1.11702010E-02  -6.36989862E-05
        4089   8.18000082E-03   1.11726783E-02   1.11719677E-02  -6.36055483E-05
        4090   8.18200130E-03   1.11744441E-02   1.11737316E-02  -6.37622070E-05
        4091   8.18400085E-03   1.11762090E-02   1.11754984E-02  -6.35854522E-05
        4092   8.18600133E-03   1.11779738E-02   1.11772632E-02  -6.35754113E-05
        4093   8.18800088E-03   1.11797387E-02   1.11790271E-02  -6.36486948E-05
        4094   8.19000136E-03   1.11815026E-02   1.11807920E-02  -6.35553442E-05
        4095   8.19200091E-03   1.11832665E-02   1.11825550E-02  -6.36286131E-05
        4096   8.19400046E-03   1.11850295E-02   1.11843180E-02  -6.36185796E-05
        4097   8.19600094E-03   1.11867925E-02   1.11860801E-02  -6.36918194E-05
        4098   8.19800049E-03   1.11885555E-02   1.11878440E-02  -6.35985343E-05
        4099   8.20000097E-03   1.11903176E-02   1.11896060E-02  -6.35885153E-05
        4100   8.20200052E-03   1.11920796E-02   1.11913681E-02  -6.35785036E-05
        4101   8.20400100E-03   1.11938408E-02   1.11931302E-02  -6.34852913E-05
        4102   8.20600055E-03   1.11956019E-02   1.11948904E-02  -6.35585020E-05
        4103   8.20800103E-03   1.11973630E-02   1.11966515E-02  -6.35485048E-05
        4104   8.21000058E-03   1.11991232E-02   1.11984117E-02  -6.35385150E-05
        4105   8.21200106E-03   1.12008834E-02   1.12001728E-02  -6.34453681E-05
        4106   8.21400061E-03   1.12026436E-02   1.12019321E-02  -6.35185497E-05
        4107   8.21600109E-03   1.12044029E-02   1.12036914E-02  -6.35085744E-05
        4108   8.21800064E-03   1.12061622E-02   1.12054516E-02  -6.34154858E-05
        4109   8.22000112E-03   1.12079205E-02   1.12072080E-02  -6.35717442E-05
        4110   8.22200067E-03   1.12096788E-02   1.12089682E-02  -6.33955860E-05
        4111   8.22400115E-03   1.12114372E-02   1.12107247E-02  -6.35518008E-05
        4112   8.22600070E-03   1.12131946E-02   1.12124830E-02  -6.34587777E-05
        4113   8.22800118E-03   1.12149520E-02   1.12142395E-02  -6.35318866E-05
        4114   8.23000073E-03   1.12167094E-02   1.12159979E-02  -6.34388925E-05
        4115   8.23200122E-03   1.12184659E-02   1.12177534E-02  -6.35119868E-05
        4116   8.23400076E-03   1.12202223E-02   1.12195108E-02  -6.34190292E-05
        4117   8.23600125E-03   1.12219779E-02   1.12212654E-02  -6.34921089E-05
        4118   8.23800080E-03   1.12237334E-02   1.12230219E-02  -6.33991876E-05
        4119   8.24000128E-03   1.12254890E-02   1.12247774E-02  -6.33892705E-05
        4120   8.24200083E-03   1.12272436E-02   1.12265320E-02  -6.33793607E-05
        4121   8.24400131E-03   1.12289982E-02   1.12282867E-02  -6.33694581E-05
        4122   8.24600086E-03   1.12307528E-02   1.12300403E-02  -6.34424941E-05
        4123   8.24800134E-03   1.12325065E-02   1.12317940E-02  -6.34325916E-05
        4124   8.25000089E-03   1.12342602E-02   1.12335477E-02  -6.34226890E-05
        4125   8.25200137E-03   1.12360129E-02   1.12353014E-02  -6.33298914E-05
        4126   8.25400092E-03   1.12377657E-02   1.12370532E-02  -6.34028984E-05
        4127   8.25600047E-03   1.12395184E-02   1.12388059E-02  -6.33930104E-05
        4128   8.25800095E-03   1.12412702E-02   1.12405587E-02  -6.33002710E-05
        4129   8.26000050E-03   1.12430220E-02   1.12423105E-02  -6.32904121E-05
        4130   8.26200098E-03   1.12447739E-02   1.12440605E-02  -6.34462194E-05
        4131   8.26400053E-03   1.12465248E-02   1.12458132E-02  -6.32706942E-05
        4132   8.26600101E-03   1.12482756E-02   1.12475632E-02  -6.33436575E-05
        4133   8.26800056E-03   1.12500256E-02   1.12493131E-02  -6.33337986E-05
        4134   8.27000104E-03   1.12517755E-02   1.12510631E-02  -6.33239542E-05
        4135   8.27200059E-03   1.12535255E-02   1.12528130E-02  -6.33141026E-05
        4136   8.27400107E-03   1.12552745E-02   1.12545611E-02  -6.33870222E-05
        4137   8.27600062E-03   1.12570236E-02   1.12563111E-02  -6.32944284E-05
        4138   8.27800110E-03   1.12587726E-02   1.12580582E-02  -6.34500539E-05
        4139   8.28000065E-03   1.12605207E-02   1.12598082E-02  -6.32747688E-05
        4140   8.28200113E-03   1.12622688E-02   1.12615563E-02  -6.32649462E-05
        4141   8.28400068E-03   1.12640159E-02   1.12633035E-02  -6.32551310E-05
        4142   8.28600116E-03   1.12657631E-02   1.12650497E-02  -6.33279997E-05
        4143   8.28800071E-03   1.12675102E-02   1.12667959E-02  -6.34008466E-05
        4144   8.29000119E-03   1.12692565E-02   1.12685440E-02  -6.32257143E-05
        4145   8.29200074E-03   1.12710027E-02   1.12702893E-02  -6.32985611E-05
        4146   8.29400122E-03   1.12727489E-02   1.12720346E-02  -6.33713789E-05
        4147   8.29600077E-03   1.12744942E-02   1.12737808E-02  -6.32789597E-05
        4148   8.29800125E-03   1.12762395E-02   1.12755261E-02  -6.32691590E-05
        4149   8.30000080E-03   1.12779839E-02   1.12772705E-02  -6.32593728E-05
        4150   8.30200128E-03   1.12797283E-02   1.12790149E-02  -6.32495939E-05
        4151   8.30400083E-03   1.12814726E-02   1.12807592E-02  -6.32398151E-05
        4152   8.30600131E-03   1.12832161E-02   1.12825036E-02  -6.31474904E-05
        4153   8.30800086E-03   1.12849595E-02   1.12842461E-02  -6.32202718E-05
        4154   8.31000134E-03   1.12867029E-02   1.12859886E-02  -6.32930314E-05
        4155   8.31200089E-03   1.12884454E-02   1.12877320E-02  -6.32007432E-05
        4156   8.31400137E-03   1.12901879E-02   1.12894746E-02  -6.31909934E-05
        4157   8.31600092E-03   1.12919295E-02   1.12912161E-02  -6.31812436E-05
        4158   8.31800047E-03   1.12936711E-02   1.12929577E-02  -6.31715011E-05
        4159   8.32000095E-03   1.12954127E-02   1.12946983E-02  -6.32442243E-05
        4160   8.32200050E-03   1.12971533E-02   1.12964390E-02  -6.32344745E-05
        4161   8.32400098E-03   1.12988940E-02   1.12981796E-02  -6.32247320E-05
        4162   8.32600053E-03   1.13006346E-02   1.12999203E-02  -6.32149968E-05
        4163   8.32800101E-03   1.13023743E-02   1.13016600E-02  -6.32052615E-05
        4164   8.33000056E-03   1.13041140E-02   1.13033997E-02  -6.31955336E-05
        4165   8.33200105E-03   1.13058528E-02   1.13051385E-02  -6.31858202E-05
        4166   8.33400059E-03   1.13075916E-02   1.13068772E-02  -6.31760995E-05
        4167   8.33600108E-03   1.13093304E-02   1.13086151E-02  -6.32487499E-05
        4168   8.33800063E-03   1.13110682E-02   1.13103539E-02  -6.31566800E-05
        4169   8.34000111E-03   1.13128060E-02   1.13120908E-02  -6.32293159E-05
        4170   8.34200066E-03   1.13145439E-02   1.13138296E-02  -6.31372823E-05
        4171   8.34400114E-03   1.13162808E-02   1.13155665E-02  -6.31275907E-05
        4172   8.34600069E-03   1.13180177E-02   1.13173025E-02  -6.32001975E-05
        4173   8.34800117E-03   1.13197537E-02   1.13190385E-02  -6.31905059E-05
        4174   8.35000072E-03   1.13214897E-02   1.13207754E-02  -6.30985451E-05
        4175   8.35200120E-03   1.13232257E-02   1.13225114E-02  -6.30888680E-05
        4176   8.35400075E-03   1.13249607E-02   1.13242464E-02  -6.30791983E-05
        4177   8.35600123E-03   1.13266958E-02   1.13259815E-02  -6.30695358E-05
        4178   8.35800078E-03   1.13284308E-02   1.13277175E-02  -6.29776550E-05
        4179   8.36000126E-03   1.13301650E-02   1.13294506E-02  -6.30502254E-05
        4180   8.36200081E-03   1.13318991E-02   1.13311838E-02  -6.31227740E-05
        4181   8.36400129E-03   1.13336323E-02   1.13329180E-02  -6.30309369E-05
        4182   8.36600084E-03   1.13353655E-02   1.13346511E-02  -6.30212962E-05
        4183   8.36800132E-03   1.13370987E-02   1.13363834E-02  -6.30938230E-05
        4184   8.37000087E-03   1.13388309E-02   1.13381166E-02  -6.30020368E-05
        4185   8.37200135E-03   1.13405632E-02   1.13398489E-02  -6.29924107E-05
        4186   8.37400090E-03   1.13422954E-02   1.13415811E-02  -6.29827919E-05
        4187   8.37600138E-03   1.13440268E-02   1.13433124E-02  -6.29731730E-05
        4188   8.37800093E-03   1.13457581E-02   1.13450428E-02  -6.30456634E-05
        4189   8.38000048E-03   1.13474885E-02   1.13467742E-02  -6.29539645E-05
        4190   8.38200096E-03   1.13492189E-02   1.13485046E-02  -6.29443675E-05
        4191   8.38400051E-03   1.13509493E-02   1.13502340E-02  -6.30168288E-05
        4192   8.38600099E-03   1.13526788E-02   1.13519644E-02  -6.29251808E-05
        4193   8.38800054E-03   1.13544082E-02   1.13536939E-02  -6.29155984E-05
        4194   8.39000102E-03   1.13561377E-02   1.13554224E-02  -6.29880378E-05
        4195   8.39200057E-03   1.13578662E-02   1.13571519E-02  -6.28964408E-05
        4196   8.39400105E-03   1.13595948E-02   1.13588795E-02  -6.29688657E-05
        4197   8.39600060E-03   1.13613233E-02   1.13606080E-02  -6.29592832E-05
        4198   8.39800108E-03   1.13630509E-02   1.13623356E-02  -6.29497081E-05
        4199   8.40000063E-03   1.13647785E-02   1.13640642E-02  -6.28581838E-05
        4200   8.40200111E-03   1.13665052E-02   1.13657899E-02  -6.29305796E-05
        4201   8.40400066E-03   1.13682318E-02   1.13675166E-02  -6.29210190E-05
        4202   8.40600114E-03   1.13699585E-02   1.13692423E-02  -6.29933857E-05
        4203   8.40800069E-03   1.13716843E-02   1.13709690E-02  -6.29019196E-05
        4204   8.41000117E-03   1.13734100E-02   1.13726947E-02  -6.28923735E-05
        4205   8.41200072E-03   1.13751357E-02   1.13744205E-02  -6.28828275E-05
        4206   8.41400120E-03   1.13768606E-02   1.13761444E-02  -6.29551650E-05
        4207   8.41600075E-03   1.13785854E-02   1.13778710E-02  -6.27819027E-05
        4208   8.41800123E-03   1.13803092E-02   1.13795949E-02  -6.27723930E-05
        4209   8.42000078E-03   1.13820331E-02   1.13813179E-02  -6.28447233E-05
        4210   8.42200126E-03   1.13837570E-02   1.13830417E-02  -6.28352063E-05
        4211   8.42400081E-03   1.13854799E-02   1.13847656E-02  -6.27438858E-05
        4212   8.42600130E-03   1.13872029E-02   1.13864876E-02  -6.28161870E-05
        4213   8.42800085E-03   1.13889258E-02   1.13882106E-02  -6.28066846E-05
        4214   8.43000133E-03   1.13906479E-02   1.13899326E-02  -6.27971895E-05
        4215   8.43200088E-03   1.13923699E-02   1.13916537E-02  -6.28694543E-05
        4216   8.43400136E-03   1.13940910E-02   1.13933748E-02  -6.28599591E-05
        4217   8.43600091E-03   1.13958120E-02   1.13950968E-02  -6.27687259E-05
        4218   8.43800139E-03   1.13975331E-02   1.13968179E-02  -6.27592526E-05
        4219   8.44000094E-03   1.13992533E-02   1.13985389E-02  -6.26680703E-05
        4220   8.44200049E-03   1.14009734E-02   1.14002582E-02  -6.27403133E-05
        4221   8.44400097E-03   1.14026936E-02   1.14019774E-02  -6.28125345E-05
        4222   8.44600052E-03   1.14044128E-02   1.14036975E-02  -6.27213885E-05
        4223   8.44800100E-03   1.14061320E-02   1.14054149E-02  -6.28752532E-05
        4224   8.45000055E-03   1.14078512E-02   1.14071341E-02  -6.28657799E-05
        4225   8.45200103E-03   1.14095695E-02   1.14088533E-02  -6.27746776E-05
        4226   8.45400058E-03   1.14112878E-02   1.14105726E-02  -6.26835972E-05
        4227   8.45600106E-03   1.14130052E-02   1.14122890E-02  -6.27557747E-05
        4228   8.45800061E-03   1.14147225E-02   1.14140064E-02  -6.27463378E-05
        4229   8.46000109E-03   1.14164399E-02   1.14157246E-02  -6.26553083E-05
        4230   8.46200064E-03   1.14181563E-02   1.14174411E-02  -6.26458859E-05
        4231   8.46400112E-03   1.14198728E-02   1.14191566E-02  -6.27180343E-05
        4232   8.46600067E-03   1.14215892E-02   1.14208730E-02  -6.27086119E-05
        4233   8.46800115E-03   1.14233047E-02   1.14225885E-02  -6.26991896E-05
        4234   8.47000070E-03   1.14250202E-02   1.14243040E-02  -6.26897745E-05
        4235   8.47200118E-03   1.14267347E-02   1.14260186E-02  -6.26803667E-05
        4236   8.47400073E-03   1.14284493E-02   1.14277340E-02  -6.25894609E-05
        4237   8.47600121E-03   1.14301639E-02   1.14294477E-02  -6.26615656E-05
        4238   8.47800076E-03   1.14318775E-02   1.14311622E-02  -6.25706889E-05
        4239   8.48000124E-03   1.14335911E-02   1.14328740E-02  -6.27242407E-05
        4240   8.48200079E-03   1.14353048E-02   1.14345886E-02  -6.26333931E-05
        4241   8.48400127E-03   1.14370175E-02   1.14363013E-02  -6.26240144E-05
        4242   8.48600082E-03   1.14387302E-02   1.14380140E-02  -6.26146357E-05
        4243   8.48800130E-03   1.14404429E-02   1.14397258E-02  -6.26866749E-05
        4244   8.49000085E-03   1.14421546E-02   1.14414375E-02  -6.26772962E-05
        4245   8.49200133E-03   1.14438664E-02   1.14431502E-02  -6.25865287E-05
        4246   8.49400088E-03   1.14455773E-02   1.14448620E-02  -6.24957975E-05
        4247   8.49600136E-03   1.14472881E-02   1.14465710E-02  -6.26491892E-05
        4248   8.49800091E-03   1.14489989E-02   1.14482827E-02  -6.25584726E-05
        4249   8.50000139E-03   1.14507088E-02   1.14499927E-02  -6.25491302E-05
        4250   8.50200094E-03   1.14524188E-02   1.14517016E-02  -6.26211186E-05
        4251   8.50400049E-03   1.14541287E-02   1.14534115E-02  -6.26117690E-05
        4252   8.50600097E-03   1.14558376E-02   1.14551205E-02  -6.26024266E-05
        4253   8.50800052E-03   1.14575466E-02   1.14568304E-02  -6.25117973E-05
        4254   8.51000100E-03   1.14592547E-02   1.14585375E-02  -6.25837638E-05
        4255   8.51200055E-03   1.14609627E-02   1.14602465E-02  -6.24931636E-05
        4256   8.51400103E-03   1.14626708E-02   1.14619536E-02  -6.25651082E-05
        4257   8.51600058E-03   1.14643779E-02   1.14636607E-02  -6.25557950E-05
        4258   8.51800106E-03   1.14660850E-02   1.14653679E-02  -6.25464818E-05
        4259   8.52000061E-03   1.14677921E-02   1.14670750E-02  -6.25371686E-05
        4260   8.52200110E-03   1.14694983E-02   1.14687812E-02  -6.25278626E-05
        4261   8.52400064E-03   1.14712045E-02   1.14704883E-02  -6.24373642E-05
        4262   8.52600113E-03   1.14729106E-02   1.14721926E-02  -6.25904504E-05
        4263   8.52800068E-03   1.14746159E-02   1.14738988E-02  -6.24999739E-05
        4264   8.53000116E-03   1.14763211E-02   1.14756031E-02  -6.25718458E-05
        4265   8.53200071E-03   1.14780255E-02   1.14773093E-02  -6.24002569E-05
        4266   8.53400119E-03   1.14797298E-02   1.14790127E-02  -6.24721288E-05
        4267   8.53600074E-03   1.14814341E-02   1.14807170E-02  -6.24628592E-05
        4268   8.53800122E-03   1.14831375E-02   1.14824194E-02  -6.25347020E-05
        4269   8.54000077E-03   1.14848409E-02   1.14841247E-02  -6.23632222E-05
        4270   8.54200125E-03   1.14865443E-02   1.14858272E-02  -6.24350650E-05
        4271   8.54400080E-03   1.14882467E-02   1.14875287E-02  -6.25068933E-05
        4272   8.54600128E-03   1.14899492E-02   1.14892311E-02  -6.24976310E-05
        4273   8.54800083E-03   1.14916516E-02   1.14909336E-02  -6.24883687E-05
        4274   8.55000131E-03   1.14933532E-02   1.14926361E-02  -6.23980741E-05
        4275   8.55200086E-03   1.14950547E-02   1.14943366E-02  -6.24698660E-05
        4276   8.55400134E-03   1.14967553E-02   1.14960382E-02  -6.23796077E-05
        4277   8.55600089E-03   1.14984559E-02   1.14977378E-02  -6.24513923E-05
        4278   8.55800137E-03   1.15001565E-02   1.14994384E-02  -6.24421518E-05
        4279   8.56000092E-03   1.15018561E-02   1.15011390E-02  -6.23519445E-05
        4280   8.56200140E-03   1.15035558E-02   1.15028378E-02  -6.24237000E-05
        4281   8.56400095E-03   1.15052555E-02   1.15045374E-02  -6.24144814E-05
        4282   8.56600050E-03   1.15069542E-02   1.15062362E-02  -6.24052627E-05
        4283   8.56800098E-03   1.15086529E-02   1.15079349E-02  -6.23960514E-05
        4284   8.57000053E-03   1.15103517E-02   1.15096327E-02  -6.24677632E-05
        4285   8.57200101E-03   1.15120495E-02   1.15113305E-02  -6.24585518E-05
        4286   8.57400056E-03   1.15137473E-02   1.15130292E-02  -6.23684464E-05
        4287   8.57600104E-03   1.15154441E-02   1.15147252E-02  -6.24401364E-05
        4288   8.57800059E-03   1.15171410E-02   1.15164230E-02  -6.23500600E-05
        4289   8.58000107E-03   1.15188379E-02   1.15181189E-02  -6.24217428E-05
        4290   8.58200062E-03   1.15205338E-02   1.15198158E-02  -6.23317028E-05
        4291   8.58400110E-03   1.15222298E-02   1.15215108E-02  -6.24033637E-05
        4292   8.58600065E-03   1.15239257E-02   1.15232067E-02  -6.23941814E-05
        4293   8.58800113E-03   1.15256207E-02   1.15249008E-02  -6.24658205E-05
        4294   8.59000068E-03   1.15273157E-02   1.15265967E-02  -6.23758315E-05
        4295   8.59200116E-03   1.15290098E-02   1.15282917E-02  -6.22858715E-05
        4296   8.59400071E-03   1.15307039E-02   1.15299867E-02  -6.21959407E-05
        4297   8.59600119E-03   1.15323979E-02   1.15316790E-02  -6.23483356E-05
        4298   8.59800074E-03   1.15340911E-02   1.15333730E-02  -6.22584339E-05
        4299   8.60000122E-03   1.15357842E-02   1.15350662E-02  -6.22492953E-05
        4300   8.60200077E-03   1.15374774E-02   1.15367603E-02  -6.21594227E-05
        4301   8.60400125E-03   1.15391696E-02   1.15384515E-02  -6.22310254E-05
        4302   8.60600080E-03   1.15408618E-02   1.15401428E-02  -6.23026135E-05
        4303   8.60800128E-03   1.15425540E-02   1.15418360E-02  -6.22127773E-05
        4304   8.61000083E-03   1.15442453E-02   1.15435263E-02  -6.22843509E-05
        4305   8.61200131E-03   1.15459366E-02   1.15452176E-02  -6.22752268E-05
        4306   8.61400086E-03   1.15476269E-02   1.15469098E-02  -6.21047875E-05
        4307   8.61600135E-03   1.15493173E-02   1.15486002E-02  -6.20956998E-05
        4308   8.61800089E-03   1.15510076E-02   1.15502905E-02  -6.20866122E-05
        4309   8.62000138E-03   1.15526970E-02   1.15519799E-02  -6.20775318E-05
        4310   8.62200093E-03   1.15543865E-02   1.15536684E-02  -6.21490690E-05
        4311   8.62400141E-03   1.15560759E-02   1.15553578E-02  -6.21399813E-05
        4312   8.62600096E-03   1.15577644E-02   1.15570473E-02  -6.20503124E-05
        4313   8.62800051E-03   1.15594529E-02   1.15587348E-02  -6.21218278E-05
        4314   8.63000099E-03   1.15611413E-02   1.15604233E-02  -6.21127547E-05
        4315   8.63200054E-03   1.15628289E-02   1.15621109E-02  -6.21036888E-05
        4316   8.63400102E-03   1.15645165E-02   1.15637975E-02  -6.21751678E-05
        4317   8.63600057E-03   1.15662040E-02   1.15654850E-02  -6.21660947E-05
        4318   8.63800105E-03   1.15678906E-02   1.15671717E-02  -6.21570289E-05
        4319   8.64000060E-03   1.15695773E-02   1.15688583E-02  -6.21479703E-05
        4320   8.64200108E-03   1.15712630E-02   1.15705440E-02  -6.21389117E-05
        4321   8.64400063E-03   1.15729487E-02   1.15722297E-02  -6.21298605E-05
        4322   8.64600111E-03   1.15746344E-02   1.15739154E-02  -6.21208092E-05
        4323   8.64800066E-03   1.15763191E-02   1.15756011E-02  -6.20313076E-05
        4324   8.65000114E-03   1.15780039E-02   1.15772849E-02  -6.21027357E-05
        4325   8.65200069E-03   1.15796886E-02   1.15789697E-02  -6.20936989E-05
        4326   8.65400117E-03   1.15813725E-02   1.15806526E-02  -6.21650906E-05
        4327   8.65600072E-03   1.15830563E-02   1.15823373E-02  -6.20756400E-05
        4328   8.65800120E-03   1.15847401E-02   1.15840202E-02  -6.21470244E-05
        4329   8.66000075E-03   1.15864230E-02   1.15857041E-02  -6.20576029E-05
        4330   8.66200123E-03   1.15881059E-02   1.15873860E-02  -6.21289728E-05
        4331   8.66400078E-03   1.15897879E-02   1.15890689E-02  -6.20395876E-05
        4332   8.66600126E-03   1.15914699E-02   1.15907509E-02  -6.20305800E-05
        4333   8.66800081E-03   1.15931518E-02   1.15924329E-02  -6.20215797E-05
        4334   8.67000129E-03   1.15948329E-02   1.15941139E-02  -6.20125866E-05
        4335   8.67200084E-03   1.15965139E-02   1.15957949E-02  -6.20036008E-05
        4336   8.67400132E-03   1.15981949E-02   1.15974760E-02  -6.19946150E-05
        4337   8.67600087E-03   1.15998751E-02   1.15991570E-02  -6.19053390E-05
        4338   8.67800135E-03   1.16015552E-02   1.16008352E-02  -6.20569408E-05
        4339   8.68000090E-03   1.16032353E-02   1.16025163E-02  -6.19676794E-05
        4340   8.68200138E-03   1.16049144E-02   1.16041945E-02  -6.20389765E-05
        4341   8.68400093E-03   1.16065936E-02   1.16058756E-02  -6.18694976E-05
        4342   8.68600141E-03   1.16082719E-02   1.16075529E-02  -6.19407947E-05
        4343   8.68800096E-03   1.16099501E-02   1.16092321E-02  -6.18516133E-05
        4344   8.69000051E-03   1.16116283E-02   1.16109084E-02  -6.20031060E-05
        4345   8.69200099E-03   1.16133057E-02   1.16125867E-02  -6.19139464E-05
        4346   8.69400054E-03   1.16149830E-02   1.16142640E-02  -6.19050043E-05
        4347   8.69600102E-03   1.16166603E-02   1.16159413E-02  -6.18960621E-05
        4348   8.69800057E-03   1.16183367E-02   1.16176177E-02  -6.18871345E-05
        4349   8.70000105E-03   1.16200130E-02   1.16192931E-02  -6.19583589E-05
        4350   8.70200060E-03   1.16216894E-02   1.16209695E-02  -6.19494240E-05
        4351   8.70400108E-03   1.16233649E-02   1.16226459E-02  -6.18603590E-05
        4352   8.70600063E-03   1.16250403E-02   1.16243213E-02  -6.18514387E-05
        4353   8.70800111E-03   1.16267158E-02   1.16259949E-02  -6.20027495E-05
        4354   8.71000066E-03   1.16283903E-02   1.16276704E-02  -6.19137209E-05
        4355   8.71200114E-03   1.16300648E-02   1.16293449E-02  -6.19048078E-05
        4356   8.71400069E-03   1.16317384E-02   1.16310185E-02  -6.18959020E-05
        4357   8.71600118E-03   1.16334120E-02   1.16326930E-02  -6.18069316E-05
        4358   8.71800072E-03   1.16350856E-02   1.16343666E-02  -6.17980404E-05
        4359   8.72000121E-03   1.16367582E-02   1.16360374E-02  -6.19492421E-05
        4360   8.72200076E-03   1.16384309E-02   1.16377110E-02  -6.18603081E-05
        4361   8.72400124E-03   1.16401035E-02   1.16393827E-02  -6.19314378E-05
        4362   8.72600079E-03   1.16417753E-02   1.16410563E-02  -6.17625265E-05
        4363   8.72800127E-03   1.16434470E-02   1.16427261E-02  -6.19136481E-05
        4364   8.73000082E-03   1.16451187E-02   1.16443988E-02  -6.18247796E-05
        4365   8.73200130E-03   1.16467895E-02   1.16460687E-02  -6.18958802E-05
        4366   8.73400085E-03   1.16484603E-02   1.16477404E-02  -6.18070408E-05
        4367   8.73600133E-03   1.16501302E-02   1.16494102E-02  -6.17981786E-05
        4368   8.73800088E-03   1.16518000E-02   1.16510792E-02  -6.18692648E-05
        4369   8.74000136E-03   1.16534699E-02   1.16527500E-02  -6.17804690E-05
        4370   8.74200091E-03   1.16551388E-02   1.16544198E-02  -6.16917023E-05
        4371   8.74400139E-03   1.16568077E-02   1.16560888E-02  -6.16828693E-05
        4372   8.74600094E-03   1.16584767E-02   1.16577577E-02  -6.16740435E-05
        4373   8.74800142E-03   1.16601447E-02   1.16594238E-02  -6.18249833E-05
        4374   8.75000097E-03   1.16618127E-02   1.16610928E-02  -6.17362675E-05
        4375   8.75200052E-03   1.16634807E-02   1.16627598E-02  -6.18072954E-05
        4376   8.75400100E-03   1.16651477E-02   1.16644269E-02  -6.17984624E-05
        4377   8.75600055E-03   1.16668148E-02   1.16660949E-02  -6.17097976E-05
        4378   8.75800103E-03   1.16684819E-02   1.16677620E-02  -6.17009791E-05
        4379   8.76000058E-03   1.16701480E-02   1.16694281E-02  -6.16921679E-05
        4380   8.76200106E-03   1.16718141E-02   1.16710933E-02  -6.17631667E-05
        4381   8.76400061E-03   1.16734793E-02   1.16727585E-02  -6.17543556E-05
        4382   8.76600109E-03   1.16751445E-02   1.16744228E-02  -6.18253252E-05
        4383   8.76800064E-03   1.16768098E-02   1.16760898E-02  -6.16569741E-05
        4384   8.77000112E-03   1.16784740E-02   1.16777541E-02  -6.16481848E-05
        4385   8.77200067E-03   1.16801383E-02   1.16794175E-02  -6.17191472E-05
        4386   8.77400115E-03   1.16818026E-02   1.16810817E-02  -6.17103506E-05
        4387   8.77600070E-03   1.16834659E-02   1.16827460E-02  -6.16218458E-05
        4388   8.77800118E-03   1.16851293E-02   1.16844075E-02  -6.17724945E-05
        4389   8.78000073E-03   1.16867926E-02   1.16860718E-02  -6.16840043E-05
        4390   8.78200121E-03   1.16884550E-02   1.16877342E-02  -6.16752295E-05
        4391   8.78400076E-03   1.16901174E-02   1.16893966E-02  -6.16664547E-05
        4392   8.78600124E-03   1.16917798E-02   1.16910590E-02  -6.16576872E-05
        4393   8.78800079E-03   1.16934413E-02   1.16927205E-02  -6.16489269E-05
        4394   8.79000127E-03   1.16951028E-02   1.16943810E-02  -6.17198093E-05
        4395   8.79200082E-03   1.16967633E-02   1.16960425E-02  -6.16314137E-05
        4396   8.79400130E-03   1.16984239E-02   1.16977030E-02  -6.16226680E-05
        4397   8.79600085E-03   1.17000844E-02   1.16993636E-02  -6.16139223E-05
        4398   8.79800133E-03   1.17017440E-02   1.17010232E-02  -6.16051839E-05
        4399   8.80000088E-03   1.17034037E-02   1.17026828E-02  -6.15964454E-05
        4400   8.80200136E-03   1.17050633E-02   1.17043424E-02  -6.15877143E-05
        4401   8.80400091E-03   1.17067220E-02   1.17060011E-02  -6.15789831E-05
        4402   8.80600139E-03   1.17083807E-02   1.17076607E-02  -6.14907112E-05
        4403   8.80800094E-03   1.17100393E-02   1.17093176E-02  -6.16410834E-05
        4404   8.81000143E-03   1.17116971E-02   1.17109772E-02  -6.14732926E-05
        4405   8.81200098E-03   1.17133548E-02   1.17126340E-02  -6.15441168E-05
        4406   8.81400052E-03   1.17150126E-02   1.17142918E-02  -6.15354002E-05
        4407   8.81600101E-03   1.17166694E-02   1.17159486E-02  -6.15266981E-05
        4408   8.81800056E-03   1.17183262E-02   1.17176054E-02  -6.15180033E-05
        4409   8.82000104E-03   1.17199821E-02   1.17192604E-02  -6.15887839E-05
        4410   8.82200059E-03   1.17216380E-02   1.17209172E-02  -6.15006211E-05
        4411   8.82400107E-03   1.17232939E-02   1.17225712E-02  -6.16508332E-05
        4412   8.82600062E-03   1.17249489E-02   1.17242290E-02  -6.14038145E-05
        4413   8.82800110E-03   1.17266038E-02   1.17258830E-02  -6.14745732E-05
        4414   8.83000065E-03   1.17282588E-02   1.17275380E-02  -6.14659002E-05
        4415   8.83200113E-03   1.17299128E-02   1.17291929E-02  -6.13778247E-05
        4416   8.83400068E-03   1.17315669E-02   1.17308460E-02  -6.14485689E-05
        4417   8.83600116E-03   1.17332209E-02   1.17324991E-02  -6.15192912E-05
        4418   8.83800071E-03   1.17348740E-02   1.17341541E-02  -6.13518714E-05
        4419   8.84000119E-03   1.17365271E-02   1.17358062E-02  -6.14225937E-05
        4420   8.84200074E-03   1.17381802E-02   1.17374584E-02  -6.14932942E-05
        4421   8.84400122E-03   1.17398323E-02   1.17391106E-02  -6.14846431E-05
        4422   8.84600077E-03   1.17414845E-02   1.17407627E-02  -6.14759920E-05
        4423   8.84800125E-03   1.17431367E-02   1.17424149E-02  -6.14673409E-05
        4424   8.85000080E-03   1.17447879E-02   1.17440661E-02  -6.14586970E-05
        4425   8.85200128E-03   1.17464392E-02   1.17457174E-02  -6.14500532E-05
        4426   8.85400083E-03   1.17480895E-02   1.17473686E-02  -6.13621378E-05
        4427   8.85600131E-03   1.17497398E-02   1.17490180E-02  -6.14327946E-05
        4428   8.85800086E-03   1.17513901E-02   1.17506692E-02  -6.13449010E-05
        4429   8.86000134E-03   1.17530394E-02   1.17523177E-02  -6.14155433E-05
        4430   8.86200089E-03   1.17546888E-02   1.17539680E-02  -6.13276861E-05
        4431   8.86400137E-03   1.17563382E-02   1.17556164E-02  -6.13983138E-05
        4432   8.86600092E-03   1.17579866E-02   1.17572667E-02  -6.12312651E-05
        4433   8.86800140E-03   1.17596351E-02   1.17589133E-02  -6.13810989E-05
        4434   8.87000095E-03   1.17612835E-02   1.17605608E-02  -6.14516903E-05
        4435   8.87200143E-03   1.17629310E-02   1.17622083E-02  -6.14430828E-05
        4436   8.87400098E-03   1.17645785E-02   1.17638577E-02  -6.12761287E-05
        4437   8.87600053E-03   1.17662260E-02   1.17655033E-02  -6.14258752E-05
        4438   8.87800101E-03   1.17678726E-02   1.17671499E-02  -6.14172750E-05
        4439   8.88000056E-03   1.17695192E-02   1.17687965E-02  -6.14086821E-05
        4440   8.88200104E-03   1.17711648E-02   1.17704421E-02  -6.14000965E-05
        4441   8.88400059E-03   1.17728105E-02   1.17720887E-02  -6.13123993E-05
        4442   8.88600107E-03   1.17744561E-02   1.17737334E-02  -6.13829325E-05
        4443   8.88800062E-03   1.17761008E-02   1.17753791E-02  -6.12952645E-05
        4444   8.89000110E-03   1.17777456E-02   1.17770238E-02  -6.12867079E-05
        4445   8.89200065E-03   1.17793903E-02   1.17786694E-02  -6.11990763E-05
        4446   8.89400113E-03   1.17810341E-02   1.17803114E-02  -6.13486627E-05
        4447   8.89600068E-03   1.17826778E-02   1.17819570E-02  -6.11819996E-05
        4448   8.89800116E-03   1.17843216E-02   1.17835999E-02  -6.12525037E-05
        4449   8.90000071E-03   1.17859645E-02   1.17852427E-02  -6.12439617E-05
        4450   8.90200119E-03   1.17876073E-02   1.17868846E-02  -6.13144439E-05
        4451   8.90400074E-03   1.17892502E-02   1.17885275E-02  -6.13059019E-05
        4452   8.90600123E-03   1.17908921E-02   1.17901703E-02  -6.12183721E-05
        4453   8.90800077E-03   1.17925340E-02   1.17918132E-02  -6.11308569E-05
        4454   8.91000126E-03   1.17941760E-02   1.17934532E-02  -6.12802978E-05
        4455   8.91200081E-03   1.17958169E-02   1.17950952E-02  -6.11928117E-05
        4456   8.91400129E-03   1.17974579E-02   1.17967352E-02  -6.12632502E-05
        4457   8.91600084E-03   1.17990980E-02   1.17983771E-02  -6.10968491E-05
        4458   8.91800132E-03   1.18007381E-02   1.18000172E-02  -6.10883581E-05
        4459   8.92000087E-03   1.18023781E-02   1.18016563E-02  -6.11587893E-05
        4460   8.92200135E-03   1.18040172E-02   1.18032955E-02  -6.11502983E-05
        4461   8.92400090E-03   1.18056564E-02   1.18049355E-02  -6.10629068E-05
        4462   8.92600138E-03   1.18072955E-02   1.18065737E-02  -6.11333162E-05
        4463   8.92800093E-03   1.18089337E-02   1.18082128E-02  -6.10459610E-05
        4464   8.93000141E-03   1.18105719E-02   1.18098492E-02  -6.11952200E-05
        4465   8.93200096E-03   1.18122101E-02   1.18114883E-02  -6.11078794E-05
        4466   8.93400144E-03   1.18138473E-02   1.18131256E-02  -6.10994102E-05
        4467   8.93600099E-03   1.18154846E-02   1.18147628E-02  -6.10909410E-05
        4468   8.93800054E-03   1.18171219E-02   1.18163992E-02  -6.11612995E-05
        4469   8.94000102E-03   1.18187582E-02   1.18180364E-02  -6.10740171E-05
        4470   8.94200057E-03   1.18203945E-02   1.18196728E-02  -6.10655625E-05
        4471   8.94400105E-03   1.18220309E-02   1.18213082E-02  -6.11358992E-05
        4472   8.94600060E-03   1.18236663E-02   1.18229436E-02  -6.11274445E-05
        4473   8.94800108E-03   1.18253017E-02   1.18245790E-02  -6.11189898E-05
        4474   8.95000063E-03   1.18269371E-02   1.18262144E-02  -6.11105352E-05
        4475   8.95200111E-03   1.18285716E-02   1.18278479E-02  -6.11808355E-05
        4476   8.95400066E-03   1.18302060E-02   1.18294833E-02  -6.10936477E-05
        4477   8.95600114E-03   1.18318396E-02   1.18311169E-02  -6.10852148E-05
        4478   8.95800069E-03   1.18334731E-02   1.18327504E-02  -6.10767820E-05
        4479   8.96000117E-03   1.18351066E-02   1.18343839E-02  -6.10683492E-05
        4480   8.96200072E-03   1.18367393E-02   1.18360175E-02  -6.09812378E-05
        4481   8.96400120E-03   1.18383719E-02   1.18376492E-02  -6.10515053E-05
        4482   8.96600075E-03   1.18400045E-02   1.18392827E-02  -6.09644194E-05
        4483   8.96800123E-03   1.18416362E-02   1.18409134E-02  -6.10346760E-05
        4484   8.97000078E-03   1.18432678E-02   1.18425461E-02  -6.09476192E-05
        4485   8.97200126E-03   1.18448995E-02   1.18441768E-02  -6.10178613E-05
        4486   8.97400081E-03   1.18465303E-02   1.18458075E-02  -6.10094612E-05
        4487   8.97600129E-03   1.18481610E-02   1.18474383E-02  -6.10010611E-05
        4488   8.97800084E-03   1.18497917E-02   1.18490690E-02  -6.09926683E-05
        4489   8.98000132E-03   1.18514216E-02   1.18506979E-02  -6.10628704E-05
        4490   8.98200087E-03   1.18530514E-02   1.18523287E-02  -6.09758936E-05
        4491   8.98400135E-03   1.18546812E-02   1.18539566E-02  -6.11246505E-05
        4492   8.98600090E-03   1.18563101E-02   1.18555874E-02  -6.09591334E-05
        4493   8.98800138E-03   1.18579390E-02   1.18572162E-02  -6.09507588E-05
        4494   8.99000093E-03   1.18595669E-02   1.18588442E-02  -6.09423914E-05
        4495   8.99200141E-03   1.18611949E-02   1.18604722E-02  -6.09340277E-05
        4496   8.99400096E-03   1.18628228E-02   1.18621001E-02  -6.09256640E-05
        4497   8.99600144E-03   1.18644498E-02   1.18637271E-02  -6.09173076E-05
        4498   8.99800099E-03   1.18660768E-02   1.18653541E-02  -6.09089548E-05
        4499   9.00000054E-03   1.18677039E-02   1.18669821E-02  -6.08221198E-05
        4500   9.00200102E-03   1.18693300E-02   1.18686082E-02  -6.08137852E-05
        4501   9.00400057E-03   1.18709560E-02   1.18702333E-02  -6.08839182E-05
        4502   9.00600106E-03   1.18725821E-02   1.18718594E-02  -6.08755799E-05
        4503   9.00800060E-03   1.18742073E-02   1.18734855E-02  -6.07888032E-05
        4504   9.01000109E-03   1.18758325E-02   1.18751097E-02  -6.08589180E-05
        4505   9.01200064E-03   1.18774576E-02   1.18767358E-02  -6.07721704E-05
        4506   9.01400112E-03   1.18790818E-02   1.18783591E-02  -6.08422670E-05
        4507   9.01600067E-03   1.18807061E-02   1.18799843E-02  -6.07555521E-05
        4508   9.01800115E-03   1.18823303E-02   1.18816067E-02  -6.09040217E-05
        4509   9.02000070E-03   1.18839536E-02   1.18832309E-02  -6.08173250E-05
        4510   9.02200118E-03   1.18855769E-02   1.18848532E-02  -6.08873852E-05
        4511   9.02400073E-03   1.18872002E-02   1.18864775E-02  -6.08007140E-05
        4512   9.02600121E-03   1.18888225E-02   1.18880989E-02  -6.08707633E-05
        4513   9.02800076E-03   1.18904449E-02   1.18897222E-02  -6.07841212E-05
        4514   9.03000124E-03   1.18920673E-02   1.18913436E-02  -6.08541523E-05
        4515   9.03200079E-03   1.18936887E-02   1.18929641E-02  -6.09241688E-05
        4516   9.03400127E-03   1.18953101E-02   1.18945856E-02  -6.09158633E-05
        4517   9.03600082E-03   1.18969306E-02   1.18962070E-02  -6.08292758E-05
        4518   9.03800130E-03   1.18985511E-02   1.18978284E-02  -6.07427064E-05
        4519   9.04000085E-03   1.19001716E-02   1.18994480E-02  -6.08127084E-05
        4520   9.04200133E-03   1.19017912E-02   1.19010685E-02  -6.07261718E-05
        4521   9.04400088E-03   1.19034108E-02   1.19026871E-02  -6.07961556E-05
        4522   9.04600136E-03   1.19050303E-02   1.19043058E-02  -6.08661248E-05
        4523   9.04800091E-03   1.19066490E-02   1.19059263E-02  -6.07013935E-05
        4524   9.05000139E-03   1.19082676E-02   1.19075440E-02  -6.07713591E-05
        4525   9.05200094E-03   1.19098863E-02   1.19091626E-02  -6.07631009E-05
        4526   9.05400142E-03   1.19115040E-02   1.19107813E-02  -6.06766516E-05
        4527   9.05600097E-03   1.19131217E-02   1.19123990E-02  -6.06684116E-05
        4528   9.05800145E-03   1.19147394E-02   1.19140167E-02  -6.06601752E-05
        4529   9.06000100E-03   1.19163562E-02   1.19156335E-02  -6.06519425E-05
        4530   9.06200055E-03   1.19179729E-02   1.19172502E-02  -6.06437134E-05
        4531   9.06400103E-03   1.19195897E-02   1.19188661E-02  -6.07136317E-05
        4532   9.06600058E-03   1.19212056E-02   1.19204829E-02  -6.06272697E-05
        4533   9.06800106E-03   1.19228214E-02   1.19220968E-02  -6.07752954E-05
        4534   9.07000061E-03   1.19244372E-02   1.19237136E-02  -6.06889480E-05
        4535   9.07200109E-03   1.19260522E-02   1.19253276E-02  -6.07588299E-05
        4536   9.07400064E-03   1.19276671E-02   1.19269444E-02  -6.05944224E-05
        4537   9.07600112E-03   1.19292820E-02   1.19285583E-02  -6.06643007E-05
        4538   9.07800067E-03   1.19308960E-02   1.19301723E-02  -6.06560934E-05
        4539   9.08000115E-03   1.19325100E-02   1.19317854E-02  -6.07259462E-05
        4540   9.08200070E-03   1.19341230E-02   1.19333994E-02  -6.06396898E-05
        4541   9.08400118E-03   1.19357361E-02   1.19350124E-02  -6.06314934E-05
        4542   9.08600073E-03   1.19373491E-02   1.19366245E-02  -6.07013280E-05
        4543   9.08800121E-03   1.19389612E-02   1.19382376E-02  -6.06151152E-05
        4544   9.09000076E-03   1.19405733E-02   1.19398497E-02  -6.06069298E-05
        4545   9.09200124E-03   1.19421855E-02   1.19414609E-02  -6.06767426E-05
        4546   9.09400079E-03   1.19437966E-02   1.19430730E-02  -6.05905734E-05
        4547   9.09600127E-03   1.19454078E-02   1.19446851E-02  -6.05044261E-05
        4548   9.09800082E-03   1.19470190E-02   1.19462963E-02  -6.04962661E-05
        4549   9.10000131E-03   1.19486293E-02   1.19479056E-02  -6.05660643E-05
        4550   9.10200085E-03   1.19502395E-02   1.19495159E-02  -6.05579044E-05
        4551   9.10400134E-03   1.19518498E-02   1.19511271E-02  -6.04718116E-05
        4552   9.10600089E-03   1.19534591E-02   1.19527364E-02  -6.04636698E-05
        4553   9.10800137E-03   1.19550684E-02   1.19543457E-02  -6.04555316E-05
        4554   9.11000092E-03   1.19566778E-02   1.19559551E-02  -6.04473935E-05
        4555   9.11200140E-03   1.19582862E-02   1.19575625E-02  -6.05171517E-05
        4556   9.11400095E-03   1.19598946E-02   1.19591709E-02  -6.05090136E-05
        4557   9.11600143E-03   1.19615030E-02   1.19607793E-02  -6.05008754E-05
        4558   9.11800098E-03   1.19631104E-02   1.19623877E-02  -6.04148881E-05
        4559   9.12000146E-03   1.19647179E-02   1.19639942E-02  -6.04846209E-05
        4560   9.12200101E-03   1.19663253E-02   1.19656008E-02  -6.05543319E-05
        4561   9.12400056E-03   1.19679319E-02   1.19672082E-02  -6.04683737E-05
        4562   9.12600104E-03   1.19695384E-02   1.19688138E-02  -6.05380774E-05
        4563   9.12800059E-03   1.19711449E-02   1.19704194E-02  -6.06077592E-05
        4564   9.13000107E-03   1.19727505E-02   1.19720269E-02  -6.04440356E-05
        4565   9.13200062E-03   1.19743561E-02   1.19736316E-02  -6.05137175E-05
        4566   9.13400110E-03   1.19759608E-02   1.19752353E-02  -6.05833848E-05
        4567   9.13600065E-03   1.19775655E-02   1.19768418E-02  -6.04197376E-05
        4568   9.13800113E-03   1.19791701E-02   1.19784446E-02  -6.05671521E-05
        4569   9.14000068E-03   1.19807739E-02   1.19800493E-02  -6.04812994E-05
        4570   9.14200116E-03   1.19823776E-02   1.19816540E-02  -6.03954722E-05
        4571   9.14400071E-03   1.19839814E-02   1.19832577E-02  -6.03873887E-05
        4572   9.14600119E-03   1.19855842E-02   1.19848605E-02  -6.03793123E-05
        4573   9.14800074E-03   1.19871870E-02   1.19864624E-02  -6.04489396E-05
        4574   9.15000122E-03   1.19887898E-02   1.19880652E-02  -6.04408597E-05
        4575   9.15200077E-03   1.19903916E-02   1.19896680E-02  -6.03551016E-05
        4576   9.15400125E-03   1.19919935E-02   1.19912690E-02  -6.04247107E-05
        4577   9.15600080E-03   1.19935954E-02   1.19928718E-02  -6.03389781E-05
        4578   9.15800128E-03   1.19951963E-02   1.19944736E-02  -6.02532746E-05
        4579   9.16000083E-03   1.19967973E-02   1.19960736E-02  -6.03228727E-05
        4580   9.16200131E-03   1.19983982E-02   1.19976746E-02  -6.03148255E-05
        4581   9.16400086E-03   1.19999982E-02   1.19992755E-02  -6.02291620E-05
        4582   9.16600134E-03   1.20015983E-02   1.20008755E-02  -6.02211330E-05
        4583   9.16800089E-03   1.20031983E-02   1.20024746E-02  -6.02907021E-05
        4584   9.17000137E-03   1.20047973E-02   1.20040737E-02  -6.02826731E-05
        4585   9.17200092E-03   1.20063964E-02   1.20056737E-02  -6.01970642E-05
        4586   9.17400140E-03   1.20079955E-02   1.20072719E-02  -6.02666150E-05
        4587   9.17600095E-03   1.20095937E-02   1.20088710E-02  -6.01810389E-05
        4588   9.17800143E-03   1.20111918E-02   1.20104682E-02  -6.02505788E-05
        4589   9.18000098E-03   1.20127900E-02   1.20120663E-02  -6.02425607E-05
        4590   9.18200146E-03   1.20143872E-02   1.20136626E-02  -6.03120789E-05
        4591   9.18400101E-03   1.20159844E-02   1.20152617E-02  -6.01490283E-05
        4592   9.18600056E-03   1.20175816E-02   1.20168561E-02  -6.03735534E-05
        4593   9.18800104E-03   1.20191779E-02   1.20184543E-02  -6.02105429E-05
        4594   9.19000059E-03   1.20207742E-02   1.20200487E-02  -6.03575172E-05
        4595   9.19200107E-03   1.20223705E-02   1.20216450E-02  -6.03495027E-05
        4596   9.19400062E-03   1.20239658E-02   1.20232413E-02  -6.02640284E-05
        4597   9.19600111E-03   1.20255612E-02   1.20248366E-02  -6.02560322E-05
        4598   9.19800065E-03   1.20271556E-02   1.20264310E-02  -6.02480468E-05
        4599   9.20000114E-03   1.20287500E-02   1.20280264E-02  -6.01626234E-05
        4600   9.20200069E-03   1.20303445E-02   1.20296199E-02  -6.02320761E-05
        4601   9.20400117E-03   1.20319379E-02   1.20312143E-02  -6.01466818E-05
        4602   9.20600072E-03   1.20335314E-02   1.20328078E-02  -6.01387183E-05
        4603   9.20800120E-03   1.20351249E-02   1.20344004E-02  -6.02081491E-05
        4604   9.21000075E-03   1.20367175E-02   1.20359939E-02  -6.01227985E-05
        4605   9.21200123E-03   1.20383101E-02   1.20375874E-02  -6.00374733E-05
        4606   9.21400078E-03   1.20399026E-02   1.20391799E-02  -6.00295316E-05
        4607   9.21600126E-03   1.20414943E-02   1.20407697E-02  -6.01762986E-05
        4608   9.21800081E-03   1.20430859E-02   1.20423622E-02  -6.00910025E-05
        4609   9.22000129E-03   1.20446775E-02   1.20439529E-02  -6.01603933E-05
        4610   9.22200084E-03   1.20462682E-02   1.20455455E-02  -5.99978084E-05
        4611   9.22400132E-03   1.20478589E-02   1.20471353E-02  -6.00671956E-05
        4612   9.22600087E-03   1.20494496E-02   1.20487260E-02  -6.00592648E-05
        4613   9.22800135E-03   1.20510394E-02   1.20503157E-02  -6.00513413E-05
        4614   9.23000090E-03   1.20526291E-02   1.20519064E-02  -5.99661398E-05
        4615   9.23200138E-03   1.20542189E-02   1.20534943E-02  -6.01127722E-05
        4616   9.23400093E-03   1.20558077E-02   1.20550841E-02  -6.00275889E-05
        4617   9.23600141E-03   1.20573966E-02   1.20566720E-02  -6.00969288E-05
        4618   9.23800096E-03   1.20589854E-02   1.20582627E-02  -5.99345294E-05
        4619   9.24000144E-03   1.20605733E-02   1.20598506E-02  -5.99266386E-05
        4620   9.24200099E-03   1.20621612E-02   1.20614385E-02  -5.99187515E-05
        4621   9.24400147E-03   1.20637491E-02   1.20630246E-02  -6.00652820E-05
        4622   9.24600102E-03   1.20653361E-02   1.20646125E-02  -5.99801824E-05
        4623   9.24800057E-03   1.20669231E-02   1.20661994E-02  -5.99722916E-05
        4624   9.25000105E-03   1.20685101E-02   1.20677846E-02  -6.01187639E-05
        4625   9.25200060E-03   1.20700961E-02   1.20693725E-02  -5.99565246E-05
        4626   9.25400108E-03   1.20716821E-02   1.20709585E-02  -5.99486484E-05
        4627   9.25600063E-03   1.20732682E-02   1.20725436E-02  -6.00179192E-05
        4628   9.25800111E-03   1.20748533E-02   1.20741297E-02  -5.99329032E-05
        4629   9.26000066E-03   1.20764384E-02   1.20757148E-02  -5.99250343E-05
        4630   9.26200114E-03   1.20780235E-02   1.20772980E-02  -6.00714084E-05
        4631   9.26400069E-03   1.20796077E-02   1.20788831E-02  -5.99864215E-05
        4632   9.26600117E-03   1.20811919E-02   1.20804664E-02  -6.00556523E-05
        4633   9.26800072E-03   1.20827761E-02   1.20820524E-02  -5.98936022E-05
        4634   9.27000120E-03   1.20843593E-02   1.20836347E-02  -5.99628329E-05
        4635   9.27200075E-03   1.20859426E-02   1.20852180E-02  -5.99549785E-05
        4636   9.27400123E-03   1.20875258E-02   1.20868003E-02  -6.00241801E-05
        4637   9.27600078E-03   1.20891081E-02   1.20883835E-02  -5.99392770E-05
        4638   9.27800126E-03   1.20906904E-02   1.20899649E-02  -6.00084677E-05
        4639   9.28000081E-03   1.20922728E-02   1.20915473E-02  -6.00006169E-05
        4640   9.28200129E-03   1.20938541E-02   1.20931286E-02  -5.99927698E-05
        4641   9.28400084E-03   1.20954355E-02   1.20947100E-02  -5.99849263E-05
        4642   9.28600132E-03   1.20970160E-02   1.20962905E-02  -5.99770901E-05
        4643   9.28800087E-03   1.20985964E-02   1.20978709E-02  -5.99692539E-05
        4644   9.29000136E-03   1.21001769E-02   1.20994514E-02  -5.99614214E-05
        4645   9.29200090E-03   1.21017564E-02   1.21010328E-02  -5.97996586E-05
        4646   9.29400139E-03   1.21033359E-02   1.21026104E-02  -5.99457671E-05
        4647   9.29600094E-03   1.21049155E-02   1.21041900E-02  -5.99379455E-05
        4648   9.29800142E-03   1.21064940E-02   1.21057695E-02  -5.98531951E-05
        4649   9.30000097E-03   1.21080726E-02   1.21073481E-02  -5.98453880E-05
        4650   9.30200145E-03   1.21096512E-02   1.21089267E-02  -5.98375882E-05
        4651   9.30400100E-03   1.21112289E-02   1.21105053E-02  -5.97528851E-05
        4652   9.30600148E-03   1.21128066E-02   1.21120829E-02  -5.97451035E-05
        4653   9.30800103E-03   1.21143842E-02   1.21136606E-02  -5.97373219E-05
        4654   9.31000058E-03   1.21159609E-02   1.21152373E-02  -5.97295475E-05
        4655   9.31200106E-03   1.21175377E-02   1.21168131E-02  -5.97986400E-05
        4656   9.31400061E-03   1.21191144E-02   1.21183908E-02  -5.97140061E-05
        4657   9.31600109E-03   1.21206902E-02   1.21199656E-02  -5.97830876E-05
        4658   9.31800064E-03   1.21222660E-02   1.21215424E-02  -5.96984792E-05
        4659   9.32000112E-03   1.21238418E-02   1.21231172E-02  -5.97675462E-05
        4660   9.32200067E-03   1.21254167E-02   1.21246930E-02  -5.96829668E-05
        4661   9.32400115E-03   1.21269915E-02   1.21262670E-02  -5.97520229E-05
        4662   9.32600070E-03   1.21285664E-02   1.21278428E-02  -5.96674654E-05
        4663   9.32800118E-03   1.21301403E-02   1.21294158E-02  -5.97365106E-05
        4664   9.33000073E-03   1.21317143E-02   1.21309897E-02  -5.97287581E-05
        4665   9.33200121E-03   1.21332882E-02   1.21325636E-02  -5.97210092E-05
        4666   9.33400076E-03   1.21348612E-02   1.21341366E-02  -5.97132675E-05
        4667   9.33600124E-03   1.21364342E-02   1.21357106E-02  -5.96287828E-05
        4668   9.33800079E-03   1.21380072E-02   1.21372836E-02  -5.96210557E-05
        4669   9.34000127E-03   1.21395793E-02   1.21388556E-02  -5.96133323E-05
        4670   9.34200082E-03   1.21411514E-02   1.21404277E-02  -5.96056125E-05
        4671   9.34400130E-03   1.21427234E-02   1.21419998E-02  -5.95978963E-05
        4672   9.34600085E-03   1.21442946E-02   1.21435709E-02  -5.95901838E-05
        4673   9.34800133E-03   1.21458657E-02   1.21451421E-02  -5.95824749E-05
        4674   9.35000088E-03   1.21474368E-02   1.21467132E-02  -5.95747697E-05
        4675   9.35200136E-03   1.21490071E-02   1.21482834E-02  -5.95670681E-05
        4676   9.35400091E-03   1.21505773E-02   1.21498536E-02  -5.95593701E-05
        4677   9.35600139E-03   1.21521475E-02   1.21514238E-02  -5.95516758E-05
        4678   9.35800094E-03   1.21537168E-02   1.21529931E-02  -5.95439851E-05
        4679   9.36000142E-03   1.21552860E-02   1.21545624E-02  -5.95362981E-05
        4680   9.36200097E-03   1.21568553E-02   1.21561307E-02  -5.96052305E-05
        4681   9.36400145E-03   1.21584237E-02   1.21577000E-02  -5.95209312E-05
        4682   9.36600100E-03   1.21599920E-02   1.21592684E-02  -5.95132551E-05
        4683   9.36800148E-03   1.21615604E-02   1.21608358E-02  -5.95821693E-05
        4684   9.37000103E-03   1.21631278E-02   1.21624041E-02  -5.94979101E-05
        4685   9.37200058E-03   1.21646952E-02   1.21639706E-02  -5.95668134E-05
        4686   9.37400106E-03   1.21662626E-02   1.21655380E-02  -5.95591373E-05
        4687   9.37600061E-03   1.21678291E-02   1.21671055E-02  -5.94749217E-05
        4688   9.37800109E-03   1.21693956E-02   1.21686719E-02  -5.94672638E-05
        4689   9.38000064E-03   1.21709621E-02   1.21702384E-02  -5.94596095E-05
        4690   9.38200112E-03   1.21725276E-02   1.21718021E-02  -5.96050013E-05
        4691   9.38400067E-03   1.21740932E-02   1.21733686E-02  -5.95208257E-05
        4692   9.38600115E-03   1.21756587E-02   1.21749341E-02  -5.95131714E-05
        4693   9.38800070E-03   1.21772233E-02   1.21764988E-02  -5.95055244E-05
        4694   9.39000119E-03   1.21787880E-02   1.21780634E-02  -5.94978810E-05
        4695   9.39200073E-03   1.21803526E-02   1.21796271E-02  -5.95667079E-05
        4696   9.39400122E-03   1.21819163E-02   1.21811908E-02  -5.95590609E-05
        4697   9.39600077E-03   1.21834800E-02   1.21827554E-02  -5.94749654E-05
        4698   9.39800125E-03   1.21850437E-02   1.21843182E-02  -5.95437741E-05
        4699   9.40000080E-03   1.21866064E-02   1.21858809E-02  -5.95361380E-05
        4700   9.40200128E-03   1.21881692E-02   1.21874437E-02  -5.95285019E-05
        4701   9.40400083E-03   1.21897319E-02   1.21890064E-02  -5.95208730E-05
        4702   9.40600131E-03   1.21912938E-02   1.21905683E-02  -5.95132442E-05
        4703   9.40800086E-03   1.21928556E-02   1.21921301E-02  -5.95056226E-05
        4704   9.41000134E-03   1.21944174E-02   1.21936919E-02  -5.94980011E-05
        4705   9.41200089E-03   1.21959783E-02   1.21952528E-02  -5.94903868E-05
        4706   9.41400137E-03   1.21975392E-02   1.21968137E-02  -5.94827725E-05
        4707   9.41600092E-03   1.21991001E-02   1.21983737E-02  -5.95515121E-05
        4708   9.41800140E-03   1.22006601E-02   1.21999336E-02  -5.95438978E-05
        4709   9.42000095E-03   1.22022200E-02   1.22014945E-02  -5.94599514E-05
        4710   9.42200143E-03   1.22037800E-02   1.22030526E-02  -5.96049977E-05
        4711   9.42400098E-03   1.22053390E-02   1.22046135E-02  -5.94447556E-05
        4712   9.42600146E-03   1.22068981E-02   1.22061716E-02  -5.95134698E-05
        4713   9.42800101E-03   1.22084571E-02   1.22077307E-02  -5.95058664E-05
        4714   9.43000149E-03   1.22100152E-02   1.22092888E-02  -5.94982739E-05
        4715   9.43200104E-03   1.22115733E-02   1.22108469E-02  -5.94906815E-05
        4716   9.43400059E-03   1.22131314E-02   1.22124050E-02  -5.94830926E-05
        4717   9.43600107E-03   1.22146886E-02   1.22139622E-02  -5.94755074E-05
        4718   9.43800062E-03   1.22162458E-02   1.22155184E-02  -5.95441707E-05
        4719   9.44000110E-03   1.22178029E-02   1.22170756E-02  -5.95365818E-05
        4720   9.44200065E-03   1.22193592E-02   1.22186327E-02  -5.94527737E-05
        4721   9.44400113E-03   1.22209154E-02   1.22201871E-02  -5.95976344E-05
        4722   9.44600068E-03   1.22224716E-02   1.22217434E-02  -5.95900456E-05
        4723   9.44800116E-03   1.22240270E-02   1.22232987E-02  -5.95824640E-05
        4724   9.45000071E-03   1.22255823E-02   1.22248549E-02  -5.94986959E-05
        4725   9.45200119E-03   1.22271376E-02   1.22264093E-02  -5.95673046E-05
        4726   9.45400074E-03   1.22286920E-02   1.22279646E-02  -5.94835656E-05
        4727   9.45600122E-03   1.22302463E-02   1.22295190E-02  -5.94760058E-05
        4728   9.45800077E-03   1.22318007E-02   1.22310733E-02  -5.94684461E-05
        4729   9.46000125E-03   1.22333542E-02   1.22326249E-02  -5.96131722E-05
        4730   9.46200080E-03   1.22349076E-02   1.22341793E-02  -5.95294732E-05
        4731   9.46400128E-03   1.22364610E-02   1.22357318E-02  -5.95980346E-05
        4732   9.46600083E-03   1.22380136E-02   1.22372853E-02  -5.95143647E-05
        4733   9.46800131E-03   1.22395661E-02   1.22388359E-02  -5.96590144E-05
        4734   9.47000086E-03   1.22411186E-02   1.22403894E-02  -5.95753590E-05
        4735   9.47200134E-03   1.22426702E-02   1.22419400E-02  -5.96438877E-05
        4736   9.47400089E-03   1.22442218E-02   1.22434925E-02  -5.95602578E-05
        4737   9.47600137E-03   1.22457733E-02   1.22450432E-02  -5.96287719E-05
        4738   9.47800092E-03   1.22473240E-02   1.22465938E-02  -5.96212230E-05
        4739   9.48000140E-03   1.22488746E-02   1.22481436E-02  -5.96897153E-05
        4740   9.48200095E-03   1.22504253E-02   1.22496961E-02  -5.95300953E-05
        4741   9.48400144E-03   1.22519750E-02   1.22512458E-02  -5.95225647E-05
        4742   9.48600098E-03   1.22535247E-02   1.22527955E-02  -5.95150377E-05
        4743   9.48800147E-03   1.22550745E-02   1.22543443E-02  -5.95835154E-05
        4744   9.49000102E-03   1.22566232E-02   1.22558922E-02  -5.96519785E-05
        4745   9.49200150E-03   1.22581720E-02   1.22574419E-02  -5.95684578E-05
        4746   9.49400105E-03   1.22597208E-02   1.22589897E-02  -5.96369064E-05
        4747   9.49600060E-03   1.22612687E-02   1.22605385E-02  -5.95534111E-05
        4748   9.49800108E-03   1.22628165E-02   1.22620855E-02  -5.96218488E-05
        4749   9.50000063E-03   1.22643644E-02   1.22636342E-02  -5.95383790E-05
        4750   9.50200111E-03   1.22659113E-02   1.22651802E-02  -5.96068057E-05
        4751   9.50400066E-03   1.22674583E-02   1.22667272E-02  -5.95992897E-05
        4752   9.50600114E-03   1.22690052E-02   1.22682732E-02  -5.96676909E-05
        4753   9.50800069E-03   1.22705512E-02   1.22698201E-02  -5.95842648E-05
        4754   9.51000117E-03   1.22720972E-02   1.22713661E-02  -5.95767597E-05
        4755   9.51200072E-03   1.22736432E-02   1.22729111E-02  -5.96451428E-05
        4756   9.51400120E-03   1.22751882E-02   1.22744562E-02  -5.96376340E-05
        4757   9.51600075E-03   1.22767333E-02   1.22760022E-02  -5.95542588E-05
        4758   9.51800123E-03   1.22782784E-02   1.22775454E-02  -5.96984864E-05
        4759   9.52000078E-03   1.22798225E-02   1.22790905E-02  -5.96151258E-05
        4760   9.52200126E-03   1.22813666E-02   1.22806327E-02  -5.97593134E-05
        4761   9.52400081E-03   1.22829108E-02   1.22821778E-02  -5.96759710E-05
        4762   9.52600129E-03   1.22844540E-02   1.22837210E-02  -5.96684731E-05
        4763   9.52800084E-03   1.22859972E-02   1.22852642E-02  -5.96609789E-05
        4764   9.53000132E-03   1.22875404E-02   1.22868074E-02  -5.96534846E-05
        4765   9.53200087E-03   1.22890826E-02   1.22883506E-02  -5.95702040E-05
        4766   9.53400135E-03   1.22906249E-02   1.22898920E-02  -5.96385107E-05
        4767   9.53600090E-03   1.22921672E-02   1.22914333E-02  -5.97068029E-05
        4768   9.53800138E-03   1.22937085E-02   1.22929765E-02  -5.95477868E-05
        4769   9.54000093E-03   1.22952498E-02   1.22945160E-02  -5.96918326E-05
        4770   9.54200141E-03   1.22967912E-02   1.22960573E-02  -5.96843493E-05
        4771   9.54400096E-03   1.22983316E-02   1.22975986E-02  -5.96011378E-05
        4772   9.54600144E-03   1.22998720E-02   1.22991391E-02  -5.95936726E-05
        4773   9.54800099E-03   1.23014124E-02   1.23006795E-02  -5.95862111E-05
        4774   9.55000147E-03   1.23029519E-02   1.23022180E-02  -5.96544596E-05
        4775   9.55200102E-03   1.23044914E-02   1.23037575E-02  -5.96469981E-05
        4776   9.55400150E-03   1.23060308E-02   1.23052979E-02  -5.95638448E-05
        4777   9.55600105E-03   1.23075694E-02   1.23068355E-02  -5.96320788E-05
        4778   9.55800060E-03   1.23091079E-02   1.23083740E-02  -5.96246246E-05
        4779   9.56000108E-03   1.23106465E-02   1.23099107E-02  -5.97684957E-05
        4780   9.56200063E-03   1.23121841E-02   1.23114511E-02  -5.95340753E-05
        4781   9.56400111E-03   1.23137217E-02   1.23129869E-02  -5.96779246E-05
        4782   9.56600066E-03   1.23152593E-02   1.23145245E-02  -5.96704740E-05
        4783   9.56800114E-03   1.23167960E-02   1.23160621E-02  -5.95874044E-05
        4784   9.57000069E-03   1.23183327E-02   1.23175988E-02  -5.95799720E-05
        4785   9.57200117E-03   1.23198694E-02   1.23191355E-02  -5.95725396E-05
        4786   9.57400072E-03   1.23214051E-02   1.23206712E-02  -5.95651145E-05
        4787   9.57600120E-03   1.23229409E-02   1.23222061E-02  -5.96332757E-05
        4788   9.57800075E-03   1.23244766E-02   1.23237418E-02  -5.96258433E-05
        4789   9.58000124E-03   1.23260114E-02   1.23252766E-02  -5.96184182E-05
        4790   9.58200078E-03   1.23275463E-02   1.23268124E-02  -5.95354395E-05
        4791   9.58400127E-03   1.23290811E-02   1.23283453E-02  -5.96791215E-05
        4792   9.58600082E-03   1.23306150E-02   1.23298811E-02  -5.95206220E-05
        4793   9.58800130E-03   1.23321488E-02   1.23314140E-02  -5.95887468E-05
        4794   9.59000085E-03   1.23336827E-02   1.23329479E-02  -5.95813362E-05
        4795   9.59200133E-03   1.23352157E-02   1.23344809E-02  -5.95739293E-05
        4796   9.59400088E-03   1.23367487E-02   1.23360138E-02  -5.95665260E-05
        4797   9.59600136E-03   1.23382816E-02   1.23375459E-02  -5.96346181E-05
        4798   9.59800091E-03   1.23398136E-02   1.23390788E-02  -5.95517304E-05
        4799   9.60000139E-03   1.23413457E-02   1.23406108E-02  -5.95443380E-05
        4800   9.60200094E-03   1.23428777E-02   1.23421429E-02  -5.95369456E-05
        4801   9.60400142E-03   1.23444088E-02   1.23436749E-02  -5.94541089E-05
        4802   9.60600097E-03   1.23459399E-02   1.23452069E-02  -5.93712903E-05
        4803   9.60800145E-03   1.23474710E-02   1.23467371E-02  -5.94393641E-05
        4804   9.61000100E-03   1.23490011E-02   1.23482682E-02  -5.93565710E-05
        4805   9.61200148E-03   1.23505313E-02   1.23497974E-02  -5.94246339E-05
        4806   9.61400103E-03   1.23520615E-02   1.23513266E-02  -5.94926787E-05
        4807   9.61600151E-03   1.23535907E-02   1.23528577E-02  -5.93345176E-05
        4808   9.61800106E-03   1.23551199E-02   1.23543860E-02  -5.94025623E-05
        4809   9.62000061E-03   1.23566492E-02   1.23559134E-02  -5.95459678E-05
        4810   9.62200109E-03   1.23581775E-02   1.23574417E-02  -5.95386045E-05
        4811   9.62400064E-03   1.23597058E-02   1.23589719E-02  -5.93805198E-05
        4812   9.62600112E-03   1.23612341E-02   1.23604983E-02  -5.95238816E-05
        4813   9.62800067E-03   1.23627614E-02   1.23620266E-02  -5.94411867E-05
        4814   9.63000115E-03   1.23642888E-02   1.23635549E-02  -5.93585100E-05
        4815   9.63200070E-03   1.23658162E-02   1.23650823E-02  -5.93511759E-05
        4816   9.63400118E-03   1.23673426E-02   1.23666096E-02  -5.92685392E-05
        4817   9.63600073E-03   1.23688690E-02   1.23681352E-02  -5.93365257E-05
        4818   9.63800121E-03   1.23703955E-02   1.23696607E-02  -5.94045014E-05
        4819   9.64000076E-03   1.23719210E-02   1.23711871E-02  -5.93218901E-05
        4820   9.64200124E-03   1.23734465E-02   1.23727126E-02  -5.93145742E-05
        4821   9.64400079E-03   1.23749720E-02   1.23742390E-02  -5.92319957E-05
        4822   9.64600127E-03   1.23764966E-02   1.23757636E-02  -5.92246979E-05
        4823   9.64800082E-03   1.23780211E-02   1.23772882E-02  -5.92174038E-05
        4824   9.65000130E-03   1.23795457E-02   1.23788128E-02  -5.92101096E-05
        4825   9.65200085E-03   1.23810694E-02   1.23803373E-02  -5.91275930E-05
        4826   9.65400133E-03   1.23825930E-02   1.23818610E-02  -5.91203170E-05
        4827   9.65600088E-03   1.23841166E-02   1.23833846E-02  -5.91130411E-05
        4828   9.65800136E-03   1.23856394E-02   1.23849083E-02  -5.90305717E-05
        4829   9.66000091E-03   1.23871621E-02   1.23864301E-02  -5.90985073E-05
        4830   9.66200139E-03   1.23886848E-02   1.23879528E-02  -5.90912459E-05
        4831   9.66400094E-03   1.23902075E-02   1.23894764E-02  -5.90088057E-05
        4832   9.66600142E-03   1.23917293E-02   1.23909973E-02  -5.90767268E-05
        4833   9.66800097E-03   1.23932511E-02   1.23925181E-02  -5.91446260E-05
        4834   9.67000145E-03   1.23947728E-02   1.23940390E-02  -5.92125143E-05
        4835   9.67200100E-03   1.23962937E-02   1.23955607E-02  -5.91301105E-05
        4836   9.67400149E-03   1.23978145E-02   1.23970816E-02  -5.91228563E-05
        4837   9.67600103E-03   1.23993354E-02   1.23986024E-02  -5.91156022E-05
        4838   9.67800152E-03   1.24008553E-02   1.24001214E-02  -5.91834687E-05
        4839   9.68000107E-03   1.24023752E-02   1.24016423E-02  -5.91011121E-05
        4840   9.68200061E-03   1.24038951E-02   1.24031613E-02  -5.91689641E-05
        4841   9.68400110E-03   1.24054141E-02   1.24046803E-02  -5.91617172E-05
        4842   9.68600065E-03   1.24069331E-02   1.24061983E-02  -5.92295473E-05
        4843   9.68800113E-03   1.24084521E-02   1.24077173E-02  -5.92222968E-05
        4844   9.69000068E-03   1.24099702E-02   1.24092363E-02  -5.91399948E-05
        4845   9.69200116E-03   1.24114882E-02   1.24107553E-02  -5.90577147E-05
        4846   9.69400071E-03   1.24130063E-02   1.24122724E-02  -5.91255302E-05
        4847   9.69600119E-03   1.24145234E-02   1.24137895E-02  -5.91183052E-05
        4848   9.69800074E-03   1.24160405E-02   1.24153066E-02  -5.91110802E-05
        4849   9.70000122E-03   1.24175576E-02   1.24168228E-02  -5.91788666E-05
        4850   9.70200077E-03   1.24190738E-02   1.24183400E-02  -5.90966411E-05
        4851   9.70400125E-03   1.24205900E-02   1.24198552E-02  -5.91644202E-05
        4852   9.70600080E-03   1.24221062E-02   1.24213714E-02  -5.91571952E-05
        4853   9.70800128E-03   1.24236215E-02   1.24228876E-02  -5.90750096E-05
        4854   9.71000083E-03   1.24251368E-02   1.24244029E-02  -5.90678028E-05
        4855   9.71200131E-03   1.24266520E-02   1.24259172E-02  -5.91355565E-05
        4856   9.71400086E-03   1.24281663E-02   1.24274325E-02  -5.90534037E-05
        4857   9.71600134E-03   1.24296807E-02   1.24289459E-02  -5.91211465E-05
        4858   9.71800089E-03   1.24311950E-02   1.24304611E-02  -5.90390155E-05
        4859   9.72000137E-03   1.24327084E-02   1.24319745E-02  -5.90318268E-05
        4860   9.72200092E-03   1.24342218E-02   1.24334879E-02  -5.90246418E-05
        4861   9.72400140E-03   1.24357352E-02   1.24350013E-02  -5.90174604E-05
        4862   9.72600095E-03   1.24372477E-02   1.24365147E-02  -5.89353913E-05
        4863   9.72800143E-03   1.24387601E-02   1.24380263E-02  -5.90031050E-05
        4864   9.73000098E-03   1.24402726E-02   1.24395387E-02  -5.89959309E-05
        4865   9.73200146E-03   1.24417841E-02   1.24410512E-02  -5.89139017E-05
        4866   9.73400101E-03   1.24432957E-02   1.24425627E-02  -5.89067458E-05
        4867   9.73600149E-03   1.24448072E-02   1.24440743E-02  -5.88995899E-05
        4868   9.73800104E-03   1.24463178E-02   1.24455858E-02  -5.88176044E-05
        4869   9.74000152E-03   1.24478284E-02   1.24470945E-02  -5.89601186E-05
        4870   9.74200107E-03   1.24493390E-02   1.24486061E-02  -5.88781477E-05
        4871   9.74400062E-03   1.24508487E-02   1.24501158E-02  -5.88710100E-05
        4872   9.74600110E-03   1.24523584E-02   1.24516254E-02  -5.88638723E-05
        4873   9.74800065E-03   1.24538681E-02   1.24531360E-02  -5.87819450E-05
        4874   9.75000113E-03   1.24553777E-02   1.24546457E-02  -5.87748182E-05
        4875   9.75200068E-03   1.24568865E-02   1.24561545E-02  -5.87676986E-05
        4876   9.75400116E-03   1.24583952E-02   1.24576613E-02  -5.89101110E-05
        4877   9.75600071E-03   1.24599040E-02   1.24591710E-02  -5.88282201E-05
        4878   9.75800119E-03   1.24614118E-02   1.24606770E-02  -5.89705924E-05
        4879   9.76000074E-03   1.24629196E-02   1.24621866E-02  -5.88139847E-05
        4880   9.76200122E-03   1.24644274E-02   1.24636935E-02  -5.88815965E-05
        4881   9.76400077E-03   1.24659343E-02   1.24652013E-02  -5.87997602E-05
        4882   9.76600125E-03   1.24674411E-02   1.24667073E-02  -5.88673647E-05
        4883   9.76800080E-03   1.24689480E-02   1.24682141E-02  -5.88602488E-05
        4884   9.77000128E-03   1.24704540E-02   1.24697210E-02  -5.87784489E-05
        4885   9.77200083E-03   1.24719599E-02   1.24712270E-02  -5.87713512E-05
        4886   9.77400132E-03   1.24734659E-02   1.24727320E-02  -5.88389303E-05
        4887   9.77600086E-03   1.24749709E-02   1.24742370E-02  -5.88318289E-05
        4888   9.77800135E-03   1.24764759E-02   1.24757420E-02  -5.88247312E-05
        4889   9.78000090E-03   1.24779809E-02   1.24772470E-02  -5.88176372E-05
        4890   9.78200138E-03   1.24794850E-02   1.24787521E-02  -5.87359100E-05
        4891   9.78400093E-03   1.24809891E-02   1.24802561E-02  -5.87288305E-05
        4892   9.78600141E-03   1.24824932E-02   1.24817584E-02  -5.88709918E-05
        4893   9.78800096E-03   1.24839963E-02   1.24832625E-02  -5.87892937E-05
        4894   9.79000144E-03   1.24854995E-02   1.24847656E-02  -5.87822142E-05
        4895   9.79200099E-03   1.24870026E-02   1.24862688E-02  -5.87751383E-05
        4896   9.79400147E-03   1.24885049E-02   1.24877710E-02  -5.87680697E-05
        4897   9.79600102E-03   1.24900071E-02   1.24892732E-02  -5.87610011E-05
        4898   9.79800150E-03   1.24915093E-02   1.24907754E-02  -5.87539325E-05
        4899   9.80000105E-03   1.24930106E-02   1.24922777E-02  -5.86723181E-05
        4900   9.80200153E-03   1.24945119E-02   1.24937790E-02  -5.86652677E-05
        4901   9.80400108E-03   1.24960132E-02   1.24952802E-02  -5.86582173E-05
        4902   9.80600063E-03   1.24975136E-02   1.24967815E-02  -5.85766466E-05
        4903   9.80800111E-03   1.24990139E-02   1.24982810E-02  -5.86441347E-05
        4904   9.81000066E-03   1.25005143E-02   1.24997813E-02  -5.86370952E-05
        4905   9.81200114E-03   1.25020146E-02   1.25012798E-02  -5.87790637E-05
        4906   9.81400069E-03   1.25035141E-02   1.25027811E-02  -5.86230271E-05
        4907   9.81600117E-03   1.25050135E-02   1.25042796E-02  -5.86904825E-05
        4908   9.81800072E-03   1.25065129E-02   1.25057790E-02  -5.86834431E-05
        4909   9.82000120E-03   1.25080114E-02   1.25072775E-02  -5.86764145E-05
        4910   9.82200075E-03   1.25095099E-02   1.25087760E-02  -5.86693859E-05
        4911   9.82400123E-03   1.25110084E-02   1.25102736E-02  -5.87368049E-05
        4912   9.82600078E-03   1.25125060E-02   1.25117730E-02  -5.85808957E-05
        4913   9.82800126E-03   1.25140036E-02   1.25132697E-02  -5.86483147E-05
        4914   9.83000081E-03   1.25155011E-02   1.25147672E-02  -5.86412971E-05
        4915   9.83200129E-03   1.25169978E-02   1.25162639E-02  -5.86342867E-05
        4916   9.83400084E-03   1.25184944E-02   1.25177596E-02  -5.87016802E-05
        4917   9.83600132E-03   1.25199910E-02   1.25192571E-02  -5.86202659E-05
        4918   9.83800087E-03   1.25214867E-02   1.25207528E-02  -5.86132628E-05
        4919   9.84000135E-03   1.25229824E-02   1.25222486E-02  -5.86062633E-05
        4920   9.84200090E-03   1.25244781E-02   1.25237443E-02  -5.85992639E-05
        4921   9.84400138E-03   1.25259729E-02   1.25252390E-02  -5.85922717E-05
        4922   9.84600093E-03   1.25274677E-02   1.25267338E-02  -5.85852795E-05
        4923   9.84800141E-03   1.25289625E-02   1.25282286E-02  -5.85782873E-05
        4924   9.85000096E-03   1.25304563E-02   1.25297224E-02  -5.85713060E-05
        4925   9.85200144E-03   1.25319501E-02   1.25312163E-02  -5.85643211E-05
        4926   9.85400099E-03   1.25334440E-02   1.25327110E-02  -5.84830268E-05
        4927   9.85600147E-03   1.25349369E-02   1.25342030E-02  -5.85503658E-05
        4928   9.85800102E-03   1.25364298E-02   1.25356959E-02  -5.85433954E-05
        4929   9.86000150E-03   1.25379227E-02   1.25371879E-02  -5.86107126E-05
        4930   9.86200105E-03   1.25394147E-02   1.25386808E-02  -5.85294583E-05
        4931   9.86400153E-03   1.25409067E-02   1.25401728E-02  -5.85224952E-05
        4932   9.86600108E-03   1.25423986E-02   1.25416657E-02  -5.84412701E-05
        4933   9.86800063E-03   1.25438906E-02   1.25431558E-02  -5.85828275E-05
        4934   9.87000111E-03   1.25453817E-02   1.25446469E-02  -5.85758644E-05
        4935   9.87200066E-03   1.25468727E-02   1.25461388E-02  -5.84946647E-05
        4936   9.87400115E-03   1.25483638E-02   1.25476290E-02  -5.85619418E-05
        4937   9.87600069E-03   1.25498539E-02   1.25491200E-02  -5.84807676E-05
        4938   9.87800118E-03   1.25513440E-02   1.25506092E-02  -5.85480338E-05
        4939   9.88000073E-03   1.25528341E-02   1.25520993E-02  -5.85410853E-05
        4940   9.88200121E-03   1.25543233E-02   1.25535894E-02  -5.84599475E-05
        4941   9.88400076E-03   1.25558125E-02   1.25550777E-02  -5.85271991E-05
        4942   9.88600124E-03   1.25573017E-02   1.25565669E-02  -5.85202579E-05
        4943   9.88800079E-03   1.25587899E-02   1.25580542E-02  -5.85874877E-05
        4944   9.89000127E-03   1.25602782E-02   1.25595434E-02  -5.85063863E-05
        4945   9.89200082E-03   1.25617664E-02   1.25610325E-02  -5.84253066E-05
        4946   9.89400130E-03   1.25632538E-02   1.25625189E-02  -5.84925292E-05
        4947   9.89600085E-03   1.25647411E-02   1.25640072E-02  -5.84114750E-05
        4948   9.89800133E-03   1.25662284E-02   1.25654936E-02  -5.84786831E-05
        4949   9.90000088E-03   1.25677148E-02   1.25669809E-02  -5.83976544E-05
        4950   9.90200136E-03   1.25692012E-02   1.25684664E-02  -5.84648515E-05
        4951   9.90400091E-03   1.25706876E-02   1.25699537E-02  -5.83838410E-05
        4952   9.90600139E-03   1.25721730E-02   1.25714391E-02  -5.83769433E-05
        4953   9.90800094E-03   1.25736585E-02   1.25729246E-02  -5.83700457E-05
        4954   9.91000142E-03   1.25751439E-02   1.25744101E-02  -5.83631518E-05
        4955   9.91200097E-03   1.25766285E-02   1.25758955E-02  -5.82821995E-05
        4956   9.91400145E-03   1.25781130E-02   1.25773782E-02  -5.84234258E-05
        4957   9.91600100E-03   1.25795975E-02   1.25788637E-02  -5.83424880E-05
        4958   9.91800148E-03   1.25810821E-02   1.25803463E-02  -5.84836707E-05
        4959   9.92000103E-03   1.25825657E-02   1.25818318E-02  -5.83287219E-05
        4960   9.92200151E-03   1.25840493E-02   1.25833154E-02  -5.83218462E-05
        4961   9.92400106E-03   1.25855329E-02   1.25847980E-02  -5.83889778E-05
        4962   9.92600154E-03   1.25870155E-02   1.25862807E-02  -5.83821020E-05
        4963   9.92800109E-03   1.25884982E-02   1.25877643E-02  -5.83012334E-05
        4964   9.93000064E-03   1.25899808E-02   1.25892460E-02  -5.83683504E-05
        4965   9.93200112E-03   1.25914626E-02   1.25907278E-02  -5.83614819E-05
        4966   9.93400067E-03   1.25929443E-02   1.25922104E-02  -5.82806497E-05
        4967   9.93600115E-03   1.25944261E-02   1.25936912E-02  -5.83477486E-05
        4968   9.93800070E-03   1.25959069E-02   1.25951720E-02  -5.83408873E-05
        4969   9.94000118E-03   1.25973877E-02   1.25966519E-02  -5.84079680E-05
        4970   9.94200073E-03   1.25988685E-02   1.25981327E-02  -5.84011032E-05
        4971   9.94400121E-03   1.26003483E-02   1.25996135E-02  -5.83203218E-05
        4972   9.94600076E-03   1.26018282E-02   1.26010943E-02  -5.82395587E-05
        4973   9.94800124E-03   1.26033081E-02   1.26025733E-02  -5.83066249E-05
        4974   9.95000079E-03   1.26047870E-02   1.26040531E-02  -5.82258872E-05
        4975   9.95200127E-03   1.26062660E-02   1.26055311E-02  -5.82929424E-05
        4976   9.95400082E-03   1.26077449E-02   1.26070119E-02  -5.81383501E-05
        4977   9.95600130E-03   1.26092229E-02   1.26084900E-02  -5.81315326E-05
        4978   9.95800085E-03   1.26107009E-02   1.26099680E-02  -5.81247223E-05
        4979   9.96000133E-03   1.26121789E-02   1.26114450E-02  -5.81917593E-05
        4980   9.96200088E-03   1.26136569E-02   1.26129230E-02  -5.81849417E-05
        4981   9.96400137E-03   1.26151340E-02   1.26144001E-02  -5.81781278E-05
        4982   9.96600091E-03   1.26166111E-02   1.26158772E-02  -5.81713175E-05
        4983   9.96800140E-03   1.26180882E-02   1.26173533E-02  -5.82383254E-05
        4984   9.97000095E-03   1.26195643E-02   1.26188295E-02  -5.82315115E-05
        4985   9.97200143E-03   1.26210405E-02   1.26203056E-02  -5.82247012E-05
        4986   9.97400098E-03   1.26225166E-02   1.26217818E-02  -5.82178909E-05
        4987   9.97600146E-03   1.26239918E-02   1.26232570E-02  -5.82110879E-05
        4988   9.97800101E-03   1.26254670E-02   1.26247332E-02  -5.81305103E-05
        4989   9.98000149E-03   1.26269422E-02   1.26262065E-02  -5.82712491E-05
        4990   9.98200104E-03   1.26284165E-02   1.26276826E-02  -5.81169334E-05
        4991   9.98400152E-03   1.26298908E-02   1.26291560E-02  -5.81838976E-05
        4992   9.98600107E-03   1.26313651E-02   1.26306303E-02  -5.81771055E-05
        4993   9.98800155E-03   1.26328385E-02   1.26321036E-02  -5.81703207E-05
        4994   9.99000110E-03   1.26343118E-02   1.26335789E-02  -5.80160922E-05
        4995   9.99200065E-03   1.26357852E-02   1.26350503E-02  -5.81567547E-05
        4996   9.99400113E-03   1.26372576E-02   1.26365228E-02  -5.81499771E-05
        4997   9.99600068E-03   1.26387300E-02   1.26379961E-02  -5.80695050E-05
        4998   9.99800116E-03   1.26402024E-02   1.26394676E-02  -5.81364293E-05
        4999   1.00000007E-02   1.26416748E-02   1.26409410E-02  -5.80559790E-05
        5000   1.00020012E-02   1.26431463E-02   1.26424115E-02  -5.81228924E-05
        5001   1.00040007E-02   1.26446178E-02   1.26438830E-02  -5.81161257E-05
        5002   1.00060012E-02   1.26460893E-02   1.26453536E-02  -5.81830172E-05
        5003   1.00080008E-02   1.26475599E-02   1.26468251E-02  -5.81026070E-05
        5004   1.00100012E-02   1.26490304E-02   1.26482956E-02  -5.80958513E-05
        5005   1.00120008E-02   1.26505010E-02   1.26497662E-02  -5.80890992E-05
        5006   1.00140013E-02   1.26519706E-02   1.26512358E-02  -5.80823507E-05
        5007   1.00160008E-02   1.26534402E-02   1.26527045E-02  -5.81492168E-05
        5008   1.00180013E-02   1.26549099E-02   1.26541751E-02  -5.80688611E-05
        5009   1.00200009E-02   1.26563786E-02   1.26556437E-02  -5.80621199E-05
        5010   1.00220013E-02   1.26578473E-02   1.26571124E-02  -5.80553824E-05
        5011   1.00240009E-02   1.26593160E-02   1.26585811E-02  -5.80486485E-05
        5012   1.00260014E-02   1.26607837E-02   1.26600489E-02  -5.80419182E-05
        5013   1.00280009E-02   1.26622515E-02   1.26615167E-02  -5.80351880E-05
        5014   1.00300014E-02   1.26637192E-02   1.26629835E-02  -5.81020140E-05
        5015   1.00320010E-02   1.26651861E-02   1.26644513E-02  -5.80217420E-05
        5016   1.00340014E-02   1.26666529E-02   1.26659190E-02  -5.79414882E-05
        5017   1.00360010E-02   1.26681197E-02   1.26673859E-02  -5.79347798E-05
        5018   1.00380015E-02   1.26695866E-02   1.26688518E-02  -5.80015876E-05
        5019   1.00400010E-02   1.26710525E-02   1.26703177E-02  -5.79948755E-05
        5020   1.00420015E-02   1.26725184E-02   1.26717826E-02  -5.80616688E-05
        5021   1.00440010E-02   1.26739843E-02   1.26732485E-02  -5.80549531E-05
        5022   1.00460015E-02   1.26754493E-02   1.26747144E-02  -5.79747575E-05
        5023   1.00480011E-02   1.26769142E-02   1.26761794E-02  -5.79680600E-05
        5024   1.00500016E-02   1.26783792E-02   1.26776434E-02  -5.80348278E-05
        5025   1.00520011E-02   1.26798432E-02   1.26791093E-02  -5.78812105E-05
        5026   1.00540007E-02   1.26813073E-02   1.26805715E-02  -5.80214255E-05
        5027   1.00560011E-02   1.26827713E-02   1.26820346E-02  -5.80881679E-05
        5028   1.00580007E-02   1.26842344E-02   1.26834987E-02  -5.80080341E-05
        5029   1.00600012E-02   1.26856975E-02   1.26849627E-02  -5.79279222E-05
        5030   1.00620007E-02   1.26871606E-02   1.26864249E-02  -5.79946536E-05
        5031   1.00640012E-02   1.26886228E-02   1.26878880E-02  -5.79145635E-05
        5032   1.00660007E-02   1.26900850E-02   1.26893492E-02  -5.79812913E-05
        5033   1.00680012E-02   1.26915472E-02   1.26908123E-02  -5.79012194E-05
        5034   1.00700008E-02   1.26930084E-02   1.26922745E-02  -5.78211730E-05
        5035   1.00720013E-02   1.26944697E-02   1.26937348E-02  -5.78878899E-05
        5036   1.00740008E-02   1.26959309E-02   1.26951952E-02  -5.79545886E-05
        5037   1.00760013E-02   1.26973921E-02   1.26966573E-02  -5.78745639E-05
        5038   1.00780008E-02   1.26988525E-02   1.26981186E-02  -5.77945611E-05
        5039   1.00800013E-02   1.27003128E-02   1.26995780E-02  -5.78612562E-05
        5040   1.00820009E-02   1.27017731E-02   1.27010383E-02  -5.78546023E-05
        5041   1.00840013E-02   1.27032325E-02   1.27024986E-02  -5.77746323E-05
        5042   1.00860009E-02   1.27046918E-02   1.27039570E-02  -5.78413092E-05
        5043   1.00880014E-02   1.27061512E-02   1.27054164E-02  -5.78346662E-05
        5044   1.00900009E-02   1.27076097E-02   1.27068758E-02  -5.77547289E-05
        5045   1.00920014E-02   1.27090681E-02   1.27083324E-02  -5.78946783E-05
        5046   1.00940010E-02   1.27105266E-02   1.27097918E-02  -5.78147556E-05
        5047   1.00960014E-02   1.27119841E-02   1.27112493E-02  -5.78081272E-05
        5048   1.00980010E-02   1.27134416E-02   1.27127068E-02  -5.78014988E-05
        5049   1.01000015E-02   1.27148991E-02   1.27141643E-02  -5.77948740E-05
        5050   1.01020010E-02   1.27163557E-02   1.27156219E-02  -5.77150058E-05
        5051   1.01040015E-02   1.27178123E-02   1.27170775E-02  -5.77816318E-05
        5052   1.01060010E-02   1.27192689E-02   1.27185341E-02  -5.77750143E-05
        5053   1.01080015E-02   1.27207255E-02   1.27199907E-02  -5.77684004E-05
        5054   1.01100011E-02   1.27221812E-02   1.27214463E-02  -5.77617902E-05
        5055   1.01120016E-02   1.27236368E-02   1.27229020E-02  -5.77551800E-05
        5056   1.01140011E-02   1.27250925E-02   1.27243577E-02  -5.77485735E-05
        5057   1.01160007E-02   1.27265472E-02   1.27258115E-02  -5.78151594E-05
        5058   1.01180011E-02   1.27280019E-02   1.27272671E-02  -5.77353712E-05
        5059   1.01200007E-02   1.27294566E-02   1.27287218E-02  -5.77287756E-05
        5060   1.01220012E-02   1.27309104E-02   1.27301747E-02  -5.77953433E-05
        5061   1.01240007E-02   1.27323642E-02   1.27316285E-02  -5.77887440E-05
        5062   1.01260012E-02   1.27338180E-02   1.27330823E-02  -5.77821484E-05
        5063   1.01280008E-02   1.27352709E-02   1.27345370E-02  -5.76292805E-05
        5064   1.01300012E-02   1.27367238E-02   1.27359889E-02  -5.76958337E-05
        5065   1.01320008E-02   1.27381766E-02   1.27374409E-02  -5.77623759E-05
        5066   1.01340013E-02   1.27396286E-02   1.27388928E-02  -5.77557912E-05
        5067   1.01360008E-02   1.27410805E-02   1.27403475E-02  -5.75298945E-05
        5068   1.01380013E-02   1.27425324E-02   1.27417967E-02  -5.77426290E-05
        5069   1.01400008E-02   1.27439843E-02   1.27432486E-02  -5.77360479E-05
        5070   1.01420013E-02   1.27454353E-02   1.27447005E-02  -5.76563980E-05
        5071   1.01440009E-02   1.27468864E-02   1.27461525E-02  -5.75767626E-05
        5072   1.01460014E-02   1.27483374E-02   1.27476025E-02  -5.76432722E-05
        5073   1.01480009E-02   1.27497874E-02   1.27490517E-02  -5.77097708E-05
        5074   1.01500014E-02   1.27512375E-02   1.27505017E-02  -5.77032079E-05
        5075   1.01520009E-02   1.27526876E-02   1.27519518E-02  -5.76966449E-05
        5076   1.01540014E-02   1.27541367E-02   1.27534019E-02  -5.76170605E-05
        5077   1.01560010E-02   1.27555858E-02   1.27548510E-02  -5.76105122E-05
        5078   1.01580014E-02   1.27570350E-02   1.27562992E-02  -5.76769817E-05
        5079   1.01600010E-02   1.27584832E-02   1.27577484E-02  -5.75974300E-05
        5080   1.01620015E-02   1.27599314E-02   1.27591966E-02  -5.75908925E-05
        5081   1.01640010E-02   1.27613796E-02   1.27606448E-02  -5.75843551E-05
        5082   1.01660015E-02   1.27628269E-02   1.27620921E-02  -5.75778249E-05
        5083   1.01680011E-02   1.27642741E-02   1.27635403E-02  -5.74983242E-05
        5084   1.01700015E-02   1.27657214E-02   1.27649875E-02  -5.74918049E-05
        5085   1.01720011E-02   1.27671687E-02   1.27664348E-02  -5.74852893E-05
        5086   1.01740016E-02   1.27686150E-02   1.27678793E-02  -5.76246712E-05
        5087   1.01760011E-02   1.27700614E-02   1.27693266E-02  -5.75452032E-05
        5088   1.01780007E-02   1.27715077E-02   1.27707729E-02  -5.75386875E-05
        5089   1.01800011E-02   1.27729531E-02   1.27722174E-02  -5.76050988E-05
        5090   1.01820007E-02   1.27743986E-02   1.27736637E-02  -5.75256672E-05
        5091   1.01840012E-02   1.27758440E-02   1.27751082E-02  -5.75920640E-05
        5092   1.01860007E-02   1.27772884E-02   1.27765536E-02  -5.75126542E-05
        5093   1.01880012E-02   1.27787329E-02   1.27779981E-02  -5.75061531E-05
        5094   1.01900008E-02   1.27801774E-02   1.27794426E-02  -5.74996520E-05
        5095   1.01920012E-02   1.27816210E-02   1.27808852E-02  -5.75660306E-05
        5096   1.01940008E-02   1.27830645E-02   1.27823306E-02  -5.74137994E-05
        5097   1.01960013E-02   1.27845081E-02   1.27837723E-02  -5.75530285E-05
        5098   1.01980008E-02   1.27859516E-02   1.27852177E-02  -5.74008372E-05
        5099   1.02000013E-02   1.27873942E-02   1.27866585E-02  -5.75400409E-05
        5100   1.02020008E-02   1.27888368E-02   1.27881020E-02  -5.74607184E-05
        5101   1.02040013E-02   1.27902795E-02   1.27895446E-02  -5.74542355E-05
        5102   1.02060009E-02   1.27917212E-02   1.27909863E-02  -5.74477599E-05
        5103   1.02080014E-02   1.27931628E-02   1.27924271E-02  -5.75140912E-05
        5104   1.02100009E-02   1.27946045E-02   1.27938697E-02  -5.74348123E-05
        5105   1.02120014E-02   1.27960453E-02   1.27953095E-02  -5.75011363E-05
        5106   1.02140009E-02   1.27974860E-02   1.27967522E-02  -5.73490979E-05
        5107   1.02160014E-02   1.27989268E-02   1.27981910E-02  -5.74881888E-05
        5108   1.02180010E-02   1.28003666E-02   1.27996318E-02  -5.74089572E-05
        5109   1.02200015E-02   1.28018064E-02   1.28010726E-02  -5.73297439E-05
        5110   1.02220010E-02   1.28032463E-02   1.28025124E-02  -5.73232937E-05
        5111   1.02240015E-02   1.28046852E-02   1.28039503E-02  -5.73895923E-05
        5112   1.02260010E-02   1.28061241E-02   1.28053902E-02  -5.73104116E-05
        5113   1.02280015E-02   1.28075629E-02   1.28068291E-02  -5.73039724E-05
        5114   1.02300011E-02   1.28090018E-02   1.28082680E-02  -5.72975368E-05
        5115   1.02320015E-02   1.28104398E-02   1.28097050E-02  -5.73638135E-05
        5116   1.02340011E-02   1.28118778E-02   1.28111430E-02  -5.73573743E-05
        5117   1.02360016E-02   1.28133157E-02   1.28125809E-02  -5.73509351E-05
        5118   1.02380011E-02   1.28147528E-02   1.28140189E-02  -5.72718200E-05
        5119   1.02400016E-02   1.28161898E-02   1.28154550E-02  -5.73380748E-05
        5120   1.02420012E-02   1.28176268E-02   1.28168911E-02  -5.74043152E-05
        5121   1.02440007E-02   1.28190629E-02   1.28183281E-02  -5.73252219E-05
        5122   1.02460012E-02   1.28204990E-02   1.28197642E-02  -5.73188008E-05
        5123   1.02480007E-02   1.28219351E-02   1.28212012E-02  -5.72397366E-05
        5124   1.02500012E-02   1.28233703E-02   1.28226345E-02  -5.73786019E-05
        5125   1.02520008E-02   1.28248055E-02   1.28240716E-02  -5.72269273E-05
        5126   1.02540012E-02   1.28262406E-02   1.28255067E-02  -5.72205208E-05
        5127   1.02560008E-02   1.28276758E-02   1.28269410E-02  -5.72867320E-05
        5128   1.02580013E-02   1.28291100E-02   1.28283761E-02  -5.72077224E-05
        5129   1.02600008E-02   1.28305443E-02   1.28298085E-02  -5.73465186E-05
        5130   1.02620013E-02   1.28319785E-02   1.28312446E-02  -5.71949349E-05
        5131   1.02640009E-02   1.28334118E-02   1.28326770E-02  -5.72611243E-05
        5132   1.02660013E-02   1.28348451E-02   1.28341103E-02  -5.72547287E-05
        5133   1.02680009E-02   1.28362784E-02   1.28355427E-02  -5.73208999E-05
        5134   1.02700014E-02   1.28377108E-02   1.28369760E-02  -5.72419485E-05
        5135   1.02720009E-02   1.28391432E-02   1.28384084E-02  -5.72355602E-05
        5136   1.02740014E-02   1.28405755E-02   1.28398417E-02  -5.71566379E-05
        5137   1.02760009E-02   1.28420070E-02   1.28412722E-02  -5.72227982E-05
        5138   1.02780014E-02   1.28434384E-02   1.28427045E-02  -5.71438977E-05
        5139   1.02800010E-02   1.28448699E-02   1.28441351E-02  -5.72100435E-05
        5140   1.02820015E-02   1.28463013E-02   1.28455656E-02  -5.72761746E-05
        5141   1.02840010E-02   1.28477318E-02   1.28469979E-02  -5.71247983E-05
        5142   1.02860015E-02   1.28491623E-02   1.28484285E-02  -5.71184391E-05
        5143   1.02880010E-02   1.28505928E-02   1.28498590E-02  -5.71120800E-05
        5144   1.02900015E-02   1.28520224E-02   1.28512876E-02  -5.71782002E-05
        5145   1.02920011E-02   1.28534520E-02   1.28527181E-02  -5.70993761E-05
        5146   1.02940015E-02   1.28548816E-02   1.28541468E-02  -5.71654818E-05
        5147   1.02960011E-02   1.28563102E-02   1.28555773E-02  -5.70142329E-05
        5148   1.02980016E-02   1.28577389E-02   1.28570050E-02  -5.70803386E-05
        5149   1.03000011E-02   1.28591675E-02   1.28584336E-02  -5.70739976E-05
        5150   1.03020016E-02   1.28605952E-02   1.28598614E-02  -5.70676602E-05
        5151   1.03040012E-02   1.28620230E-02   1.28612900E-02  -5.69889089E-05
        5152   1.03060007E-02   1.28634507E-02   1.28627177E-02  -5.69825825E-05
        5153   1.03080012E-02   1.28648784E-02   1.28641436E-02  -5.71210585E-05
        5154   1.03100007E-02   1.28663052E-02   1.28655713E-02  -5.70423326E-05
        5155   1.03120012E-02   1.28677320E-02   1.28669972E-02  -5.71083910E-05
        5156   1.03140008E-02   1.28691588E-02   1.28684258E-02  -5.69573058E-05
        5157   1.03160013E-02   1.28705846E-02   1.28698498E-02  -5.70957345E-05
        5158   1.03180008E-02   1.28720105E-02   1.28712766E-02  -5.70170487E-05
        5159   1.03200013E-02   1.28734363E-02   1.28727024E-02  -5.70107331E-05
        5160   1.03220008E-02   1.28748612E-02   1.28741283E-02  -5.69320764E-05
        5161   1.03240013E-02   1.28762862E-02   1.28755523E-02  -5.69981130E-05
        5162   1.03260009E-02   1.28777111E-02   1.28769772E-02  -5.69918047E-05
        5163   1.03280013E-02   1.28791351E-02   1.28784021E-02  -5.69131844E-05
        5164   1.03300009E-02   1.28805591E-02   1.28798271E-02  -5.68345786E-05
        5165   1.03320014E-02   1.28819831E-02   1.28812501E-02  -5.69006006E-05
        5166   1.03340009E-02   1.28834071E-02   1.28826732E-02  -5.69666081E-05
        5167   1.03360014E-02   1.28848301E-02   1.28840972E-02  -5.68880278E-05
        5168   1.03380010E-02   1.28862532E-02   1.28855202E-02  -5.68817450E-05
        5169   1.03400014E-02   1.28876762E-02   1.28869424E-02  -5.69477343E-05
        5170   1.03420010E-02   1.28890984E-02   1.28883645E-02  -5.69414515E-05
        5171   1.03440015E-02   1.28905205E-02   1.28897866E-02  -5.69351687E-05
        5172   1.03460010E-02   1.28919426E-02   1.28912088E-02  -5.69288895E-05
        5173   1.03480015E-02   1.28933638E-02   1.28926300E-02  -5.69226140E-05
        5174   1.03500010E-02   1.28947850E-02   1.28940521E-02  -5.68441064E-05
        5175   1.03520015E-02   1.28962062E-02   1.28954733E-02  -5.68378418E-05
        5176   1.03540011E-02   1.28976274E-02   1.28968935E-02  -5.69037948E-05
        5177   1.03560016E-02   1.28990477E-02   1.28983138E-02  -5.68975302E-05
        5178   1.03580011E-02   1.29004680E-02   1.28997350E-02  -5.68190626E-05
        5179   1.03600016E-02   1.29018882E-02   1.29011534E-02  -5.69571966E-05
        5180   1.03620011E-02   1.29033076E-02   1.29025746E-02  -5.68065589E-05
        5181   1.03640016E-02   1.29047269E-02   1.29039930E-02  -5.68724863E-05
        5182   1.03660012E-02   1.29061462E-02   1.29054124E-02  -5.68662326E-05
        5183   1.03680007E-02   1.29075646E-02   1.29068308E-02  -5.68599826E-05
        5184   1.03700012E-02   1.29089830E-02   1.29082501E-02  -5.67815841E-05
        5185   1.03720007E-02   1.29104014E-02   1.29096685E-02  -5.67753450E-05
        5186   1.03740012E-02   1.29118189E-02   1.29110860E-02  -5.67691095E-05
        5187   1.03760008E-02   1.29132364E-02   1.29125034E-02  -5.67628776E-05
        5188   1.03780013E-02   1.29146539E-02   1.29139209E-02  -5.67566494E-05
        5189   1.03800008E-02   1.29160713E-02   1.29153393E-02  -5.66783056E-05
        5190   1.03820013E-02   1.29174879E-02   1.29167549E-02  -5.67441966E-05
        5191   1.03840008E-02   1.29189044E-02   1.29181715E-02  -5.67379720E-05
        5192   1.03860013E-02   1.29203210E-02   1.29195862E-02  -5.68759315E-05
        5193   1.03880009E-02   1.29217366E-02   1.29210036E-02  -5.67255374E-05
        5194   1.03900013E-02   1.29231522E-02   1.29224192E-02  -5.67193238E-05
        5195   1.03920009E-02   1.29245678E-02   1.29238339E-02  -5.67851748E-05
        5196   1.03940014E-02   1.29259825E-02   1.29252486E-02  -5.67789612E-05
        5197   1.03960009E-02   1.29273972E-02   1.29266642E-02  -5.67006973E-05
        5198   1.03980014E-02   1.29288118E-02   1.29280789E-02  -5.66944909E-05
        5199   1.04000010E-02   1.29302265E-02   1.29294945E-02  -5.66162526E-05
        5200   1.04020014E-02   1.29316403E-02   1.29309064E-02  -5.67541174E-05
        5201   1.04040010E-02   1.29330540E-02   1.29323201E-02  -5.67479146E-05
        5202   1.04060015E-02   1.29344678E-02   1.29337348E-02  -5.66696981E-05
        5203   1.04080010E-02   1.29358806E-02   1.29351467E-02  -5.67355128E-05
        5204   1.04100015E-02   1.29372934E-02   1.29365595E-02  -5.67293173E-05
        5205   1.04120011E-02   1.29387062E-02   1.29379723E-02  -5.67231218E-05
        5206   1.04140015E-02   1.29401181E-02   1.29393851E-02  -5.66449526E-05
        5207   1.04160011E-02   1.29415300E-02   1.29407980E-02  -5.65668015E-05
        5208   1.04180016E-02   1.29429419E-02   1.29422089E-02  -5.66325944E-05
        5209   1.04200011E-02   1.29443528E-02   1.29436208E-02  -5.65544651E-05
        5210   1.04220016E-02   1.29457638E-02   1.29450317E-02  -5.65482987E-05
        5211   1.04240011E-02   1.29471747E-02   1.29464436E-02  -5.64701986E-05
        5212   1.04260016E-02   1.29485857E-02   1.29478527E-02  -5.66079070E-05
        5213   1.04280012E-02   1.29499957E-02   1.29492637E-02  -5.65298214E-05
        5214   1.04300007E-02   1.29514057E-02   1.29506728E-02  -5.65955816E-05
        5215   1.04320012E-02   1.29528157E-02   1.29520819E-02  -5.66613307E-05
        5216   1.04340008E-02   1.29542248E-02   1.29534919E-02  -5.65832670E-05
        5217   1.04360012E-02   1.29556339E-02   1.29549000E-02  -5.66490053E-05
        5218   1.04380008E-02   1.29570430E-02   1.29563101E-02  -5.65709561E-05
        5219   1.04400013E-02   1.29584512E-02   1.29577182E-02  -5.65648115E-05
        5220   1.04420008E-02   1.29598593E-02   1.29591273E-02  -5.64867914E-05
        5221   1.04440013E-02   1.29612675E-02   1.29605336E-02  -5.66243798E-05
        5222   1.04460008E-02   1.29626757E-02   1.29619427E-02  -5.65463743E-05
        5223   1.04480013E-02   1.29640829E-02   1.29633499E-02  -5.65402370E-05
        5224   1.04500009E-02   1.29654901E-02   1.29647572E-02  -5.65340997E-05
        5225   1.04520014E-02   1.29668973E-02   1.29661644E-02  -5.65279624E-05
        5226   1.04540009E-02   1.29683036E-02   1.29675707E-02  -5.65218324E-05
        5227   1.04560014E-02   1.29697099E-02   1.29689770E-02  -5.65157025E-05
        5228   1.04580009E-02   1.29711162E-02   1.29703833E-02  -5.65095761E-05
        5229   1.04600014E-02   1.29725216E-02   1.29717896E-02  -5.64316542E-05
        5230   1.04620010E-02   1.29739270E-02   1.29731940E-02  -5.64973343E-05
        5231   1.04640014E-02   1.29753323E-02   1.29746003E-02  -5.64194306E-05
        5232   1.04660010E-02   1.29767377E-02   1.29760047E-02  -5.64850961E-05
        5233   1.04680015E-02   1.29781421E-02   1.29774092E-02  -5.64789843E-05
        5234   1.04700010E-02   1.29795466E-02   1.29788136E-02  -5.64728725E-05
        5235   1.04720015E-02   1.29809510E-02   1.29802180E-02  -5.64667607E-05
        5236   1.04740011E-02   1.29823545E-02   1.29816215E-02  -5.64606562E-05
        5237   1.04760015E-02   1.29837580E-02   1.29830251E-02  -5.64545517E-05
        5238   1.04780011E-02   1.29851615E-02   1.29844286E-02  -5.64484508E-05
        5239   1.04800016E-02   1.29865641E-02   1.29858321E-02  -5.63706308E-05
        5240   1.04820011E-02   1.29879666E-02   1.29872346E-02  -5.63645444E-05
        5241   1.04840016E-02   1.29893692E-02   1.29886363E-02  -5.64301627E-05
        5242   1.04860011E-02   1.29907718E-02   1.29900379E-02  -5.64957700E-05
        5243   1.04880016E-02   1.29921734E-02   1.29914414E-02  -5.63462927E-05
        5244   1.04900012E-02   1.29935751E-02   1.29928421E-02  -5.64118964E-05
        5245   1.04920007E-02   1.29949767E-02   1.29942438E-02  -5.64058100E-05
        5246   1.04940012E-02   1.29963774E-02   1.29956435E-02  -5.64713991E-05
        5247   1.04960008E-02   1.29977781E-02   1.29970452E-02  -5.63936555E-05
        5248   1.04980012E-02   1.29991788E-02   1.29984450E-02  -5.64592301E-05
        5249   1.05000008E-02   1.30005786E-02   1.29998466E-02  -5.63098583E-05
        5250   1.05020013E-02   1.30019784E-02   1.30012445E-02  -5.64470720E-05
        5251   1.05040008E-02   1.30033782E-02   1.30026452E-02  -5.63693648E-05
        5252   1.05060013E-02   1.30047780E-02   1.30040450E-02  -5.63632966E-05
        5253   1.05080009E-02   1.30061768E-02   1.30054448E-02  -5.62856221E-05
        5254   1.05100013E-02   1.30075756E-02   1.30068418E-02  -5.64227812E-05
        5255   1.05120009E-02   1.30089745E-02   1.30082415E-02  -5.63451140E-05
        5256   1.05140014E-02   1.30103724E-02   1.30096385E-02  -5.64106522E-05
        5257   1.05160009E-02   1.30117703E-02   1.30110383E-02  -5.62614223E-05
        5258   1.05180014E-02   1.30131682E-02   1.30124353E-02  -5.63269568E-05
        5259   1.05200009E-02   1.30145652E-02   1.30138323E-02  -5.63209105E-05
        5260   1.05220014E-02   1.30159622E-02   1.30152293E-02  -5.63148642E-05
        5261   1.05240010E-02   1.30173592E-02   1.30166262E-02  -5.63088215E-05
        5262   1.05260015E-02   1.30187562E-02   1.30180223E-02  -5.63743233E-05
        5263   1.05280010E-02   1.30201522E-02   1.30194183E-02  -5.63682770E-05
        5264   1.05300015E-02   1.30215483E-02   1.30208153E-02  -5.62907044E-05
        5265   1.05320010E-02   1.30229443E-02   1.30222104E-02  -5.63561916E-05
        5266   1.05340015E-02   1.30243395E-02   1.30236046E-02  -5.64216680E-05
        5267   1.05360011E-02   1.30257346E-02   1.30250007E-02  -5.63441172E-05
        5268   1.05380015E-02   1.30271297E-02   1.30263958E-02  -5.63380854E-05
        5269   1.05400011E-02   1.30285239E-02   1.30277919E-02  -5.61890738E-05
        5270   1.05420016E-02   1.30299181E-02   1.30291842E-02  -5.63260292E-05
        5271   1.05440011E-02   1.30313123E-02   1.30305784E-02  -5.63200010E-05
        5272   1.05460016E-02   1.30327065E-02   1.30319726E-02  -5.63139765E-05
        5273   1.05480012E-02   1.30340997E-02   1.30333658E-02  -5.63079557E-05
        5274   1.05500016E-02   1.30354930E-02   1.30347591E-02  -5.63019385E-05
        5275   1.05520012E-02   1.30368862E-02   1.30361533E-02  -5.62244750E-05
        5276   1.05540007E-02   1.30382786E-02   1.30375437E-02  -5.63613467E-05
        5277   1.05560012E-02   1.30396709E-02   1.30389379E-02  -5.62124660E-05
        5278   1.05580008E-02   1.30410632E-02   1.30403303E-02  -5.62064633E-05
        5279   1.05600012E-02   1.30424546E-02   1.30417198E-02  -5.63432986E-05
        5280   1.05620008E-02   1.30438460E-02   1.30431121E-02  -5.62658788E-05
        5281   1.05640013E-02   1.30452374E-02   1.30445035E-02  -5.62598798E-05
        5282   1.05660008E-02   1.30466288E-02   1.30458949E-02  -5.62538771E-05
        5283   1.05680013E-02   1.30480193E-02   1.30472844E-02  -5.63192698E-05
        5284   1.05700009E-02   1.30494097E-02   1.30486758E-02  -5.62418900E-05
        5285   1.05720013E-02   1.30508002E-02   1.30500663E-02  -5.62358982E-05
        5286   1.05740009E-02   1.30521897E-02   1.30514558E-02  -5.62299101E-05
        5287   1.05760014E-02   1.30535793E-02   1.30528444E-02  -5.62952773E-05
        5288   1.05780009E-02   1.30549688E-02   1.30542349E-02  -5.62179412E-05
        5289   1.05800014E-02   1.30563574E-02   1.30556244E-02  -5.61406196E-05
        5290   1.05820009E-02   1.30577460E-02   1.30570121E-02  -5.62059831E-05
        5291   1.05840014E-02   1.30591346E-02   1.30583998E-02  -5.62713285E-05
        5292   1.05860010E-02   1.30605232E-02   1.30597902E-02  -5.61227134E-05
        5293   1.05880015E-02   1.30619109E-02   1.30611761E-02  -5.62593668E-05
        5294   1.05900010E-02   1.30632985E-02   1.30625647E-02  -5.61820889E-05
        5295   1.05920015E-02   1.30646862E-02   1.30639523E-02  -5.61761226E-05
        5296   1.05940010E-02   1.30660729E-02   1.30653391E-02  -5.61701600E-05
        5297   1.05960015E-02   1.30674597E-02   1.30667258E-02  -5.61641973E-05
        5298   1.05980011E-02   1.30688464E-02   1.30681135E-02  -5.60869667E-05
        5299   1.06000016E-02   1.30702322E-02   1.30694984E-02  -5.61522829E-05
        5300   1.06020011E-02   1.30716180E-02   1.30708851E-02  -5.60750741E-05
        5301   1.06040016E-02   1.30730039E-02   1.30722700E-02  -5.61403795E-05
        5302   1.06060011E-02   1.30743897E-02   1.30736567E-02  -5.60631888E-05
        5303   1.06080016E-02   1.30757745E-02   1.30750416E-02  -5.60572480E-05
        5304   1.06100012E-02   1.30771594E-02   1.30764265E-02  -5.60513108E-05
        5305   1.06120016E-02   1.30785443E-02   1.30778095E-02  -5.61878114E-05
        5306   1.06140012E-02   1.30799282E-02   1.30791944E-02  -5.61106572E-05
        5307   1.06160007E-02   1.30813122E-02   1.30805783E-02  -5.61047200E-05
        5308   1.06180012E-02   1.30826961E-02   1.30819613E-02  -5.61699817E-05
        5309   1.06200008E-02   1.30840791E-02   1.30833453E-02  -5.60928565E-05
        5310   1.06220013E-02   1.30854622E-02   1.30847283E-02  -5.60869266E-05
        5311   1.06240008E-02   1.30868452E-02   1.30861113E-02  -5.60810004E-05
        5312   1.06260013E-02   1.30882282E-02   1.30874943E-02  -5.60750741E-05
        5313   1.06280008E-02   1.30896103E-02   1.30888773E-02  -5.59979926E-05
        5314   1.06300013E-02   1.30909923E-02   1.30902575E-02  -5.61343804E-05
        5315   1.06320009E-02   1.30923744E-02   1.30916415E-02  -5.59861692E-05
        5316   1.06340013E-02   1.30937556E-02   1.30930217E-02  -5.60513981E-05
        5317   1.06360009E-02   1.30951367E-02   1.30944038E-02  -5.59743603E-05
        5318   1.06380014E-02   1.30965179E-02   1.30957840E-02  -5.60395747E-05
        5319   1.06400009E-02   1.30978990E-02   1.30971652E-02  -5.60336666E-05
        5320   1.06420014E-02   1.30992793E-02   1.30985444E-02  -5.60988665E-05
        5321   1.06440010E-02   1.31006595E-02   1.30999256E-02  -5.60218577E-05
        5322   1.06460014E-02   1.31020397E-02   1.31013058E-02  -5.60159569E-05
        5323   1.06480010E-02   1.31034190E-02   1.31026851E-02  -5.60100598E-05
        5324   1.06500015E-02   1.31047983E-02   1.31040644E-02  -5.60041663E-05
        5325   1.06520010E-02   1.31061776E-02   1.31054446E-02  -5.59272048E-05
        5326   1.06540015E-02   1.31075559E-02   1.31068230E-02  -5.59213222E-05
        5327   1.06560010E-02   1.31089343E-02   1.31082004E-02  -5.59864930E-05
        5328   1.06580015E-02   1.31103126E-02   1.31095788E-02  -5.59806067E-05
        5329   1.06600011E-02   1.31116910E-02   1.31109571E-02  -5.59747241E-05
        5330   1.06620016E-02   1.31130684E-02   1.31123345E-02  -5.59688415E-05
        5331   1.06640011E-02   1.31144458E-02   1.31137120E-02  -5.59629625E-05
        5332   1.06660016E-02   1.31158233E-02   1.31150885E-02  -5.60281005E-05
        5333   1.06680011E-02   1.31171998E-02   1.31164668E-02  -5.58802058E-05
        5334   1.06700016E-02   1.31185763E-02   1.31178424E-02  -5.59453438E-05
        5335   1.06720012E-02   1.31199528E-02   1.31192189E-02  -5.59394721E-05
        5336   1.06740016E-02   1.31213283E-02   1.31205963E-02  -5.57916355E-05
        5337   1.06760012E-02   1.31227039E-02   1.31219719E-02  -5.57857893E-05
        5338   1.06780007E-02   1.31240794E-02   1.31233465E-02  -5.58509128E-05
        5339   1.06800012E-02   1.31254550E-02   1.31247211E-02  -5.59160217E-05
        5340   1.06820008E-02   1.31268296E-02   1.31260967E-02  -5.58392094E-05
        5341   1.06840013E-02   1.31282043E-02   1.31274713E-02  -5.58333631E-05
        5342   1.06860008E-02   1.31295789E-02   1.31288450E-02  -5.58984575E-05
        5343   1.06880013E-02   1.31309526E-02   1.31302187E-02  -5.58926113E-05
        5344   1.06900008E-02   1.31323263E-02   1.31315943E-02  -5.57449093E-05
        5345   1.06920013E-02   1.31337000E-02   1.31329661E-02  -5.58809152E-05
        5346   1.06940009E-02   1.31350737E-02   1.31343408E-02  -5.58041611E-05
        5347   1.06960014E-02   1.31364465E-02   1.31357117E-02  -5.59401378E-05
        5348   1.06980009E-02   1.31378192E-02   1.31370854E-02  -5.58633947E-05
        5349   1.07000014E-02   1.31391920E-02   1.31384581E-02  -5.58575593E-05
        5350   1.07020009E-02   1.31405639E-02   1.31398309E-02  -5.57808453E-05
        5351   1.07040014E-02   1.31419357E-02   1.31412027E-02  -5.57750209E-05
        5352   1.07060010E-02   1.31433075E-02   1.31425736E-02  -5.58400679E-05
        5353   1.07080014E-02   1.31446784E-02   1.31439446E-02  -5.58342435E-05
        5354   1.07100010E-02   1.31460493E-02   1.31453164E-02  -5.57575659E-05
        5355   1.07120015E-02   1.31474202E-02   1.31466864E-02  -5.58225984E-05
        5356   1.07140010E-02   1.31487912E-02   1.31480573E-02  -5.58167776E-05
        5357   1.07160015E-02   1.31501611E-02   1.31494282E-02  -5.57401327E-05
        5358   1.07180011E-02   1.31515311E-02   1.31507991E-02  -5.56635023E-05
        5359   1.07200015E-02   1.31529011E-02   1.31521672E-02  -5.57993371E-05
        5360   1.07220011E-02   1.31542701E-02   1.31535372E-02  -5.57227213E-05
        5361   1.07240016E-02   1.31556392E-02   1.31549072E-02  -5.56461200E-05
        5362   1.07260011E-02   1.31570082E-02   1.31562753E-02  -5.57111234E-05
        5363   1.07280016E-02   1.31583773E-02   1.31576443E-02  -5.57053245E-05
        5364   1.07300011E-02   1.31597454E-02   1.31590124E-02  -5.56995328E-05
        5365   1.07320016E-02   1.31611135E-02   1.31603815E-02  -5.56229716E-05
        5366   1.07340012E-02   1.31624816E-02   1.31617486E-02  -5.56879568E-05
        5367   1.07360017E-02   1.31638488E-02   1.31631158E-02  -5.56821724E-05
        5368   1.07380012E-02   1.31652160E-02   1.31644830E-02  -5.56763880E-05
        5369   1.07400008E-02   1.31665831E-02   1.31658493E-02  -5.57413478E-05
        5370   1.07420012E-02   1.31679494E-02   1.31672164E-02  -5.56648301E-05
        5371   1.07440008E-02   1.31693156E-02   1.31685827E-02  -5.56590530E-05
        5372   1.07460013E-02   1.31706819E-02   1.31699489E-02  -5.56532796E-05
        5373   1.07480008E-02   1.31720481E-02   1.31713152E-02  -5.56475061E-05
        5374   1.07500013E-02   1.31734135E-02   1.31726814E-02  -5.55710358E-05
        5375   1.07520008E-02   1.31747788E-02   1.31740458E-02  -5.56359737E-05
        5376   1.07540013E-02   1.31761441E-02   1.31754111E-02  -5.56302075E-05
        5377   1.07560009E-02   1.31775085E-02   1.31767746E-02  -5.56951309E-05
        5378   1.07580014E-02   1.31788729E-02   1.31781409E-02  -5.55480146E-05
        5379   1.07600009E-02   1.31802373E-02   1.31795043E-02  -5.56129307E-05
        5380   1.07620014E-02   1.31816017E-02   1.31808687E-02  -5.56071755E-05
        5381   1.07640009E-02   1.31829651E-02   1.31822322E-02  -5.56014238E-05
        5382   1.07660014E-02   1.31843286E-02   1.31835956E-02  -5.55956722E-05
        5383   1.07680010E-02   1.31856920E-02   1.31849600E-02  -5.55192855E-05
        5384   1.07700014E-02   1.31870545E-02   1.31863207E-02  -5.56548111E-05
        5385   1.07720010E-02   1.31884171E-02   1.31876851E-02  -5.55078113E-05
        5386   1.07740015E-02   1.31897796E-02   1.31890457E-02  -5.56433115E-05
        5387   1.07760010E-02   1.31911412E-02   1.31904082E-02  -5.55669576E-05
        5388   1.07780015E-02   1.31925028E-02   1.31917698E-02  -5.55612241E-05
        5389   1.07800011E-02   1.31938644E-02   1.31931314E-02  -5.55554907E-05
        5390   1.07820015E-02   1.31952260E-02   1.31944930E-02  -5.55497572E-05
        5391   1.07840011E-02   1.31965866E-02   1.31958537E-02  -5.55440274E-05
        5392   1.07860016E-02   1.31979473E-02   1.31972143E-02  -5.55383012E-05
        5393   1.07880011E-02   1.31993080E-02   1.31985759E-02  -5.54620092E-05
        5394   1.07900016E-02   1.32006677E-02   1.31999347E-02  -5.55268562E-05
        5395   1.07920012E-02   1.32020274E-02   1.32012963E-02  -5.53800310E-05
        5396   1.07940016E-02   1.32033871E-02   1.32026551E-02  -5.54448743E-05
        5397   1.07960012E-02   1.32047469E-02   1.32040139E-02  -5.55096995E-05
        5398   1.07980017E-02   1.32061057E-02   1.32053727E-02  -5.55039878E-05
        5399   1.08000012E-02   1.32074645E-02   1.32067315E-02  -5.54982798E-05
        5400   1.08020008E-02   1.32088233E-02   1.32080913E-02  -5.54220533E-05
        5401   1.08040012E-02   1.32101811E-02   1.32094473E-02  -5.55573715E-05
        5402   1.08060008E-02   1.32115390E-02   1.32108070E-02  -5.54106591E-05
        5403   1.08080013E-02   1.32128969E-02   1.32121639E-02  -5.54754588E-05
        5404   1.08100008E-02   1.32142548E-02   1.32135218E-02  -5.54697581E-05
        5405   1.08120013E-02   1.32156117E-02   1.32148787E-02  -5.54640646E-05
        5406   1.08140009E-02   1.32169686E-02   1.32162357E-02  -5.54583676E-05
        5407   1.08160013E-02   1.32183256E-02   1.32175917E-02  -5.55231381E-05
        5408   1.08180009E-02   1.32196816E-02   1.32189486E-02  -5.54469880E-05
        5409   1.08200014E-02   1.32210376E-02   1.32203056E-02  -5.53708487E-05
        5410   1.08220009E-02   1.32223936E-02   1.32216606E-02  -5.54356120E-05
        5411   1.08240014E-02   1.32237487E-02   1.32230157E-02  -5.54299331E-05
        5412   1.08260009E-02   1.32251037E-02   1.32243717E-02  -5.53538230E-05
        5413   1.08280014E-02   1.32264588E-02   1.32257268E-02  -5.53481514E-05
        5414   1.08300010E-02   1.32278139E-02   1.32270809E-02  -5.54128965E-05
        5415   1.08320015E-02   1.32291680E-02   1.32284351E-02  -5.54072249E-05
        5416   1.08340010E-02   1.32305222E-02   1.32297892E-02  -5.54015533E-05
        5417   1.08360015E-02   1.32318763E-02   1.32311434E-02  -5.53958816E-05
        5418   1.08380010E-02   1.32332295E-02   1.32324975E-02  -5.53198333E-05
        5419   1.08400015E-02   1.32345827E-02   1.32338498E-02  -5.53845530E-05
        5420   1.08420011E-02   1.32359359E-02   1.32352039E-02  -5.53085192E-05
        5421   1.08440015E-02   1.32372892E-02   1.32365562E-02  -5.53732280E-05
        5422   1.08460011E-02   1.32386414E-02   1.32379103E-02  -5.52268612E-05
        5423   1.08480016E-02   1.32399937E-02   1.32392608E-02  -5.53619175E-05
        5424   1.08500011E-02   1.32413460E-02   1.32406140E-02  -5.52859201E-05
        5425   1.08520016E-02   1.32426973E-02   1.32419653E-02  -5.52802812E-05
        5426   1.08540012E-02   1.32440487E-02   1.32433176E-02  -5.52043093E-05
        5427   1.08560016E-02   1.32454000E-02   1.32446671E-02  -5.53393184E-05
        5428   1.08580012E-02   1.32467514E-02   1.32460184E-02  -5.53336722E-05
        5429   1.08600017E-02   1.32481018E-02   1.32473689E-02  -5.53280333E-05
        5430   1.08620012E-02   1.32494522E-02   1.32487202E-02  -5.52520942E-05
        5431   1.08640008E-02   1.32508026E-02   1.32500697E-02  -5.53167556E-05
        5432   1.08660012E-02   1.32521521E-02   1.32514192E-02  -5.53111240E-05
        5433   1.08680008E-02   1.32535016E-02   1.32527696E-02  -5.52352139E-05
        5434   1.08700013E-02   1.32548511E-02   1.32541172E-02  -5.53701284E-05
        5435   1.08720008E-02   1.32562006E-02   1.32554667E-02  -5.53644932E-05
        5436   1.08740013E-02   1.32575491E-02   1.32568162E-02  -5.52886049E-05
        5437   1.08760009E-02   1.32588977E-02   1.32581657E-02  -5.52127312E-05
        5438   1.08780013E-02   1.32602463E-02   1.32595133E-02  -5.52773599E-05
        5439   1.08800009E-02   1.32615939E-02   1.32608600E-02  -5.53419741E-05
        5440   1.08820014E-02   1.32629415E-02   1.32622086E-02  -5.52661259E-05
        5441   1.08840009E-02   1.32642891E-02   1.32635571E-02  -5.51902885E-05
        5442   1.08860014E-02   1.32656358E-02   1.32649038E-02  -5.51846861E-05
        5443   1.08880010E-02   1.32669825E-02   1.32662505E-02  -5.51790836E-05
        5444   1.08900014E-02   1.32683292E-02   1.32675953E-02  -5.53138816E-05
        5445   1.08920010E-02   1.32696759E-02   1.32689439E-02  -5.51678822E-05
        5446   1.08940015E-02   1.32710217E-02   1.32702896E-02  -5.51622870E-05
        5447   1.08960010E-02   1.32723674E-02   1.32716354E-02  -5.51566955E-05
        5448   1.08980015E-02   1.32737132E-02   1.32729802E-02  -5.52212732E-05
        5449   1.09000010E-02   1.32750580E-02   1.32743260E-02  -5.51455159E-05
        5450   1.09020015E-02   1.32764028E-02   1.32756708E-02  -5.51399280E-05
        5451   1.09040011E-02   1.32777477E-02   1.32770156E-02  -5.51343437E-05
        5452   1.09060016E-02   1.32790925E-02   1.32783605E-02  -5.51287594E-05
        5453   1.09080011E-02   1.32804364E-02   1.32797044E-02  -5.51231824E-05
        5454   1.09100016E-02   1.32817803E-02   1.32810483E-02  -5.51176017E-05
        5455   1.09120011E-02   1.32831242E-02   1.32823922E-02  -5.51120247E-05
        5456   1.09140016E-02   1.32844672E-02   1.32837351E-02  -5.51064550E-05
        5457   1.09160012E-02   1.32858101E-02   1.32850790E-02  -5.50307777E-05
        5458   1.09180016E-02   1.32871531E-02   1.32864211E-02  -5.50953155E-05
        5459   1.09200012E-02   1.32884961E-02   1.32877631E-02  -5.51598387E-05
        5460   1.09220017E-02   1.32898381E-02   1.32891051E-02  -5.51542689E-05
        5461   1.09240012E-02   1.32911801E-02   1.32904481E-02  -5.50786208E-05
        5462   1.09260008E-02   1.32925222E-02   1.32917902E-02  -5.50730583E-05
        5463   1.09280013E-02   1.32938633E-02   1.32931313E-02  -5.50675031E-05
        5464   1.09300008E-02   1.32952044E-02   1.32944724E-02  -5.50619479E-05
        5465   1.09320013E-02   1.32965455E-02   1.32958125E-02  -5.51264457E-05
        5466   1.09340008E-02   1.32978866E-02   1.32971546E-02  -5.50508412E-05
        5467   1.09360013E-02   1.32992268E-02   1.32984947E-02  -5.50452933E-05
        5468   1.09380009E-02   1.33005669E-02   1.32998340E-02  -5.51097764E-05
        5469   1.09400013E-02   1.33019071E-02   1.33011742E-02  -5.51042212E-05
        5470   1.09420009E-02   1.33032463E-02   1.33025143E-02  -5.50286604E-05
        5471   1.09440014E-02   1.33045856E-02   1.33038545E-02  -5.49531142E-05
        5472   1.09460009E-02   1.33059248E-02   1.33051928E-02  -5.50175828E-05
        5473   1.09480014E-02   1.33072641E-02   1.33065321E-02  -5.50120458E-05
        5474   1.09500010E-02   1.33086024E-02   1.33078704E-02  -5.50065124E-05
        5475   1.09520014E-02   1.33099407E-02   1.33092087E-02  -5.50009827E-05
        5476   1.09540010E-02   1.33112790E-02   1.33105470E-02  -5.49954530E-05
        5477   1.09560015E-02   1.33126164E-02   1.33118844E-02  -5.49899269E-05
        5478   1.09580010E-02   1.33139538E-02   1.33132217E-02  -5.49844008E-05
        5479   1.09600015E-02   1.33152911E-02   1.33145591E-02  -5.49788783E-05
        5480   1.09620010E-02   1.33166285E-02   1.33158965E-02  -5.49733595E-05
        5481   1.09640015E-02   1.33179650E-02   1.33172320E-02  -5.50377772E-05
        5482   1.09660011E-02   1.33193014E-02   1.33185694E-02  -5.49623255E-05
        5483   1.09680016E-02   1.33206379E-02   1.33199058E-02  -5.49568103E-05
        5484   1.09700011E-02   1.33219734E-02   1.33212423E-02  -5.48813841E-05
        5485   1.09720016E-02   1.33233089E-02   1.33225769E-02  -5.49457909E-05
        5486   1.09740011E-02   1.33246444E-02   1.33239124E-02  -5.49402866E-05
        5487   1.09760016E-02   1.33259799E-02   1.33252479E-02  -5.49347787E-05
        5488   1.09780012E-02   1.33273145E-02   1.33265825E-02  -5.49292781E-05
        5489   1.09800017E-02   1.33286491E-02   1.33279162E-02  -5.49936594E-05
        5490   1.09820012E-02   1.33299837E-02   1.33292507E-02  -5.49881515E-05
        5491   1.09840017E-02   1.33313173E-02   1.33305853E-02  -5.49127835E-05
        5492   1.09860012E-02   1.33326510E-02   1.33319180E-02  -5.49771503E-05
        5493   1.09880008E-02   1.33339847E-02   1.33332526E-02  -5.49017968E-05
        5494   1.09900013E-02   1.33353183E-02   1.33345835E-02  -5.51058474E-05
        5495   1.09920008E-02   1.33366510E-02   1.33359181E-02  -5.49606593E-05
        5496   1.09940013E-02   1.33379837E-02   1.33372508E-02  -5.49551696E-05
        5497   1.09960008E-02   1.33393165E-02   1.33385835E-02  -5.49496763E-05
        5498   1.09980013E-02   1.33406483E-02   1.33399153E-02  -5.49441902E-05
        5499   1.10000009E-02   1.33419801E-02   1.33412480E-02  -5.48688949E-05
        5500   1.10020014E-02   1.33433118E-02   1.33425780E-02  -5.50030272E-05
        5501   1.10040009E-02   1.33446436E-02   1.33439107E-02  -5.49277393E-05
        5502   1.10060014E-02   1.33459745E-02   1.33452415E-02  -5.49222641E-05
        5503   1.10080009E-02   1.33473054E-02   1.33465715E-02  -5.49865690E-05
        5504   1.10100014E-02   1.33486362E-02   1.33479023E-02  -5.49810866E-05
        5505   1.10120010E-02   1.33499661E-02   1.33492332E-02  -5.49058386E-05
        5506   1.10140014E-02   1.33512961E-02   1.33505631E-02  -5.49003707E-05
        5507   1.10160010E-02   1.33526260E-02   1.33518931E-02  -5.48949029E-05
        5508   1.10180015E-02   1.33539559E-02   1.33532220E-02  -5.49591823E-05
        5509   1.10200010E-02   1.33552849E-02   1.33545510E-02  -5.49537144E-05
        5510   1.10220015E-02   1.33566139E-02   1.33558791E-02  -5.50179830E-05
        5511   1.10240011E-02   1.33579429E-02   1.33572100E-02  -5.48730495E-05
        5512   1.10260015E-02   1.33592710E-02   1.33585380E-02  -5.48675962E-05
        5513   1.10280011E-02   1.33605991E-02   1.33598661E-02  -5.48621429E-05
        5514   1.10300016E-02   1.33619271E-02   1.33611942E-02  -5.48566895E-05
        5515   1.10320011E-02   1.33632552E-02   1.33625222E-02  -5.48512362E-05
        5516   1.10340016E-02   1.33645823E-02   1.33638475E-02  -5.49851757E-05
        5517   1.10360011E-02   1.33659095E-02   1.33651765E-02  -5.48403441E-05
        5518   1.10380016E-02   1.33672366E-02   1.33665036E-02  -5.48348980E-05
        5519   1.10400012E-02   1.33685628E-02   1.33678289E-02  -5.48991302E-05
        5520   1.10420017E-02   1.33698890E-02   1.33691542E-02  -5.49633514E-05
        5521   1.10440012E-02   1.33712152E-02   1.33704823E-02  -5.48185817E-05
        5522   1.10460017E-02   1.33725414E-02   1.33718085E-02  -5.48131429E-05
        5523   1.10480012E-02   1.33738667E-02   1.33731337E-02  -5.48077114E-05
        5524   1.10500008E-02   1.33751919E-02   1.33744571E-02  -5.49415563E-05
        5525   1.10520013E-02   1.33765172E-02   1.33757824E-02  -5.49361139E-05
        5526   1.10540008E-02   1.33778416E-02   1.33771086E-02  -5.47914278E-05
        5527   1.10560013E-02   1.33791659E-02   1.33784311E-02  -5.49252363E-05
        5528   1.10580008E-02   1.33804902E-02   1.33797564E-02  -5.48501921E-05
        5529   1.10600013E-02   1.33818146E-02   1.33810807E-02  -5.48447606E-05
        5530   1.10620009E-02   1.33831380E-02   1.33824032E-02  -5.49089345E-05
        5531   1.10640014E-02   1.33844614E-02   1.33837266E-02  -5.49035067E-05
        5532   1.10660009E-02   1.33857848E-02   1.33850500E-02  -5.48980788E-05
        5533   1.10680014E-02   1.33871073E-02   1.33863734E-02  -5.48230782E-05
        5534   1.10700009E-02   1.33884298E-02   1.33876968E-02  -5.47480922E-05
        5535   1.10720014E-02   1.33897522E-02   1.33890174E-02  -5.48818098E-05
        5536   1.10740010E-02   1.33910747E-02   1.33903408E-02  -5.48068347E-05
        5537   1.10760015E-02   1.33923963E-02   1.33916624E-02  -5.48014250E-05
        5538   1.10780010E-02   1.33937178E-02   1.33929849E-02  -5.47264754E-05
        5539   1.10800015E-02   1.33950394E-02   1.33943055E-02  -5.47906129E-05
        5540   1.10820010E-02   1.33963600E-02   1.33956261E-02  -5.47852105E-05
        5541   1.10840015E-02   1.33976806E-02   1.33969458E-02  -5.48493299E-05
        5542   1.10860011E-02   1.33990012E-02   1.33982683E-02  -5.47048949E-05
        5543   1.10880015E-02   1.34003218E-02   1.33995879E-02  -5.47690106E-05
        5544   1.10900011E-02   1.34016415E-02   1.34009076E-02  -5.47636191E-05
        5545   1.10920016E-02   1.34029612E-02   1.34022273E-02  -5.47582240E-05
        5546   1.10940011E-02   1.34042809E-02   1.34035461E-02  -5.48223215E-05
        5547   1.10960016E-02   1.34055996E-02   1.34048648E-02  -5.48169264E-05
        5548   1.10980012E-02   1.34069184E-02   1.34061845E-02  -5.47420641E-05
        5549   1.11000016E-02   1.34082371E-02   1.34075033E-02  -5.47366762E-05
        5550   1.11020012E-02   1.34095559E-02   1.34088211E-02  -5.48007556E-05
        5551   1.11040017E-02   1.34108737E-02   1.34101398E-02  -5.47259151E-05
        5552   1.11060012E-02   1.34121915E-02   1.34114577E-02  -5.47205382E-05
        5553   1.11080017E-02   1.34135094E-02   1.34127745E-02  -5.47846030E-05
        5554   1.11100012E-02   1.34148262E-02   1.34140914E-02  -5.47792224E-05
        5555   1.11120008E-02   1.34161431E-02   1.34154102E-02  -5.46349947E-05
        5556   1.11140013E-02   1.34174600E-02   1.34167261E-02  -5.46990523E-05
        5557   1.11160008E-02   1.34187769E-02   1.34180421E-02  -5.47630952E-05
        5558   1.11180013E-02   1.34200929E-02   1.34193581E-02  -5.47577256E-05
        5559   1.11200009E-02   1.34214088E-02   1.34206749E-02  -5.46829579E-05
        5560   1.11220013E-02   1.34227248E-02   1.34219909E-02  -5.46775955E-05
        5561   1.11240009E-02   1.34240398E-02   1.34233069E-02  -5.46028532E-05
        5562   1.11260014E-02   1.34253548E-02   1.34246200E-02  -5.47362615E-05
        5563   1.11280009E-02   1.34266699E-02   1.34259360E-02  -5.46615302E-05
        5564   1.11300014E-02   1.34279849E-02   1.34272501E-02  -5.47255404E-05
        5565   1.11320009E-02   1.34292990E-02   1.34285660E-02  -5.45814692E-05
        5566   1.11340014E-02   1.34306131E-02   1.34298801E-02  -5.45761286E-05
        5567   1.11360010E-02   1.34319272E-02   1.34311933E-02  -5.46401316E-05
        5568   1.11380015E-02   1.34332404E-02   1.34325074E-02  -5.45654548E-05
        5569   1.11400010E-02   1.34345535E-02   1.34338206E-02  -5.45601215E-05
        5570   1.11420015E-02   1.34358667E-02   1.34351319E-02  -5.46934352E-05
        5571   1.11440010E-02   1.34371798E-02   1.34364460E-02  -5.46187730E-05
        5572   1.11460015E-02   1.34384921E-02   1.34377591E-02  -5.45441289E-05
        5573   1.11480011E-02   1.34398043E-02   1.34390704E-02  -5.46081064E-05
        5574   1.11500015E-02   1.34411165E-02   1.34403817E-02  -5.46720730E-05
        5575   1.11520011E-02   1.34424288E-02   1.34416949E-02  -5.45974435E-05
        5576   1.11540016E-02   1.34437401E-02   1.34430071E-02  -5.45228359E-05
        5577   1.11560011E-02   1.34450514E-02   1.34443184E-02  -5.45175171E-05
        5578   1.11580016E-02   1.34463627E-02   1.34456288E-02  -5.45814692E-05
        5579   1.11600012E-02   1.34476731E-02   1.34469401E-02  -5.45068870E-05
        5580   1.11620016E-02   1.34489834E-02   1.34482495E-02  -5.45708353E-05
        5581   1.11640012E-02   1.34502938E-02   1.34495609E-02  -5.44962677E-05
        5582   1.11660017E-02   1.34516042E-02   1.34508703E-02  -5.45602015E-05
        5583   1.11680012E-02   1.34529136E-02   1.34521807E-02  -5.44856557E-05
        5584   1.11700017E-02   1.34542231E-02   1.34534901E-02  -5.44803515E-05
        5585   1.11720013E-02   1.34555325E-02   1.34547995E-02  -5.44750474E-05
        5586   1.11740008E-02   1.34568410E-02   1.34561080E-02  -5.44697505E-05
        5587   1.11760013E-02   1.34581495E-02   1.34574147E-02  -5.46028750E-05
        5588   1.11780008E-02   1.34594580E-02   1.34587251E-02  -5.44591603E-05
        5589   1.11800013E-02   1.34607665E-02   1.34600326E-02  -5.45230614E-05
        5590   1.11820009E-02   1.34620741E-02   1.34613402E-02  -5.45177645E-05
        5591   1.11840013E-02   1.34633817E-02   1.34626478E-02  -5.45124713E-05
        5592   1.11860009E-02   1.34646893E-02   1.34639554E-02  -5.45071780E-05
        5593   1.11880014E-02   1.34659959E-02   1.34652620E-02  -5.45018884E-05
        5594   1.11900009E-02   1.34673025E-02   1.34665705E-02  -5.43582755E-05
        5595   1.11920014E-02   1.34686092E-02   1.34678753E-02  -5.44913128E-05
        5596   1.11940010E-02   1.34699158E-02   1.34691820E-02  -5.44860268E-05
        5597   1.11960014E-02   1.34712216E-02   1.34704886E-02  -5.44116010E-05
        5598   1.11980010E-02   1.34725273E-02   1.34717934E-02  -5.44754621E-05
        5599   1.12000015E-02   1.34738330E-02   1.34730991E-02  -5.44701834E-05
        5600   1.12020010E-02   1.34751378E-02   1.34744048E-02  -5.43957867E-05
        5601   1.12040015E-02   1.34764425E-02   1.34757096E-02  -5.43905226E-05
        5602   1.12060010E-02   1.34777473E-02   1.34770153E-02  -5.43161477E-05
        5603   1.12080015E-02   1.34790521E-02   1.34783192E-02  -5.43799906E-05
        5604   1.12100011E-02   1.34803560E-02   1.34796239E-02  -5.43056340E-05
        5605   1.12120016E-02   1.34816598E-02   1.34809278E-02  -5.43003844E-05
        5606   1.12140011E-02   1.34829637E-02   1.34822316E-02  -5.42951311E-05
        5607   1.12160016E-02   1.34842675E-02   1.34835336E-02  -5.44280301E-05
        5608   1.12180011E-02   1.34855704E-02   1.34848375E-02  -5.43537026E-05
        5609   1.12200016E-02   1.34868734E-02   1.34861404E-02  -5.43484530E-05
        5610   1.12220012E-02   1.34881763E-02   1.34874433E-02  -5.43432034E-05
        5611   1.12240016E-02   1.34894783E-02   1.34887453E-02  -5.43379574E-05
        5612   1.12260012E-02   1.34907803E-02   1.34900473E-02  -5.43327114E-05
        5613   1.12280017E-02   1.34920822E-02   1.34913493E-02  -5.43274691E-05
        5614   1.12300012E-02   1.34933842E-02   1.34926504E-02  -5.43912538E-05
        5615   1.12320017E-02   1.34946853E-02   1.34939523E-02  -5.43169881E-05
        5616   1.12340013E-02   1.34959863E-02   1.34952543E-02  -5.42427370E-05
        5617   1.12360008E-02   1.34972874E-02   1.34965535E-02  -5.43755268E-05
        5618   1.12380013E-02   1.34985875E-02   1.34978555E-02  -5.42322850E-05
        5619   1.12400008E-02   1.34998877E-02   1.34991547E-02  -5.42960552E-05
        5620   1.12420013E-02   1.35011878E-02   1.35004539E-02  -5.43598144E-05
        5621   1.12440009E-02   1.35024879E-02   1.35017550E-02  -5.42855996E-05
        5622   1.12460013E-02   1.35037871E-02   1.35030542E-02  -5.42803755E-05
        5623   1.12480009E-02   1.35050863E-02   1.35043534E-02  -5.42751550E-05
        5624   1.12500014E-02   1.35063855E-02   1.35056516E-02  -5.43388960E-05
        5625   1.12520009E-02   1.35076838E-02   1.35069508E-02  -5.42647176E-05
        5626   1.12540014E-02   1.35089820E-02   1.35082500E-02  -5.41905538E-05
        5627   1.12560010E-02   1.35102803E-02   1.35095473E-02  -5.42542875E-05
        5628   1.12580014E-02   1.35115786E-02   1.35108456E-02  -5.42490743E-05
        5629   1.12600010E-02   1.35128759E-02   1.35121439E-02  -5.41749359E-05
        5630   1.12620015E-02   1.35141732E-02   1.35134412E-02  -5.41697373E-05
        5631   1.12640010E-02   1.35154705E-02   1.35147376E-02  -5.42334528E-05
        5632   1.12660015E-02   1.35167679E-02   1.35160349E-02  -5.42282469E-05
        5633   1.12680010E-02   1.35180643E-02   1.35173313E-02  -5.42230446E-05
        5634   1.12700015E-02   1.35193607E-02   1.35186287E-02  -5.41489499E-05
        5635   1.12720011E-02   1.35206571E-02   1.35199241E-02  -5.42126472E-05
        5636   1.12740016E-02   1.35219526E-02   1.35212205E-02  -5.41385707E-05
        5637   1.12760011E-02   1.35232480E-02   1.35225160E-02  -5.41333829E-05
        5638   1.12780016E-02   1.35245435E-02   1.35238124E-02  -5.40593282E-05
        5639   1.12800011E-02   1.35258390E-02   1.35251069E-02  -5.41230147E-05
        5640   1.12820016E-02   1.35271335E-02   1.35264015E-02  -5.41178342E-05
        5641   1.12840012E-02   1.35284280E-02   1.35276960E-02  -5.41126537E-05
        5642   1.12860017E-02   1.35297226E-02   1.35289906E-02  -5.41074769E-05
        5643   1.12880012E-02   1.35310162E-02   1.35302851E-02  -5.40334659E-05
        5644   1.12900017E-02   1.35323098E-02   1.35315768E-02  -5.41659610E-05
        5645   1.12920012E-02   1.35336034E-02   1.35328723E-02  -5.40231376E-05
        5646   1.12940017E-02   1.35348970E-02   1.35341641E-02  -5.41556074E-05
        5647   1.12960013E-02   1.35361897E-02   1.35354586E-02  -5.40128167E-05
        5648   1.12980008E-02   1.35374824E-02   1.35367513E-02  -5.40076580E-05
        5649   1.13000013E-02   1.35387750E-02   1.35380430E-02  -5.40712972E-05
        5650   1.13020008E-02   1.35400677E-02   1.35393357E-02  -5.40661349E-05
        5651   1.13040013E-02   1.35413595E-02   1.35406274E-02  -5.40609763E-05
        5652   1.13060009E-02   1.35426512E-02   1.35419201E-02  -5.39870416E-05
        5653   1.13080014E-02   1.35439429E-02   1.35432100E-02  -5.41194349E-05
        5654   1.13100009E-02   1.35452338E-02   1.35445017E-02  -5.40455112E-05
        5655   1.13120014E-02   1.35465246E-02   1.35457925E-02  -5.40403635E-05
        5656   1.13140009E-02   1.35478154E-02   1.35470843E-02  -5.39664616E-05
        5657   1.13160014E-02   1.35491062E-02   1.35483742E-02  -5.40300643E-05
        5658   1.13180010E-02   1.35503961E-02   1.35496641E-02  -5.40249202E-05
        5659   1.13200014E-02   1.35516860E-02   1.35509539E-02  -5.40197798E-05
        5660   1.13220010E-02   1.35529758E-02   1.35522448E-02  -5.39459143E-05
        5661   1.13240015E-02   1.35542648E-02   1.35535337E-02  -5.39407847E-05
        5662   1.13260010E-02   1.35555537E-02   1.35548227E-02  -5.39356552E-05
        5663   1.13280015E-02   1.35568427E-02   1.35561107E-02  -5.39992288E-05
        5664   1.13300011E-02   1.35581316E-02   1.35574006E-02  -5.39253997E-05
        5665   1.13320015E-02   1.35594197E-02   1.35586876E-02  -5.39889661E-05
        5666   1.13340011E-02   1.35607077E-02   1.35599766E-02  -5.39151551E-05
        5667   1.13360016E-02   1.35619957E-02   1.35612637E-02  -5.39787106E-05
        5668   1.13380011E-02   1.35632837E-02   1.35625526E-02  -5.39049142E-05
        5669   1.13400016E-02   1.35645708E-02   1.35638397E-02  -5.38997992E-05
        5670   1.13420011E-02   1.35658579E-02   1.35651277E-02  -5.38260247E-05
        5671   1.13440016E-02   1.35671450E-02   1.35664130E-02  -5.39582252E-05
        5672   1.13460012E-02   1.35684311E-02   1.35677001E-02  -5.38844615E-05
        5673   1.13480017E-02   1.35697173E-02   1.35689862E-02  -5.38793538E-05
        5674   1.13500012E-02   1.35710035E-02   1.35702724E-02  -5.38742497E-05
        5675   1.13520017E-02   1.35722896E-02   1.35715576E-02  -5.39377688E-05
        5676   1.13540012E-02   1.35735748E-02   1.35728437E-02  -5.38640415E-05
        5677   1.13560017E-02   1.35748601E-02   1.35741290E-02  -5.38589411E-05
        5678   1.13580013E-02   1.35761453E-02   1.35754151E-02  -5.37852357E-05
        5679   1.13600008E-02   1.35774305E-02   1.35766976E-02  -5.39859466E-05
        5680   1.13620013E-02   1.35787148E-02   1.35779828E-02  -5.39122448E-05
        5681   1.13640008E-02   1.35799991E-02   1.35792680E-02  -5.38385575E-05
        5682   1.13660013E-02   1.35812834E-02   1.35805504E-02  -5.39706307E-05
        5683   1.13680009E-02   1.35825668E-02   1.35818357E-02  -5.38283821E-05
        5684   1.13700014E-02   1.35838501E-02   1.35831190E-02  -5.38232962E-05
        5685   1.13720009E-02   1.35851335E-02   1.35844024E-02  -5.38182103E-05
        5686   1.13740014E-02   1.35864168E-02   1.35856848E-02  -5.38816821E-05
        5687   1.13760009E-02   1.35876993E-02   1.35869682E-02  -5.38080458E-05
        5688   1.13780014E-02   1.35889817E-02   1.35882497E-02  -5.38715103E-05
        5689   1.13800010E-02   1.35902641E-02   1.35895330E-02  -5.37978922E-05
        5690   1.13820015E-02   1.35915456E-02   1.35908145E-02  -5.37928172E-05
        5691   1.13840010E-02   1.35928271E-02   1.35920960E-02  -5.37877459E-05
        5692   1.13860015E-02   1.35941086E-02   1.35933775E-02  -5.37826745E-05
        5693   1.13880010E-02   1.35953901E-02   1.35946590E-02  -5.37776068E-05
        5694   1.13900015E-02   1.35966707E-02   1.35959405E-02  -5.37040360E-05
        5695   1.13920011E-02   1.35979513E-02   1.35972211E-02  -5.36989792E-05
        5696   1.13940015E-02   1.35992318E-02   1.35985017E-02  -5.36939224E-05
        5697   1.13960011E-02   1.36005124E-02   1.35997813E-02  -5.37573505E-05
        5698   1.13980016E-02   1.36017920E-02   1.36010619E-02  -5.36838161E-05
        5699   1.14000011E-02   1.36030717E-02   1.36023415E-02  -5.36787666E-05
        5700   1.14020016E-02   1.36043513E-02   1.36036202E-02  -5.37421802E-05
        5701   1.14040012E-02   1.36056300E-02   1.36048989E-02  -5.37371307E-05
        5702   1.14060016E-02   1.36069087E-02   1.36061786E-02  -5.36636289E-05
        5703   1.14080012E-02   1.36081874E-02   1.36074563E-02  -5.37270316E-05
        5704   1.14100017E-02   1.36094661E-02   1.36087341E-02  -5.37904198E-05
        5705   1.14120012E-02   1.36107439E-02   1.36100138E-02  -5.36485059E-05
        5706   1.14140017E-02   1.36120217E-02   1.36112915E-02  -5.36434709E-05
        5707   1.14160012E-02   1.36132995E-02   1.36125693E-02  -5.36384323E-05
        5708   1.14180017E-02   1.36145772E-02   1.36138462E-02  -5.37018132E-05
        5709   1.14200013E-02   1.36158541E-02   1.36151239E-02  -5.36283696E-05
        5710   1.14220008E-02   1.36171309E-02   1.36164008E-02  -5.36233420E-05
        5711   1.14240013E-02   1.36184078E-02   1.36176776E-02  -5.36183143E-05
        5712   1.14260009E-02   1.36196837E-02   1.36189526E-02  -5.36816769E-05
        5713   1.14280013E-02   1.36209596E-02   1.36202285E-02  -5.36766493E-05
        5714   1.14300009E-02   1.36222355E-02   1.36215053E-02  -5.36032458E-05
        5715   1.14320014E-02   1.36235114E-02   1.36227803E-02  -5.36665939E-05
        5716   1.14340009E-02   1.36247864E-02   1.36240562E-02  -5.35932086E-05
        5717   1.14360014E-02   1.36260614E-02   1.36253303E-02  -5.36565494E-05
        5718   1.14380009E-02   1.36273364E-02   1.36266062E-02  -5.35831787E-05
        5719   1.14400014E-02   1.36286113E-02   1.36278803E-02  -5.36465122E-05
        5720   1.14420010E-02   1.36298854E-02   1.36291552E-02  -5.35731597E-05
        5721   1.14440015E-02   1.36311594E-02   1.36304284E-02  -5.36364823E-05
        5722   1.14460010E-02   1.36324335E-02   1.36317024E-02  -5.36314692E-05
        5723   1.14480015E-02   1.36337066E-02   1.36329765E-02  -5.35581421E-05
        5724   1.14500010E-02   1.36349797E-02   1.36342496E-02  -5.35531399E-05
        5725   1.14520015E-02   1.36362528E-02   1.36355218E-02  -5.36164480E-05
        5726   1.14540011E-02   1.36375260E-02   1.36367949E-02  -5.36114421E-05
        5727   1.14560015E-02   1.36387981E-02   1.36380671E-02  -5.36064399E-05
        5728   1.14580011E-02   1.36400703E-02   1.36393402E-02  -5.35331528E-05
        5729   1.14600016E-02   1.36413425E-02   1.36406105E-02  -5.36647203E-05
        5730   1.14620011E-02   1.36426147E-02   1.36418836E-02  -5.35914442E-05
        5731   1.14640016E-02   1.36438860E-02   1.36431549E-02  -5.35864492E-05
        5732   1.14660012E-02   1.36451572E-02   1.36444271E-02  -5.35131949E-05
        5733   1.14680016E-02   1.36464285E-02   1.36456965E-02  -5.36447187E-05
        5734   1.14700012E-02   1.36476988E-02   1.36469686E-02  -5.35032304E-05
        5735   1.14720017E-02   1.36489691E-02   1.36482390E-02  -5.34982501E-05
        5736   1.14740012E-02   1.36502394E-02   1.36495084E-02  -5.35615072E-05
        5737   1.14760017E-02   1.36515098E-02   1.36507796E-02  -5.34882929E-05
        5738   1.14780013E-02   1.36527792E-02   1.36520481E-02  -5.35515428E-05
        5739   1.14800017E-02   1.36540486E-02   1.36533184E-02  -5.34783467E-05
        5740   1.14820013E-02   1.36553179E-02   1.36545869E-02  -5.35415857E-05
        5741   1.14840008E-02   1.36565873E-02   1.36558553E-02  -5.36048101E-05
        5742   1.14860013E-02   1.36578558E-02   1.36571238E-02  -5.35998333E-05
        5743   1.14880009E-02   1.36591243E-02   1.36583922E-02  -5.35948529E-05
        5744   1.14900013E-02   1.36603927E-02   1.36596607E-02  -5.35898762E-05
        5745   1.14920009E-02   1.36616603E-02   1.36609292E-02  -5.35167273E-05
        5746   1.14940014E-02   1.36629278E-02   1.36621976E-02  -5.34435894E-05
        5747   1.14960009E-02   1.36641953E-02   1.36634642E-02  -5.35067993E-05
        5748   1.14980014E-02   1.36654628E-02   1.36647318E-02  -5.35018335E-05
        5749   1.15000010E-02   1.36667294E-02   1.36659993E-02  -5.34287246E-05
        5750   1.15020014E-02   1.36679960E-02   1.36672650E-02  -5.34919200E-05
        5751   1.15040010E-02   1.36692626E-02   1.36685325E-02  -5.34188221E-05
        5752   1.15060015E-02   1.36705292E-02   1.36697982E-02  -5.34820065E-05
        5753   1.15080010E-02   1.36717949E-02   1.36710638E-02  -5.34770552E-05
        5754   1.15100015E-02   1.36730606E-02   1.36723286E-02  -5.35402251E-05
        5755   1.15120010E-02   1.36743262E-02   1.36735952E-02  -5.34671526E-05
        5756   1.15140015E-02   1.36755910E-02   1.36748599E-02  -5.34622086E-05
        5757   1.15160011E-02   1.36768557E-02   1.36761256E-02  -5.33891616E-05
        5758   1.15180016E-02   1.36781204E-02   1.36773894E-02  -5.34523206E-05
        5759   1.15200011E-02   1.36793852E-02   1.36786541E-02  -5.34473802E-05
        5760   1.15220016E-02   1.36806490E-02   1.36799188E-02  -5.33743587E-05
        5761   1.15240011E-02   1.36819128E-02   1.36811826E-02  -5.33694292E-05
        5762   1.15260016E-02   1.36831766E-02   1.36824464E-02  -5.33644998E-05
        5763   1.15280012E-02   1.36844404E-02   1.36837102E-02  -5.33595703E-05
        5764   1.15300016E-02   1.36857033E-02   1.36849713E-02  -5.34907631E-05
        5765   1.15320012E-02   1.36869662E-02   1.36862351E-02  -5.34177743E-05
        5766   1.15340017E-02   1.36882290E-02   1.36874979E-02  -5.34128449E-05
        5767   1.15360012E-02   1.36894910E-02   1.36887599E-02  -5.34079227E-05
        5768   1.15380017E-02   1.36907529E-02   1.36900218E-02  -5.34030005E-05
        5769   1.15400013E-02   1.36920149E-02   1.36912847E-02  -5.33300517E-05
        5770   1.15420017E-02   1.36932768E-02   1.36925457E-02  -5.33931561E-05
        5771   1.15440013E-02   1.36945378E-02   1.36938067E-02  -5.33882376E-05
        5772   1.15460008E-02   1.36957988E-02   1.36950677E-02  -5.33833227E-05
        5773   1.15480013E-02   1.36970598E-02   1.36963297E-02  -5.33104067E-05
        5774   1.15500009E-02   1.36983208E-02   1.36975907E-02  -5.33054990E-05
        5775   1.15520013E-02   1.36995809E-02   1.36988498E-02  -5.33685852E-05
        5776   1.15540009E-02   1.37008410E-02   1.37001108E-02  -5.32956910E-05
        5777   1.15560014E-02   1.37021011E-02   1.37013691E-02  -5.34267456E-05
        5778   1.15580009E-02   1.37033602E-02   1.37026291E-02  -5.33538660E-05
        5779   1.15600014E-02   1.37046194E-02   1.37038883E-02  -5.33489620E-05
        5780   1.15620010E-02   1.37058785E-02   1.37051484E-02  -5.32761042E-05
        5781   1.15640014E-02   1.37071377E-02   1.37064075E-02  -5.32712074E-05
        5782   1.15660010E-02   1.37083959E-02   1.37076657E-02  -5.32663180E-05
        5783   1.15680015E-02   1.37096541E-02   1.37089239E-02  -5.32614322E-05
        5784   1.15700010E-02   1.37109123E-02   1.37101812E-02  -5.33244747E-05
        5785   1.15720015E-02   1.37121705E-02   1.37114404E-02  -5.32516569E-05
        5786   1.15740011E-02   1.37134278E-02   1.37126967E-02  -5.33146922E-05
        5787   1.15760015E-02   1.37146851E-02   1.37139540E-02  -5.33098064E-05
        5788   1.15780011E-02   1.37159424E-02   1.37152122E-02  -5.32370104E-05
        5789   1.15800016E-02   1.37171987E-02   1.37164686E-02  -5.32321355E-05
        5790   1.15820011E-02   1.37184551E-02   1.37177249E-02  -5.32272607E-05
        5791   1.15840016E-02   1.37197115E-02   1.37189813E-02  -5.32223858E-05
        5792   1.15860011E-02   1.37209678E-02   1.37202376E-02  -5.32175109E-05
        5793   1.15880016E-02   1.37222232E-02   1.37214931E-02  -5.32126433E-05
        5794   1.15900012E-02   1.37234787E-02   1.37227494E-02  -5.31399019E-05
        5795   1.15920017E-02   1.37247341E-02   1.37240048E-02  -5.31350415E-05
        5796   1.15940012E-02   1.37259895E-02   1.37252593E-02  -5.31980404E-05
        5797   1.15960017E-02   1.37272440E-02   1.37265129E-02  -5.32610320E-05
        5798   1.15980012E-02   1.37284985E-02   1.37277683E-02  -5.31883161E-05
        5799   1.16000017E-02   1.37297530E-02   1.37290237E-02  -5.31156184E-05
        5800   1.16020013E-02   1.37310075E-02   1.37302773E-02  -5.31785990E-05
        5801   1.16040017E-02   1.37322610E-02   1.37315309E-02  -5.31737423E-05
        5802   1.16060013E-02   1.37335146E-02   1.37327844E-02  -5.31688893E-05
        5803   1.16080008E-02   1.37347681E-02   1.37340380E-02  -5.31640362E-05
        5804   1.16100013E-02   1.37360208E-02   1.37352906E-02  -5.31591868E-05
        5805   1.16120009E-02   1.37372734E-02   1.37365432E-02  -5.31543410E-05
        5806   1.16140014E-02   1.37385260E-02   1.37377959E-02  -5.31494952E-05
        5807   1.16160009E-02   1.37397787E-02   1.37390494E-02  -5.30768593E-05
        5808   1.16180014E-02   1.37410304E-02   1.37403011E-02  -5.30720245E-05
        5809   1.16200009E-02   1.37422821E-02   1.37415528E-02  -5.30671896E-05
        5810   1.16220014E-02   1.37435338E-02   1.37428045E-02  -5.30623547E-05
        5811   1.16240010E-02   1.37447855E-02   1.37440562E-02  -5.30575235E-05
        5812   1.16260014E-02   1.37460362E-02   1.37453061E-02  -5.31204532E-05
        5813   1.16280010E-02   1.37472870E-02   1.37465568E-02  -5.31156220E-05
        5814   1.16300015E-02   1.37485377E-02   1.37478076E-02  -5.31107871E-05
        5815   1.16320010E-02   1.37497876E-02   1.37490584E-02  -5.30382204E-05
        5816   1.16340015E-02   1.37510374E-02   1.37503073E-02  -5.31011319E-05
        5817   1.16360011E-02   1.37522873E-02   1.37515580E-02  -5.30285797E-05
        5818   1.16380015E-02   1.37535371E-02   1.37528069E-02  -5.30914804E-05
        5819   1.16400011E-02   1.37547860E-02   1.37540568E-02  -5.30189463E-05
        5820   1.16420016E-02   1.37560349E-02   1.37553057E-02  -5.30141297E-05
        5821   1.16440011E-02   1.37572838E-02   1.37565546E-02  -5.30093166E-05
        5822   1.16460016E-02   1.37585327E-02   1.37578035E-02  -5.30045072E-05
        5823   1.16480011E-02   1.37597807E-02   1.37590514E-02  -5.29996978E-05
        5824   1.16500016E-02   1.37610286E-02   1.37602994E-02  -5.29948920E-05
        5825   1.16520012E-02   1.37622766E-02   1.37615474E-02  -5.29900863E-05
        5826   1.16540017E-02   1.37635246E-02   1.37627954E-02  -5.29852805E-05
        5827   1.16560012E-02   1.37647716E-02   1.37640424E-02  -5.29804820E-05
        5828   1.16580017E-02   1.37660187E-02   1.37652894E-02  -5.29756799E-05
        5829   1.16600012E-02   1.37672657E-02   1.37665365E-02  -5.29708814E-05
        5830   1.16620017E-02   1.37685118E-02   1.37677835E-02  -5.28984383E-05
        5831   1.16640013E-02   1.37697579E-02   1.37690287E-02  -5.29612953E-05
        5832   1.16660018E-02   1.37710040E-02   1.37702748E-02  -5.29565004E-05
        5833   1.16680013E-02   1.37722502E-02   1.37715219E-02  -5.28840792E-05
        5834   1.16700009E-02   1.37734953E-02   1.37727661E-02  -5.29469216E-05
        5835   1.16720013E-02   1.37747405E-02   1.37740113E-02  -5.29421341E-05
        5836   1.16740009E-02   1.37759857E-02   1.37752574E-02  -5.28697383E-05
        5837   1.16760014E-02   1.37772309E-02   1.37765026E-02  -5.28649580E-05
        5838   1.16780009E-02   1.37784751E-02   1.37777468E-02  -5.28601850E-05
        5839   1.16800014E-02   1.37797194E-02   1.37789901E-02  -5.29230056E-05
        5840   1.16820009E-02   1.37809636E-02   1.37802362E-02  -5.27830525E-05
        5841   1.16840014E-02   1.37822079E-02   1.37814777E-02  -5.29810313E-05
        5842   1.16860010E-02   1.37834512E-02   1.37827229E-02  -5.28411001E-05
        5843   1.16880015E-02   1.37846945E-02   1.37839653E-02  -5.29039025E-05
        5844   1.16900010E-02   1.37859378E-02   1.37852086E-02  -5.28991332E-05
        5845   1.16920015E-02   1.37871802E-02   1.37864519E-02  -5.28268101E-05
        5846   1.16940010E-02   1.37884226E-02   1.37876933E-02  -5.28895980E-05
        5847   1.16960015E-02   1.37896650E-02   1.37889357E-02  -5.28848323E-05
        5848   1.16980011E-02   1.37909073E-02   1.37901781E-02  -5.28800701E-05
        5849   1.17000015E-02   1.37921488E-02   1.37914205E-02  -5.28077762E-05
        5850   1.17020011E-02   1.37933902E-02   1.37926619E-02  -5.28030250E-05
        5851   1.17040016E-02   1.37946317E-02   1.37939025E-02  -5.28657911E-05
        5852   1.17060011E-02   1.37958732E-02   1.37951439E-02  -5.28610326E-05
        5853   1.17080016E-02   1.37971137E-02   1.37963854E-02  -5.27887714E-05
        5854   1.17100012E-02   1.37983542E-02   1.37976259E-02  -5.27840275E-05
        5855   1.17120016E-02   1.37995947E-02   1.37988664E-02  -5.27792799E-05
        5856   1.17140012E-02   1.38008352E-02   1.38001060E-02  -5.28420278E-05
        5857   1.17160017E-02   1.38020748E-02   1.38013456E-02  -5.28372802E-05
        5858   1.17180012E-02   1.38033144E-02   1.38025852E-02  -5.28325363E-05
        5859   1.17200017E-02   1.38045540E-02   1.38038248E-02  -5.28277924E-05
        5860   1.17220012E-02   1.38057927E-02   1.38050653E-02  -5.26881195E-05
        5861   1.17240017E-02   1.38070313E-02   1.38063030E-02  -5.27508528E-05
        5862   1.17260013E-02   1.38082700E-02   1.38075417E-02  -5.27461198E-05
        5863   1.17280018E-02   1.38095086E-02   1.38087794E-02  -5.28088349E-05
        5864   1.17300013E-02   1.38107464E-02   1.38100181E-02  -5.27366610E-05
        5865   1.17320009E-02   1.38119841E-02   1.38112567E-02  -5.26645017E-05
        5866   1.17340013E-02   1.38132218E-02   1.38124935E-02  -5.27272095E-05
        5867   1.17360009E-02   1.38144596E-02   1.38137313E-02  -5.27224875E-05
        5868   1.17380014E-02   1.38156964E-02   1.38149671E-02  -5.27851844E-05
        5869   1.17400009E-02   1.38169331E-02   1.38162049E-02  -5.27130469E-05
        5870   1.17420014E-02   1.38181699E-02   1.38174407E-02  -5.27757329E-05
        5871   1.17440009E-02   1.38194067E-02   1.38186784E-02  -5.27036100E-05
        5872   1.17460014E-02   1.38206426E-02   1.38199134E-02  -5.27662924E-05
        5873   1.17480010E-02   1.38218785E-02   1.38211502E-02  -5.26941840E-05
        5874   1.17500015E-02   1.38231143E-02   1.38223860E-02  -5.26894728E-05
        5875   1.17520010E-02   1.38243493E-02   1.38236210E-02  -5.26847689E-05
        5876   1.17540015E-02   1.38255842E-02   1.38248559E-02  -5.26800613E-05
        5877   1.17560010E-02   1.38268191E-02   1.38260908E-02  -5.26753574E-05
        5878   1.17580015E-02   1.38280541E-02   1.38273258E-02  -5.26706499E-05
        5879   1.17600011E-02   1.38292881E-02   1.38285607E-02  -5.25985997E-05
        5880   1.17620016E-02   1.38305221E-02   1.38297938E-02  -5.26612530E-05
        5881   1.17640011E-02   1.38317561E-02   1.38310287E-02  -5.25892137E-05
        5882   1.17660016E-02   1.38329901E-02   1.38322609E-02  -5.27191878E-05
        5883   1.17680011E-02   1.38342232E-02   1.38334967E-02  -5.25125070E-05
        5884   1.17700016E-02   1.38354562E-02   1.38347289E-02  -5.25751493E-05
        5885   1.17720012E-02   1.38366893E-02   1.38359619E-02  -5.25704636E-05
        5886   1.17740016E-02   1.38379224E-02   1.38371941E-02  -5.26330878E-05
        5887   1.17760012E-02   1.38391545E-02   1.38384271E-02  -5.25610994E-05
        5888   1.17780017E-02   1.38403866E-02   1.38396593E-02  -5.25564174E-05
        5889   1.17800012E-02   1.38416188E-02   1.38408905E-02  -5.26190306E-05
        5890   1.17820017E-02   1.38428509E-02   1.38421226E-02  -5.26143485E-05
        5891   1.17840013E-02   1.38440821E-02   1.38433548E-02  -5.25423893E-05
        5892   1.17860017E-02   1.38453133E-02   1.38445850E-02  -5.26049880E-05
        5893   1.17880013E-02   1.38465445E-02   1.38458163E-02  -5.26003132E-05
        5894   1.17900018E-02   1.38477748E-02   1.38470456E-02  -5.26629010E-05
        5895   1.17920013E-02   1.38490051E-02   1.38482787E-02  -5.24564566E-05
        5896   1.17940009E-02   1.38502354E-02   1.38495071E-02  -5.25862924E-05
        5897   1.17960013E-02   1.38514657E-02   1.38507364E-02  -5.26488657E-05
        5898   1.17980009E-02   1.38526950E-02   1.38519667E-02  -5.25769574E-05
        5899   1.18000014E-02   1.38539243E-02   1.38531970E-02  -5.25050600E-05
        5900   1.18020009E-02   1.38551537E-02   1.38544254E-02  -5.25676260E-05
        5901   1.18040014E-02   1.38563830E-02   1.38556547E-02  -5.25629621E-05
        5902   1.18060010E-02   1.38576115E-02   1.38568832E-02  -5.25583018E-05
        5903   1.18080014E-02   1.38588399E-02   1.38581134E-02  -5.24192292E-05
        5904   1.18100010E-02   1.38600683E-02   1.38593409E-02  -5.24817842E-05
        5905   1.18120015E-02   1.38612967E-02   1.38605684E-02  -5.25443284E-05
        5906   1.18140010E-02   1.38625242E-02   1.38617968E-02  -5.24724855E-05
        5907   1.18160015E-02   1.38637517E-02   1.38630243E-02  -5.24678399E-05
        5908   1.18180010E-02   1.38649791E-02   1.38642509E-02  -5.25303731E-05
        5909   1.18200015E-02   1.38662057E-02   1.38654774E-02  -5.25257237E-05
        5910   1.18220011E-02   1.38674323E-02   1.38667058E-02  -5.23867457E-05
        5911   1.18240016E-02   1.38686588E-02   1.38679314E-02  -5.24492752E-05
        5912   1.18260011E-02   1.38698854E-02   1.38691580E-02  -5.24446368E-05
        5913   1.18280016E-02   1.38711110E-02   1.38703845E-02  -5.23728522E-05
        5914   1.18300011E-02   1.38723366E-02   1.38716102E-02  -5.23682247E-05
        5915   1.18320016E-02   1.38735622E-02   1.38728358E-02  -5.23635972E-05
        5916   1.18340012E-02   1.38747878E-02   1.38740605E-02  -5.24261050E-05
        5917   1.18360016E-02   1.38760125E-02   1.38752852E-02  -5.24214774E-05
        5918   1.18380012E-02   1.38772372E-02   1.38765108E-02  -5.23497329E-05
        5919   1.18400017E-02   1.38784619E-02   1.38777345E-02  -5.24122224E-05
        5920   1.18420012E-02   1.38796866E-02   1.38789602E-02  -5.23404924E-05
        5921   1.18440017E-02   1.38809104E-02   1.38801830E-02  -5.24029783E-05
        5922   1.18460013E-02   1.38821341E-02   1.38814067E-02  -5.23983581E-05
        5923   1.18480017E-02   1.38833579E-02   1.38826296E-02  -5.24608295E-05
        5924   1.18500013E-02   1.38845816E-02   1.38838543E-02  -5.23891213E-05
        5925   1.18520018E-02   1.38858045E-02   1.38850771E-02  -5.23845083E-05
        5926   1.18540013E-02   1.38870273E-02   1.38862999E-02  -5.23798954E-05
        5927   1.18560009E-02   1.38882501E-02   1.38875218E-02  -5.24423485E-05
        5928   1.18580014E-02   1.38894720E-02   1.38887446E-02  -5.23706767E-05
        5929   1.18600009E-02   1.38906939E-02   1.38899684E-02  -5.22319606E-05
        5930   1.18620014E-02   1.38919158E-02   1.38911884E-02  -5.23614617E-05
        5931   1.18640009E-02   1.38931377E-02   1.38924103E-02  -5.23568560E-05
        5932   1.18660014E-02   1.38943586E-02   1.38936322E-02  -5.22852206E-05
        5933   1.18680010E-02   1.38955796E-02   1.38948532E-02  -5.22806258E-05
        5934   1.18700014E-02   1.38968006E-02   1.38960741E-02  -5.22760311E-05
        5935   1.18720010E-02   1.38980215E-02   1.38972951E-02  -5.22714399E-05
        5936   1.18740015E-02   1.38992416E-02   1.38985151E-02  -5.22668488E-05
        5937   1.18760010E-02   1.39004616E-02   1.38997361E-02  -5.21952570E-05
        5938   1.18780015E-02   1.39016816E-02   1.39009543E-02  -5.23246745E-05
        5939   1.18800011E-02   1.39029017E-02   1.39021752E-02  -5.22530900E-05
        5940   1.18820015E-02   1.39041208E-02   1.39033934E-02  -5.23154959E-05
        5941   1.18840011E-02   1.39053399E-02   1.39046144E-02  -5.21769434E-05
        5942   1.18860016E-02   1.39065590E-02   1.39058325E-02  -5.22393457E-05
        5943   1.18880011E-02   1.39077781E-02   1.39070507E-02  -5.23017370E-05
        5944   1.18900016E-02   1.39089962E-02   1.39082689E-02  -5.22971568E-05
        5945   1.18920011E-02   1.39102144E-02   1.39094871E-02  -5.22925766E-05
        5946   1.18940016E-02   1.39114326E-02   1.39107062E-02  -5.22210430E-05
        5947   1.18960012E-02   1.39126508E-02   1.39119243E-02  -5.22164737E-05
        5948   1.18980017E-02   1.39138680E-02   1.39131397E-02  -5.23457857E-05
        5949   1.19000012E-02   1.39150852E-02   1.39143579E-02  -5.22742739E-05
        5950   1.19020017E-02   1.39163025E-02   1.39155751E-02  -5.22697010E-05
        5951   1.19040012E-02   1.39175188E-02   1.39167923E-02  -5.21982074E-05
        5952   1.19060017E-02   1.39187351E-02   1.39180087E-02  -5.21936454E-05
        5953   1.19080013E-02   1.39199514E-02   1.39192240E-02  -5.22559967E-05
        5954   1.19100017E-02   1.39211677E-02   1.39204403E-02  -5.22514310E-05
        5955   1.19120013E-02   1.39223831E-02   1.39216566E-02  -5.21799702E-05
        5956   1.19140018E-02   1.39235985E-02   1.39228720E-02  -5.21754155E-05
        5957   1.19160013E-02   1.39248138E-02   1.39240883E-02  -5.21039692E-05
        5958   1.19180009E-02   1.39260292E-02   1.39253028E-02  -5.21663060E-05
        5959   1.19200014E-02   1.39272436E-02   1.39265172E-02  -5.21617585E-05
        5960   1.19220009E-02   1.39284581E-02   1.39277317E-02  -5.21572074E-05
        5961   1.19240014E-02   1.39296725E-02   1.39289461E-02  -5.21526599E-05
        5962   1.19260009E-02   1.39308870E-02   1.39301606E-02  -5.21481161E-05
        5963   1.19280014E-02   1.39321005E-02   1.39313741E-02  -5.21435722E-05
        5964   1.19300010E-02   1.39333140E-02   1.39325876E-02  -5.21390321E-05
        5965   1.19320014E-02   1.39345275E-02   1.39338011E-02  -5.21344882E-05
        5966   1.19340010E-02   1.39357410E-02   1.39350146E-02  -5.21299480E-05
        5967   1.19360015E-02   1.39369536E-02   1.39362272E-02  -5.21254151E-05
        5968   1.19380010E-02   1.39381662E-02   1.39374398E-02  -5.21208785E-05
        5969   1.19400015E-02   1.39393788E-02   1.39386524E-02  -5.21163456E-05
        5970   1.19420011E-02   1.39405914E-02   1.39398640E-02  -5.21786242E-05
        5971   1.19440015E-02   1.39418030E-02   1.39410757E-02  -5.21740913E-05
        5972   1.19460011E-02   1.39430147E-02   1.39422892E-02  -5.20359499E-05
        5973   1.19480016E-02   1.39442263E-02   1.39434990E-02  -5.21650218E-05
        5974   1.19500011E-02   1.39454370E-02   1.39447115E-02  -5.20269132E-05
        5975   1.19520016E-02   1.39466478E-02   1.39459213E-02  -5.20891808E-05
        5976   1.19540012E-02   1.39478585E-02   1.39471330E-02  -5.20178801E-05
        5977   1.19560016E-02   1.39490692E-02   1.39483428E-02  -5.20801368E-05
        5978   1.19580012E-02   1.39502790E-02   1.39495535E-02  -5.20088543E-05
        5979   1.19600017E-02   1.39514888E-02   1.39507623E-02  -5.20711037E-05
        5980   1.19620012E-02   1.39526986E-02   1.39519740E-02  -5.19330788E-05
        5981   1.19640017E-02   1.39539083E-02   1.39531828E-02  -5.19953246E-05
        5982   1.19660012E-02   1.39551172E-02   1.39543908E-02  -5.20575668E-05
        5983   1.19680017E-02   1.39563261E-02   1.39555996E-02  -5.20530557E-05
        5984   1.19700013E-02   1.39575349E-02   1.39568085E-02  -5.20485482E-05
        5985   1.19720018E-02   1.39587438E-02   1.39580173E-02  -5.20440408E-05
        5986   1.19740013E-02   1.39599517E-02   1.39592262E-02  -5.19728164E-05
        5987   1.19760018E-02   1.39611596E-02   1.39604351E-02  -5.19016030E-05
        5988   1.19780013E-02   1.39623675E-02   1.39616411E-02  -5.20305330E-05
        5989   1.19800009E-02   1.39635755E-02   1.39628490E-02  -5.20260292E-05
        5990   1.19820014E-02   1.39647825E-02   1.39640570E-02  -5.19548339E-05
        5991   1.19840009E-02   1.39659895E-02   1.39652630E-02  -5.20170361E-05
        5992   1.19860014E-02   1.39671965E-02   1.39664710E-02  -5.19458554E-05
        5993   1.19880009E-02   1.39684035E-02   1.39676770E-02  -5.20080466E-05
        5994   1.19900014E-02   1.39696095E-02   1.39688822E-02  -5.20702306E-05
        5995   1.19920010E-02   1.39708156E-02   1.39700882E-02  -5.20657377E-05
        5996   1.19940015E-02   1.39720216E-02   1.39712952E-02  -5.19945788E-05
        5997   1.19960010E-02   1.39732268E-02   1.39725013E-02  -5.19234381E-05
        5998   1.19980015E-02   1.39744319E-02   1.39737055E-02  -5.19856112E-05
        5999   1.20000010E-02   1.39756370E-02   1.39749115E-02  -5.19144814E-05
        6000   1.20020015E-02   1.39768422E-02   1.39761157E-02  -5.19766436E-05
        6001   1.20040011E-02   1.39780464E-02   1.39773209E-02  -5.19055320E-05
        6002   1.20060015E-02   1.39792506E-02   1.39785251E-02  -5.19010609E-05
        6003   1.20080011E-02   1.39804548E-02   1.39797302E-02  -5.18299676E-05
        6004   1.20100016E-02   1.39816590E-02   1.39809344E-02  -5.18255038E-05
        6005   1.20120011E-02   1.39828622E-02   1.39821386E-02  -5.17544322E-05
        6006   1.20140016E-02   1.39840655E-02   1.39833400E-02  -5.18831912E-05
        6007   1.20160012E-02   1.39852688E-02   1.39845442E-02  -5.18121269E-05
        6008   1.20180016E-02   1.39864720E-02   1.39857484E-02  -5.17410735E-05
        6009   1.20200012E-02   1.39876744E-02   1.39869498E-02  -5.18032139E-05
        6010   1.20220017E-02   1.39888767E-02   1.39881512E-02  -5.18653433E-05
        6011   1.20240012E-02   1.39900791E-02   1.39893554E-02  -5.17277331E-05
        6012   1.20260017E-02   1.39912814E-02   1.39905568E-02  -5.17898588E-05
        6013   1.20280012E-02   1.39924828E-02   1.39917582E-02  -5.17854132E-05
        6014   1.20300017E-02   1.39936842E-02   1.39929606E-02  -5.17144072E-05
        6015   1.20320013E-02   1.39948856E-02   1.39941620E-02  -5.17099652E-05
        6016   1.20340018E-02   1.39960870E-02   1.39953606E-02  -5.19051719E-05
        6017   1.20360013E-02   1.39972875E-02   1.39965629E-02  -5.17676344E-05
        6018   1.20380018E-02   1.39984880E-02   1.39977643E-02  -5.16966575E-05
        6019   1.20400013E-02   1.39996884E-02   1.39989639E-02  -5.17587578E-05
        6020   1.20420009E-02   1.40008889E-02   1.40001625E-02  -5.18873712E-05
        6021   1.20440014E-02   1.40020885E-02   1.40013648E-02  -5.16833643E-05
        6022   1.20460009E-02   1.40032880E-02   1.40025634E-02  -5.17454500E-05
        6023   1.20480014E-02   1.40044875E-02   1.40037630E-02  -5.17410190E-05
        6024   1.20500010E-02   1.40056871E-02   1.40049625E-02  -5.17365879E-05
        6025   1.20520014E-02   1.40068857E-02   1.40061611E-02  -5.17321605E-05
        6026   1.20540010E-02   1.40080843E-02   1.40073597E-02  -5.17277331E-05
        6027   1.20560015E-02   1.40092829E-02   1.40085574E-02  -5.17897934E-05
        6028   1.20580010E-02   1.40104806E-02   1.40097551E-02  -5.17853659E-05
        6029   1.20600015E-02   1.40116783E-02   1.40109537E-02  -5.17144654E-05
        6030   1.20620010E-02   1.40128760E-02   1.40121514E-02  -5.17100452E-05
        6031   1.20640015E-02   1.40140736E-02   1.40133481E-02  -5.17720873E-05
        6032   1.20660011E-02   1.40152704E-02   1.40145468E-02  -5.16347500E-05
        6033   1.20680016E-02   1.40164671E-02   1.40157435E-02  -5.16303444E-05
        6034   1.20700011E-02   1.40176639E-02   1.40169403E-02  -5.16259352E-05
        6035   1.20720016E-02   1.40188606E-02   1.40181361E-02  -5.16879663E-05
        6036   1.20740011E-02   1.40200565E-02   1.40193328E-02  -5.16171240E-05
        6037   1.20760016E-02   1.40212523E-02   1.40205286E-02  -5.16127220E-05
        6038   1.20780012E-02   1.40224481E-02   1.40217254E-02  -5.15418978E-05
        6039   1.20800016E-02   1.40236439E-02   1.40229203E-02  -5.16039181E-05
        6040   1.20820012E-02   1.40248388E-02   1.40241152E-02  -5.15995234E-05
        6041   1.20840017E-02   1.40260337E-02   1.40253101E-02  -5.15951251E-05
        6042   1.20860012E-02   1.40272286E-02   1.40265059E-02  -5.15243300E-05
        6043   1.20880017E-02   1.40284235E-02   1.40276998E-02  -5.15863358E-05
        6044   1.20900013E-02   1.40296174E-02   1.40288947E-02  -5.15155552E-05
        6045   1.20920017E-02   1.40308114E-02   1.40300877E-02  -5.15775573E-05
        6046   1.20940013E-02   1.40320053E-02   1.40312808E-02  -5.16395448E-05
        6047   1.20960018E-02   1.40331993E-02   1.40324757E-02  -5.15687789E-05
        6048   1.20980013E-02   1.40343923E-02   1.40336705E-02  -5.14316635E-05
        6049   1.21000018E-02   1.40355853E-02   1.40348626E-02  -5.14936510E-05
        6050   1.21020013E-02   1.40367784E-02   1.40360547E-02  -5.15556312E-05
        6051   1.21040009E-02   1.40379714E-02   1.40372487E-02  -5.14848980E-05
        6052   1.21060014E-02   1.40391635E-02   1.40384398E-02  -5.15468710E-05
        6053   1.21080009E-02   1.40403556E-02   1.40396329E-02  -5.14761559E-05
        6054   1.21100014E-02   1.40415477E-02   1.40408250E-02  -5.14717831E-05
        6055   1.21120010E-02   1.40427398E-02   1.40420171E-02  -5.14674139E-05
        6056   1.21140014E-02   1.40439309E-02   1.40432073E-02  -5.15293723E-05
        6057   1.21160010E-02   1.40451221E-02   1.40443994E-02  -5.14586864E-05
        6058   1.21180015E-02   1.40463132E-02   1.40455896E-02  -5.15206302E-05
        6059   1.21200010E-02   1.40475044E-02   1.40467808E-02  -5.15162610E-05
        6060   1.21220015E-02   1.40486946E-02   1.40479701E-02  -5.15781976E-05
        6061   1.21240010E-02   1.40498849E-02   1.40491612E-02  -5.15075335E-05
        6062   1.21260015E-02   1.40510751E-02   1.40503515E-02  -5.15031716E-05
        6063   1.21280011E-02   1.40522653E-02   1.40515417E-02  -5.14988060E-05
        6064   1.21300016E-02   1.40534546E-02   1.40527301E-02  -5.15607244E-05
        6065   1.21320011E-02   1.40546439E-02   1.40539203E-02  -5.14900930E-05
        6066   1.21340016E-02   1.40558332E-02   1.40551087E-02  -5.15520005E-05
        6067   1.21360011E-02   1.40570225E-02   1.40562989E-02  -5.14813801E-05
        6068   1.21380016E-02   1.40582109E-02   1.40574872E-02  -5.14770254E-05
        6069   1.21400012E-02   1.40593993E-02   1.40586756E-02  -5.14726744E-05
        6070   1.21420017E-02   1.40605876E-02   1.40598631E-02  -5.15345673E-05
        6071   1.21440012E-02   1.40617751E-02   1.40610505E-02  -5.15302163E-05
        6072   1.21460017E-02   1.40629625E-02   1.40622389E-02  -5.14596322E-05
        6073   1.21480012E-02   1.40641499E-02   1.40634272E-02  -5.13890591E-05
        6074   1.21500017E-02   1.40653374E-02   1.40646137E-02  -5.14509447E-05
        6075   1.21520013E-02   1.40665239E-02   1.40658002E-02  -5.14466046E-05
        6076   1.21540017E-02   1.40677104E-02   1.40669867E-02  -5.14422645E-05
        6077   1.21560013E-02   1.40688969E-02   1.40681742E-02  -5.13717205E-05
        6078   1.21580018E-02   1.40700834E-02   1.40693588E-02  -5.14997846E-05
        6079   1.21600013E-02   1.40712690E-02   1.40705463E-02  -5.13630621E-05
        6080   1.21620018E-02   1.40724545E-02   1.40717309E-02  -5.14249186E-05
        6081   1.21640014E-02   1.40736401E-02   1.40729174E-02  -5.13544073E-05
        6082   1.21660009E-02   1.40748257E-02   1.40741020E-02  -5.14162566E-05
        6083   1.21680014E-02   1.40760103E-02   1.40752858E-02  -5.14780986E-05
        6084   1.21700009E-02   1.40771950E-02   1.40764732E-02  -5.12752740E-05
        6085   1.21720014E-02   1.40783796E-02   1.40776560E-02  -5.14032763E-05
        6086   1.21740010E-02   1.40795643E-02   1.40788406E-02  -5.13989507E-05
        6087   1.21760014E-02   1.40807480E-02   1.40800243E-02  -5.13946288E-05
        6088   1.21780010E-02   1.40819317E-02   1.40812099E-02  -5.12580227E-05
        6089   1.21800015E-02   1.40831154E-02   1.40823936E-02  -5.12537154E-05
        6090   1.21820010E-02   1.40842991E-02   1.40835755E-02  -5.13816703E-05
        6091   1.21840015E-02   1.40854819E-02   1.40847582E-02  -5.13773557E-05
        6092   1.21860011E-02   1.40866647E-02   1.40859419E-02  -5.13069208E-05
        6093   1.21880015E-02   1.40878474E-02   1.40871247E-02  -5.13026134E-05
        6094   1.21900011E-02   1.40890302E-02   1.40883084E-02  -5.12321967E-05
        6095   1.21920016E-02   1.40902121E-02   1.40894884E-02  -5.13601080E-05
        6096   1.21940011E-02   1.40913939E-02   1.40906712E-02  -5.12897022E-05
        6097   1.21960016E-02   1.40925758E-02   1.40918540E-02  -5.12193074E-05
        6098   1.21980011E-02   1.40937576E-02   1.40930349E-02  -5.12810984E-05
        6099   1.22000016E-02   1.40949385E-02   1.40942167E-02  -5.12107217E-05
        6100   1.22020012E-02   1.40961194E-02   1.40953967E-02  -5.12725055E-05
        6101   1.22040017E-02   1.40973004E-02   1.40965777E-02  -5.12682127E-05
        6102   1.22060012E-02   1.40984813E-02   1.40977595E-02  -5.11978506E-05
        6103   1.22080017E-02   1.40996613E-02   1.40989395E-02  -5.11935650E-05
        6104   1.22100012E-02   1.41008412E-02   1.41001195E-02  -5.11892831E-05
        6105   1.22120017E-02   1.41020212E-02   1.41013004E-02  -5.11189501E-05
        6106   1.22140013E-02   1.41032012E-02   1.41024785E-02  -5.12467595E-05
        6107   1.22160017E-02   1.41043803E-02   1.41036576E-02  -5.12424740E-05
        6108   1.22180013E-02   1.41055593E-02   1.41048385E-02  -5.11061262E-05
        6109   1.22200018E-02   1.41067384E-02   1.41060157E-02  -5.12339102E-05
        6110   1.22220013E-02   1.41079174E-02   1.41071957E-02  -5.11636063E-05
        6111   1.22240018E-02   1.41090956E-02   1.41083738E-02  -5.11593316E-05
        6112   1.22260014E-02   1.41102737E-02   1.41095519E-02  -5.11550606E-05
        6113   1.22280009E-02   1.41114518E-02   1.41107291E-02  -5.12167935E-05
        6114   1.22300014E-02   1.41126299E-02   1.41119072E-02  -5.12125189E-05
        6115   1.22320009E-02   1.41138071E-02   1.41130853E-02  -5.11422550E-05
        6116   1.22340014E-02   1.41149843E-02   1.41142616E-02  -5.12039769E-05
        6117   1.22360010E-02   1.41161615E-02   1.41154379E-02  -5.12656879E-05
        6118   1.22380015E-02   1.41173387E-02   1.41166160E-02  -5.11954349E-05
        6119   1.22400010E-02   1.41185150E-02   1.41177922E-02  -5.11911712E-05
        6120   1.22420015E-02   1.41196912E-02   1.41189676E-02  -5.12528713E-05
        6121   1.22440010E-02   1.41208675E-02   1.41201448E-02  -5.11826438E-05
        6122   1.22460015E-02   1.41220437E-02   1.41213201E-02  -5.12443330E-05
        6123   1.22480011E-02   1.41232191E-02   1.41224964E-02  -5.11741200E-05
        6124   1.22500015E-02   1.41243944E-02   1.41236708E-02  -5.12358056E-05
        6125   1.22520011E-02   1.41255697E-02   1.41248461E-02  -5.12315419E-05
        6126   1.22540016E-02   1.41267451E-02   1.41260214E-02  -5.12272782E-05
        6127   1.22560011E-02   1.41279195E-02   1.41271967E-02  -5.11570943E-05
        6128   1.22580016E-02   1.41290938E-02   1.41283702E-02  -5.12187617E-05
        6129   1.22600012E-02   1.41302682E-02   1.41295455E-02  -5.11485887E-05
        6130   1.22620016E-02   1.41314426E-02   1.41307181E-02  -5.12761617E-05
        6131   1.22640012E-02   1.41326161E-02   1.41318934E-02  -5.11400904E-05
        6132   1.22660017E-02   1.41337896E-02   1.41330669E-02  -5.11358448E-05
        6133   1.22680012E-02   1.41349630E-02   1.41342394E-02  -5.11974940E-05
        6134   1.22700017E-02   1.41361365E-02   1.41354129E-02  -5.11932449E-05
        6135   1.22720012E-02   1.41373090E-02   1.41365863E-02  -5.11231156E-05
        6136   1.22740017E-02   1.41384816E-02   1.41377579E-02  -5.11847538E-05
        6137   1.22760013E-02   1.41396541E-02   1.41389295E-02  -5.12463812E-05
        6138   1.22780018E-02   1.41408257E-02   1.41401030E-02  -5.11104008E-05
        6139   1.22800013E-02   1.41419973E-02   1.41412746E-02  -5.11061662E-05
        6140   1.22820018E-02   1.41431689E-02   1.41424462E-02  -5.11019316E-05
        6141   1.22840013E-02   1.41443405E-02   1.41436169E-02  -5.11635481E-05
        6142   1.22860018E-02   1.41455112E-02   1.41447876E-02  -5.11593134E-05
        6143   1.22880014E-02   1.41466819E-02   1.41459601E-02  -5.10234022E-05
        6144   1.22900009E-02   1.41478525E-02   1.41471298E-02  -5.10850150E-05
        6145   1.22920014E-02   1.41490232E-02   1.41482996E-02  -5.11466169E-05
        6146   1.22940009E-02   1.41501930E-02   1.41494703E-02  -5.10765640E-05
        6147   1.22960014E-02   1.41513627E-02   1.41506409E-02  -5.10065220E-05
        6148   1.22980010E-02   1.41525324E-02   1.41518116E-02  -5.09364945E-05
        6149   1.23000015E-02   1.41537022E-02   1.41529795E-02  -5.10639002E-05
        6150   1.23020010E-02   1.41548710E-02   1.41541492E-02  -5.09938800E-05
        6151   1.23040015E-02   1.41560398E-02   1.41553180E-02  -5.09896709E-05
        6152   1.23060010E-02   1.41572086E-02   1.41564868E-02  -5.09854617E-05
        6153   1.23080015E-02   1.41583774E-02   1.41576547E-02  -5.10470381E-05
        6154   1.23100011E-02   1.41595453E-02   1.41588235E-02  -5.09770471E-05
        6155   1.23120015E-02   1.41607132E-02   1.41599914E-02  -5.09728416E-05
        6156   1.23140011E-02   1.41618811E-02   1.41611593E-02  -5.09686361E-05
        6157   1.23160016E-02   1.41630489E-02   1.41623281E-02  -5.08986705E-05
        6158   1.23180011E-02   1.41642159E-02   1.41634950E-02  -5.08944759E-05
        6159   1.23200016E-02   1.41653828E-02   1.41646620E-02  -5.08902849E-05
        6160   1.23220012E-02   1.41665498E-02   1.41658299E-02  -5.08203448E-05
        6161   1.23240016E-02   1.41677167E-02   1.41669959E-02  -5.08818994E-05
        6162   1.23260012E-02   1.41688827E-02   1.41681619E-02  -5.08777121E-05
        6163   1.23280017E-02   1.41700488E-02   1.41693279E-02  -5.08735247E-05
        6164   1.23300012E-02   1.41712148E-02   1.41704949E-02  -5.08036137E-05
        6165   1.23320017E-02   1.41723808E-02   1.41716599E-02  -5.08651538E-05
        6166   1.23340013E-02   1.41735459E-02   1.41728250E-02  -5.08609737E-05
        6167   1.23360017E-02   1.41747110E-02   1.41739910E-02  -5.07910809E-05
        6168   1.23380013E-02   1.41758760E-02   1.41751571E-02  -5.07212026E-05
        6169   1.23400018E-02   1.41770411E-02   1.41763203E-02  -5.08484336E-05
        6170   1.23420013E-02   1.41782053E-02   1.41774863E-02  -5.07128716E-05
        6171   1.23440018E-02   1.41793694E-02   1.41786505E-02  -5.07087061E-05
        6172   1.23460013E-02   1.41805336E-02   1.41798137E-02  -5.07702280E-05
        6173   1.23480018E-02   1.41816977E-02   1.41809778E-02  -5.07660588E-05
        6174   1.23500014E-02   1.41828610E-02   1.41821429E-02  -5.06305514E-05
        6175   1.23520009E-02   1.41840242E-02   1.41833052E-02  -5.06920660E-05
        6176   1.23540014E-02   1.41851874E-02   1.41844684E-02  -5.06879078E-05
        6177   1.23560010E-02   1.41863506E-02   1.41856307E-02  -5.07494078E-05
        6178   1.23580014E-02   1.41875129E-02   1.41867949E-02  -5.06139477E-05
        6179   1.23600010E-02   1.41886752E-02   1.41879572E-02  -5.06098004E-05
        6180   1.23620015E-02   1.41898375E-02   1.41891195E-02  -5.06056567E-05
        6181   1.23640010E-02   1.41909998E-02   1.41902817E-02  -5.06015131E-05
        6182   1.23660015E-02   1.41921612E-02   1.41914440E-02  -5.05317403E-05
        6183   1.23680010E-02   1.41933225E-02   1.41926045E-02  -5.05932294E-05
        6184   1.23700015E-02   1.41944839E-02   1.41937658E-02  -5.05890894E-05
        6185   1.23720011E-02   1.41956452E-02   1.41949272E-02  -5.05849530E-05
        6186   1.23740016E-02   1.41968057E-02   1.41960876E-02  -5.05808166E-05
        6187   1.23760011E-02   1.41979661E-02   1.41972490E-02  -5.05110802E-05
        6188   1.23780016E-02   1.41991265E-02   1.41984094E-02  -5.05069511E-05
        6189   1.23800011E-02   1.42002869E-02   1.41995689E-02  -5.05684147E-05
        6190   1.23820016E-02   1.42014464E-02   1.42007302E-02  -5.04331147E-05
        6191   1.23840012E-02   1.42026059E-02   1.42018888E-02  -5.04945783E-05
        6192   1.23860016E-02   1.42037654E-02   1.42030474E-02  -5.05560311E-05
        6193   1.23880012E-02   1.42049249E-02   1.42042087E-02  -5.04207637E-05
        6194   1.23900017E-02   1.42060835E-02   1.42053673E-02  -5.04166528E-05
        6195   1.23920012E-02   1.42072421E-02   1.42065259E-02  -5.04125419E-05
        6196   1.23940017E-02   1.42084006E-02   1.42076844E-02  -5.04084310E-05
        6197   1.23960013E-02   1.42095592E-02   1.42088430E-02  -5.04043201E-05
        6198   1.23980017E-02   1.42107168E-02   1.42100006E-02  -5.04002128E-05
        6199   1.24000013E-02   1.42118745E-02   1.42111583E-02  -5.03961091E-05
        6200   1.24020018E-02   1.42130321E-02   1.42123159E-02  -5.03920019E-05
        6201   1.24040013E-02   1.42141897E-02   1.42134735E-02  -5.03878982E-05
        6202   1.24060018E-02   1.42153464E-02   1.42146312E-02  -5.03182746E-05
        6203   1.24080013E-02   1.42165031E-02   1.42157888E-02  -5.02486655E-05
        6204   1.24100018E-02   1.42176598E-02   1.42169446E-02  -5.03100891E-05
        6205   1.24120014E-02   1.42188165E-02   1.42181013E-02  -5.03059964E-05
        6206   1.24140009E-02   1.42199723E-02   1.42192570E-02  -5.03019073E-05
        6207   1.24160014E-02   1.42211281E-02   1.42204138E-02  -5.02323237E-05
        6208   1.24180010E-02   1.42222838E-02   1.42215686E-02  -5.02937291E-05
        6209   1.24200014E-02   1.42234396E-02   1.42227244E-02  -5.02896437E-05
        6210   1.24220010E-02   1.42245954E-02   1.42238801E-02  -5.02855582E-05
        6211   1.24240015E-02   1.42257502E-02   1.42250340E-02  -5.03469491E-05
        6212   1.24260010E-02   1.42269051E-02   1.42261907E-02  -5.02119256E-05
        6213   1.24280015E-02   1.42280599E-02   1.42273447E-02  -5.02733128E-05
        6214   1.24300011E-02   1.42292148E-02   1.42284995E-02  -5.02692310E-05
        6215   1.24320015E-02   1.42303687E-02   1.42296525E-02  -5.03306073E-05
        6216   1.24340011E-02   1.42315226E-02   1.42308064E-02  -5.03265255E-05
        6217   1.24360016E-02   1.42326765E-02   1.42319603E-02  -5.03224474E-05
        6218   1.24380011E-02   1.42338304E-02   1.42331142E-02  -5.03183655E-05
        6219   1.24400016E-02   1.42349834E-02   1.42342681E-02  -5.02488583E-05
        6220   1.24420011E-02   1.42361363E-02   1.42354211E-02  -5.02447911E-05
        6221   1.24440016E-02   1.42372893E-02   1.42365741E-02  -5.02407202E-05
        6222   1.24460012E-02   1.42384423E-02   1.42377252E-02  -5.03674819E-05
        6223   1.24480017E-02   1.42395943E-02   1.42388791E-02  -5.02325856E-05
        6224   1.24500012E-02   1.42407464E-02   1.42400311E-02  -5.02285220E-05
        6225   1.24520017E-02   1.42418984E-02   1.42411822E-02  -5.02898583E-05
        6226   1.24540012E-02   1.42430505E-02   1.42423343E-02  -5.02857911E-05
        6227   1.24560017E-02   1.42442016E-02   1.42434854E-02  -5.02817275E-05
        6228   1.24580013E-02   1.42453527E-02   1.42446375E-02  -5.02122821E-05
        6229   1.24600017E-02   1.42465038E-02   1.42457876E-02  -5.02736038E-05
        6230   1.24620013E-02   1.42476549E-02   1.42469378E-02  -5.03349147E-05
        6231   1.24640018E-02   1.42488051E-02   1.42480899E-02  -5.02001130E-05
        6232   1.24660013E-02   1.42499553E-02   1.42492400E-02  -5.01960603E-05
        6233   1.24680018E-02   1.42511055E-02   1.42503893E-02  -5.02573675E-05
        6234   1.24700014E-02   1.42522557E-02   1.42515395E-02  -5.02533112E-05
        6235   1.24720018E-02   1.42534049E-02   1.42526887E-02  -5.02492585E-05
        6236   1.24740014E-02   1.42545542E-02   1.42538380E-02  -5.02452094E-05
        6237   1.24760009E-02   1.42557034E-02   1.42549872E-02  -5.02411567E-05
        6238   1.24780014E-02   1.42568527E-02   1.42561365E-02  -5.02371076E-05
        6239   1.24800010E-02   1.42580010E-02   1.42572839E-02  -5.02983858E-05
        6240   1.24820014E-02   1.42591493E-02   1.42584322E-02  -5.02943367E-05
        6241   1.24840010E-02   1.42602976E-02   1.42595815E-02  -5.02249713E-05
        6242   1.24860015E-02   1.42614460E-02   1.42607279E-02  -5.03515475E-05
        6243   1.24880010E-02   1.42625934E-02   1.42618772E-02  -5.02168878E-05
        6244   1.24900015E-02   1.42637407E-02   1.42630236E-02  -5.02781477E-05
        6245   1.24920011E-02   1.42648881E-02   1.42641719E-02  -5.02088078E-05
        6246   1.24940015E-02   1.42660355E-02   1.42653175E-02  -5.03353476E-05
        6247   1.24960011E-02   1.42671820E-02   1.42664658E-02  -5.02007351E-05
        6248   1.24980016E-02   1.42683284E-02   1.42676122E-02  -5.01967006E-05
        6249   1.25000011E-02   1.42694749E-02   1.42687578E-02  -5.02579423E-05
        6250   1.25020016E-02   1.42706214E-02   1.42699052E-02  -5.01886352E-05
        6251   1.25040011E-02   1.42717669E-02   1.42710507E-02  -5.01846080E-05
        6252   1.25060016E-02   1.42729124E-02   1.42721962E-02  -5.01805771E-05
        6253   1.25080012E-02   1.42740579E-02   1.42733427E-02  -5.01112991E-05
        6254   1.25100017E-02   1.42752035E-02   1.42744873E-02  -5.01725226E-05
        6255   1.25120012E-02   1.42763481E-02   1.42756319E-02  -5.01685026E-05
        6256   1.25140017E-02   1.42774926E-02   1.42767755E-02  -5.02297153E-05
        6257   1.25160012E-02   1.42786372E-02   1.42779220E-02  -5.00952265E-05
        6258   1.25180017E-02   1.42797818E-02   1.42790647E-02  -5.02216644E-05
        6259   1.25200013E-02   1.42809255E-02   1.42802093E-02  -5.01524191E-05
        6260   1.25220018E-02   1.42820692E-02   1.42813539E-02  -5.00831884E-05
        6261   1.25240013E-02   1.42832128E-02   1.42824976E-02  -5.00791793E-05
        6262   1.25260018E-02   1.42843565E-02   1.42836403E-02  -5.01403738E-05
        6263   1.25280013E-02   1.42854992E-02   1.42847849E-02  -5.00059614E-05
        6264   1.25300018E-02   1.42866420E-02   1.42859267E-02  -5.00671558E-05
        6265   1.25320014E-02   1.42877847E-02   1.42870694E-02  -5.00631540E-05
        6266   1.25340018E-02   1.42889274E-02   1.42882122E-02  -5.00591486E-05
        6267   1.25360014E-02   1.42900692E-02   1.42893549E-02  -4.99899688E-05
        6268   1.25380009E-02   1.42912110E-02   1.42904958E-02  -5.00511487E-05
        6269   1.25400014E-02   1.42923528E-02   1.42916376E-02  -5.00471506E-05
        6270   1.25420010E-02   1.42934946E-02   1.42927784E-02  -5.01083159E-05
        6271   1.25440015E-02   1.42946355E-02   1.42939202E-02  -5.00391579E-05
        6272   1.25460010E-02   1.42957764E-02   1.42950611E-02  -5.00351634E-05
        6273   1.25480015E-02   1.42969172E-02   1.42962020E-02  -5.00311726E-05
        6274   1.25500010E-02   1.42980581E-02   1.42973429E-02  -5.00271781E-05
        6275   1.25520015E-02   1.42991981E-02   1.42984837E-02  -4.99580528E-05
        6276   1.25540011E-02   1.43003380E-02   1.42996237E-02  -4.99540693E-05
        6277   1.25560015E-02   1.43014779E-02   1.43007636E-02  -4.99500893E-05
        6278   1.25580011E-02   1.43026179E-02   1.43019026E-02  -5.00112292E-05
        6279   1.25600016E-02   1.43037578E-02   1.43030426E-02  -5.00072456E-05
        6280   1.25620011E-02   1.43048968E-02   1.43041825E-02  -4.99381495E-05
        6281   1.25640016E-02   1.43060358E-02   1.43053215E-02  -4.99341731E-05
        6282   1.25660012E-02   1.43071748E-02   1.43064605E-02  -4.99301968E-05
        6283   1.25680016E-02   1.43083138E-02   1.43075986E-02  -4.99913185E-05
        6284   1.25700012E-02   1.43094519E-02   1.43087376E-02  -4.99222515E-05
        6285   1.25720017E-02   1.43105900E-02   1.43098757E-02  -4.99182825E-05
        6286   1.25740012E-02   1.43117281E-02   1.43110128E-02  -4.99793932E-05
        6287   1.25760017E-02   1.43128661E-02   1.43121500E-02  -5.00404931E-05
        6288   1.25780012E-02   1.43140033E-02   1.43132890E-02  -4.99063790E-05
        6289   1.25800017E-02   1.43151404E-02   1.43144242E-02  -5.00325441E-05
        6290   1.25820013E-02   1.43162776E-02   1.43155633E-02  -4.98984482E-05
        6291   1.25840018E-02   1.43174147E-02   1.43166995E-02  -4.99595408E-05
        6292   1.25860013E-02   1.43185509E-02   1.43178366E-02  -4.98905283E-05
        6293   1.25880018E-02   1.43196872E-02   1.43189710E-02  -5.00166570E-05
        6294   1.25900013E-02   1.43208234E-02   1.43201081E-02  -4.99476482E-05
        6295   1.25920018E-02   1.43219596E-02   1.43212434E-02  -5.00087190E-05
        6296   1.25940014E-02   1.43230949E-02   1.43223805E-02  -4.98746995E-05
        6297   1.25960018E-02   1.43242301E-02   1.43235158E-02  -4.98707450E-05
        6298   1.25980014E-02   1.43253654E-02   1.43246502E-02  -4.99318121E-05
        6299   1.26000009E-02   1.43265007E-02   1.43257855E-02  -4.99278540E-05
        6300   1.26020014E-02   1.43276351E-02   1.43269198E-02  -4.99239031E-05
        6301   1.26040010E-02   1.43287694E-02   1.43280551E-02  -4.98549452E-05
        6302   1.26060015E-02   1.43299038E-02   1.43291885E-02  -4.99159978E-05
        6303   1.26080010E-02   1.43310381E-02   1.43303229E-02  -4.99120470E-05
        6304   1.26100015E-02   1.43321715E-02   1.43314572E-02  -4.98431109E-05
        6305   1.26120010E-02   1.43333049E-02   1.43325897E-02  -4.99041525E-05
        6306   1.26140015E-02   1.43344384E-02   1.43337250E-02  -4.97702495E-05
        6307   1.26160011E-02   1.43355718E-02   1.43348575E-02  -4.98312875E-05
        6308   1.26180016E-02   1.43367043E-02   1.43359900E-02  -4.98273512E-05
        6309   1.26200011E-02   1.43378368E-02   1.43371224E-02  -4.98234149E-05
        6310   1.26220016E-02   1.43389693E-02   1.43382549E-02  -4.98194822E-05
        6311   1.26240011E-02   1.43401017E-02   1.43393874E-02  -4.98155459E-05
        6312   1.26260016E-02   1.43412333E-02   1.43405199E-02  -4.97466681E-05
        6313   1.26280012E-02   1.43423649E-02   1.43416505E-02  -4.98076843E-05
        6314   1.26300016E-02   1.43434964E-02   1.43427821E-02  -4.98037552E-05
        6315   1.26320012E-02   1.43446280E-02   1.43439146E-02  -4.97348956E-05
        6316   1.26340017E-02   1.43457586E-02   1.43450452E-02  -4.97309738E-05
        6317   1.26360012E-02   1.43468892E-02   1.43461758E-02  -4.97270557E-05
        6318   1.26380017E-02   1.43480198E-02   1.43473065E-02  -4.97231376E-05
        6319   1.26400013E-02   1.43491505E-02   1.43484371E-02  -4.97192195E-05
        6320   1.26420017E-02   1.43502811E-02   1.43495677E-02  -4.97153014E-05
        6321   1.26440013E-02   1.43514108E-02   1.43506974E-02  -4.97113870E-05
        6322   1.26460018E-02   1.43525405E-02   1.43518262E-02  -4.97723704E-05
        6323   1.26480013E-02   1.43536702E-02   1.43529559E-02  -4.97684523E-05
        6324   1.26500018E-02   1.43547999E-02   1.43540855E-02  -4.97645378E-05
        6325   1.26520013E-02   1.43559286E-02   1.43552152E-02  -4.96957437E-05
        6326   1.26540018E-02   1.43570574E-02   1.43563431E-02  -4.97567125E-05
        6327   1.26560014E-02   1.43581862E-02   1.43574728E-02  -4.96879293E-05
        6328   1.26580019E-02   1.43593149E-02   1.43586015E-02  -4.96840221E-05
        6329   1.26600014E-02   1.43604428E-02   1.43597294E-02  -4.96801222E-05
        6330   1.26620010E-02   1.43615706E-02   1.43608563E-02  -4.97410729E-05
        6331   1.26640014E-02   1.43626984E-02   1.43619841E-02  -4.97371693E-05
        6332   1.26660010E-02   1.43638263E-02   1.43631119E-02  -4.97332621E-05
        6333   1.26680015E-02   1.43649532E-02   1.43642388E-02  -4.97293622E-05
        6334   1.26700010E-02   1.43660801E-02   1.43653667E-02  -4.96606262E-05
        6335   1.26720015E-02   1.43672070E-02   1.43664926E-02  -4.97215588E-05
        6336   1.26740010E-02   1.43683339E-02   1.43676205E-02  -4.96528337E-05
        6337   1.26760015E-02   1.43694598E-02   1.43687455E-02  -4.97137626E-05
        6338   1.26780011E-02   1.43705858E-02   1.43698715E-02  -4.97098663E-05
        6339   1.26800016E-02   1.43717118E-02   1.43709974E-02  -4.97059737E-05
        6340   1.26820011E-02   1.43728377E-02   1.43721234E-02  -4.97020774E-05
        6341   1.26840016E-02   1.43739628E-02   1.43732494E-02  -4.96333887E-05
        6342   1.26860011E-02   1.43750878E-02   1.43743753E-02  -4.95647109E-05
        6343   1.26880016E-02   1.43762128E-02   1.43754994E-02  -4.96256216E-05
        6344   1.26900012E-02   1.43773379E-02   1.43766236E-02  -4.96865214E-05
        6345   1.26920016E-02   1.43784620E-02   1.43777486E-02  -4.96178582E-05
        6346   1.26940012E-02   1.43795861E-02   1.43788736E-02  -4.95492059E-05
        6347   1.26960017E-02   1.43807102E-02   1.43799968E-02  -4.96101020E-05
        6348   1.26980012E-02   1.43818343E-02   1.43811209E-02  -4.96062239E-05
        6349   1.27000017E-02   1.43829575E-02   1.43822450E-02  -4.95375898E-05
        6350   1.27020013E-02   1.43840807E-02   1.43833682E-02  -4.95337226E-05
        6351   1.27040017E-02   1.43852038E-02   1.43844914E-02  -4.95298555E-05
        6352   1.27060013E-02   1.43863270E-02   1.43856136E-02  -4.95907298E-05
        6353   1.27080018E-02   1.43874502E-02   1.43867368E-02  -4.95868589E-05
        6354   1.27100013E-02   1.43885724E-02   1.43878600E-02  -4.95182576E-05
        6355   1.27120018E-02   1.43896947E-02   1.43889813E-02  -4.95791246E-05
        6356   1.27140014E-02   1.43908169E-02   1.43901035E-02  -4.95752574E-05
        6357   1.27160018E-02   1.43919392E-02   1.43912267E-02  -4.95066743E-05
        6358   1.27180014E-02   1.43930605E-02   1.43923480E-02  -4.95028180E-05
        6359   1.27200019E-02   1.43941818E-02   1.43934684E-02  -4.95636668E-05
        6360   1.27220014E-02   1.43953031E-02   1.43945906E-02  -4.94951055E-05
        6361   1.27240010E-02   1.43964244E-02   1.43957110E-02  -4.95559470E-05
        6362   1.27260014E-02   1.43975448E-02   1.43968314E-02  -4.95520908E-05
        6363   1.27280010E-02   1.43986652E-02   1.43979518E-02  -4.95482345E-05
        6364   1.27300015E-02   1.43997855E-02   1.43990731E-02  -4.94796950E-05
        6365   1.27320010E-02   1.44009059E-02   1.44001935E-02  -4.94758460E-05
        6366   1.27340015E-02   1.44020254E-02   1.44013129E-02  -4.94720007E-05
        6367   1.27360011E-02   1.44031448E-02   1.44024324E-02  -4.94681553E-05
        6368   1.27380015E-02   1.44042643E-02   1.44035518E-02  -4.94643100E-05
        6369   1.27400011E-02   1.44053837E-02   1.44046713E-02  -4.94604683E-05
        6370   1.27420016E-02   1.44065022E-02   1.44057889E-02  -4.95212807E-05
        6371   1.27440011E-02   1.44076208E-02   1.44069092E-02  -4.93881380E-05
        6372   1.27460016E-02   1.44087393E-02   1.44080268E-02  -4.94489468E-05
        6373   1.27480011E-02   1.44098578E-02   1.44091463E-02  -4.93804728E-05
        6374   1.27500016E-02   1.44109754E-02   1.44102639E-02  -4.93766420E-05
        6375   1.27520012E-02   1.44120930E-02   1.44113824E-02  -4.93081861E-05
        6376   1.27540017E-02   1.44132106E-02   1.44124981E-02  -4.94336055E-05
        6377   1.27560012E-02   1.44143282E-02   1.44136166E-02  -4.93651569E-05
        6378   1.27580017E-02   1.44154457E-02   1.44147333E-02  -4.94259402E-05
        6379   1.27600012E-02   1.44165624E-02   1.44158499E-02  -4.94221131E-05
        6380   1.27620017E-02   1.44176790E-02   1.44169657E-02  -4.94828892E-05
        6381   1.27640013E-02   1.44187957E-02   1.44180842E-02  -4.93498592E-05
        6382   1.27660017E-02   1.44199124E-02   1.44191999E-02  -4.94106316E-05
        6383   1.27680013E-02   1.44210281E-02   1.44203156E-02  -4.94068081E-05
        6384   1.27700018E-02   1.44221438E-02   1.44214313E-02  -4.94029846E-05
        6385   1.27720013E-02   1.44232595E-02   1.44225471E-02  -4.93991647E-05
        6386   1.27740018E-02   1.44243753E-02   1.44236619E-02  -4.94599153E-05
        6387   1.27760014E-02   1.44254901E-02   1.44247795E-02  -4.92623913E-05
        6388   1.27780018E-02   1.44266048E-02   1.44258924E-02  -4.93877087E-05
        6389   1.27800014E-02   1.44277196E-02   1.44270081E-02  -4.93193365E-05
        6390   1.27820019E-02   1.44288344E-02   1.44281220E-02  -4.93800762E-05
        6391   1.27840014E-02   1.44299483E-02   1.44292377E-02  -4.92471700E-05
        6392   1.27860010E-02   1.44310622E-02   1.44303506E-02  -4.93079096E-05
        6393   1.27880014E-02   1.44321760E-02   1.44314645E-02  -4.93041043E-05
        6394   1.27900010E-02   1.44332899E-02   1.44325774E-02  -4.93648331E-05
        6395   1.27920015E-02   1.44344028E-02   1.44336913E-02  -4.92964973E-05
        6396   1.27940010E-02   1.44355157E-02   1.44348042E-02  -4.92926993E-05
        6397   1.27960015E-02   1.44366287E-02   1.44359171E-02  -4.92888976E-05
        6398   1.27980011E-02   1.44377416E-02   1.44370291E-02  -4.93496118E-05
        6399   1.28000015E-02   1.44388536E-02   1.44381421E-02  -4.92813015E-05
        6400   1.28020011E-02   1.44399656E-02   1.44392550E-02  -4.92130057E-05
        6401   1.28040016E-02   1.44410776E-02   1.44403670E-02  -4.92092149E-05
        6402   1.28060011E-02   1.44421896E-02   1.44414781E-02  -4.92699182E-05
        6403   1.28080016E-02   1.44433016E-02   1.44425901E-02  -4.92661238E-05
        6404   1.28100011E-02   1.44444127E-02   1.44437021E-02  -4.91978535E-05
        6405   1.28120016E-02   1.44455237E-02   1.44448122E-02  -4.92585459E-05
        6406   1.28140012E-02   1.44466348E-02   1.44459233E-02  -4.92547588E-05
        6407   1.28160017E-02   1.44477459E-02   1.44470343E-02  -4.92509680E-05
        6408   1.28180012E-02   1.44488560E-02   1.44481454E-02  -4.91827232E-05
        6409   1.28200017E-02   1.44499661E-02   1.44492555E-02  -4.91789433E-05
        6410   1.28220012E-02   1.44510763E-02   1.44503647E-02  -4.92396175E-05
        6411   1.28240017E-02   1.44521864E-02   1.44514749E-02  -4.92358377E-05
        6412   1.28260013E-02   1.44532956E-02   1.44525850E-02  -4.91676146E-05
        6413   1.28280018E-02   1.44544048E-02   1.44536942E-02  -4.91638420E-05
        6414   1.28300013E-02   1.44555140E-02   1.44548034E-02  -4.91600695E-05
        6415   1.28320018E-02   1.44566232E-02   1.44559117E-02  -4.92207255E-05
        6416   1.28340013E-02   1.44577315E-02   1.44570200E-02  -4.92169529E-05
        6417   1.28360018E-02   1.44588398E-02   1.44581292E-02  -4.91487590E-05
        6418   1.28380014E-02   1.44599481E-02   1.44592375E-02  -4.91449937E-05
        6419   1.28400018E-02   1.44610563E-02   1.44603448E-02  -4.92056352E-05
        6420   1.28420014E-02   1.44621637E-02   1.44614531E-02  -4.91374631E-05
        6421   1.28440019E-02   1.44632710E-02   1.44625613E-02  -4.90693019E-05
        6422   1.28460014E-02   1.44643784E-02   1.44636687E-02  -4.90655475E-05
        6423   1.28480010E-02   1.44654857E-02   1.44647751E-02  -4.91261781E-05
        6424   1.28500015E-02   1.44665930E-02   1.44658824E-02  -4.91224164E-05
        6425   1.28520010E-02   1.44676995E-02   1.44669889E-02  -4.91186620E-05
        6426   1.28540015E-02   1.44688059E-02   1.44680953E-02  -4.91149040E-05
        6427   1.28560010E-02   1.44699123E-02   1.44692017E-02  -4.91111496E-05
        6428   1.28580015E-02   1.44710187E-02   1.44703072E-02  -4.91717583E-05
        6429   1.28600011E-02   1.44721242E-02   1.44714136E-02  -4.91036444E-05
        6430   1.28620015E-02   1.44732296E-02   1.44725190E-02  -4.90998937E-05
        6431   1.28640011E-02   1.44743351E-02   1.44736236E-02  -4.91604915E-05
        6432   1.28660016E-02   1.44754406E-02   1.44747291E-02  -4.91567371E-05
        6433   1.28680011E-02   1.44765452E-02   1.44758355E-02  -4.90243074E-05
        6434   1.28700016E-02   1.44776497E-02   1.44769391E-02  -4.90849015E-05
        6435   1.28720012E-02   1.44787543E-02   1.44780446E-02  -4.90168277E-05
        6436   1.28740016E-02   1.44798588E-02   1.44791482E-02  -4.90774109E-05
        6437   1.28760012E-02   1.44809624E-02   1.44802518E-02  -4.90736711E-05
        6438   1.28780017E-02   1.44820660E-02   1.44813554E-02  -4.90699313E-05
        6439   1.28800012E-02   1.44831697E-02   1.44824600E-02  -4.90018829E-05
        6440   1.28820017E-02   1.44842733E-02   1.44835636E-02  -4.89981503E-05
        6441   1.28840012E-02   1.44853760E-02   1.44846663E-02  -4.89944177E-05
        6442   1.28860017E-02   1.44864786E-02   1.44857690E-02  -4.89906888E-05
        6443   1.28880013E-02   1.44875813E-02   1.44868726E-02  -4.89226695E-05
        6444   1.28900018E-02   1.44886840E-02   1.44879743E-02  -4.89832310E-05
        6445   1.28920013E-02   1.44897867E-02   1.44890761E-02  -4.90437851E-05
        6446   1.28940018E-02   1.44908885E-02   1.44901797E-02  -4.89115046E-05
        6447   1.28960013E-02   1.44919902E-02   1.44912815E-02  -4.89077865E-05
        6448   1.28980018E-02   1.44930920E-02   1.44923823E-02  -4.89683334E-05
        6449   1.29000014E-02   1.44941937E-02   1.44934841E-02  -4.89646118E-05
        6450   1.29020019E-02   1.44952945E-02   1.44945858E-02  -4.88966361E-05
        6451   1.29040014E-02   1.44963954E-02   1.44956876E-02  -4.88286714E-05
        6452   1.29060019E-02   1.44974962E-02   1.44967865E-02  -4.89534577E-05
        6453   1.29080014E-02   1.44985970E-02   1.44978873E-02  -4.89497397E-05
        6454   1.29100010E-02   1.44996969E-02   1.44989872E-02  -4.89460253E-05
        6455   1.29120015E-02   1.45007968E-02   1.45000871E-02  -4.89423146E-05
        6456   1.29140010E-02   1.45018967E-02   1.45011870E-02  -4.89386002E-05
        6457   1.29160015E-02   1.45029966E-02   1.45022869E-02  -4.89348895E-05
        6458   1.29180010E-02   1.45040955E-02   1.45033868E-02  -4.88669648E-05
        6459   1.29200015E-02   1.45051945E-02   1.45044848E-02  -4.89274753E-05
        6460   1.29220011E-02   1.45062935E-02   1.45055838E-02  -4.89237682E-05
        6461   1.29240016E-02   1.45073924E-02   1.45066828E-02  -4.89200611E-05
        6462   1.29260011E-02   1.45084914E-02   1.45077817E-02  -4.89163540E-05
        6463   1.29280016E-02   1.45095894E-02   1.45088816E-02  -4.87842663E-05
        6464   1.29300011E-02   1.45106874E-02   1.45099778E-02  -4.89089507E-05
        6465   1.29320016E-02   1.45117855E-02   1.45110758E-02  -4.89052509E-05
        6466   1.29340012E-02   1.45128835E-02   1.45121738E-02  -4.89015511E-05
        6467   1.29360016E-02   1.45139806E-02   1.45132719E-02  -4.88336809E-05
        6468   1.29380012E-02   1.45150777E-02   1.45143699E-02  -4.87658217E-05
        6469   1.29400017E-02   1.45161748E-02   1.45154661E-02  -4.88262995E-05
        6470   1.29420012E-02   1.45172719E-02   1.45165632E-02  -4.88226069E-05
        6471   1.29440017E-02   1.45183681E-02   1.45176603E-02  -4.87547695E-05
        6472   1.29460013E-02   1.45194642E-02   1.45187564E-02  -4.87510879E-05
        6473   1.29480017E-02   1.45205604E-02   1.45198507E-02  -4.88756959E-05
        6474   1.29500013E-02   1.45216566E-02   1.45209478E-02  -4.88078658E-05
        6475   1.29520018E-02   1.45227518E-02   1.45220440E-02  -4.87400503E-05
        6476   1.29540013E-02   1.45238470E-02   1.45231383E-02  -4.88005062E-05
        6477   1.29560018E-02   1.45249423E-02   1.45242345E-02  -4.87327015E-05
        6478   1.29580013E-02   1.45260375E-02   1.45253297E-02  -4.87290235E-05
        6479   1.29600018E-02   1.45271327E-02   1.45264240E-02  -4.87894649E-05
        6480   1.29620014E-02   1.45282270E-02   1.45275183E-02  -4.87857906E-05
        6481   1.29640019E-02   1.45293213E-02   1.45286126E-02  -4.87821162E-05
        6482   1.29660014E-02   1.45304156E-02   1.45297069E-02  -4.87784419E-05
        6483   1.29680019E-02   1.45315100E-02   1.45308012E-02  -4.87747711E-05
        6484   1.29700014E-02   1.45326033E-02   1.45318955E-02  -4.87070101E-05
        6485   1.29720010E-02   1.45336967E-02   1.45329880E-02  -4.87674297E-05
        6486   1.29740015E-02   1.45347901E-02   1.45340813E-02  -4.87637626E-05
        6487   1.29760010E-02   1.45358834E-02   1.45351738E-02  -4.88241712E-05
        6488   1.29780015E-02   1.45369759E-02   1.45362671E-02  -4.87564284E-05
        6489   1.29800010E-02   1.45380683E-02   1.45373605E-02  -4.86886966E-05
        6490   1.29820015E-02   1.45391608E-02   1.45384520E-02  -4.87491016E-05
        6491   1.29840011E-02   1.45402532E-02   1.45395445E-02  -4.87454381E-05
        6492   1.29860016E-02   1.45413447E-02   1.45406360E-02  -4.87417783E-05
        6493   1.29880011E-02   1.45424362E-02   1.45417284E-02  -4.86740719E-05
        6494   1.29900016E-02   1.45435277E-02   1.45428199E-02  -4.86704193E-05
        6495   1.29920011E-02   1.45446192E-02   1.45439124E-02  -4.86027275E-05
        6496   1.29940016E-02   1.45457108E-02   1.45450020E-02  -4.87271500E-05
        6497   1.29960012E-02   1.45468013E-02   1.45460935E-02  -4.86594654E-05
        6498   1.29980016E-02   1.45478919E-02   1.45471832E-02  -4.87198413E-05
        6499   1.30000012E-02   1.45489825E-02   1.45482747E-02  -4.86521712E-05
        6500   1.30020017E-02   1.45500731E-02   1.45493643E-02  -4.87125399E-05
        6501   1.30040012E-02   1.45511627E-02   1.45504540E-02  -4.87088910E-05
        6502   1.30060017E-02   1.45522524E-02   1.45515436E-02  -4.87052421E-05
        6503   1.30080013E-02   1.45533420E-02   1.45526333E-02  -4.87015968E-05
        6504   1.30100017E-02   1.45544317E-02   1.45537229E-02  -4.86979516E-05
        6505   1.30120013E-02   1.45555204E-02   1.45548126E-02  -4.86303179E-05
        6506   1.30140018E-02   1.45566091E-02   1.45559022E-02  -4.85626952E-05
        6507   1.30160013E-02   1.45576978E-02   1.45569909E-02  -4.85590608E-05
        6508   1.30180018E-02   1.45587865E-02   1.45580787E-02  -4.86194076E-05
        6509   1.30200014E-02   1.45598743E-02   1.45591674E-02  -4.85518030E-05
        6510   1.30220018E-02   1.45609621E-02   1.45602552E-02  -4.85481760E-05
        6511   1.30240014E-02   1.45620499E-02   1.45613430E-02  -4.85445489E-05
        6512   1.30260019E-02   1.45631377E-02   1.45624299E-02  -4.86048812E-05
        6513   1.30280014E-02   1.45642255E-02   1.45635186E-02  -4.85372984E-05
        6514   1.30300019E-02   1.45653123E-02   1.45646045E-02  -4.85976234E-05
        6515   1.30320014E-02   1.45663992E-02   1.45656914E-02  -4.85939963E-05
        6516   1.30340010E-02   1.45674860E-02   1.45667791E-02  -4.85264318E-05
        6517   1.30360015E-02   1.45685729E-02   1.45678660E-02  -4.85228120E-05
        6518   1.30380010E-02   1.45696588E-02   1.45689519E-02  -4.85191958E-05
        6519   1.30400015E-02   1.45707447E-02   1.45700378E-02  -4.85155797E-05
        6520   1.30420011E-02   1.45718306E-02   1.45711228E-02  -4.85758828E-05
        6521   1.30440015E-02   1.45729166E-02   1.45722097E-02  -4.85083474E-05
        6522   1.30460011E-02   1.45740015E-02   1.45732947E-02  -4.85047385E-05
        6523   1.30480016E-02   1.45750865E-02   1.45743797E-02  -4.85011260E-05
        6524   1.30500011E-02   1.45761715E-02   1.45754647E-02  -4.84975171E-05
        6525   1.30520016E-02   1.45772565E-02   1.45765496E-02  -4.84939046E-05
        6526   1.30540011E-02   1.45783415E-02   1.45776337E-02  -4.85541859E-05
        6527   1.30560016E-02   1.45794256E-02   1.45787187E-02  -4.84866905E-05
        6528   1.30580012E-02   1.45805096E-02   1.45798037E-02  -4.84192060E-05
        6529   1.30600017E-02   1.45815937E-02   1.45808868E-02  -4.84794800E-05
        6530   1.30620012E-02   1.45826777E-02   1.45819709E-02  -4.84758784E-05
        6531   1.30640017E-02   1.45837609E-02   1.45830531E-02  -4.85361452E-05
        6532   1.30660012E-02   1.45848440E-02   1.45841381E-02  -4.84048142E-05
        6533   1.30680017E-02   1.45859271E-02   1.45852203E-02  -4.84650773E-05
        6534   1.30700013E-02   1.45870103E-02   1.45863025E-02  -4.85253295E-05
        6535   1.30720017E-02   1.45880925E-02   1.45873856E-02  -4.84578850E-05
        6536   1.30740013E-02   1.45891747E-02   1.45884678E-02  -4.84542907E-05
        6537   1.30760018E-02   1.45902568E-02   1.45895500E-02  -4.84506963E-05
        6538   1.30780013E-02   1.45913390E-02   1.45906322E-02  -4.84471020E-05
        6539   1.30800018E-02   1.45924212E-02   1.45917153E-02  -4.83796794E-05
        6540   1.30820014E-02   1.45935025E-02   1.45927966E-02  -4.83760959E-05
        6541   1.30840018E-02   1.45945838E-02   1.45938778E-02  -4.83725089E-05
        6542   1.30860014E-02   1.45956650E-02   1.45949572E-02  -4.84965567E-05
        6543   1.30880019E-02   1.45967463E-02   1.45960404E-02  -4.83653421E-05
        6544   1.30900014E-02   1.45978266E-02   1.45971198E-02  -4.84255688E-05
        6545   1.30920019E-02   1.45989070E-02   1.45982001E-02  -4.84219854E-05
        6546   1.30940014E-02   1.45999873E-02   1.45992804E-02  -4.84184020E-05
        6547   1.30960010E-02   1.46010676E-02   1.46003598E-02  -4.84786106E-05
        6548   1.30980015E-02   1.46021470E-02   1.46014402E-02  -4.84112425E-05
        6549   1.31000010E-02   1.46032264E-02   1.46025205E-02  -4.83438816E-05
        6550   1.31020015E-02   1.46043058E-02   1.46035999E-02  -4.83403091E-05
        6551   1.31040011E-02   1.46053853E-02   1.46046793E-02  -4.83367367E-05
        6552   1.31060015E-02   1.46064637E-02   1.46057578E-02  -4.83331642E-05
        6553   1.31080011E-02   1.46075422E-02   1.46068353E-02  -4.83933582E-05
        6554   1.31100016E-02   1.46086207E-02   1.46079157E-02  -4.82622709E-05
        6555   1.31120011E-02   1.46096991E-02   1.46089932E-02  -4.83224612E-05
        6556   1.31140016E-02   1.46107776E-02   1.46100707E-02  -4.83826443E-05
        6557   1.31160012E-02   1.46118551E-02   1.46111483E-02  -4.83790755E-05
        6558   1.31180016E-02   1.46129327E-02   1.46122258E-02  -4.83755066E-05
        6559   1.31200012E-02   1.46140102E-02   1.46133034E-02  -4.83719414E-05
        6560   1.31220017E-02   1.46150878E-02   1.46143818E-02  -4.83046424E-05
        6561   1.31240012E-02   1.46161644E-02   1.46154594E-02  -4.82373616E-05
        6562   1.31260017E-02   1.46172410E-02   1.46165341E-02  -4.83612494E-05
        6563   1.31280012E-02   1.46183176E-02   1.46176117E-02  -4.82939722E-05
        6564   1.31300017E-02   1.46193942E-02   1.46186883E-02  -4.82904143E-05
        6565   1.31320013E-02   1.46204699E-02   1.46197649E-02  -4.82231553E-05
        6566   1.31340018E-02   1.46215456E-02   1.46208405E-02  -4.82196083E-05
        6567   1.31360013E-02   1.46226212E-02   1.46219153E-02  -4.82797550E-05
        6568   1.31380018E-02   1.46236969E-02   1.46229910E-02  -4.82762043E-05
        6569   1.31400013E-02   1.46247726E-02   1.46240676E-02  -4.82089672E-05
        6570   1.31420018E-02   1.46258473E-02   1.46251414E-02  -4.82691066E-05
        6571   1.31440014E-02   1.46269221E-02   1.46262161E-02  -4.82655596E-05
        6572   1.31460018E-02   1.46279968E-02   1.46272918E-02  -4.81983407E-05
        6573   1.31480014E-02   1.46290716E-02   1.46283675E-02  -4.81311290E-05
        6574   1.31500019E-02   1.46301454E-02   1.46294404E-02  -4.81912612E-05
        6575   1.31520014E-02   1.46312192E-02   1.46305142E-02  -4.81877250E-05
        6576   1.31540019E-02   1.46322930E-02   1.46315880E-02  -4.81841889E-05
        6577   1.31560015E-02   1.46333668E-02   1.46326609E-02  -4.82443029E-05
        6578   1.31580010E-02   1.46344397E-02   1.46337338E-02  -4.82407631E-05
        6579   1.31600015E-02   1.46355126E-02   1.46348067E-02  -4.82372270E-05
        6580   1.31620010E-02   1.46365855E-02   1.46358823E-02  -4.80427843E-05
        6581   1.31640015E-02   1.46376584E-02   1.46369534E-02  -4.81665265E-05
        6582   1.31660011E-02   1.46387313E-02   1.46380253E-02  -4.82266223E-05
        6583   1.31680015E-02   1.46398032E-02   1.46390982E-02  -4.81594689E-05
        6584   1.31700011E-02   1.46408752E-02   1.46401711E-02  -4.80923263E-05
        6585   1.31720016E-02   1.46419471E-02   1.46412421E-02  -4.81524148E-05
        6586   1.31740011E-02   1.46430191E-02   1.46423150E-02  -4.80852832E-05
        6587   1.31760016E-02   1.46440901E-02   1.46433851E-02  -4.81453681E-05
        6588   1.31780012E-02   1.46451611E-02   1.46444552E-02  -4.82054456E-05
        6589   1.31800016E-02   1.46462321E-02   1.46455280E-02  -4.80747331E-05
        6590   1.31820012E-02   1.46473031E-02   1.46465991E-02  -4.80712188E-05
        6591   1.31840017E-02   1.46483732E-02   1.46476692E-02  -4.80677081E-05
        6592   1.31860012E-02   1.46494433E-02   1.46487402E-02  -4.80006165E-05
        6593   1.31880017E-02   1.46505134E-02   1.46498093E-02  -4.80606832E-05
        6594   1.31900012E-02   1.46515835E-02   1.46508794E-02  -4.80571725E-05
        6595   1.31920017E-02   1.46526536E-02   1.46519495E-02  -4.80536655E-05
        6596   1.31940013E-02   1.46537228E-02   1.46530187E-02  -4.80501585E-05
        6597   1.31960018E-02   1.46547919E-02   1.46540878E-02  -4.80466515E-05
        6598   1.31980013E-02   1.46558611E-02   1.46551579E-02  -4.79795963E-05
        6599   1.32000018E-02   1.46569302E-02   1.46562262E-02  -4.80396411E-05
        6600   1.32020013E-02   1.46579985E-02   1.46572944E-02  -4.80361414E-05
        6601   1.32040018E-02   1.46590667E-02   1.46583626E-02  -4.80326416E-05
        6602   1.32060014E-02   1.46601349E-02   1.46594318E-02  -4.79656082E-05
        6603   1.32080019E-02   1.46612031E-02   1.46604991E-02  -4.80256422E-05
        6604   1.32100014E-02   1.46622704E-02   1.46615673E-02  -4.79586197E-05
        6605   1.32120019E-02   1.46633377E-02   1.46626346E-02  -4.79551309E-05
        6606   1.32140014E-02   1.46644050E-02   1.46637028E-02  -4.78881229E-05
        6607   1.32160019E-02   1.46654723E-02   1.46647692E-02  -4.79481496E-05
        6608   1.32180015E-02   1.46665396E-02   1.46658374E-02  -4.78811526E-05
        6609   1.32200010E-02   1.46676060E-02   1.46669028E-02  -4.79411756E-05
        6610   1.32220015E-02   1.46686723E-02   1.46679683E-02  -4.80011840E-05
        6611   1.32240010E-02   1.46697387E-02   1.46690356E-02  -4.79342052E-05
        6612   1.32260015E-02   1.46708051E-02   1.46701010E-02  -4.79942064E-05
        6613   1.32280011E-02   1.46718705E-02   1.46711683E-02  -4.78637558E-05
        6614   1.32300016E-02   1.46729359E-02   1.46722337E-02  -4.78602815E-05
        6615   1.32320011E-02   1.46740014E-02   1.46732992E-02  -4.78568036E-05
        6616   1.32340016E-02   1.46750668E-02   1.46743627E-02  -4.79802693E-05
        6617   1.32360011E-02   1.46761322E-02   1.46754282E-02  -4.79767841E-05
        6618   1.32380016E-02   1.46771967E-02   1.46764945E-02  -4.78463844E-05
        6619   1.32400012E-02   1.46782612E-02   1.46775572E-02  -4.79698247E-05
        6620   1.32420016E-02   1.46793257E-02   1.46786226E-02  -4.79028968E-05
        6621   1.32440012E-02   1.46803902E-02   1.46796871E-02  -4.78994225E-05
        6622   1.32460017E-02   1.46814538E-02   1.46807497E-02  -4.79593946E-05
        6623   1.32480012E-02   1.46825174E-02   1.46818142E-02  -4.78924849E-05
        6624   1.32500017E-02   1.46835810E-02   1.46828778E-02  -4.78890142E-05
        6625   1.32520013E-02   1.46846445E-02   1.46839414E-02  -4.78855472E-05
        6626   1.32540017E-02   1.46857072E-02   1.46850049E-02  -4.78186557E-05
        6627   1.32560013E-02   1.46867698E-02   1.46860676E-02  -4.78151960E-05
        6628   1.32580018E-02   1.46878324E-02   1.46871302E-02  -4.78117363E-05
        6629   1.32600013E-02   1.46888951E-02   1.46881938E-02  -4.77448702E-05
        6630   1.32620018E-02   1.46899577E-02   1.46892546E-02  -4.78682268E-05
        6631   1.32640013E-02   1.46910194E-02   1.46903181E-02  -4.77379654E-05
        6632   1.32660018E-02   1.46920811E-02   1.46913789E-02  -4.77979120E-05
        6633   1.32680014E-02   1.46931428E-02   1.46924397E-02  -4.78578477E-05
        6634   1.32700019E-02   1.46942046E-02   1.46935005E-02  -4.79177761E-05
        6635   1.32720014E-02   1.46952653E-02   1.46945640E-02  -4.77241701E-05
        6636   1.32740019E-02   1.46963261E-02   1.46956239E-02  -4.77841058E-05
        6637   1.32760014E-02   1.46973869E-02   1.46966847E-02  -4.77806534E-05
        6638   1.32780019E-02   1.46984477E-02   1.46977445E-02  -4.78405746E-05
        6639   1.32800015E-02   1.46995075E-02   1.46988053E-02  -4.77737631E-05
        6640   1.32820010E-02   1.47005673E-02   1.46998661E-02  -4.77069589E-05
        6641   1.32840015E-02   1.47016272E-02   1.47009250E-02  -4.77668727E-05
        6642   1.32860010E-02   1.47026870E-02   1.47019858E-02  -4.77000794E-05
        6643   1.32880015E-02   1.47037469E-02   1.47030447E-02  -4.77599860E-05
        6644   1.32900011E-02   1.47048058E-02   1.47041045E-02  -4.76932073E-05
        6645   1.32920016E-02   1.47058647E-02   1.47051625E-02  -4.77531103E-05
        6646   1.32940011E-02   1.47069236E-02   1.47062223E-02  -4.76863388E-05
        6647   1.32960016E-02   1.47079825E-02   1.47072813E-02  -4.76829046E-05
        6648   1.32980011E-02   1.47090405E-02   1.47083402E-02  -4.76161513E-05
        6649   1.33000016E-02   1.47100985E-02   1.47093972E-02  -4.76760470E-05
        6650   1.33020012E-02   1.47111565E-02   1.47104543E-02  -4.77359317E-05
        6651   1.33040017E-02   1.47122145E-02   1.47115132E-02  -4.76691894E-05
        6652   1.33060012E-02   1.47132725E-02   1.47125721E-02  -4.76024579E-05
        6653   1.33080017E-02   1.47143295E-02   1.47136282E-02  -4.76623354E-05
        6654   1.33100012E-02   1.47153866E-02   1.47146853E-02  -4.76589121E-05
        6655   1.33120017E-02   1.47164436E-02   1.47157423E-02  -4.76554887E-05
        6656   1.33140013E-02   1.47175007E-02   1.47167994E-02  -4.76520654E-05
        6657   1.33160017E-02   1.47185568E-02   1.47178555E-02  -4.76486457E-05
        6658   1.33180013E-02   1.47196129E-02   1.47189116E-02  -4.76452296E-05
        6659   1.33200018E-02   1.47206690E-02   1.47199677E-02  -4.76418099E-05
        6660   1.33220013E-02   1.47217251E-02   1.47210239E-02  -4.76383902E-05
        6661   1.33240018E-02   1.47227813E-02   1.47220800E-02  -4.76349742E-05
        6662   1.33260014E-02   1.47238364E-02   1.47231361E-02  -4.75683009E-05
        6663   1.33280018E-02   1.47248916E-02   1.47241903E-02  -4.76281457E-05
        6664   1.33300014E-02   1.47259468E-02   1.47252465E-02  -4.75614834E-05
        6665   1.33320019E-02   1.47270020E-02   1.47262998E-02  -4.76845671E-05
        6666   1.33340014E-02   1.47280563E-02   1.47273550E-02  -4.76179121E-05
        6667   1.33360019E-02   1.47291105E-02   1.47284102E-02  -4.75512679E-05
        6668   1.33380014E-02   1.47301648E-02   1.47294635E-02  -4.76110945E-05
        6669   1.33400019E-02   1.47312190E-02   1.47305178E-02  -4.76076893E-05
        6670   1.33420015E-02   1.47322724E-02   1.47315711E-02  -4.76042842E-05
        6671   1.33440010E-02   1.47333257E-02   1.47326253E-02  -4.75376619E-05
        6672   1.33460015E-02   1.47343790E-02   1.47336787E-02  -4.75342640E-05
        6673   1.33480011E-02   1.47354323E-02   1.47347320E-02  -4.75308661E-05
        6674   1.33500015E-02   1.47364857E-02   1.47357844E-02  -4.75906745E-05
        6675   1.33520011E-02   1.47375381E-02   1.47368368E-02  -4.75872730E-05
        6676   1.33540016E-02   1.47385905E-02   1.47378892E-02  -4.75838751E-05
        6677   1.33560011E-02   1.47396429E-02   1.47389425E-02  -4.75172892E-05
        6678   1.33580016E-02   1.47406952E-02   1.47399949E-02  -4.75138950E-05
        6679   1.33600011E-02   1.47417467E-02   1.47410464E-02  -4.75105080E-05
        6680   1.33620016E-02   1.47427982E-02   1.47420978E-02  -4.75071174E-05
        6681   1.33640012E-02   1.47438496E-02   1.47431493E-02  -4.75037305E-05
        6682   1.33660017E-02   1.47449011E-02   1.47442007E-02  -4.75003435E-05
        6683   1.33680012E-02   1.47459526E-02   1.47452522E-02  -4.74969529E-05
        6684   1.33700017E-02   1.47470031E-02   1.47463018E-02  -4.75567285E-05
        6685   1.33720012E-02   1.47480536E-02   1.47473533E-02  -4.74901863E-05
        6686   1.33740017E-02   1.47491042E-02   1.47484038E-02  -4.74868066E-05
        6687   1.33760013E-02   1.47501547E-02   1.47494543E-02  -4.74834233E-05
        6688   1.33780017E-02   1.47512043E-02   1.47505030E-02  -4.75431843E-05
        6689   1.33800013E-02   1.47522539E-02   1.47515535E-02  -4.74766675E-05
        6690   1.33820018E-02   1.47533035E-02   1.47526022E-02  -4.75364213E-05
        6691   1.33840013E-02   1.47543531E-02   1.47536527E-02  -4.74699118E-05
        6692   1.33860018E-02   1.47554018E-02   1.47547005E-02  -4.75296583E-05
        6693   1.33880014E-02   1.47564504E-02   1.47557510E-02  -4.74000444E-05
        6694   1.33900018E-02   1.47574991E-02   1.47567987E-02  -4.74597909E-05
        6695   1.33920014E-02   1.47585478E-02   1.47578474E-02  -4.74564185E-05
        6696   1.33940019E-02   1.47595964E-02   1.47588961E-02  -4.74530461E-05
        6697   1.33960014E-02   1.47606442E-02   1.47599448E-02  -4.73865766E-05
        6698   1.33980019E-02   1.47616919E-02   1.47609925E-02  -4.73832115E-05
        6699   1.34000015E-02   1.47627397E-02   1.47620402E-02  -4.73798500E-05
        6700   1.34020019E-02   1.47637874E-02   1.47630880E-02  -4.73764885E-05
        6701   1.34040015E-02   1.47648342E-02   1.47641348E-02  -4.73731270E-05
        6702   1.34060010E-02   1.47658810E-02   1.47651816E-02  -4.73697692E-05
        6703   1.34080015E-02   1.47669278E-02   1.47662275E-02  -4.74294866E-05
        6704   1.34100011E-02   1.47679746E-02   1.47672743E-02  -4.74261251E-05
        6705   1.34120015E-02   1.47690214E-02   1.47683211E-02  -4.74227636E-05
        6706   1.34140011E-02   1.47700673E-02   1.47693679E-02  -4.73563414E-05
        6707   1.34160016E-02   1.47711132E-02   1.47704147E-02  -4.72899337E-05
        6708   1.34180011E-02   1.47721590E-02   1.47714587E-02  -4.74126900E-05
        6709   1.34200016E-02   1.47732049E-02   1.47725055E-02  -4.73462860E-05
        6710   1.34220012E-02   1.47742499E-02   1.47735504E-02  -4.73429354E-05
        6711   1.34240016E-02   1.47752948E-02   1.47745963E-02  -4.72765496E-05
        6712   1.34260012E-02   1.47763398E-02   1.47756403E-02  -4.73362416E-05
        6713   1.34280017E-02   1.47773847E-02   1.47766853E-02  -4.73328910E-05
        6714   1.34300012E-02   1.47784296E-02   1.47777293E-02  -4.73925720E-05
        6715   1.34320017E-02   1.47794737E-02   1.47787742E-02  -4.73262007E-05
        6716   1.34340012E-02   1.47805177E-02   1.47798192E-02  -4.72598440E-05
        6717   1.34360017E-02   1.47815617E-02   1.47808623E-02  -4.73195178E-05
        6718   1.34380013E-02   1.47826057E-02   1.47819063E-02  -4.73161745E-05
        6719   1.34400018E-02   1.47836488E-02   1.47829503E-02  -4.72498323E-05
        6720   1.34420013E-02   1.47846919E-02   1.47839924E-02  -4.73094988E-05
        6721   1.34440018E-02   1.47857349E-02   1.47850364E-02  -4.72431675E-05
        6722   1.34460013E-02   1.47867780E-02   1.47860786E-02  -4.73028231E-05
        6723   1.34480018E-02   1.47878211E-02   1.47871217E-02  -4.72994871E-05
        6724   1.34500014E-02   1.47888632E-02   1.47881648E-02  -4.72331703E-05
        6725   1.34520018E-02   1.47899054E-02   1.47892069E-02  -4.72298452E-05
        6726   1.34540014E-02   1.47909475E-02   1.47902481E-02  -4.72894862E-05
        6727   1.34560019E-02   1.47919897E-02   1.47912903E-02  -4.72861539E-05
        6728   1.34580014E-02   1.47930309E-02   1.47923324E-02  -4.72198626E-05
        6729   1.34600019E-02   1.47940721E-02   1.47933746E-02  -4.71535823E-05
        6730   1.34620015E-02   1.47951134E-02   1.47944149E-02  -4.72132160E-05
        6731   1.34640019E-02   1.47961546E-02   1.47954552E-02  -4.72728461E-05
        6732   1.34660015E-02   1.47971958E-02   1.47964973E-02  -4.72065731E-05
        6733   1.34680010E-02   1.47982361E-02   1.47975367E-02  -4.72661959E-05
        6734   1.34700015E-02   1.47992764E-02   1.47985769E-02  -4.72628708E-05
        6735   1.34720011E-02   1.48003167E-02   1.47996182E-02  -4.71966196E-05
        6736   1.34740015E-02   1.48013569E-02   1.48006575E-02  -4.72562278E-05
        6737   1.34760011E-02   1.48023963E-02   1.48016978E-02  -4.71899875E-05
        6738   1.34780016E-02   1.48034357E-02   1.48027372E-02  -4.71866733E-05
        6739   1.34800011E-02   1.48044750E-02   1.48037765E-02  -4.71833628E-05
        6740   1.34820016E-02   1.48055144E-02   1.48048159E-02  -4.71800486E-05
        6741   1.34840012E-02   1.48065537E-02   1.48058543E-02  -4.72396423E-05
        6742   1.34860016E-02   1.48075921E-02   1.48068927E-02  -4.72363281E-05
        6743   1.34880012E-02   1.48086306E-02   1.48079321E-02  -4.71701205E-05
        6744   1.34900017E-02   1.48096690E-02   1.48089696E-02  -4.72297033E-05
        6745   1.34920012E-02   1.48107074E-02   1.48100089E-02  -4.71635067E-05
        6746   1.34940017E-02   1.48117449E-02   1.48110455E-02  -4.72230859E-05
        6747   1.34960013E-02   1.48127824E-02   1.48120830E-02  -4.72197753E-05
        6748   1.34980017E-02   1.48138199E-02   1.48131214E-02  -4.71535968E-05
        6749   1.35000013E-02   1.48148574E-02   1.48141580E-02  -4.72131615E-05
        6750   1.35020018E-02   1.48158949E-02   1.48151955E-02  -4.72098582E-05
        6751   1.35040013E-02   1.48169314E-02   1.48162311E-02  -4.72694155E-05
        6752   1.35060018E-02   1.48179680E-02   1.48172686E-02  -4.72032516E-05
        6753   1.35080013E-02   1.48190046E-02   1.48183061E-02  -4.71370986E-05
        6754   1.35100018E-02   1.48200411E-02   1.48193417E-02  -4.71966487E-05
        6755   1.35120014E-02   1.48210768E-02   1.48203773E-02  -4.71933490E-05
        6756   1.35140019E-02   1.48221124E-02   1.48214130E-02  -4.71900530E-05
        6757   1.35160014E-02   1.48231480E-02   1.48224495E-02  -4.71239218E-05
        6758   1.35180019E-02   1.48241837E-02   1.48234842E-02  -4.71834574E-05
        6759   1.35200014E-02   1.48252184E-02   1.48245199E-02  -4.71173407E-05
        6760   1.35220019E-02   1.48262531E-02   1.48255536E-02  -4.71768726E-05
        6761   1.35240015E-02   1.48272878E-02   1.48265911E-02  -4.69851293E-05
        6762   1.35260019E-02   1.48283225E-02   1.48276240E-02  -4.71074745E-05
        6763   1.35280015E-02   1.48293572E-02   1.48286577E-02  -4.71669955E-05
        6764   1.35300010E-02   1.48303909E-02   1.48296924E-02  -4.71009043E-05
        6765   1.35320015E-02   1.48314247E-02   1.48307271E-02  -4.70348205E-05
        6766   1.35340011E-02   1.48324585E-02   1.48317600E-02  -4.70943378E-05
        6767   1.35360016E-02   1.48334922E-02   1.48327928E-02  -4.71538478E-05
        6768   1.35380011E-02   1.48345251E-02   1.48338266E-02  -4.70877785E-05
        6769   1.35400016E-02   1.48355579E-02   1.48348603E-02  -4.70217165E-05
        6770   1.35420011E-02   1.48365907E-02   1.48358941E-02  -4.69556653E-05
        6771   1.35440016E-02   1.48376236E-02   1.48369260E-02  -4.70151717E-05
        6772   1.35460012E-02   1.48386564E-02   1.48379588E-02  -4.70118975E-05
        6773   1.35480016E-02   1.48396883E-02   1.48389908E-02  -4.70086270E-05
        6774   1.35500012E-02   1.48407202E-02   1.48400236E-02  -4.69426013E-05
        6775   1.35520017E-02   1.48417521E-02   1.48410546E-02  -4.70020932E-05
        6776   1.35540012E-02   1.48427840E-02   1.48420855E-02  -4.70615742E-05
        6777   1.35560017E-02   1.48438159E-02   1.48431174E-02  -4.70583036E-05
        6778   1.35580013E-02   1.48448469E-02   1.48441503E-02  -4.69295483E-05
        6779   1.35600017E-02   1.48458779E-02   1.48451803E-02  -4.69890292E-05
        6780   1.35620013E-02   1.48469089E-02   1.48462113E-02  -4.69857659E-05
        6781   1.35640018E-02   1.48479398E-02   1.48472423E-02  -4.69825027E-05
        6782   1.35660013E-02   1.48489699E-02   1.48482723E-02  -4.69792431E-05
        6783   1.35680018E-02   1.48499999E-02   1.48493024E-02  -4.69759834E-05
        6784   1.35700013E-02   1.48510300E-02   1.48503324E-02  -4.69727274E-05
        6785   1.35720018E-02   1.48520600E-02   1.48513624E-02  -4.69694678E-05
        6786   1.35740014E-02   1.48530900E-02   1.48523925E-02  -4.69662118E-05
        6787   1.35760019E-02   1.48541192E-02   1.48534207E-02  -4.70256600E-05
        6788   1.35780014E-02   1.48551483E-02   1.48544498E-02  -4.70224040E-05
        6789   1.35800019E-02   1.48561774E-02   1.48554798E-02  -4.69564511E-05
        6790   1.35820014E-02   1.48572065E-02   1.48565089E-02  -4.69531988E-05
        6791   1.35840019E-02   1.48582347E-02   1.48575371E-02  -4.69499500E-05
        6792   1.35860015E-02   1.48592629E-02   1.48585653E-02  -4.69467013E-05
        6793   1.35880020E-02   1.48602910E-02   1.48595925E-02  -4.70061277E-05
        6794   1.35900015E-02   1.48613192E-02   1.48606217E-02  -4.69402039E-05
        6795   1.35920011E-02   1.48623474E-02   1.48616498E-02  -4.69369552E-05
        6796   1.35940015E-02   1.48633746E-02   1.48626762E-02  -4.69963779E-05
        6797   1.35960011E-02   1.48644019E-02   1.48637043E-02  -4.69304687E-05
        6798   1.35980016E-02   1.48654291E-02   1.48647306E-02  -4.69898805E-05
        6799   1.36000011E-02   1.48664564E-02   1.48657579E-02  -4.69866354E-05
        6800   1.36020016E-02   1.48674827E-02   1.48667861E-02  -4.68580947E-05
        6801   1.36040011E-02   1.48685090E-02   1.48678105E-02  -4.69801489E-05
        6802   1.36060016E-02   1.48695353E-02   1.48688387E-02  -4.68516264E-05
        6803   1.36080012E-02   1.48705617E-02   1.48698641E-02  -4.69110273E-05
        6804   1.36100017E-02   1.48715880E-02   1.48708904E-02  -4.69077895E-05
        6805   1.36120012E-02   1.48726134E-02   1.48719167E-02  -4.68419312E-05
        6806   1.36140017E-02   1.48736387E-02   1.48729412E-02  -4.69013212E-05
        6807   1.36160012E-02   1.48746641E-02   1.48739666E-02  -4.68980907E-05
        6808   1.36180017E-02   1.48756895E-02   1.48749920E-02  -4.68948565E-05
        6809   1.36200013E-02   1.48767140E-02   1.48760173E-02  -4.68290164E-05
        6810   1.36220017E-02   1.48777384E-02   1.48770399E-02  -4.69510014E-05
        6811   1.36240013E-02   1.48787629E-02   1.48780653E-02  -4.68851686E-05
        6812   1.36260018E-02   1.48797873E-02   1.48790907E-02  -4.68193466E-05
        6813   1.36280013E-02   1.48808118E-02   1.48801142E-02  -4.68787148E-05
        6814   1.36300018E-02   1.48818353E-02   1.48811387E-02  -4.68129001E-05
        6815   1.36320014E-02   1.48828588E-02   1.48821613E-02  -4.68722646E-05
        6816   1.36340018E-02   1.48838824E-02   1.48831857E-02  -4.68064645E-05
        6817   1.36360014E-02   1.48849059E-02   1.48842093E-02  -4.68032449E-05
        6818   1.36380019E-02   1.48859285E-02   1.48852309E-02  -4.68625985E-05
        6819   1.36400014E-02   1.48869511E-02   1.48862554E-02  -4.67342506E-05
        6820   1.36420019E-02   1.48879737E-02   1.48872780E-02  -4.67310383E-05
        6821   1.36440014E-02   1.48889963E-02   1.48882996E-02  -4.67903847E-05
        6822   1.36460019E-02   1.48900189E-02   1.48893213E-02  -4.68497237E-05
        6823   1.36480015E-02   1.48910405E-02   1.48903439E-02  -4.67839636E-05
        6824   1.36500020E-02   1.48920622E-02   1.48913655E-02  -4.67807513E-05
        6825   1.36520015E-02   1.48930838E-02   1.48923872E-02  -4.67775426E-05
        6826   1.36540011E-02   1.48941055E-02   1.48934089E-02  -4.67743339E-05
        6827   1.36560015E-02   1.48951262E-02   1.48944305E-02  -4.67085993E-05
        6828   1.36580011E-02   1.48961470E-02   1.48954503E-02  -4.67679238E-05
        6829   1.36600016E-02   1.48971677E-02   1.48964711E-02  -4.67647187E-05
        6830   1.36620011E-02   1.48981884E-02   1.48974918E-02  -4.67615137E-05
        6831   1.36640016E-02   1.48992091E-02   1.48985116E-02  -4.68208236E-05
        6832   1.36660011E-02   1.49002289E-02   1.48995323E-02  -4.67551108E-05
        6833   1.36680016E-02   1.49012487E-02   1.49005530E-02  -4.66894053E-05
        6834   1.36700012E-02   1.49022685E-02   1.49015738E-02  -4.66237107E-05
        6835   1.36720017E-02   1.49032883E-02   1.49025917E-02  -4.67455138E-05
        6836   1.36740012E-02   1.49043081E-02   1.49036115E-02  -4.67423124E-05
        6837   1.36760017E-02   1.49053270E-02   1.49046294E-02  -4.68016078E-05
        6838   1.36780012E-02   1.49063459E-02   1.49056502E-02  -4.66734382E-05
        6839   1.36800017E-02   1.49073647E-02   1.49066681E-02  -4.67327300E-05
        6840   1.36820013E-02   1.49083836E-02   1.49076860E-02  -4.67920108E-05
        6841   1.36840018E-02   1.49094015E-02   1.49087040E-02  -4.67888167E-05
        6842   1.36860013E-02   1.49104195E-02   1.49097238E-02  -4.66606871E-05
        6843   1.36880018E-02   1.49114374E-02   1.49107408E-02  -4.67199643E-05
        6844   1.36900013E-02   1.49124553E-02   1.49117587E-02  -4.67167738E-05
        6845   1.36920018E-02   1.49134733E-02   1.49127766E-02  -4.67135869E-05
        6846   1.36940014E-02   1.49144903E-02   1.49137946E-02  -4.66479505E-05
        6847   1.36960018E-02   1.49155073E-02   1.49148107E-02  -4.67072168E-05
        6848   1.36980014E-02   1.49165243E-02   1.49158286E-02  -4.66415913E-05
        6849   1.37000019E-02   1.49175413E-02   1.49168456E-02  -4.66384117E-05
        6850   1.37020014E-02   1.49185574E-02   1.49178617E-02  -4.66352321E-05
        6851   1.37040019E-02   1.49195734E-02   1.49188777E-02  -4.66320562E-05
        6852   1.37060015E-02   1.49205895E-02   1.49198938E-02  -4.66288802E-05
        6853   1.37080019E-02   1.49216056E-02   1.49209099E-02  -4.66257079E-05
        6854   1.37100015E-02   1.49226217E-02   1.49219260E-02  -4.66225320E-05
        6855   1.37120020E-02   1.49236368E-02   1.49229402E-02  -4.66817728E-05
        6856   1.37140015E-02   1.49246519E-02   1.49239562E-02  -4.66161873E-05
        6857   1.37160011E-02   1.49256671E-02   1.49249714E-02  -4.66130186E-05
        6858   1.37180015E-02   1.49266822E-02   1.49259865E-02  -4.66098463E-05
        6859   1.37200011E-02   1.49276964E-02   1.49270007E-02  -4.66066813E-05
        6860   1.37220016E-02   1.49287106E-02   1.49280149E-02  -4.66035162E-05
        6861   1.37240011E-02   1.49297249E-02   1.49290292E-02  -4.66003476E-05
        6862   1.37260016E-02   1.49307391E-02   1.49300443E-02  -4.65348021E-05
        6863   1.37280012E-02   1.49317533E-02   1.49310585E-02  -4.65316407E-05
        6864   1.37300016E-02   1.49327666E-02   1.49320718E-02  -4.65284829E-05
        6865   1.37320012E-02   1.49337798E-02   1.49330851E-02  -4.65253252E-05
        6866   1.37340017E-02   1.49347931E-02   1.49340983E-02  -4.65221674E-05
        6867   1.37360012E-02   1.49358064E-02   1.49351116E-02  -4.65190133E-05
        6868   1.37380017E-02   1.49368197E-02   1.49361240E-02  -4.65782141E-05
        6869   1.37400012E-02   1.49378320E-02   1.49371373E-02  -4.65127050E-05
        6870   1.37420017E-02   1.49388444E-02   1.49381487E-02  -4.65718986E-05
        6871   1.37440013E-02   1.49398567E-02   1.49391619E-02  -4.65064004E-05
        6872   1.37460018E-02   1.49408691E-02   1.49401734E-02  -4.65655867E-05
        6873   1.37480013E-02   1.49418805E-02   1.49411857E-02  -4.65000994E-05
        6874   1.37500018E-02   1.49428919E-02   1.49421971E-02  -4.64969526E-05
        6875   1.37520013E-02   1.49439033E-02   1.49432085E-02  -4.64938057E-05
        6876   1.37540018E-02   1.49449147E-02   1.49442190E-02  -4.65529811E-05
        6877   1.37560014E-02   1.49459261E-02   1.49452304E-02  -4.65498306E-05
        6878   1.37580018E-02   1.49469366E-02   1.49462419E-02  -4.64843688E-05
        6879   1.37600014E-02   1.49479471E-02   1.49472533E-02  -4.64189179E-05
        6880   1.37620019E-02   1.49489576E-02   1.49482628E-02  -4.64780860E-05
        6881   1.37640014E-02   1.49499681E-02   1.49492733E-02  -4.64749428E-05
        6882   1.37660019E-02   1.49509776E-02   1.49502838E-02  -4.64095065E-05
        6883   1.37680015E-02   1.49519872E-02   1.49512934E-02  -4.64063742E-05
        6884   1.37700019E-02   1.49529967E-02   1.49523029E-02  -4.64032419E-05
        6885   1.37720015E-02   1.49540063E-02   1.49533125E-02  -4.64001096E-05
        6886   1.37740020E-02   1.49550159E-02   1.49543211E-02  -4.64592558E-05
        6887   1.37760015E-02   1.49560245E-02   1.49553306E-02  -4.63938450E-05
        6888   1.37780011E-02   1.49570331E-02   1.49563393E-02  -4.63907163E-05
        6889   1.37800016E-02   1.49580417E-02   1.49573479E-02  -4.63875913E-05
        6890   1.37820011E-02   1.49590503E-02   1.49583565E-02  -4.63844626E-05
        6891   1.37840016E-02   1.49600590E-02   1.49593633E-02  -4.65058547E-05
        6892   1.37860011E-02   1.49610667E-02   1.49603719E-02  -4.64404657E-05
        6893   1.37880016E-02   1.49620743E-02   1.49613805E-02  -4.63750875E-05
        6894   1.37900012E-02   1.49630820E-02   1.49623882E-02  -4.63719625E-05
        6895   1.37920016E-02   1.49640897E-02   1.49633950E-02  -4.64310833E-05
        6896   1.37940012E-02   1.49650965E-02   1.49644027E-02  -4.63657198E-05
        6897   1.37960017E-02   1.49661032E-02   1.49654103E-02  -4.63003671E-05
        6898   1.37980012E-02   1.49671100E-02   1.49664162E-02  -4.63594843E-05
        6899   1.38000017E-02   1.49681168E-02   1.49674229E-02  -4.63563665E-05
        6900   1.38020013E-02   1.49691235E-02   1.49684306E-02  -4.62910248E-05
        6901   1.38040017E-02   1.49701294E-02   1.49694355E-02  -4.63501310E-05
        6902   1.38060013E-02   1.49711352E-02   1.49704413E-02  -4.63470169E-05
        6903   1.38080018E-02   1.49721410E-02   1.49714481E-02  -4.62816934E-05
        6904   1.38100013E-02   1.49731468E-02   1.49724530E-02  -4.63407923E-05
        6905   1.38120018E-02   1.49741527E-02   1.49734588E-02  -4.63376782E-05
        6906   1.38140013E-02   1.49751576E-02   1.49744637E-02  -4.63345677E-05
        6907   1.38160018E-02   1.49761625E-02   1.49754686E-02  -4.63314609E-05
        6908   1.38180014E-02   1.49771674E-02   1.49764735E-02  -4.63283504E-05
        6909   1.38200019E-02   1.49781723E-02   1.49774784E-02  -4.63252436E-05
        6910   1.38220014E-02   1.49791762E-02   1.49784824E-02  -4.63221368E-05
        6911   1.38240019E-02   1.49801802E-02   1.49794864E-02  -4.63190336E-05
        6912   1.38260014E-02   1.49811842E-02   1.49804913E-02  -4.62537573E-05
        6913   1.38280019E-02   1.49821881E-02   1.49814952E-02  -4.62506578E-05
        6914   1.38300015E-02   1.49831921E-02   1.49824983E-02  -4.63097203E-05
        6915   1.38320019E-02   1.49841951E-02   1.49835013E-02  -4.63066208E-05
        6916   1.38340015E-02   1.49851982E-02   1.49845053E-02  -4.62413664E-05
        6917   1.38360020E-02   1.49862012E-02   1.49855083E-02  -4.62382704E-05
        6918   1.38380015E-02   1.49872042E-02   1.49865113E-02  -4.62351782E-05
        6919   1.38400011E-02   1.49882063E-02   1.49875134E-02  -4.62320859E-05
        6920   1.38420016E-02   1.49892084E-02   1.49885146E-02  -4.62911339E-05
        6921   1.38440011E-02   1.49902105E-02   1.49895186E-02  -4.61637683E-05
        6922   1.38460016E-02   1.49912126E-02   1.49905197E-02  -4.62228127E-05
        6923   1.38480011E-02   1.49922147E-02   1.49915218E-02  -4.62197240E-05
        6924   1.38500016E-02   1.49932159E-02   1.49925230E-02  -4.62166354E-05
        6925   1.38520012E-02   1.49942171E-02   1.49935242E-02  -4.62135504E-05
        6926   1.38540016E-02   1.49952183E-02   1.49945254E-02  -4.62104654E-05
        6927   1.38560012E-02   1.49962194E-02   1.49955265E-02  -4.62073804E-05
        6928   1.38580017E-02   1.49972206E-02   1.49965286E-02  -4.61421914E-05
        6929   1.38600012E-02   1.49982208E-02   1.49975289E-02  -4.61391137E-05
        6930   1.38620017E-02   1.49992211E-02   1.49985282E-02  -4.61981326E-05
        6931   1.38640013E-02   1.50002213E-02   1.49995284E-02  -4.61950513E-05
        6932   1.38660017E-02   1.50012216E-02   1.50005287E-02  -4.61919735E-05
        6933   1.38680013E-02   1.50022209E-02   1.50015289E-02  -4.61268100E-05
        6934   1.38700018E-02   1.50032202E-02   1.50025282E-02  -4.61237360E-05
        6935   1.38720013E-02   1.50042195E-02   1.50035284E-02  -4.60585907E-05
        6936   1.38740018E-02   1.50052188E-02   1.50045259E-02  -4.61796662E-05
        6937   1.38760014E-02   1.50062181E-02   1.50055261E-02  -4.61145210E-05
        6938   1.38780018E-02   1.50072165E-02   1.50065254E-02  -4.60493902E-05
        6939   1.38800014E-02   1.50082149E-02   1.50075229E-02  -4.61083873E-05
        6940   1.38820019E-02   1.50092132E-02   1.50085203E-02  -4.61673771E-05
        6941   1.38840014E-02   1.50102116E-02   1.50095196E-02  -4.61022537E-05
        6942   1.38860019E-02   1.50112100E-02   1.50105171E-02  -4.61612326E-05
        6943   1.38880014E-02   1.50122074E-02   1.50115155E-02  -4.60961237E-05
        6944   1.38900019E-02   1.50132049E-02   1.50125129E-02  -4.60930605E-05
        6945   1.38920015E-02   1.50142023E-02   1.50135113E-02  -4.60279625E-05
        6946   1.38940020E-02   1.50151998E-02   1.50145078E-02  -4.60869378E-05
        6947   1.38960015E-02   1.50161963E-02   1.50155053E-02  -4.60218507E-05
        6948   1.38980020E-02   1.50171928E-02   1.50165008E-02  -4.60808187E-05
        6949   1.39000015E-02   1.50181893E-02   1.50174983E-02  -4.60157426E-05
        6950   1.39020011E-02   1.50191858E-02   1.50184948E-02  -4.60126903E-05
        6951   1.39040016E-02   1.50201824E-02   1.50194904E-02  -4.60716474E-05
        6952   1.39060011E-02   1.50211779E-02   1.50204869E-02  -4.60065894E-05
        6953   1.39080016E-02   1.50221735E-02   1.50214825E-02  -4.60035371E-05
        6954   1.39100011E-02   1.50231691E-02   1.50224781E-02  -4.60004885E-05
        6955   1.39120016E-02   1.50241647E-02   1.50234727E-02  -4.60594347E-05
        6956   1.39140012E-02   1.50251603E-02   1.50244683E-02  -4.60563824E-05
        6957   1.39160017E-02   1.50261549E-02   1.50254630E-02  -4.60533338E-05
        6958   1.39180012E-02   1.50271496E-02   1.50264595E-02  -4.59263210E-05
        6959   1.39200017E-02   1.50281442E-02   1.50274532E-02  -4.59852599E-05
        6960   1.39220012E-02   1.50291389E-02   1.50284478E-02  -4.59822186E-05
        6961   1.39240017E-02   1.50301326E-02   1.50294416E-02  -4.59791772E-05
        6962   1.39260013E-02   1.50311263E-02   1.50304362E-02  -4.59141702E-05
        6963   1.39280017E-02   1.50321200E-02   1.50314290E-02  -4.59730982E-05
        6964   1.39300013E-02   1.50331138E-02   1.50324237E-02  -4.59081020E-05
        6965   1.39320018E-02   1.50341075E-02   1.50334165E-02  -4.59670191E-05
        6966   1.39340013E-02   1.50351003E-02   1.50344092E-02  -4.59639850E-05
        6967   1.39360018E-02   1.50360931E-02   1.50354020E-02  -4.59609510E-05
        6968   1.39380014E-02   1.50370859E-02   1.50363958E-02  -4.58959730E-05
        6969   1.39400018E-02   1.50380787E-02   1.50373885E-02  -4.58929426E-05
        6970   1.39420014E-02   1.50390714E-02   1.50383804E-02  -4.59518451E-05
        6971   1.39440019E-02   1.50400633E-02   1.50393732E-02  -4.58868890E-05
        6972   1.39460014E-02   1.50410552E-02   1.50403650E-02  -4.58838622E-05
        6973   1.39480019E-02   1.50420470E-02   1.50413569E-02  -4.58808354E-05
        6974   1.39500014E-02   1.50430389E-02   1.50423488E-02  -4.58778122E-05
        6975   1.39520019E-02   1.50440298E-02   1.50433397E-02  -4.58747891E-05
        6976   1.39540015E-02   1.50450207E-02   1.50443316E-02  -4.58098584E-05
        6977   1.39560020E-02   1.50460117E-02   1.50453215E-02  -4.58687464E-05
        6978   1.39580015E-02   1.50470026E-02   1.50463125E-02  -4.58657232E-05
        6979   1.39600020E-02   1.50479935E-02   1.50473043E-02  -4.58008071E-05
        6980   1.39620015E-02   1.50489835E-02   1.50482934E-02  -4.58596878E-05
        6981   1.39640011E-02   1.50499735E-02   1.50492843E-02  -4.57947826E-05
        6982   1.39660016E-02   1.50509635E-02   1.50502734E-02  -4.58536524E-05
        6983   1.39680011E-02   1.50519535E-02   1.50512643E-02  -4.57887581E-05
        6984   1.39700016E-02   1.50529435E-02   1.50522543E-02  -4.57857459E-05
        6985   1.39720012E-02   1.50539326E-02   1.50532434E-02  -4.57827373E-05
        6986   1.39740016E-02   1.50549216E-02   1.50542324E-02  -4.57797323E-05
        6987   1.39760012E-02   1.50559107E-02   1.50552206E-02  -4.58385875E-05
        6988   1.39780017E-02   1.50568997E-02   1.50562106E-02  -4.57737151E-05
        6989   1.39800012E-02   1.50578888E-02   1.50571987E-02  -4.58325630E-05
        6990   1.39820017E-02   1.50588769E-02   1.50581868E-02  -4.58295581E-05
        6991   1.39840012E-02   1.50598651E-02   1.50591750E-02  -4.58265495E-05
        6992   1.39860017E-02   1.50608532E-02   1.50601650E-02  -4.56998569E-05
        6993   1.39880013E-02   1.50618413E-02   1.50611512E-02  -4.58205359E-05
        6994   1.39900018E-02   1.50628285E-02   1.50621384E-02  -4.58175346E-05
        6995   1.39920013E-02   1.50638158E-02   1.50631266E-02  -4.57526985E-05
        6996   1.39940018E-02   1.50648030E-02   1.50641138E-02  -4.57497008E-05
        6997   1.39960013E-02   1.50657902E-02   1.50651010E-02  -4.57467031E-05
        6998   1.39980018E-02   1.50667774E-02   1.50660882E-02  -4.57437054E-05
        6999   1.40000014E-02   1.50677636E-02   1.50670754E-02  -4.56788985E-05
        7000   1.40020018E-02   1.50687499E-02   1.50680607E-02  -4.57377173E-05
        7001   1.40040014E-02   1.50697362E-02   1.50690479E-02  -4.56729176E-05
        7002   1.40060019E-02   1.50707224E-02   1.50700342E-02  -4.56699272E-05
        7003   1.40080014E-02   1.50717087E-02   1.50710195E-02  -4.57287388E-05
        7004   1.40100019E-02   1.50726940E-02   1.50720058E-02  -4.56639536E-05
        7005   1.40120015E-02   1.50736794E-02   1.50729911E-02  -4.56609705E-05
        7006   1.40140019E-02   1.50746647E-02   1.50739765E-02  -4.56579837E-05
        7007   1.40160015E-02   1.50756501E-02   1.50749609E-02  -4.57167807E-05
        7008   1.40180020E-02   1.50766345E-02   1.50759453E-02  -4.57137976E-05
        7009   1.40200015E-02   1.50776189E-02   1.50769316E-02  -4.55872650E-05
        7010   1.40220020E-02   1.50786033E-02   1.50779150E-02  -4.56460584E-05
        7011   1.40240015E-02   1.50795877E-02   1.50788995E-02  -4.56430789E-05
        7012   1.40260011E-02   1.50805721E-02   1.50798839E-02  -4.56400994E-05
        7013   1.40280016E-02   1.50815556E-02   1.50808673E-02  -4.56371235E-05
        7014   1.40300011E-02   1.50825391E-02   1.50818508E-02  -4.56341477E-05
        7015   1.40320016E-02   1.50835225E-02   1.50828343E-02  -4.56311718E-05
        7016   1.40340012E-02   1.50845060E-02   1.50838178E-02  -4.56281959E-05
        7017   1.40360016E-02   1.50854895E-02   1.50848012E-02  -4.56252201E-05
        7018   1.40380012E-02   1.50864720E-02   1.50857847E-02  -4.55605114E-05
        7019   1.40400017E-02   1.50874546E-02   1.50867673E-02  -4.55575428E-05
        7020   1.40420012E-02   1.50884371E-02   1.50877498E-02  -4.55545778E-05
        7021   1.40440017E-02   1.50894197E-02   1.50887324E-02  -4.55516092E-05
        7022   1.40460012E-02   1.50904022E-02   1.50897140E-02  -4.56103662E-05
        7023   1.40480017E-02   1.50913838E-02   1.50906965E-02  -4.55456830E-05
        7024   1.40500013E-02   1.50923654E-02   1.50916772E-02  -4.56044327E-05
        7025   1.40520018E-02   1.50933471E-02   1.50926597E-02  -4.55397567E-05
        7026   1.40540013E-02   1.50943287E-02   1.50936414E-02  -4.55367954E-05
        7027   1.40560018E-02   1.50953094E-02   1.50946220E-02  -4.55338377E-05
        7028   1.40580013E-02   1.50962900E-02   1.50956027E-02  -4.55308800E-05
        7029   1.40600018E-02   1.50972707E-02   1.50965843E-02  -4.54662259E-05
        7030   1.40620014E-02   1.50982514E-02   1.50975650E-02  -4.54632755E-05
        7031   1.40640019E-02   1.50992321E-02   1.50985448E-02  -4.55220070E-05
        7032   1.40660014E-02   1.51002118E-02   1.50995255E-02  -4.54573710E-05
        7033   1.40680019E-02   1.51011916E-02   1.51005052E-02  -4.54544206E-05
        7034   1.40700014E-02   1.51021713E-02   1.51014850E-02  -4.54514739E-05
        7035   1.40720019E-02   1.51031511E-02   1.51024647E-02  -4.54485235E-05
        7036   1.40740015E-02   1.51041308E-02   1.51034435E-02  -4.55072404E-05
        7037   1.40760019E-02   1.51051097E-02   1.51044223E-02  -4.55042937E-05
        7038   1.40780015E-02   1.51060885E-02   1.51054021E-02  -4.54396868E-05
        7039   1.40800020E-02   1.51070673E-02   1.51063809E-02  -4.54367437E-05
        7040   1.40820015E-02   1.51080461E-02   1.51073597E-02  -4.54337969E-05
        7041   1.40840020E-02   1.51090249E-02   1.51083367E-02  -4.55541449E-05
        7042   1.40860016E-02   1.51100028E-02   1.51093155E-02  -4.54895562E-05
        7043   1.40880011E-02   1.51109807E-02   1.51102943E-02  -4.54249748E-05
        7044   1.40900016E-02   1.51119586E-02   1.51112722E-02  -4.54220353E-05
        7045   1.40920011E-02   1.51129365E-02   1.51122492E-02  -4.54807268E-05
        7046   1.40940016E-02   1.51139135E-02   1.51132271E-02  -4.54161600E-05
        7047   1.40960012E-02   1.51148904E-02   1.51142050E-02  -4.53516041E-05
        7048   1.40980016E-02   1.51158674E-02   1.51151810E-02  -4.54102883E-05
        7049   1.41000012E-02   1.51168443E-02   1.51161579E-02  -4.54073524E-05
        7050   1.41020017E-02   1.51178213E-02   1.51171349E-02  -4.54044202E-05
        7051   1.41040012E-02   1.51187973E-02   1.51181119E-02  -4.53398825E-05
        7052   1.41060017E-02   1.51197733E-02   1.51190870E-02  -4.53985558E-05
        7053   1.41080013E-02   1.51207494E-02   1.51200639E-02  -4.53340290E-05
        7054   1.41100017E-02   1.51217254E-02   1.51210390E-02  -4.53926950E-05
        7055   1.41120013E-02   1.51227014E-02   1.51220150E-02  -4.53897665E-05
        7056   1.41140018E-02   1.51236765E-02   1.51229901E-02  -4.53868415E-05
        7057   1.41160013E-02   1.51246516E-02   1.51239661E-02  -4.53223329E-05
        7058   1.41180018E-02   1.51256267E-02   1.51249403E-02  -4.53809880E-05
        7059   1.41200013E-02   1.51266018E-02   1.51259173E-02  -4.52549139E-05
        7060   1.41220018E-02   1.51275769E-02   1.51268905E-02  -4.53751381E-05
        7061   1.41240014E-02   1.51285511E-02   1.51278656E-02  -4.53106477E-05
        7062   1.41260019E-02   1.51295252E-02   1.51288398E-02  -4.53077300E-05
        7063   1.41280014E-02   1.51304994E-02   1.51298139E-02  -4.53048160E-05
        7064   1.41300019E-02   1.51314735E-02   1.51307881E-02  -4.53018984E-05
        7065   1.41320014E-02   1.51324477E-02   1.51317613E-02  -4.53605317E-05
        7066   1.41340019E-02   1.51334209E-02   1.51327346E-02  -4.53576140E-05
        7067   1.41360015E-02   1.51343942E-02   1.51337087E-02  -4.52931563E-05
        7068   1.41380019E-02   1.51353674E-02   1.51346819E-02  -4.52902423E-05
        7069   1.41400015E-02   1.51363406E-02   1.51356552E-02  -4.52873319E-05
        7070   1.41420020E-02   1.51373129E-02   1.51366275E-02  -4.52844215E-05
        7071   1.41440015E-02   1.51382852E-02   1.51376007E-02  -4.52199856E-05
        7072   1.41460020E-02   1.51392575E-02   1.51385721E-02  -4.52786044E-05
        7073   1.41480016E-02   1.51402298E-02   1.51395453E-02  -4.52141794E-05
        7074   1.41500011E-02   1.51412021E-02   1.51405167E-02  -4.52727872E-05
        7075   1.41520016E-02   1.51421735E-02   1.51414881E-02  -4.52698841E-05
        7076   1.41540011E-02   1.51431449E-02   1.51424594E-02  -4.52669810E-05
        7077   1.41560016E-02   1.51441162E-02   1.51434308E-02  -4.52640779E-05
        7078   1.41580012E-02   1.51450876E-02   1.51444031E-02  -4.51996748E-05
        7079   1.41600017E-02   1.51460590E-02   1.51453726E-02  -4.53197645E-05
        7080   1.41620012E-02   1.51470294E-02   1.51463449E-02  -4.51938795E-05
        7081   1.41640017E-02   1.51479999E-02   1.51473153E-02  -4.51909837E-05
        7082   1.41660012E-02   1.51489703E-02   1.51482848E-02  -4.52495733E-05
        7083   1.41680017E-02   1.51499407E-02   1.51492553E-02  -4.52466738E-05
        7084   1.41700013E-02   1.51509112E-02   1.51502257E-02  -4.52437744E-05
        7085   1.41720017E-02   1.51518807E-02   1.51511952E-02  -4.52408822E-05
        7086   1.41740013E-02   1.51528502E-02   1.51521657E-02  -4.51765191E-05
        7087   1.41760018E-02   1.51538197E-02   1.51531352E-02  -4.51736269E-05
        7088   1.41780013E-02   1.51547892E-02   1.51541037E-02  -4.52321983E-05
        7089   1.41800018E-02   1.51557587E-02   1.51550733E-02  -4.52293025E-05
        7090   1.41820014E-02   1.51567273E-02   1.51560418E-02  -4.52264139E-05
        7091   1.41840018E-02   1.51576959E-02   1.51570104E-02  -4.52235217E-05
        7092   1.41860014E-02   1.51586644E-02   1.51579790E-02  -4.52206332E-05
        7093   1.41880019E-02   1.51596330E-02   1.51589476E-02  -4.52177446E-05
        7094   1.41900014E-02   1.51606007E-02   1.51599161E-02  -4.51534215E-05
        7095   1.41920019E-02   1.51615683E-02   1.51608838E-02  -4.51505402E-05
        7096   1.41940014E-02   1.51625359E-02   1.51618514E-02  -4.51476590E-05
        7097   1.41960019E-02   1.51635036E-02   1.51628191E-02  -4.51447777E-05
        7098   1.41980015E-02   1.51644712E-02   1.51637858E-02  -4.52033164E-05
        7099   1.42000020E-02   1.51654379E-02   1.51647525E-02  -4.52004351E-05
        7100   1.42020015E-02   1.51664047E-02   1.51657192E-02  -4.51975538E-05
        7101   1.42040020E-02   1.51673714E-02   1.51666878E-02  -4.50718544E-05
        7102   1.42060015E-02   1.51683381E-02   1.51676536E-02  -4.51303895E-05
        7103   1.42080020E-02   1.51693048E-02   1.51686203E-02  -4.51275118E-05
        7104   1.42100016E-02   1.51702706E-02   1.51695870E-02  -4.50632433E-05
        7105   1.42120011E-02   1.51712364E-02   1.51705528E-02  -4.50603729E-05
        7106   1.42140016E-02   1.51722021E-02   1.51715176E-02  -4.51188935E-05
        7107   1.42160011E-02   1.51731679E-02   1.51724834E-02  -4.51160231E-05
        7108   1.42180016E-02   1.51741337E-02   1.51734492E-02  -4.51131491E-05
        7109   1.42200012E-02   1.51750986E-02   1.51744140E-02  -4.51102824E-05
        7110   1.42220017E-02   1.51760634E-02   1.51753789E-02  -4.51074120E-05
        7111   1.42240012E-02   1.51770283E-02   1.51763437E-02  -4.51045453E-05
        7112   1.42260017E-02   1.51779931E-02   1.51773077E-02  -4.51630440E-05
        7113   1.42280012E-02   1.51789580E-02   1.51782725E-02  -4.51601736E-05
        7114   1.42300017E-02   1.51799219E-02   1.51792383E-02  -4.50345906E-05
        7115   1.42320013E-02   1.51808858E-02   1.51802013E-02  -4.50930856E-05
        7116   1.42340017E-02   1.51818497E-02   1.51811643E-02  -4.51515698E-05
        7117   1.42360013E-02   1.51828136E-02   1.51821291E-02  -4.50873595E-05
        7118   1.42380018E-02   1.51837766E-02   1.51830921E-02  -4.50845000E-05
        7119   1.42400013E-02   1.51847396E-02   1.51840560E-02  -4.50203006E-05
        7120   1.42420018E-02   1.51857026E-02   1.51850181E-02  -4.50787811E-05
        7121   1.42440014E-02   1.51866656E-02   1.51859820E-02  -4.50145926E-05
        7122   1.42460018E-02   1.51876286E-02   1.51869450E-02  -4.50117368E-05
        7123   1.42480014E-02   1.51885906E-02   1.51879070E-02  -4.50088846E-05
        7124   1.42500019E-02   1.51895527E-02   1.51888691E-02  -4.50060361E-05
        7125   1.42520014E-02   1.51905147E-02   1.51898311E-02  -4.50031839E-05
        7126   1.42540019E-02   1.51914768E-02   1.51907941E-02  -4.49390245E-05
        7127   1.42560015E-02   1.51924388E-02   1.51917553E-02  -4.49974832E-05
        7128   1.42580019E-02   1.51934000E-02   1.51927155E-02  -4.50559419E-05
        7129   1.42600015E-02   1.51943611E-02   1.51936775E-02  -4.49917898E-05
        7130   1.42620020E-02   1.51953222E-02   1.51946396E-02  -4.49276486E-05
        7131   1.42640015E-02   1.51962833E-02   1.51956007E-02  -4.49248073E-05
        7132   1.42660020E-02   1.51972445E-02   1.51965618E-02  -4.49219660E-05
        7133   1.42680015E-02   1.51982047E-02   1.51975220E-02  -4.49191284E-05
        7134   1.42700020E-02   1.51991649E-02   1.51984822E-02  -4.49162908E-05
        7135   1.42720016E-02   1.52001251E-02   1.51994424E-02  -4.49134532E-05
        7136   1.42740011E-02   1.52010852E-02   1.52004026E-02  -4.49106155E-05
        7137   1.42760016E-02   1.52020454E-02   1.52013609E-02  -4.50303160E-05
        7138   1.42780012E-02   1.52030047E-02   1.52023220E-02  -4.49049476E-05
        7139   1.42800016E-02   1.52039640E-02   1.52032813E-02  -4.49021136E-05
        7140   1.42820012E-02   1.52049232E-02   1.52042406E-02  -4.48992796E-05
        7141   1.42840017E-02   1.52058825E-02   1.52051998E-02  -4.48964456E-05
        7142   1.42860012E-02   1.52068418E-02   1.52061582E-02  -4.49548643E-05
        7143   1.42880017E-02   1.52078001E-02   1.52071165E-02  -4.49520303E-05
        7144   1.42900012E-02   1.52087584E-02   1.52080748E-02  -4.49491999E-05
        7145   1.42920017E-02   1.52097167E-02   1.52090332E-02  -4.49463660E-05
        7146   1.42940013E-02   1.52106751E-02   1.52099915E-02  -4.49435356E-05
        7147   1.42960018E-02   1.52116325E-02   1.52109498E-02  -4.48794744E-05
        7148   1.42980013E-02   1.52125899E-02   1.52119072E-02  -4.48766514E-05
        7149   1.43000018E-02   1.52135473E-02   1.52128646E-02  -4.48738283E-05
        7150   1.43020013E-02   1.52145047E-02   1.52138220E-02  -4.48710016E-05
        7151   1.43040018E-02   1.52154621E-02   1.52147794E-02  -4.48681785E-05
        7152   1.43060014E-02   1.52164185E-02   1.52157359E-02  -4.48653591E-05
        7153   1.43080018E-02   1.52173750E-02   1.52166933E-02  -4.48013307E-05
        7154   1.43100014E-02   1.52183315E-02   1.52176498E-02  -4.47985149E-05
        7155   1.43120019E-02   1.52192879E-02   1.52186053E-02  -4.48569008E-05
        7156   1.43140014E-02   1.52202444E-02   1.52195618E-02  -4.48540814E-05
        7157   1.43160019E-02   1.52212000E-02   1.52205182E-02  -4.47900748E-05
        7158   1.43180015E-02   1.52221555E-02   1.52214738E-02  -4.47872626E-05
        7159   1.43200019E-02   1.52231110E-02   1.52224302E-02  -4.47232669E-05
        7160   1.43220015E-02   1.52240666E-02   1.52233858E-02  -4.47204584E-05
        7161   1.43240020E-02   1.52250221E-02   1.52243394E-02  -4.48400060E-05
        7162   1.43260015E-02   1.52259767E-02   1.52252959E-02  -4.47148486E-05
        7163   1.43280020E-02   1.52269313E-02   1.52262496E-02  -4.47732127E-05
        7164   1.43300015E-02   1.52278859E-02   1.52272042E-02  -4.47704078E-05
        7165   1.43320020E-02   1.52288405E-02   1.52281588E-02  -4.47675993E-05
        7166   1.43340016E-02   1.52297951E-02   1.52291143E-02  -4.47036364E-05
        7167   1.43360011E-02   1.52307488E-02   1.52300680E-02  -4.47008388E-05
        7168   1.43380016E-02   1.52317025E-02   1.52310217E-02  -4.46980375E-05
        7169   1.43400012E-02   1.52326562E-02   1.52319754E-02  -4.46952399E-05
        7170   1.43420016E-02   1.52336098E-02   1.52329290E-02  -4.46924423E-05
        7171   1.43440012E-02   1.52345635E-02   1.52338808E-02  -4.48119208E-05
        7172   1.43460017E-02   1.52355162E-02   1.52348345E-02  -4.47479833E-05
        7173   1.43480012E-02   1.52364690E-02   1.52357882E-02  -4.46840568E-05
        7174   1.43500017E-02   1.52374217E-02   1.52367409E-02  -4.46812628E-05
        7175   1.43520012E-02   1.52383745E-02   1.52376937E-02  -4.46784688E-05
        7176   1.43540017E-02   1.52393272E-02   1.52386455E-02  -4.47367929E-05
        7177   1.43560013E-02   1.52402790E-02   1.52395982E-02  -4.46728845E-05
        7178   1.43580018E-02   1.52412308E-02   1.52405500E-02  -4.46700942E-05
        7179   1.43600013E-02   1.52421826E-02   1.52415009E-02  -4.47284110E-05
        7180   1.43620018E-02   1.52431345E-02   1.52424527E-02  -4.47256170E-05
        7181   1.43640013E-02   1.52440863E-02   1.52434045E-02  -4.47228267E-05
        7182   1.43660018E-02   1.52450372E-02   1.52443564E-02  -4.46589402E-05
        7183   1.43680014E-02   1.52459880E-02   1.52453072E-02  -4.46561535E-05
        7184   1.43700019E-02   1.52469389E-02   1.52462572E-02  -4.47144594E-05
        7185   1.43720014E-02   1.52478898E-02   1.52472090E-02  -4.46505837E-05
        7186   1.43740019E-02   1.52488407E-02   1.52481589E-02  -4.47088823E-05
        7187   1.43760014E-02   1.52497906E-02   1.52491089E-02  -4.47060957E-05
        7188   1.43780019E-02   1.52507406E-02   1.52500588E-02  -4.47033126E-05
        7189   1.43800015E-02   1.52516905E-02   1.52510088E-02  -4.47005259E-05
        7190   1.43820019E-02   1.52526405E-02   1.52519597E-02  -4.46366757E-05
        7191   1.43840015E-02   1.52535895E-02   1.52529078E-02  -4.46949598E-05
        7192   1.43860020E-02   1.52545385E-02   1.52538568E-02  -4.46921804E-05
        7193   1.43880015E-02   1.52554875E-02   1.52548067E-02  -4.46283484E-05
        7194   1.43900020E-02   1.52564365E-02   1.52557557E-02  -4.46255690E-05
        7195   1.43920016E-02   1.52573856E-02   1.52567048E-02  -4.46227932E-05
        7196   1.43940020E-02   1.52583336E-02   1.52576528E-02  -4.46200211E-05
        7197   1.43960016E-02   1.52592817E-02   1.52586019E-02  -4.45562109E-05
        7198   1.43980021E-02   1.52602298E-02   1.52595490E-02  -4.46144768E-05
        7199   1.44000016E-02   1.52611779E-02   1.52604980E-02  -4.45506739E-05
        7200   1.44020012E-02   1.52621260E-02   1.52614443E-02  -4.46699596E-05
        7201   1.44040016E-02   1.52630731E-02   1.52623923E-02  -4.46061640E-05
        7202   1.44060012E-02   1.52640203E-02   1.52633404E-02  -4.45423793E-05
        7203   1.44080017E-02   1.52649675E-02   1.52642876E-02  -4.45396145E-05
        7204   1.44100012E-02   1.52659146E-02   1.52652347E-02  -4.45368496E-05
        7205   1.44120017E-02   1.52668618E-02   1.52661810E-02  -4.45950973E-05
        7206   1.44140013E-02   1.52678080E-02   1.52671291E-02  -4.44703219E-05
        7207   1.44160017E-02   1.52687542E-02   1.52680753E-02  -4.44675679E-05
        7208   1.44180013E-02   1.52697004E-02   1.52690215E-02  -4.44648103E-05
        7209   1.44200018E-02   1.52706467E-02   1.52699668E-02  -4.45230507E-05
        7210   1.44220013E-02   1.52715929E-02   1.52709121E-02  -4.45812802E-05
        7211   1.44240018E-02   1.52725382E-02   1.52718592E-02  -4.44565485E-05
        7212   1.44260013E-02   1.52734835E-02   1.52728045E-02  -4.44537982E-05
        7213   1.44280018E-02   1.52744288E-02   1.52737498E-02  -4.44510442E-05
        7214   1.44300014E-02   1.52753741E-02   1.52746951E-02  -4.44482939E-05
        7215   1.44320019E-02   1.52763193E-02   1.52756404E-02  -4.44455436E-05
        7216   1.44340014E-02   1.52772637E-02   1.52765838E-02  -4.45037622E-05
        7217   1.44360019E-02   1.52782081E-02   1.52775282E-02  -4.45010119E-05
        7218   1.44380014E-02   1.52791524E-02   1.52784735E-02  -4.44373036E-05
        7219   1.44400019E-02   1.52800968E-02   1.52794179E-02  -4.44345569E-05
        7220   1.44420015E-02   1.52810412E-02   1.52803622E-02  -4.44318102E-05
        7221   1.44440020E-02   1.52819846E-02   1.52813047E-02  -4.44900143E-05
        7222   1.44460015E-02   1.52829280E-02   1.52822491E-02  -4.44263242E-05
        7223   1.44480020E-02   1.52838714E-02   1.52831934E-02  -4.43626413E-05
        7224   1.44500015E-02   1.52848149E-02   1.52841359E-02  -4.44208417E-05
        7225   1.44520020E-02   1.52857583E-02   1.52850794E-02  -4.44180987E-05
        7226   1.44540016E-02   1.52867008E-02   1.52860219E-02  -4.44153593E-05
        7227   1.44560020E-02   1.52876433E-02   1.52869653E-02  -4.43516947E-05
        7228   1.44580016E-02   1.52885858E-02   1.52879069E-02  -4.44098841E-05
        7229   1.44600021E-02   1.52895283E-02   1.52888494E-02  -4.44071447E-05
        7230   1.44620016E-02   1.52904708E-02   1.52897919E-02  -4.44044090E-05
        7231   1.44640012E-02   1.52914124E-02   1.52907344E-02  -4.43407625E-05
        7232   1.44660017E-02   1.52923539E-02   1.52916750E-02  -4.43989411E-05
        7233   1.44680012E-02   1.52932955E-02   1.52926166E-02  -4.43962053E-05
        7234   1.44700017E-02   1.52942371E-02   1.52935572E-02  -4.44543730E-05
        7235   1.44720012E-02   1.52951786E-02   1.52944988E-02  -4.44516336E-05
        7236   1.44740017E-02   1.52961193E-02   1.52954413E-02  -4.43271165E-05
        7237   1.44760013E-02   1.52970599E-02   1.52963810E-02  -4.43852805E-05
        7238   1.44780017E-02   1.52980005E-02   1.52973216E-02  -4.43825520E-05
        7239   1.44800013E-02   1.52989412E-02   1.52982622E-02  -4.43798235E-05
        7240   1.44820018E-02   1.52998818E-02   1.52992029E-02  -4.43770950E-05
        7241   1.44840013E-02   1.53008215E-02   1.53001426E-02  -4.43743666E-05
        7242   1.44860018E-02   1.53017612E-02   1.53010814E-02  -4.44325124E-05
        7243   1.44880014E-02   1.53027009E-02   1.53020220E-02  -4.43689169E-05
        7244   1.44900018E-02   1.53036406E-02   1.53029617E-02  -4.43661920E-05
        7245   1.44920014E-02   1.53045803E-02   1.53039014E-02  -4.43634708E-05
        7246   1.44940019E-02   1.53055191E-02   1.53048392E-02  -4.44216021E-05
        7247   1.44960014E-02   1.53064579E-02   1.53057789E-02  -4.43580284E-05
        7248   1.44980019E-02   1.53073967E-02   1.53067177E-02  -4.43553072E-05
        7249   1.45000014E-02   1.53083354E-02   1.53076574E-02  -4.42917444E-05
        7250   1.45020019E-02   1.53092742E-02   1.53085943E-02  -4.44107063E-05
        7251   1.45040015E-02   1.53102120E-02   1.53095340E-02  -4.42863129E-05
        7252   1.45060020E-02   1.53111499E-02   1.53104709E-02  -4.43444333E-05
        7253   1.45080015E-02   1.53120877E-02   1.53114088E-02  -4.43417157E-05
        7254   1.45100020E-02   1.53130256E-02   1.53123466E-02  -4.43390018E-05
        7255   1.45120015E-02   1.53139634E-02   1.53132845E-02  -4.43362842E-05
        7256   1.45140020E-02   1.53149003E-02   1.53142214E-02  -4.43335739E-05
        7257   1.45160016E-02   1.53158372E-02   1.53151583E-02  -4.43308600E-05
        7258   1.45180020E-02   1.53167741E-02   1.53160952E-02  -4.43281497E-05
        7259   1.45200016E-02   1.53177110E-02   1.53170321E-02  -4.43254394E-05
        7260   1.45220021E-02   1.53186480E-02   1.53179681E-02  -4.43835306E-05
        7261   1.45240016E-02   1.53195839E-02   1.53189050E-02  -4.43200188E-05
        7262   1.45260012E-02   1.53205199E-02   1.53198410E-02  -4.43173121E-05
        7263   1.45280017E-02   1.53214559E-02   1.53207760E-02  -4.43753961E-05
        7264   1.45300012E-02   1.53223919E-02   1.53217120E-02  -4.43726822E-05
        7265   1.45320017E-02   1.53233279E-02   1.53226480E-02  -4.43699719E-05
        7266   1.45340012E-02   1.53242629E-02   1.53235840E-02  -4.43064855E-05
        7267   1.45360017E-02   1.53251980E-02   1.53245181E-02  -4.43645586E-05
        7268   1.45380013E-02   1.53261330E-02   1.53254531E-02  -4.43618519E-05
        7269   1.45400017E-02   1.53270680E-02   1.53263891E-02  -4.42983765E-05
        7270   1.45420013E-02   1.53280031E-02   1.53273232E-02  -4.43564386E-05
        7271   1.45440018E-02   1.53289372E-02   1.53282564E-02  -4.44144971E-05
        7272   1.45460013E-02   1.53298713E-02   1.53291915E-02  -4.43510326E-05
        7273   1.45480018E-02   1.53308054E-02   1.53301256E-02  -4.43483295E-05
        7274   1.45500014E-02   1.53317396E-02   1.53310606E-02  -4.42848796E-05
        7275   1.45520018E-02   1.53326737E-02   1.53319929E-02  -4.44036741E-05
        7276   1.45540014E-02   1.53336069E-02   1.53329270E-02  -4.43402278E-05
        7277   1.45560019E-02   1.53345400E-02   1.53338592E-02  -4.43982681E-05
        7278   1.45580014E-02   1.53354732E-02   1.53347943E-02  -4.42740966E-05
        7279   1.45600019E-02   1.53364064E-02   1.53357266E-02  -4.43321333E-05
        7280   1.45620015E-02   1.53373387E-02   1.53366588E-02  -4.43294375E-05
        7281   1.45640019E-02   1.53382709E-02   1.53375911E-02  -4.43267454E-05
        7282   1.45660015E-02   1.53392032E-02   1.53385242E-02  -4.42633282E-05
        7283   1.45680020E-02   1.53401354E-02   1.53394565E-02  -4.42606397E-05
        7284   1.45700015E-02   1.53410677E-02   1.53403888E-02  -4.42579512E-05
        7285   1.45720020E-02   1.53419990E-02   1.53413201E-02  -4.42552628E-05
        7286   1.45740015E-02   1.53429303E-02   1.53422523E-02  -4.41918710E-05
        7287   1.45760020E-02   1.53438617E-02   1.53431827E-02  -4.42498895E-05
        7288   1.45780016E-02   1.53447930E-02   1.53441140E-02  -4.42472046E-05
        7289   1.45800021E-02   1.53457243E-02   1.53450454E-02  -4.42445198E-05
        7290   1.45820016E-02   1.53466547E-02   1.53459758E-02  -4.42418386E-05
        7291   1.45840021E-02   1.53475851E-02   1.53469071E-02  -4.41784687E-05
        7292   1.45860016E-02   1.53485155E-02   1.53478384E-02  -4.41151060E-05
        7293   1.45880012E-02   1.53494459E-02   1.53487679E-02  -4.41731099E-05
        7294   1.45900017E-02   1.53503763E-02   1.53496973E-02  -4.42311102E-05
        7295   1.45920012E-02   1.53513057E-02   1.53506277E-02  -4.41677585E-05
        7296   1.45940017E-02   1.53522352E-02   1.53515572E-02  -4.41650845E-05
        7297   1.45960012E-02   1.53531646E-02   1.53524876E-02  -4.41017473E-05
        7298   1.45980017E-02   1.53540941E-02   1.53534170E-02  -4.40990771E-05
        7299   1.46000013E-02   1.53550236E-02   1.53543465E-02  -4.40964068E-05
        7300   1.46020018E-02   1.53559530E-02   1.53552741E-02  -4.42150449E-05
        7301   1.46040013E-02   1.53568815E-02   1.53562045E-02  -4.40910699E-05
        7302   1.46060018E-02   1.53578101E-02   1.53571321E-02  -4.41490520E-05
        7303   1.46080013E-02   1.53587386E-02   1.53580615E-02  -4.40857402E-05
        7304   1.46100018E-02   1.53596671E-02   1.53589891E-02  -4.41437151E-05
        7305   1.46120014E-02   1.53605957E-02   1.53599177E-02  -4.41410448E-05
        7306   1.46140018E-02   1.53615233E-02   1.53608453E-02  -4.41383818E-05
        7307   1.46160014E-02   1.53624509E-02   1.53617738E-02  -4.40750882E-05
        7308   1.46180019E-02   1.53633785E-02   1.53627014E-02  -4.40724252E-05
        7309   1.46200014E-02   1.53643060E-02   1.53636290E-02  -4.40697659E-05
        7310   1.46220019E-02   1.53652336E-02   1.53645547E-02  -4.41883385E-05
        7311   1.46240015E-02   1.53661603E-02   1.53654823E-02  -4.41250595E-05
        7312   1.46260019E-02   1.53670870E-02   1.53664080E-02  -4.41830089E-05
        7313   1.46280015E-02   1.53680136E-02   1.53673356E-02  -4.41197371E-05
        7314   1.46300020E-02   1.53689403E-02   1.53682623E-02  -4.41170778E-05
        7315   1.46320015E-02   1.53698670E-02   1.53691880E-02  -4.41750162E-05
        7316   1.46340020E-02   1.53707927E-02   1.53701147E-02  -4.41117627E-05
        7317   1.46360015E-02   1.53717184E-02   1.53710414E-02  -4.40485128E-05
        7318   1.46380020E-02   1.53726442E-02   1.53719662E-02  -4.41064476E-05
        7319   1.46400016E-02   1.53735699E-02   1.53728910E-02  -4.41643788E-05
        7320   1.46420021E-02   1.53744956E-02   1.53738176E-02  -4.41011362E-05
        7321   1.46440016E-02   1.53754205E-02   1.53747424E-02  -4.40984841E-05
        7322   1.46460021E-02   1.53763453E-02   1.53756663E-02  -4.41564043E-05
        7323   1.46480016E-02   1.53772701E-02   1.53765911E-02  -4.41537486E-05
        7324   1.46500012E-02   1.53781949E-02   1.53775169E-02  -4.40905278E-05
        7325   1.46520017E-02   1.53791197E-02   1.53784407E-02  -4.41484408E-05
        7326   1.46540012E-02   1.53800435E-02   1.53793655E-02  -4.40852273E-05
        7327   1.46560017E-02   1.53809674E-02   1.53802894E-02  -4.40825788E-05
        7328   1.46580013E-02   1.53818913E-02   1.53812133E-02  -4.40799304E-05
        7329   1.46600017E-02   1.53828152E-02   1.53821371E-02  -4.40772856E-05
        7330   1.46620013E-02   1.53837390E-02   1.53830601E-02  -4.41351804E-05
        7331   1.46640018E-02   1.53846620E-02   1.53839821E-02  -4.41930752E-05
        7332   1.46660013E-02   1.53855849E-02   1.53849078E-02  -4.40088115E-05
        7333   1.46680018E-02   1.53865078E-02   1.53858289E-02  -4.41272387E-05
        7334   1.46700013E-02   1.53874308E-02   1.53867528E-02  -4.40640615E-05
        7335   1.46720018E-02   1.53883537E-02   1.53876739E-02  -4.41824741E-05
        7336   1.46740014E-02   1.53892757E-02   1.53885968E-02  -4.41193042E-05
        7337   1.46760019E-02   1.53901977E-02   1.53895197E-02  -4.40561416E-05
        7338   1.46780014E-02   1.53911198E-02   1.53904408E-02  -4.41140146E-05
        7339   1.46800019E-02   1.53920418E-02   1.53913628E-02  -4.41113734E-05
        7340   1.46820014E-02   1.53929638E-02   1.53922839E-02  -4.41692391E-05
        7341   1.46840019E-02   1.53938849E-02   1.53932068E-02  -4.40455879E-05
        7342   1.46860015E-02   1.53948059E-02   1.53941270E-02  -4.41034535E-05
        7343   1.46880019E-02   1.53957270E-02   1.53950481E-02  -4.41008160E-05
        7344   1.46900015E-02   1.53966481E-02   1.53959701E-02  -4.40376825E-05
        7345   1.46920020E-02   1.53975692E-02   1.53968902E-02  -4.40955373E-05
        7346   1.46940015E-02   1.53984893E-02   1.53978104E-02  -4.40929034E-05
        7347   1.46960020E-02   1.53994095E-02   1.53987305E-02  -4.40902695E-05
        7348   1.46980016E-02   1.54003296E-02   1.53996516E-02  -4.40271542E-05
        7349   1.47000020E-02   1.54012498E-02   1.54005717E-02  -4.40245240E-05
        7350   1.47020016E-02   1.54021699E-02   1.54014919E-02  -4.40218937E-05
        7351   1.47040021E-02   1.54030891E-02   1.54024092E-02  -4.41402044E-05
        7352   1.47060016E-02   1.54040083E-02   1.54033303E-02  -4.40166405E-05
        7353   1.47080021E-02   1.54049275E-02   1.54042495E-02  -4.40140138E-05
        7354   1.47100016E-02   1.54058468E-02   1.54051678E-02  -4.40718431E-05
        7355   1.47120012E-02   1.54067660E-02   1.54060870E-02  -4.40692129E-05
        7356   1.47140017E-02   1.54076843E-02   1.54070053E-02  -4.40665863E-05
        7357   1.47160012E-02   1.54086025E-02   1.54079245E-02  -4.40035146E-05
        7358   1.47180017E-02   1.54095208E-02   1.54088419E-02  -4.40613367E-05
        7359   1.47200013E-02   1.54104391E-02   1.54097602E-02  -4.40587100E-05
        7360   1.47220017E-02   1.54113574E-02   1.54106785E-02  -4.40560834E-05
        7361   1.47240013E-02   1.54122747E-02   1.54115958E-02  -4.40534641E-05
        7362   1.47260018E-02   1.54131921E-02   1.54125141E-02  -4.39904106E-05
        7363   1.47280013E-02   1.54141095E-02   1.54134315E-02  -4.39877949E-05
        7364   1.47300018E-02   1.54150268E-02   1.54143488E-02  -4.39851756E-05
        7365   1.47320013E-02   1.54159442E-02   1.54152652E-02  -4.40429758E-05
        7366   1.47340018E-02   1.54168606E-02   1.54161835E-02  -4.39195283E-05
        7367   1.47360014E-02   1.54177770E-02   1.54170999E-02  -4.39169162E-05
        7368   1.47380019E-02   1.54186934E-02   1.54180154E-02  -4.39747164E-05
        7369   1.47400014E-02   1.54196098E-02   1.54189318E-02  -4.39721007E-05
        7370   1.47420019E-02   1.54205263E-02   1.54198473E-02  -4.40298900E-05
        7371   1.47440014E-02   1.54214418E-02   1.54207647E-02  -4.39064825E-05
        7372   1.47460019E-02   1.54223572E-02   1.54216802E-02  -4.39038740E-05
        7373   1.47480015E-02   1.54232727E-02   1.54225957E-02  -4.39012692E-05
        7374   1.47500020E-02   1.54241882E-02   1.54235112E-02  -4.38986608E-05
        7375   1.47520015E-02   1.54251037E-02   1.54244266E-02  -4.38960560E-05
        7376   1.47540020E-02   1.54260183E-02   1.54253412E-02  -4.38934549E-05
        7377   1.47560015E-02   1.54269328E-02   1.54262567E-02  -4.38304778E-05
        7378   1.47580020E-02   1.54278474E-02   1.54271703E-02  -4.38882489E-05
        7379   1.47600016E-02   1.54287620E-02   1.54280849E-02  -4.38856478E-05
        7380   1.47620020E-02   1.54296765E-02   1.54289994E-02  -4.38830466E-05
        7381   1.47640016E-02   1.54305901E-02   1.54299140E-02  -4.38200877E-05
        7382   1.47660021E-02   1.54315038E-02   1.54308267E-02  -4.38778516E-05
        7383   1.47680016E-02   1.54324174E-02   1.54317413E-02  -4.38149000E-05
        7384   1.47700021E-02   1.54333310E-02   1.54326539E-02  -4.38726565E-05
        7385   1.47720017E-02   1.54342446E-02   1.54335685E-02  -4.38097122E-05
        7386   1.47740012E-02   1.54351573E-02   1.54344803E-02  -4.38674651E-05
        7387   1.47760017E-02   1.54360700E-02   1.54353948E-02  -4.37441922E-05
        7388   1.47780012E-02   1.54369827E-02   1.54363066E-02  -4.38019415E-05
        7389   1.47800017E-02   1.54378954E-02   1.54372184E-02  -4.38596835E-05
        7390   1.47820013E-02   1.54388081E-02   1.54381320E-02  -4.37967610E-05
        7391   1.47840017E-02   1.54397208E-02   1.54390447E-02  -4.37941744E-05
        7392   1.47860013E-02   1.54406326E-02   1.54399574E-02  -4.37312665E-05
        7393   1.47880018E-02   1.54415444E-02   1.54408682E-02  -4.37890012E-05
        7394   1.47900013E-02   1.54424561E-02   1.54417800E-02  -4.37864146E-05
        7395   1.47920018E-02   1.54433679E-02   1.54426917E-02  -4.37838316E-05
        7396   1.47940014E-02   1.54442796E-02   1.54436035E-02  -4.37812450E-05
        7397   1.47960018E-02   1.54451905E-02   1.54445143E-02  -4.37786621E-05
        7398   1.47980014E-02   1.54461013E-02   1.54454252E-02  -4.37760827E-05
        7399   1.48000019E-02   1.54470121E-02   1.54463360E-02  -4.37734998E-05
        7400   1.48020014E-02   1.54479230E-02   1.54472468E-02  -4.37709205E-05
        7401   1.48040019E-02   1.54488338E-02   1.54481577E-02  -4.37683375E-05
        7402   1.48060014E-02   1.54497437E-02   1.54490685E-02  -4.37054732E-05
        7403   1.48080019E-02   1.54506536E-02   1.54499765E-02  -4.38234638E-05
        7404   1.48100015E-02   1.54515635E-02   1.54508874E-02  -4.37606068E-05
        7405   1.48120020E-02   1.54524734E-02   1.54517973E-02  -4.37580275E-05
        7406   1.48140015E-02   1.54533833E-02   1.54527063E-02  -4.38157222E-05
        7407   1.48160020E-02   1.54542923E-02   1.54536162E-02  -4.37528797E-05
        7408   1.48180015E-02   1.54552013E-02   1.54545261E-02  -4.36900409E-05
        7409   1.48200020E-02   1.54561102E-02   1.54554341E-02  -4.37477320E-05
        7410   1.48220016E-02   1.54570192E-02   1.54563440E-02  -4.36849004E-05
        7411   1.48240020E-02   1.54579282E-02   1.54572520E-02  -4.37425879E-05
        7412   1.48260016E-02   1.54588362E-02   1.54581601E-02  -4.37400158E-05
        7413   1.48280021E-02   1.54597443E-02   1.54590691E-02  -4.36772025E-05
        7414   1.48300016E-02   1.54606523E-02   1.54599771E-02  -4.36746341E-05
        7415   1.48320021E-02   1.54615603E-02   1.54608842E-02  -4.37323106E-05
        7416   1.48340017E-02   1.54624684E-02   1.54617922E-02  -4.37297422E-05
        7417   1.48360012E-02   1.54633755E-02   1.54626993E-02  -4.37271774E-05
        7418   1.48380017E-02   1.54642826E-02   1.54636074E-02  -4.36643822E-05
        7419   1.48400012E-02   1.54651897E-02   1.54645145E-02  -4.36618211E-05
        7420   1.48420017E-02   1.54660968E-02   1.54654216E-02  -4.36592600E-05
        7421   1.48440013E-02   1.54670039E-02   1.54663287E-02  -4.36566988E-05
        7422   1.48460018E-02   1.54679101E-02   1.54672349E-02  -4.36541413E-05
        7423   1.48480013E-02   1.54688163E-02   1.54681420E-02  -4.35913717E-05
        7424   1.48500018E-02   1.54697224E-02   1.54690472E-02  -4.36490263E-05
        7425   1.48520013E-02   1.54706286E-02   1.54699534E-02  -4.36464688E-05
        7426   1.48540018E-02   1.54715348E-02   1.54708596E-02  -4.36439150E-05
        7427   1.48560014E-02   1.54724400E-02   1.54717658E-02  -4.35811635E-05
        7428   1.48580018E-02   1.54733453E-02   1.54726701E-02  -4.36388073E-05
        7429   1.48600014E-02   1.54742505E-02   1.54735763E-02  -4.35760630E-05
        7430   1.48620019E-02   1.54751558E-02   1.54744815E-02  -4.35735128E-05
        7431   1.48640014E-02   1.54760610E-02   1.54753877E-02  -4.35107831E-05
        7432   1.48660019E-02   1.54769663E-02   1.54762911E-02  -4.36285954E-05
        7433   1.48680015E-02   1.54778706E-02   1.54771972E-02  -4.35056936E-05
        7434   1.48700019E-02   1.54787749E-02   1.54781006E-02  -4.35633265E-05
        7435   1.48720015E-02   1.54796792E-02   1.54790049E-02  -4.35607799E-05
        7436   1.48740020E-02   1.54805835E-02   1.54799093E-02  -4.35582369E-05
        7437   1.48760015E-02   1.54814878E-02   1.54808126E-02  -4.36158552E-05
        7438   1.48780020E-02   1.54823912E-02   1.54817170E-02  -4.35531510E-05
        7439   1.48800015E-02   1.54832946E-02   1.54826213E-02  -4.34904541E-05
        7440   1.48820020E-02   1.54841980E-02   1.54835237E-02  -4.35480688E-05
        7441   1.48840016E-02   1.54851014E-02   1.54844271E-02  -4.35455258E-05
        7442   1.48860021E-02   1.54860048E-02   1.54853296E-02  -4.36031332E-05
        7443   1.48880016E-02   1.54869072E-02   1.54862329E-02  -4.35404509E-05
        7444   1.48900021E-02   1.54878097E-02   1.54871354E-02  -4.35379116E-05
        7445   1.48920016E-02   1.54887121E-02   1.54880378E-02  -4.35353759E-05
        7446   1.48940021E-02   1.54896146E-02   1.54889403E-02  -4.35328402E-05
        7447   1.48960017E-02   1.54905170E-02   1.54898427E-02  -4.35303045E-05
        7448   1.48980012E-02   1.54914185E-02   1.54907433E-02  -4.35878937E-05
        7449   1.49000017E-02   1.54923201E-02   1.54916449E-02  -4.35853581E-05
        7450   1.49020012E-02   1.54932216E-02   1.54925473E-02  -4.35227048E-05
        7451   1.49040017E-02   1.54941231E-02   1.54934488E-02  -4.35201728E-05
        7452   1.49060013E-02   1.54950246E-02   1.54943494E-02  -4.35777474E-05
        7453   1.49080018E-02   1.54959252E-02   1.54952509E-02  -4.35151087E-05
        7454   1.49100013E-02   1.54968258E-02   1.54961525E-02  -4.34524773E-05
        7455   1.49120018E-02   1.54977264E-02   1.54970521E-02  -4.35100519E-05
        7456   1.49140013E-02   1.54986270E-02   1.54979536E-02  -4.34474277E-05
        7457   1.49160018E-02   1.54995276E-02   1.54988524E-02  -4.35650873E-05
        7458   1.49180014E-02   1.55004272E-02   1.54997539E-02  -4.34423819E-05
        7459   1.49200018E-02   1.55013269E-02   1.55006535E-02  -4.34398607E-05
        7460   1.49220014E-02   1.55022265E-02   1.55015541E-02  -4.33772584E-05
        7461   1.49240019E-02   1.55031262E-02   1.55024529E-02  -4.34348185E-05
        7462   1.49260014E-02   1.55040259E-02   1.55033525E-02  -4.34322974E-05
        7463   1.49280019E-02   1.55049255E-02   1.55042512E-02  -4.34898502E-05
        7464   1.49300015E-02   1.55058242E-02   1.55051518E-02  -4.33671921E-05
        7465   1.49320019E-02   1.55067230E-02   1.55060487E-02  -4.34848080E-05
        7466   1.49340015E-02   1.55076217E-02   1.55069483E-02  -4.34222275E-05
        7467   1.49360020E-02   1.55085204E-02   1.55078471E-02  -4.34197100E-05
        7468   1.49380015E-02   1.55094191E-02   1.55087458E-02  -4.34171925E-05
        7469   1.49400020E-02   1.55103169E-02   1.55096436E-02  -4.34146823E-05
        7470   1.49420016E-02   1.55112147E-02   1.55105405E-02  -4.34722133E-05
        7471   1.49440020E-02   1.55121125E-02   1.55114383E-02  -4.34696994E-05
        7472   1.49460016E-02   1.55130103E-02   1.55123370E-02  -4.34071408E-05
        7473   1.49480021E-02   1.55139081E-02   1.55132338E-02  -4.34646681E-05
        7474   1.49500016E-02   1.55148050E-02   1.55141316E-02  -4.34021204E-05
        7475   1.49520021E-02   1.55157018E-02   1.55150294E-02  -4.33395835E-05
        7476   1.49540016E-02   1.55165987E-02   1.55159254E-02  -4.33971036E-05
        7477   1.49560021E-02   1.55174956E-02   1.55168222E-02  -4.33945970E-05
        7478   1.49580017E-02   1.55183924E-02   1.55177182E-02  -4.34521062E-05
        7479   1.49600012E-02   1.55192884E-02   1.55186150E-02  -4.33895839E-05
        7480   1.49620017E-02   1.55201843E-02   1.55195110E-02  -4.33870773E-05
        7481   1.49640013E-02   1.55210802E-02   1.55204078E-02  -4.33245623E-05
        7482   1.49660017E-02   1.55219762E-02   1.55213028E-02  -4.33820678E-05
        7483   1.49680013E-02   1.55228721E-02   1.55221988E-02  -4.33795649E-05
        7484   1.49700018E-02   1.55237671E-02   1.55230947E-02  -4.33170644E-05
        7485   1.49720013E-02   1.55246621E-02   1.55239888E-02  -4.33745627E-05
        7486   1.49740018E-02   1.55255571E-02   1.55248838E-02  -4.33720634E-05
        7487   1.49760013E-02   1.55264521E-02   1.55257797E-02  -4.33095738E-05
        7488   1.49780018E-02   1.55273471E-02   1.55266747E-02  -4.33070782E-05
        7489   1.49800014E-02   1.55282412E-02   1.55275688E-02  -4.33045825E-05
        7490   1.49820019E-02   1.55291352E-02   1.55284628E-02  -4.33020905E-05
        7491   1.49840014E-02   1.55300293E-02   1.55293578E-02  -4.32396228E-05
        7492   1.49860019E-02   1.55309234E-02   1.55302519E-02  -4.32371344E-05
        7493   1.49880014E-02   1.55318175E-02   1.55311460E-02  -4.32346460E-05
        7494   1.49900019E-02   1.55327115E-02   1.55320391E-02  -4.32921188E-05
        7495   1.49920015E-02   1.55336047E-02   1.55329322E-02  -4.32896304E-05
        7496   1.49940019E-02   1.55344978E-02   1.55338263E-02  -4.32271845E-05
        7497   1.49960015E-02   1.55353909E-02   1.55347185E-02  -4.32846537E-05
        7498   1.49980020E-02   1.55362841E-02   1.55356117E-02  -4.32821653E-05
        7499   1.50000015E-02   1.55371772E-02   1.55365048E-02  -4.32796769E-05
        7500   1.50020020E-02   1.55380694E-02   1.55373979E-02  -4.32172492E-05
        7501   1.50040016E-02   1.55389616E-02   1.55382901E-02  -4.32147644E-05
        7502   1.50060020E-02   1.55398538E-02   1.55391824E-02  -4.32122833E-05
        7503   1.50080016E-02   1.55407460E-02   1.55400736E-02  -4.32697379E-05
        7504   1.50100021E-02   1.55416382E-02   1.55409668E-02  -4.32073248E-05
        7505   1.50120016E-02   1.55425295E-02   1.55418580E-02  -4.32048473E-05
        7506   1.50140021E-02   1.55434208E-02   1.55427484E-02  -4.32622910E-05
        7507   1.50160016E-02   1.55443121E-02   1.55436406E-02  -4.31998924E-05
        7508   1.50180021E-02   1.55452034E-02   1.55445309E-02  -4.32573288E-05
        7509   1.50200017E-02   1.55460946E-02   1.55454231E-02  -4.31949375E-05
        7510   1.50220012E-02   1.55469850E-02   1.55463144E-02  -4.31325534E-05
        7511   1.50240017E-02   1.55478753E-02   1.55472038E-02  -4.31899898E-05
        7512   1.50260013E-02   1.55487657E-02   1.55480942E-02  -4.31875160E-05
        7513   1.50280017E-02   1.55496560E-02   1.55489845E-02  -4.31850422E-05
        7514   1.50300013E-02   1.55505463E-02   1.55498749E-02  -4.31825720E-05
        7515   1.50320018E-02   1.55514367E-02   1.55507643E-02  -4.32399902E-05
        7516   1.50340013E-02   1.55523261E-02   1.55516546E-02  -4.31776280E-05
        7517   1.50360018E-02   1.55532155E-02   1.55525440E-02  -4.31751614E-05
        7518   1.50380014E-02   1.55541049E-02   1.55534334E-02  -4.31726912E-05
        7519   1.50400018E-02   1.55549943E-02   1.55543229E-02  -4.31702210E-05
        7520   1.50420014E-02   1.55558838E-02   1.55552123E-02  -4.31677545E-05
        7521   1.50440019E-02   1.55567722E-02   1.55561017E-02  -4.31054177E-05
        7522   1.50460014E-02   1.55576607E-02   1.55569892E-02  -4.31628250E-05
        7523   1.50480019E-02   1.55585492E-02   1.55578777E-02  -4.31603585E-05
        7524   1.50500014E-02   1.55594377E-02   1.55587671E-02  -4.30980326E-05
        7525   1.50520019E-02   1.55603262E-02   1.55596547E-02  -4.31554290E-05
        7526   1.50540015E-02   1.55612137E-02   1.55605432E-02  -4.30931141E-05
        7527   1.50560020E-02   1.55621013E-02   1.55614298E-02  -4.31505068E-05
        7528   1.50580015E-02   1.55629888E-02   1.55623183E-02  -4.30881992E-05
        7529   1.50600020E-02   1.55638764E-02   1.55632049E-02  -4.31455846E-05
        7530   1.50620015E-02   1.55647639E-02   1.55640934E-02  -4.30832843E-05
        7531   1.50640020E-02   1.55656505E-02   1.55649800E-02  -4.30808286E-05
        7532   1.50660016E-02   1.55665372E-02   1.55658675E-02  -4.30185428E-05
        7533   1.50680020E-02   1.55674238E-02   1.55667542E-02  -4.30160908E-05
        7534   1.50700016E-02   1.55683104E-02   1.55676408E-02  -4.30136424E-05
        7535   1.50720021E-02   1.55691970E-02   1.55685265E-02  -4.30710170E-05
        7536   1.50740016E-02   1.55700836E-02   1.55694121E-02  -4.31283843E-05
        7537   1.50760021E-02   1.55709693E-02   1.55702978E-02  -4.31259286E-05
        7538   1.50780017E-02   1.55718550E-02   1.55711835E-02  -4.31234766E-05
        7539   1.50800021E-02   1.55727407E-02   1.55720711E-02  -4.30014043E-05
        7540   1.50820017E-02   1.55736264E-02   1.55729549E-02  -4.31185726E-05
        7541   1.50840012E-02   1.55745121E-02   1.55738406E-02  -4.31161207E-05
        7542   1.50860017E-02   1.55753968E-02   1.55747263E-02  -4.30538712E-05
        7543   1.50880013E-02   1.55762816E-02   1.55756110E-02  -4.30514265E-05
        7544   1.50900017E-02   1.55771663E-02   1.55764958E-02  -4.30489781E-05
        7545   1.50920013E-02   1.55780511E-02   1.55773805E-02  -4.30465334E-05
        7546   1.50940018E-02   1.55789359E-02   1.55782653E-02  -4.30440887E-05
        7547   1.50960013E-02   1.55798197E-02   1.55791491E-02  -4.30416476E-05
        7548   1.50980018E-02   1.55807035E-02   1.55800339E-02  -4.29794272E-05
        7549   1.51000014E-02   1.55815873E-02   1.55809177E-02  -4.29769898E-05
        7550   1.51020018E-02   1.55824712E-02   1.55818006E-02  -4.30343243E-05
        7551   1.51040014E-02   1.55833550E-02   1.55826854E-02  -4.29721149E-05
        7552   1.51060019E-02   1.55842379E-02   1.55835673E-02  -4.30294458E-05
        7553   1.51080014E-02   1.55851208E-02   1.55844521E-02  -4.29074826E-05
        7554   1.51100019E-02   1.55860037E-02   1.55853340E-02  -4.29648098E-05
        7555   1.51120014E-02   1.55868866E-02   1.55862169E-02  -4.29623760E-05
        7556   1.51140019E-02   1.55877694E-02   1.55870998E-02  -4.29599422E-05
        7557   1.51160015E-02   1.55886523E-02   1.55879827E-02  -4.29575121E-05
        7558   1.51180020E-02   1.55895343E-02   1.55888638E-02  -4.30148248E-05
        7559   1.51200015E-02   1.55904163E-02   1.55897466E-02  -4.29526517E-05
        7560   1.51220020E-02   1.55912982E-02   1.55906295E-02  -4.28904823E-05
        7561   1.51240015E-02   1.55921802E-02   1.55915106E-02  -4.29477914E-05
        7562   1.51260020E-02   1.55930622E-02   1.55923916E-02  -4.30050932E-05
        7563   1.51280016E-02   1.55939432E-02   1.55932736E-02  -4.29429347E-05
        7564   1.51300021E-02   1.55948242E-02   1.55941555E-02  -4.28807834E-05
        7565   1.51320016E-02   1.55957052E-02   1.55950356E-02  -4.29380816E-05
        7566   1.51340021E-02   1.55965863E-02   1.55959157E-02  -4.29953761E-05
        7567   1.51360016E-02   1.55974673E-02   1.55967968E-02  -4.29929460E-05
        7568   1.51380021E-02   1.55983474E-02   1.55976778E-02  -4.29308093E-05
        7569   1.51400017E-02   1.55992275E-02   1.55985588E-02  -4.28686799E-05
        7570   1.51420021E-02   1.56001076E-02   1.55994389E-02  -4.28662606E-05
        7571   1.51440017E-02   1.56009877E-02   1.56003190E-02  -4.28638414E-05
        7572   1.51460012E-02   1.56018678E-02   1.56011982E-02  -4.29211213E-05
        7573   1.51480017E-02   1.56027470E-02   1.56020783E-02  -4.28590101E-05
        7574   1.51500013E-02   1.56036261E-02   1.56029575E-02  -4.28565945E-05
        7575   1.51520018E-02   1.56045053E-02   1.56038366E-02  -4.28541789E-05
        7576   1.51540013E-02   1.56053845E-02   1.56047158E-02  -4.28517633E-05
        7577   1.51560018E-02   1.56062637E-02   1.56055950E-02  -4.28493513E-05
        7578   1.51580013E-02   1.56071428E-02   1.56064732E-02  -4.29066131E-05
        7579   1.51600018E-02   1.56080211E-02   1.56073524E-02  -4.28445273E-05
        7580   1.51620014E-02   1.56088993E-02   1.56082315E-02  -4.27824452E-05
        7581   1.51640018E-02   1.56097775E-02   1.56091088E-02  -4.28397034E-05
        7582   1.51660014E-02   1.56106558E-02   1.56099880E-02  -4.27776286E-05
        7583   1.51680019E-02   1.56115340E-02   1.56108653E-02  -4.28348831E-05
        7584   1.51700014E-02   1.56124113E-02   1.56117426E-02  -4.28324784E-05
        7585   1.51720019E-02   1.56132886E-02   1.56126209E-02  -4.27704144E-05
        7586   1.51740015E-02   1.56141659E-02   1.56134982E-02  -4.27680134E-05
        7587   1.51760019E-02   1.56150432E-02   1.56143745E-02  -4.28252570E-05
        7588   1.51780015E-02   1.56159205E-02   1.56152518E-02  -4.28228523E-05
        7589   1.51800020E-02   1.56167969E-02   1.56161292E-02  -4.27608065E-05
        7590   1.51820015E-02   1.56176733E-02   1.56170055E-02  -4.27584091E-05
        7591   1.51840020E-02   1.56185497E-02   1.56178819E-02  -4.27560080E-05
        7592   1.51860015E-02   1.56194260E-02   1.56187583E-02  -4.27536106E-05
        7593   1.51880020E-02   1.56203024E-02   1.56196356E-02  -4.26915831E-05
        7594   1.51900016E-02   1.56211788E-02   1.56205101E-02  -4.28084350E-05
        7595   1.51920021E-02   1.56220542E-02   1.56213865E-02  -4.27464147E-05
        7596   1.51940016E-02   1.56229297E-02   1.56222628E-02  -4.26844017E-05
        7597   1.51960021E-02   1.56238051E-02   1.56231374E-02  -4.27416271E-05
        7598   1.51980016E-02   1.56246806E-02   1.56240128E-02  -4.27392297E-05
        7599   1.52000021E-02   1.56255551E-02   1.56248873E-02  -4.27368395E-05
        7600   1.52020017E-02   1.56264305E-02   1.56257618E-02  -4.27940467E-05
        7601   1.52040021E-02   1.56273060E-02   1.56266373E-02  -4.27916493E-05
        7602   1.52060017E-02   1.56281814E-02   1.56275127E-02  -4.27892555E-05
        7603   1.52080012E-02   1.56290550E-02   1.56283863E-02  -4.27868617E-05
        7604   1.52100017E-02   1.56299286E-02   1.56292599E-02  -4.27844716E-05
        7605   1.52120013E-02   1.56308021E-02   1.56301353E-02  -4.26629049E-05
        7606   1.52140018E-02   1.56316757E-02   1.56310089E-02  -4.26605184E-05
        7607   1.52160013E-02   1.56325493E-02   1.56318825E-02  -4.26581355E-05
        7608   1.52180018E-02   1.56334229E-02   1.56327561E-02  -4.26557526E-05
        7609   1.52200013E-02   1.56342965E-02   1.56336296E-02  -4.26533697E-05
        7610   1.52220018E-02   1.56351700E-02   1.56345032E-02  -4.26509869E-05
        7611   1.52240014E-02   1.56360436E-02   1.56353749E-02  -4.27677369E-05
        7612   1.52260019E-02   1.56369172E-02   1.56362485E-02  -4.27653467E-05
        7613   1.52280014E-02   1.56377889E-02   1.56371202E-02  -4.27629639E-05
        7614   1.52300019E-02   1.56386606E-02   1.56379938E-02  -4.26414663E-05
        7615   1.52320014E-02   1.56395324E-02   1.56388655E-02  -4.26390870E-05
        7616   1.52340019E-02   1.56404041E-02   1.56397372E-02  -4.26367114E-05
        7617   1.52360015E-02   1.56412758E-02   1.56406108E-02  -4.25152393E-05
        7618   1.52380019E-02   1.56421475E-02   1.56414807E-02  -4.26319602E-05
        7619   1.52400015E-02   1.56430192E-02   1.56423543E-02  -4.25105027E-05
        7620   1.52420020E-02   1.56438909E-02   1.56432241E-02  -4.26272090E-05
        7621   1.52440015E-02   1.56447627E-02   1.56440958E-02  -4.26248334E-05
        7622   1.52460020E-02   1.56456344E-02   1.56449676E-02  -4.26224578E-05
        7623   1.52480016E-02   1.56465061E-02   1.56458393E-02  -4.26200822E-05
        7624   1.52500020E-02   1.56473760E-02   1.56467091E-02  -4.26177139E-05
        7625   1.52520016E-02   1.56482458E-02   1.56475790E-02  -4.26153456E-05
        7626   1.52540021E-02   1.56491157E-02   1.56484507E-02  -4.24939390E-05
        7627   1.52560016E-02   1.56499855E-02   1.56493206E-02  -4.24915779E-05
        7628   1.52580021E-02   1.56508554E-02   1.56501904E-02  -4.24892169E-05
        7629   1.52600016E-02   1.56517252E-02   1.56510603E-02  -4.24868558E-05
        7630   1.52620021E-02   1.56525951E-02   1.56519283E-02  -4.26035040E-05
        7631   1.52640017E-02   1.56534649E-02   1.56528000E-02  -4.24821337E-05
        7632   1.52660022E-02   1.56543348E-02   1.56536680E-02  -4.25987673E-05
        7633   1.52680017E-02   1.56552047E-02   1.56545378E-02  -4.25963990E-05
        7634   1.52700013E-02   1.56560745E-02   1.56554058E-02  -4.27130180E-05
        7635   1.52720017E-02   1.56569425E-02   1.56562757E-02  -4.25916733E-05
        7636   1.52740013E-02   1.56578105E-02   1.56571437E-02  -4.25893122E-05
        7637   1.52760018E-02   1.56586785E-02   1.56580117E-02  -4.25869512E-05
        7638   1.52780013E-02   1.56595465E-02   1.56588815E-02  -4.24656319E-05
        7639   1.52800018E-02   1.56604145E-02   1.56597495E-02  -4.24632781E-05
        7640   1.52820013E-02   1.56612825E-02   1.56606175E-02  -4.24609243E-05
        7641   1.52840018E-02   1.56621505E-02   1.56614855E-02  -4.24585742E-05
        7642   1.52860014E-02   1.56630185E-02   1.56623535E-02  -4.24562204E-05
        7643   1.52880019E-02   1.56638864E-02   1.56632196E-02  -4.25727885E-05
        7644   1.52900014E-02   1.56647544E-02   1.56640876E-02  -4.25704311E-05
        7645   1.52920019E-02   1.56656206E-02   1.56649537E-02  -4.25680773E-05
        7646   1.52940014E-02   1.56664867E-02   1.56658217E-02  -4.24468199E-05
        7647   1.52960019E-02   1.56673528E-02   1.56666879E-02  -4.24444734E-05
        7648   1.52980015E-02   1.56682190E-02   1.56675559E-02  -4.23232377E-05
        7649   1.53000019E-02   1.56690851E-02   1.56684201E-02  -4.24397804E-05
        7650   1.53020015E-02   1.56699512E-02   1.56692863E-02  -4.24374339E-05
        7651   1.53040020E-02   1.56708173E-02   1.56701542E-02  -4.23162201E-05
        7652   1.53060015E-02   1.56716835E-02   1.56710185E-02  -4.24327445E-05
        7653   1.53080020E-02   1.56725496E-02   1.56718846E-02  -4.24303980E-05
        7654   1.53100016E-02   1.56734157E-02   1.56727508E-02  -4.24280552E-05
        7655   1.53120020E-02   1.56742819E-02   1.56736150E-02  -4.25445542E-05
        7656   1.53140016E-02   1.56751461E-02   1.56744812E-02  -4.24233695E-05
        7657   1.53160021E-02   1.56760104E-02   1.56753473E-02  -4.23021993E-05
        7658   1.53180016E-02   1.56768747E-02   1.56762116E-02  -4.22998673E-05
        7659   1.53200021E-02   1.56777389E-02   1.56770758E-02  -4.22975354E-05
        7660   1.53220017E-02   1.56786032E-02   1.56779401E-02  -4.22952035E-05
        7661   1.53240021E-02   1.56794675E-02   1.56788044E-02  -4.22928715E-05
        7662   1.53260017E-02   1.56803317E-02   1.56796686E-02  -4.22905396E-05
        7663   1.53280022E-02   1.56811960E-02   1.56805329E-02  -4.22882113E-05
        7664   1.53300017E-02   1.56820603E-02   1.56813972E-02  -4.22858793E-05
        7665   1.53320013E-02   1.56829245E-02   1.56822614E-02  -4.22835510E-05
        7666   1.53340017E-02   1.56837888E-02   1.56831238E-02  -4.23999918E-05
        7667   1.53360013E-02   1.56846512E-02   1.56839862E-02  -4.23976599E-05
        7668   1.53380018E-02   1.56855136E-02   1.56848505E-02  -4.22765697E-05
        7669   1.53400013E-02   1.56863760E-02   1.56857129E-02  -4.22742451E-05
        7670   1.53420018E-02   1.56872384E-02   1.56865753E-02  -4.22719204E-05
        7671   1.53440014E-02   1.56881008E-02   1.56874377E-02  -4.22695957E-05
        7672   1.53460018E-02   1.56889632E-02   1.56883001E-02  -4.22672747E-05
        7673   1.53480014E-02   1.56898256E-02   1.56891625E-02  -4.22649500E-05
        7674   1.53500019E-02   1.56906880E-02   1.56900249E-02  -4.22626254E-05
        7675   1.53520014E-02   1.56915504E-02   1.56908873E-02  -4.22603043E-05
        7676   1.53540019E-02   1.56924129E-02   1.56917479E-02  -4.23766905E-05
        7677   1.53560014E-02   1.56932753E-02   1.56926103E-02  -4.23743586E-05
        7678   1.53580019E-02   1.56941358E-02   1.56934708E-02  -4.23720376E-05
        7679   1.53600015E-02   1.56949963E-02   1.56943332E-02  -4.22510238E-05
        7680   1.53620020E-02   1.56958569E-02   1.56951938E-02  -4.22487101E-05
        7681   1.53640015E-02   1.56967174E-02   1.56960562E-02  -4.21277182E-05
        7682   1.53660020E-02   1.56975780E-02   1.56969149E-02  -4.22440753E-05
        7683   1.53680015E-02   1.56984385E-02   1.56977754E-02  -4.22417615E-05
        7684   1.53700020E-02   1.56992991E-02   1.56986360E-02  -4.22394442E-05
        7685   1.53720016E-02   1.57001596E-02   1.56994965E-02  -4.22371304E-05
        7686   1.53740020E-02   1.57010201E-02   1.57003570E-02  -4.22348166E-05
        7687   1.53760016E-02   1.57018807E-02   1.57012157E-02  -4.23511374E-05
        7688   1.53780021E-02   1.57027412E-02   1.57020763E-02  -4.23488164E-05
        7689   1.53800016E-02   1.57035999E-02   1.57029349E-02  -4.23464990E-05
        7690   1.53820021E-02   1.57044586E-02   1.57037955E-02  -4.22255689E-05
        7691   1.53840017E-02   1.57053173E-02   1.57046542E-02  -4.22232588E-05
        7692   1.53860021E-02   1.57061759E-02   1.57055128E-02  -4.22209487E-05
        7693   1.53880017E-02   1.57070346E-02   1.57063715E-02  -4.22186422E-05
        7694   1.53900022E-02   1.57078933E-02   1.57072302E-02  -4.22163321E-05
        7695   1.53920017E-02   1.57087520E-02   1.57080889E-02  -4.22140256E-05
        7696   1.53940013E-02   1.57096107E-02   1.57089476E-02  -4.22117191E-05
        7697   1.53960017E-02   1.57104693E-02   1.57098044E-02  -4.23279816E-05
        7698   1.53980013E-02   1.57113280E-02   1.57106631E-02  -4.23256679E-05
        7699   1.54000018E-02   1.57121848E-02   1.57115199E-02  -4.23233614E-05
        7700   1.54020013E-02   1.57130416E-02   1.57123785E-02  -4.22025005E-05
        7701   1.54040018E-02   1.57138985E-02   1.57132354E-02  -4.22002013E-05
        7702   1.54060014E-02   1.57147553E-02   1.57140922E-02  -4.21978984E-05
        7703   1.54080018E-02   1.57156121E-02   1.57149509E-02  -4.20770666E-05
        7704   1.54100014E-02   1.57164689E-02   1.57158077E-02  -4.20747710E-05
        7705   1.54120019E-02   1.57173257E-02   1.57166626E-02  -4.21909972E-05
        7706   1.54140014E-02   1.57181825E-02   1.57175194E-02  -4.21886980E-05
        7707   1.54160019E-02   1.57190394E-02   1.57183763E-02  -4.21863988E-05
        7708   1.54180015E-02   1.57198962E-02   1.57192331E-02  -4.21840996E-05
        7709   1.54200019E-02   1.57207530E-02   1.57200899E-02  -4.21818004E-05
        7710   1.54220015E-02   1.57216080E-02   1.57209449E-02  -4.21795048E-05
        7711   1.54240020E-02   1.57224629E-02   1.57218017E-02  -4.20587312E-05
        7712   1.54260015E-02   1.57233179E-02   1.57226566E-02  -4.20564429E-05
        7713   1.54280020E-02   1.57241728E-02   1.57235116E-02  -4.20541583E-05
        7714   1.54300015E-02   1.57250278E-02   1.57243665E-02  -4.20518700E-05
        7715   1.54320020E-02   1.57258827E-02   1.57252233E-02  -4.19311291E-05
        7716   1.54340016E-02   1.57267377E-02   1.57260764E-02  -4.20472970E-05
        7717   1.54360021E-02   1.57275926E-02   1.57269314E-02  -4.20450124E-05
        7718   1.54380016E-02   1.57284476E-02   1.57277863E-02  -4.20427277E-05
        7719   1.54400021E-02   1.57293025E-02   1.57286394E-02  -4.21588702E-05
        7720   1.54420016E-02   1.57301575E-02   1.57294944E-02  -4.21565783E-05
        7721   1.54440021E-02   1.57310106E-02   1.57303493E-02  -4.20358774E-05
        7722   1.54460017E-02   1.57318637E-02   1.57312024E-02  -4.20335964E-05
        7723   1.54480021E-02   1.57327168E-02   1.57320574E-02  -4.19129137E-05
        7724   1.54500017E-02   1.57335699E-02   1.57329105E-02  -4.19106436E-05
        7725   1.54520022E-02   1.57344230E-02   1.57337617E-02  -4.20267606E-05
        7726   1.54540017E-02   1.57352760E-02   1.57346167E-02  -4.19060962E-05
        7727   1.54560013E-02   1.57361291E-02   1.57354698E-02  -4.19038261E-05
        7728   1.54580018E-02   1.57369822E-02   1.57363228E-02  -4.19015523E-05
        7729   1.54600013E-02   1.57378353E-02   1.57371741E-02  -4.20176475E-05
        7730   1.54620018E-02   1.57386884E-02   1.57380272E-02  -4.20153701E-05
        7731   1.54640013E-02   1.57395415E-02   1.57388784E-02  -4.21314435E-05
        7732   1.54660018E-02   1.57403927E-02   1.57397315E-02  -4.20108190E-05
        7733   1.54680014E-02   1.57412440E-02   1.57405846E-02  -4.18902091E-05
        7734   1.54700018E-02   1.57420952E-02   1.57414358E-02  -4.18879426E-05
        7735   1.54720014E-02   1.57429464E-02   1.57422870E-02  -4.18856798E-05
        7736   1.54740019E-02   1.57437976E-02   1.57431383E-02  -4.18834134E-05
        7737   1.54760014E-02   1.57446489E-02   1.57439895E-02  -4.18811505E-05
        7738   1.54780019E-02   1.57455001E-02   1.57448407E-02  -4.18788841E-05
        7739   1.54800015E-02   1.57463513E-02   1.57456920E-02  -4.18766213E-05
        7740   1.54820019E-02   1.57472026E-02   1.57465432E-02  -4.18743584E-05
        7741   1.54840015E-02   1.57480538E-02   1.57473926E-02  -4.19903809E-05
        7742   1.54860020E-02   1.57489050E-02   1.57482438E-02  -4.19881108E-05
        7743   1.54880015E-02   1.57497544E-02   1.57490950E-02  -4.18675736E-05
        7744   1.54900020E-02   1.57506038E-02   1.57499444E-02  -4.18653144E-05
        7745   1.54920015E-02   1.57514531E-02   1.57507937E-02  -4.18630589E-05
        7746   1.54940020E-02   1.57523025E-02   1.57516431E-02  -4.18607997E-05
        7747   1.54960016E-02   1.57531518E-02   1.57524943E-02  -4.17402953E-05
        7748   1.54980021E-02   1.57540012E-02   1.57533418E-02  -4.18562850E-05
        7749   1.55000016E-02   1.57548506E-02   1.57541931E-02  -4.17357915E-05
        7750   1.55020021E-02   1.57556999E-02   1.57550406E-02  -4.18517739E-05
        7751   1.55040016E-02   1.57565493E-02   1.57558899E-02  -4.18495183E-05
        7752   1.55060021E-02   1.57573987E-02   1.57567393E-02  -4.18472628E-05
        7753   1.55080017E-02   1.57582480E-02   1.57575887E-02  -4.18450036E-05
        7754   1.55100022E-02   1.57590955E-02   1.57584362E-02  -4.18427553E-05
        7755   1.55120017E-02   1.57599431E-02   1.57592837E-02  -4.18405034E-05
        7756   1.55140022E-02   1.57607906E-02   1.57601312E-02  -4.18382551E-05
        7757   1.55160017E-02   1.57616381E-02   1.57609805E-02  -4.17178198E-05
        7758   1.55180013E-02   1.57624856E-02   1.57618281E-02  -4.17155752E-05
        7759   1.55200018E-02   1.57633331E-02   1.57626737E-02  -4.18315067E-05
        7760   1.55220013E-02   1.57641806E-02   1.57635212E-02  -4.18292584E-05
        7761   1.55240018E-02   1.57650281E-02   1.57643687E-02  -4.18270101E-05
        7762   1.55260013E-02   1.57658756E-02   1.57652181E-02  -4.17066076E-05
        7763   1.55280018E-02   1.57667231E-02   1.57660637E-02  -4.18225100E-05
        7764   1.55300014E-02   1.57675706E-02   1.57669093E-02  -4.19384050E-05
        7765   1.55320019E-02   1.57684162E-02   1.57677568E-02  -4.18180207E-05
        7766   1.55340014E-02   1.57692619E-02   1.57686044E-02  -4.16976509E-05
        7767   1.55360019E-02   1.57701075E-02   1.57694500E-02  -4.16954135E-05
        7768   1.55380014E-02   1.57709531E-02   1.57702956E-02  -4.16931762E-05
        7769   1.55400019E-02   1.57717988E-02   1.57711413E-02  -4.16909425E-05
        7770   1.55420015E-02   1.57726444E-02   1.57719869E-02  -4.16887051E-05
        7771   1.55440019E-02   1.57734901E-02   1.57728326E-02  -4.16864714E-05
        7772   1.55460015E-02   1.57743357E-02   1.57736782E-02  -4.16842377E-05
        7773   1.55480020E-02   1.57751814E-02   1.57745238E-02  -4.16820039E-05
        7774   1.55500015E-02   1.57760270E-02   1.57753676E-02  -4.17978445E-05
        7775   1.55520020E-02   1.57768726E-02   1.57762133E-02  -4.17956071E-05
        7776   1.55540016E-02   1.57777164E-02   1.57770589E-02  -4.16753064E-05
        7777   1.55560020E-02   1.57785602E-02   1.57779027E-02  -4.16730763E-05
        7778   1.55580016E-02   1.57794040E-02   1.57787465E-02  -4.16708463E-05
        7779   1.55600021E-02   1.57802477E-02   1.57795902E-02  -4.16686198E-05
        7780   1.55620016E-02   1.57810915E-02   1.57804340E-02  -4.16663897E-05
        7781   1.55640021E-02   1.57819353E-02   1.57812778E-02  -4.16641633E-05
        7782   1.55660016E-02   1.57827791E-02   1.57821216E-02  -4.16619368E-05
        7783   1.55680021E-02   1.57836229E-02   1.57829653E-02  -4.16597104E-05
        7784   1.55700017E-02   1.57844666E-02   1.57838091E-02  -4.16574803E-05
        7785   1.55720022E-02   1.57853104E-02   1.57846510E-02  -4.17732626E-05
        7786   1.55740017E-02   1.57861542E-02   1.57854948E-02  -4.17710289E-05
        7787   1.55760022E-02   1.57869961E-02   1.57863367E-02  -4.17688025E-05
        7788   1.55780017E-02   1.57878380E-02   1.57871805E-02  -4.16485855E-05
        7789   1.55800013E-02   1.57886799E-02   1.57880224E-02  -4.16463663E-05
        7790   1.55820018E-02   1.57895219E-02   1.57888643E-02  -4.16441435E-05
        7791   1.55840013E-02   1.57903638E-02   1.57897081E-02  -4.15239519E-05
        7792   1.55860018E-02   1.57912057E-02   1.57905500E-02  -4.15217401E-05
        7793   1.55880013E-02   1.57920476E-02   1.57913901E-02  -4.16374824E-05
        7794   1.55900018E-02   1.57928895E-02   1.57922339E-02  -4.15173126E-05
        7795   1.55920014E-02   1.57937314E-02   1.57930758E-02  -4.15150971E-05
        7796   1.55940019E-02   1.57945734E-02   1.57939158E-02  -4.16308249E-05
        7797   1.55960014E-02   1.57954153E-02   1.57947559E-02  -4.17465380E-05
        7798   1.55980019E-02   1.57962553E-02   1.57955978E-02  -4.16263902E-05
        7799   1.56000014E-02   1.57970954E-02   1.57964397E-02  -4.15062568E-05
        7800   1.56020019E-02   1.57979354E-02   1.57972779E-02  -4.16219627E-05
        7801   1.56040015E-02   1.57987755E-02   1.57981198E-02  -4.15018440E-05
        7802   1.56060020E-02   1.57996155E-02   1.57989599E-02  -4.14996357E-05
        7803   1.56080015E-02   1.58004556E-02   1.57998018E-02  -4.13795351E-05
        7804   1.56100020E-02   1.58012956E-02   1.58006400E-02  -4.14952228E-05
        7805   1.56120015E-02   1.58021357E-02   1.58014800E-02  -4.14930182E-05
        7806   1.56140020E-02   1.58029757E-02   1.58023182E-02  -4.16086878E-05
        7807   1.56160016E-02   1.58038158E-02   1.58031583E-02  -4.16064759E-05
        7808   1.56180020E-02   1.58046558E-02   1.58039983E-02  -4.16042640E-05
        7809   1.56200016E-02   1.58054940E-02   1.58048384E-02  -4.14841998E-05
        7810   1.56220021E-02   1.58063322E-02   1.58056747E-02  -4.15998511E-05
        7811   1.56240016E-02   1.58071704E-02   1.58065148E-02  -4.14798014E-05
        7812   1.56260021E-02   1.58080086E-02   1.58073548E-02  -4.13597627E-05
        7813   1.56280026E-02   1.58088468E-02   1.58081930E-02  -4.13575690E-05
        7814   1.56300012E-02   1.58096850E-02   1.58090293E-02  -4.14732021E-05
        7815   1.56320017E-02   1.58105232E-02   1.58098675E-02  -4.14710048E-05
        7816   1.56340022E-02   1.58113614E-02   1.58107057E-02  -4.14688075E-05
        7817   1.56360026E-02   1.58121996E-02   1.58115439E-02  -4.14666065E-05
        7818   1.56380013E-02   1.58130378E-02   1.58123821E-02  -4.14644092E-05
        7819   1.56400017E-02   1.58138759E-02   1.58132184E-02  -4.15800059E-05
        7820   1.56420022E-02   1.58147123E-02   1.58140566E-02  -4.14600181E-05
        7821   1.56440008E-02   1.58155486E-02   1.58148948E-02  -4.13400448E-05
        7822   1.56460013E-02   1.58163849E-02   1.58157293E-02  -4.14556343E-05
        7823   1.56480018E-02   1.58172213E-02   1.58165675E-02  -4.13356720E-05
        7824   1.56500023E-02   1.58180576E-02   1.58174038E-02  -4.13334856E-05
        7825   1.56520009E-02   1.58188939E-02   1.58182401E-02  -4.13313028E-05
        7826   1.56540014E-02   1.58197302E-02   1.58190764E-02  -4.13291164E-05
        7827   1.56560019E-02   1.58205666E-02   1.58199109E-02  -4.14446768E-05
        7828   1.56580023E-02   1.58214029E-02   1.58207491E-02  -4.13247471E-05
        7829   1.56600010E-02   1.58222392E-02   1.58215854E-02  -4.13225607E-05
        7830   1.56620014E-02   1.58230755E-02   1.58224199E-02  -4.14381029E-05
        7831   1.56640019E-02   1.58239100E-02   1.58232562E-02  -4.13181988E-05
        7832   1.56660024E-02   1.58247445E-02   1.58240907E-02  -4.13160196E-05
        7833   1.56680010E-02   1.58255789E-02   1.58249252E-02  -4.13138405E-05
        7834   1.56700015E-02   1.58264134E-02   1.58257596E-02  -4.13116613E-05
        7835   1.56720020E-02   1.58272479E-02   1.58265941E-02  -4.13094858E-05
        7836   1.56740025E-02   1.58280823E-02   1.58274304E-02  -4.11896181E-05
        7837   1.56760011E-02   1.58289168E-02   1.58282649E-02  -4.11874462E-05
        7838   1.56780016E-02   1.58297513E-02   1.58290975E-02  -4.13029520E-05
        7839   1.56800020E-02   1.58305857E-02   1.58299319E-02  -4.13007729E-05
        7840   1.56820025E-02   1.58314202E-02   1.58307664E-02  -4.12985974E-05
        7841   1.56840011E-02   1.58322547E-02   1.58316009E-02  -4.12964218E-05
        7842   1.56860016E-02   1.58330891E-02   1.58324335E-02  -4.14118949E-05
        7843   1.56880021E-02   1.58339217E-02   1.58332679E-02  -4.12920708E-05
        7844   1.56900026E-02   1.58347543E-02   1.58341005E-02  -4.12899026E-05
        7845   1.56920012E-02   1.58355869E-02   1.58349350E-02  -4.11700967E-05
        7846   1.56940017E-02   1.58364195E-02   1.58357657E-02  -4.12855588E-05
        7847   1.56960022E-02   1.58372521E-02   1.58366002E-02  -4.11657675E-05
        7848   1.56980027E-02   1.58380847E-02   1.58374310E-02  -4.12812187E-05
        7849   1.57000013E-02   1.58389173E-02   1.58382654E-02  -4.11614383E-05
        7850   1.57020018E-02   1.58397499E-02   1.58390980E-02  -4.11592773E-05
        7851   1.57040022E-02   1.58405825E-02   1.58399288E-02  -4.12747104E-05
        7852   1.57060008E-02   1.58414152E-02   1.58407614E-02  -4.12725385E-05
        7853   1.57080013E-02   1.58422478E-02   1.58415921E-02  -4.13879534E-05
        7854   1.57100018E-02   1.58430785E-02   1.58424247E-02  -4.12682057E-05
        7855   1.57120023E-02   1.58439092E-02   1.58432554E-02  -4.12660411E-05
        7856   1.57140009E-02   1.58447400E-02   1.58440880E-02  -4.11463116E-05
        7857   1.57160014E-02   1.58455707E-02   1.58449188E-02  -4.11441542E-05
        7858   1.57180019E-02   1.58464015E-02   1.58457495E-02  -4.11419969E-05
        7859   1.57200024E-02   1.58472322E-02   1.58465803E-02  -4.11398432E-05
        7860   1.57220010E-02   1.58480629E-02   1.58474110E-02  -4.11376859E-05
        7861   1.57240015E-02   1.58488937E-02   1.58482399E-02  -4.12530644E-05
        7862   1.57260019E-02   1.58497244E-02   1.58490706E-02  -4.12508998E-05
        7863   1.57280024E-02   1.58505552E-02   1.58499014E-02  -4.12487389E-05
        7864   1.57300010E-02   1.58513859E-02   1.58507321E-02  -4.12465779E-05
        7865   1.57320015E-02   1.58522148E-02   1.58515610E-02  -4.12444206E-05
        7866   1.57340020E-02   1.58530436E-02   1.58523899E-02  -4.12422633E-05
        7867   1.57360025E-02   1.58538725E-02   1.58532206E-02  -4.11226101E-05
        7868   1.57380011E-02   1.58547014E-02   1.58540495E-02  -4.11204601E-05
        7869   1.57400016E-02   1.58555303E-02   1.58548784E-02  -4.11183100E-05
        7870   1.57420021E-02   1.58563592E-02   1.58557072E-02  -4.11161600E-05
        7871   1.57440025E-02   1.58571880E-02   1.58565361E-02  -4.11140099E-05
        7872   1.57460012E-02   1.58580169E-02   1.58573650E-02  -4.11118635E-05
        7873   1.57480016E-02   1.58588458E-02   1.58581920E-02  -4.12271729E-05
        7874   1.57500021E-02   1.58596747E-02   1.58590209E-02  -4.12250192E-05
        7875   1.57520026E-02   1.58605035E-02   1.58598498E-02  -4.12228655E-05
        7876   1.57540012E-02   1.58613306E-02   1.58606768E-02  -4.12207155E-05
        7877   1.57560017E-02   1.58621576E-02   1.58615056E-02  -4.11011315E-05
        7878   1.57580022E-02   1.58629846E-02   1.58623327E-02  -4.10989851E-05
        7879   1.57600027E-02   1.58638116E-02   1.58631615E-02  -4.09794193E-05
        7880   1.57620013E-02   1.58646386E-02   1.58639885E-02  -4.09772838E-05
        7881   1.57640018E-02   1.58654656E-02   1.58648137E-02  -4.10925604E-05
        7882   1.57660022E-02   1.58662926E-02   1.58656407E-02  -4.10904177E-05
        7883   1.57680009E-02   1.58671197E-02   1.58664696E-02  -4.09708773E-05
        7884   1.57700013E-02   1.58679467E-02   1.58672947E-02  -4.10861358E-05
        7885   1.57720018E-02   1.58687737E-02   1.58681218E-02  -4.10839930E-05
        7886   1.57740023E-02   1.58696007E-02   1.58689469E-02  -4.11992332E-05
        7887   1.57760009E-02   1.58704259E-02   1.58697739E-02  -4.10797147E-05
        7888   1.57780014E-02   1.58712510E-02   1.58705991E-02  -4.10775792E-05
        7889   1.57800019E-02   1.58720762E-02   1.58714261E-02  -4.09580825E-05
        7890   1.57820024E-02   1.58729013E-02   1.58722512E-02  -4.09559507E-05
        7891   1.57840010E-02   1.58737265E-02   1.58730764E-02  -4.09538225E-05
        7892   1.57860015E-02   1.58745516E-02   1.58739015E-02  -4.09516942E-05
        7893   1.57880019E-02   1.58753768E-02   1.58747267E-02  -4.09495660E-05
        7894   1.57900024E-02   1.58762019E-02   1.58755518E-02  -4.09474378E-05
        7895   1.57920010E-02   1.58770271E-02   1.58763770E-02  -4.09453096E-05
        7896   1.57940015E-02   1.58778522E-02   1.58772003E-02  -4.10605026E-05
        7897   1.57960020E-02   1.58786774E-02   1.58780254E-02  -4.10583671E-05
        7898   1.57980025E-02   1.58795025E-02   1.58788506E-02  -4.10562352E-05
        7899   1.58000011E-02   1.58803258E-02   1.58796739E-02  -4.10541070E-05
        7900   1.58020016E-02   1.58811491E-02   1.58804990E-02  -4.09346794E-05
        7901   1.58040021E-02   1.58819724E-02   1.58813223E-02  -4.09325585E-05
        7902   1.58060025E-02   1.58827957E-02   1.58821456E-02  -4.09304375E-05
        7903   1.58080012E-02   1.58836190E-02   1.58829689E-02  -4.09283166E-05
        7904   1.58100016E-02   1.58844423E-02   1.58837922E-02  -4.09261920E-05
        7905   1.58120021E-02   1.58852655E-02   1.58846155E-02  -4.09240711E-05
        7906   1.58140026E-02   1.58860888E-02   1.58854388E-02  -4.09219501E-05
        7907   1.58160012E-02   1.58869121E-02   1.58862621E-02  -4.09198292E-05
        7908   1.58180017E-02   1.58877354E-02   1.58870835E-02  -4.10349567E-05
        7909   1.58200022E-02   1.58885587E-02   1.58879068E-02  -4.10328321E-05
        7910   1.58220027E-02   1.58893801E-02   1.58887301E-02  -4.09134736E-05
        7911   1.58240013E-02   1.58902016E-02   1.58895515E-02  -4.09113600E-05
        7912   1.58260018E-02   1.58910230E-02   1.58903729E-02  -4.09092463E-05
        7913   1.58280022E-02   1.58918444E-02   1.58911943E-02  -4.09071290E-05
        7914   1.58300009E-02   1.58926658E-02   1.58920158E-02  -4.09050153E-05
        7915   1.58320013E-02   1.58934873E-02   1.58928372E-02  -4.09029017E-05
        7916   1.58340018E-02   1.58943087E-02   1.58936586E-02  -4.09007880E-05
        7917   1.58360023E-02   1.58951301E-02   1.58944819E-02  -4.07814805E-05
        7918   1.58380009E-02   1.58959515E-02   1.58953015E-02  -4.08965607E-05
        7919   1.58400014E-02   1.58967730E-02   1.58961229E-02  -4.08944470E-05
        7920   1.58420019E-02   1.58975944E-02   1.58969443E-02  -4.08923333E-05
        7921   1.58440024E-02   1.58984140E-02   1.58977639E-02  -4.08902270E-05
        7922   1.58460010E-02   1.58992335E-02   1.58985853E-02  -4.07709558E-05
        7923   1.58480015E-02   1.59000531E-02   1.58994030E-02  -4.08860105E-05
        7924   1.58500019E-02   1.59008726E-02   1.59002244E-02  -4.07667540E-05
        7925   1.58520024E-02   1.59016922E-02   1.59010459E-02  -4.06475083E-05
        7926   1.58540010E-02   1.59025118E-02   1.59018636E-02  -4.07625485E-05
        7927   1.58560015E-02   1.59033313E-02   1.59026831E-02  -4.07604493E-05
        7928   1.58580020E-02   1.59041509E-02   1.59035027E-02  -4.07583502E-05
        7929   1.58600025E-02   1.59049705E-02   1.59043223E-02  -4.07562475E-05
        7930   1.58620011E-02   1.59057900E-02   1.59051418E-02  -4.07541484E-05
        7931   1.58640016E-02   1.59066096E-02   1.59059595E-02  -4.08691558E-05
        7932   1.58660021E-02   1.59074292E-02   1.59067791E-02  -4.08670530E-05
        7933   1.58680025E-02   1.59082469E-02   1.59075968E-02  -4.08649503E-05
        7934   1.58700012E-02   1.59090646E-02   1.59084182E-02  -4.06286708E-05
        7935   1.58720016E-02   1.59098823E-02   1.59092341E-02  -4.07436673E-05
        7936   1.58740021E-02   1.59107000E-02   1.59100536E-02  -4.06244944E-05
        7937   1.58760026E-02   1.59115177E-02   1.59108713E-02  -4.06224062E-05
        7938   1.58780012E-02   1.59123354E-02   1.59116890E-02  -4.06203180E-05
        7939   1.58800017E-02   1.59131531E-02   1.59125049E-02  -4.07352891E-05
        7940   1.58820022E-02   1.59139708E-02   1.59133226E-02  -4.07331972E-05
        7941   1.58840027E-02   1.59147885E-02   1.59141403E-02  -4.07311054E-05
        7942   1.58860013E-02   1.59156062E-02   1.59149580E-02  -4.07290136E-05
        7943   1.58880018E-02   1.59164239E-02   1.59157738E-02  -4.08439555E-05
        7944   1.58900023E-02   1.59172397E-02   1.59165896E-02  -4.08418637E-05
        7945   1.58920009E-02   1.59180555E-02   1.59174073E-02  -4.07227453E-05
        7946   1.58940013E-02   1.59188714E-02   1.59182232E-02  -4.07206571E-05
        7947   1.58960018E-02   1.59196872E-02   1.59190409E-02  -4.06015570E-05
        7948   1.58980023E-02   1.59205031E-02   1.59198567E-02  -4.05994761E-05
        7949   1.59000009E-02   1.59213189E-02   1.59206726E-02  -4.05973988E-05
        7950   1.59020014E-02   1.59221347E-02   1.59214865E-02  -4.07123116E-05
        7951   1.59040019E-02   1.59229506E-02   1.59223042E-02  -4.05932369E-05
        7952   1.59060024E-02   1.59237664E-02   1.59231201E-02  -4.05911560E-05
        7953   1.59080010E-02   1.59245823E-02   1.59239341E-02  -4.07060543E-05
        7954   1.59100015E-02   1.59253981E-02   1.59247499E-02  -4.07039697E-05
        7955   1.59120020E-02   1.59262139E-02   1.59255639E-02  -4.08188462E-05
        7956   1.59140024E-02   1.59270279E-02   1.59263797E-02  -4.06998042E-05
        7957   1.59160011E-02   1.59278419E-02   1.59271937E-02  -4.06977233E-05
        7958   1.59180015E-02   1.59286559E-02   1.59280077E-02  -4.06956424E-05
        7959   1.59200020E-02   1.59294698E-02   1.59288235E-02  -4.05766223E-05
        7960   1.59220025E-02   1.59302838E-02   1.59296375E-02  -4.05745486E-05
        7961   1.59240011E-02   1.59310978E-02   1.59304515E-02  -4.05724750E-05
        7962   1.59260016E-02   1.59319118E-02   1.59312654E-02  -4.05704050E-05
        7963   1.59280021E-02   1.59327257E-02   1.59320775E-02  -4.06852487E-05
        7964   1.59300026E-02   1.59335397E-02   1.59328915E-02  -4.06831678E-05
        7965   1.59320012E-02   1.59343537E-02   1.59337055E-02  -4.06810905E-05
        7966   1.59340017E-02   1.59351677E-02   1.59345176E-02  -4.07959124E-05
        7967   1.59360021E-02   1.59359798E-02   1.59353316E-02  -4.06769395E-05
        7968   1.59380026E-02   1.59367919E-02   1.59361456E-02  -4.05579813E-05
        7969   1.59400012E-02   1.59376040E-02   1.59369577E-02  -4.05559113E-05
        7970   1.59420017E-02   1.59384161E-02   1.59377698E-02  -4.05538449E-05
        7971   1.59440022E-02   1.59392282E-02   1.59385819E-02  -4.05517785E-05
        7972   1.59460027E-02   1.59400403E-02   1.59393959E-02  -4.04328530E-05
        7973   1.59480013E-02   1.59408525E-02   1.59402061E-02  -4.05476494E-05
        7974   1.59500018E-02   1.59416646E-02   1.59410182E-02  -4.05455830E-05
        7975   1.59520023E-02   1.59424767E-02   1.59418304E-02  -4.05435167E-05
        7976   1.59540009E-02   1.59432888E-02   1.59426425E-02  -4.05414503E-05
        7977   1.59560014E-02   1.59441009E-02   1.59434527E-02  -4.06562176E-05
        7978   1.59580018E-02   1.59449112E-02   1.59442630E-02  -4.06541549E-05
        7979   1.59600023E-02   1.59457214E-02   1.59450751E-02  -4.05352657E-05
        7980   1.59620009E-02   1.59465317E-02   1.59458872E-02  -4.04163911E-05
        7981   1.59640014E-02   1.59473419E-02   1.59466974E-02  -4.04143393E-05
        7982   1.59660019E-02   1.59481522E-02   1.59475077E-02  -4.04122839E-05
        7983   1.59680024E-02   1.59489624E-02   1.59483179E-02  -4.04102320E-05
        7984   1.59700010E-02   1.59497727E-02   1.59491282E-02  -4.04081802E-05
        7985   1.59720015E-02   1.59505829E-02   1.59499384E-02  -4.04061248E-05
        7986   1.59740020E-02   1.59513932E-02   1.59507487E-02  -4.04040729E-05
        7987   1.59760024E-02   1.59522034E-02   1.59515571E-02  -4.05187930E-05
        7988   1.59780011E-02   1.59530137E-02   1.59523673E-02  -4.05167375E-05
        7989   1.59800015E-02   1.59538239E-02   1.59531776E-02  -4.05146784E-05
        7990   1.59820020E-02   1.59546323E-02   1.59539860E-02  -4.05126266E-05
        7991   1.59840025E-02   1.59554407E-02   1.59547962E-02  -4.03938247E-05
        7992   1.59860011E-02   1.59562491E-02   1.59556046E-02  -4.03917766E-05
        7993   1.59880016E-02   1.59570575E-02   1.59564130E-02  -4.03897320E-05
        7994   1.59900021E-02   1.59578659E-02   1.59572214E-02  -4.03876838E-05
        7995   1.59920026E-02   1.59586743E-02   1.59580298E-02  -4.03856393E-05
        7996   1.59940012E-02   1.59594826E-02   1.59588382E-02  -4.03835911E-05
        7997   1.59960017E-02   1.59602910E-02   1.59596466E-02  -4.03815466E-05
        7998   1.59980021E-02   1.59610994E-02   1.59604549E-02  -4.03795020E-05
        7999   1.60000026E-02   1.59619078E-02   1.59612633E-02  -4.03774575E-05
        8000   1.60020012E-02   1.59627162E-02   1.59620717E-02  -4.03754129E-05
        8001   1.60040017E-02   1.59635246E-02   1.59628764E-02  -4.06067484E-05
        8002   1.60060022E-02   1.59643311E-02   1.59636848E-02  -4.04880120E-05
        8003   1.60080027E-02   1.59651376E-02   1.59644913E-02  -4.04859675E-05
        8004   1.60100013E-02   1.59659442E-02   1.59652997E-02  -4.03672493E-05
        8005   1.60120018E-02   1.59667507E-02   1.59661062E-02  -4.03652084E-05
        8006   1.60140023E-02   1.59675572E-02   1.59669127E-02  -4.03631711E-05
        8007   1.60160009E-02   1.59683637E-02   1.59677193E-02  -4.03611302E-05
        8008   1.60180014E-02   1.59691703E-02   1.59685258E-02  -4.03590930E-05
        8009   1.60200018E-02   1.59699768E-02   1.59693323E-02  -4.03570557E-05
        8010   1.60220023E-02   1.59707833E-02   1.59701388E-02  -4.03550184E-05
        8011   1.60240009E-02   1.59715898E-02   1.59709435E-02  -4.04696111E-05
        8012   1.60260014E-02   1.59723964E-02   1.59717500E-02  -4.04675666E-05
        8013   1.60280019E-02   1.59732010E-02   1.59725547E-02  -4.04655293E-05
        8014   1.60300024E-02   1.59740057E-02   1.59733593E-02  -4.04634884E-05
        8015   1.60320010E-02   1.59748103E-02   1.59741659E-02  -4.03448430E-05
        8016   1.60340015E-02   1.59756150E-02   1.59749705E-02  -4.03428130E-05
        8017   1.60360020E-02   1.59764197E-02   1.59757752E-02  -4.03407794E-05
        8018   1.60380024E-02   1.59772243E-02   1.59765817E-02  -4.02221558E-05
        8019   1.60400011E-02   1.59780290E-02   1.59773864E-02  -4.02201294E-05
        8020   1.60420015E-02   1.59788337E-02   1.59781892E-02  -4.03346858E-05
        8021   1.60440020E-02   1.59796383E-02   1.59789938E-02  -4.03326521E-05
        8022   1.60460025E-02   1.59804430E-02   1.59797985E-02  -4.03306221E-05
        8023   1.60480011E-02   1.59812476E-02   1.59806013E-02  -4.04451530E-05
        8024   1.60500016E-02   1.59820523E-02   1.59814060E-02  -4.04431157E-05
        8025   1.60520021E-02   1.59828551E-02   1.59822088E-02  -4.04410857E-05
        8026   1.60540026E-02   1.59836579E-02   1.59830134E-02  -4.03225094E-05
        8027   1.60560012E-02   1.59844607E-02   1.59838181E-02  -4.02039477E-05
        8028   1.60580017E-02   1.59852635E-02   1.59846190E-02  -4.03184604E-05
        8029   1.60600021E-02   1.59860663E-02   1.59854218E-02  -4.03164340E-05
        8030   1.60620026E-02   1.59868691E-02   1.59862246E-02  -4.03144113E-05
        8031   1.60640012E-02   1.59876719E-02   1.59870293E-02  -4.01958714E-05
        8032   1.60660017E-02   1.59884747E-02   1.59878302E-02  -4.03103622E-05
        8033   1.60680022E-02   1.59892775E-02   1.59886330E-02  -4.03083395E-05
        8034   1.60700027E-02   1.59900803E-02   1.59894340E-02  -4.04228122E-05
        8035   1.60720013E-02   1.59908831E-02   1.59902386E-02  -4.03042905E-05
        8036   1.60740018E-02   1.59916840E-02   1.59910396E-02  -4.03022714E-05
        8037   1.60760023E-02   1.59924850E-02   1.59918405E-02  -4.03002523E-05
        8038   1.60780009E-02   1.59932859E-02   1.59926414E-02  -4.02982332E-05
        8039   1.60800014E-02   1.59940869E-02   1.59934442E-02  -4.01797479E-05
        8040   1.60820019E-02   1.59948878E-02   1.59942452E-02  -4.01777361E-05
        8041   1.60840023E-02   1.59956887E-02   1.59950461E-02  -4.01757243E-05
        8042   1.60860009E-02   1.59964897E-02   1.59958471E-02  -4.01737125E-05
        8043   1.60880014E-02   1.59972906E-02   1.59966461E-02  -4.02881451E-05
        8044   1.60900019E-02   1.59980915E-02   1.59974471E-02  -4.02861297E-05
        8045   1.60920024E-02   1.59988925E-02   1.59982480E-02  -4.02841142E-05
        8046   1.60940010E-02   1.59996934E-02   1.59990489E-02  -4.02820951E-05
        8047   1.60960015E-02   1.60004944E-02   1.59998480E-02  -4.03964987E-05
        8048   1.60980020E-02   1.60012934E-02   1.60006490E-02  -4.02780679E-05
        8049   1.61000025E-02   1.60020925E-02   1.60014480E-02  -4.02760561E-05
        8050   1.61020011E-02   1.60028916E-02   1.60022490E-02  -4.01576399E-05
        8051   1.61040016E-02   1.60036907E-02   1.60030480E-02  -4.01556354E-05
        8052   1.61060020E-02   1.60044897E-02   1.60038471E-02  -4.01536308E-05
        8053   1.61080025E-02   1.60052888E-02   1.60046462E-02  -4.01516263E-05
        8054   1.61100011E-02   1.60060879E-02   1.60054453E-02  -4.01496218E-05
        8055   1.61120016E-02   1.60068870E-02   1.60062443E-02  -4.01476173E-05
        8056   1.61140021E-02   1.60076860E-02   1.60070434E-02  -4.01456127E-05
        8057   1.61160026E-02   1.60084851E-02   1.60078406E-02  -4.02599726E-05
        8058   1.61180012E-02   1.60092842E-02   1.60086397E-02  -4.02579644E-05
        8059   1.61200017E-02   1.60100814E-02   1.60094369E-02  -4.02559599E-05
        8060   1.61220022E-02   1.60108786E-02   1.60102360E-02  -4.01376092E-05
        8061   1.61240026E-02   1.60116758E-02   1.60110332E-02  -4.01356083E-05
        8062   1.61260013E-02   1.60124730E-02   1.60118323E-02  -4.00172758E-05
        8063   1.61280017E-02   1.60132702E-02   1.60126295E-02  -4.00152858E-05
        8064   1.61300022E-02   1.60140675E-02   1.60134267E-02  -4.00132922E-05
        8065   1.61320027E-02   1.60148647E-02   1.60142239E-02  -4.00113022E-05
        8066   1.61340013E-02   1.60156619E-02   1.60150211E-02  -4.00093086E-05
        8067   1.61360018E-02   1.60164591E-02   1.60158183E-02  -4.00073186E-05
        8068   1.61380023E-02   1.60172563E-02   1.60166137E-02  -4.01216239E-05
        8069   1.61400009E-02   1.60180535E-02   1.60174109E-02  -4.01196303E-05
        8070   1.61420014E-02   1.60188507E-02   1.60182063E-02  -4.02339210E-05
        8071   1.61440019E-02   1.60196461E-02   1.60190035E-02  -4.01156394E-05
        8072   1.61460023E-02   1.60204414E-02   1.60197988E-02  -4.01136494E-05
        8073   1.61480010E-02   1.60212368E-02   1.60205960E-02  -3.99953860E-05
        8074   1.61500014E-02   1.60220321E-02   1.60213914E-02  -3.99933997E-05
        8075   1.61520019E-02   1.60228275E-02   1.60221867E-02  -3.99914170E-05
        8076   1.61540024E-02   1.60236228E-02   1.60229821E-02  -3.99894307E-05
        8077   1.61560010E-02   1.60244182E-02   1.60237793E-02  -3.98712000E-05
        8078   1.61580015E-02   1.60252135E-02   1.60245728E-02  -3.99854616E-05
        8079   1.61600020E-02   1.60260089E-02   1.60253681E-02  -3.99834753E-05
        8080   1.61620025E-02   1.60268042E-02   1.60261635E-02  -3.99814926E-05
        8081   1.61640011E-02   1.60275996E-02   1.60269570E-02  -4.00957324E-05
        8082   1.61660016E-02   1.60283949E-02   1.60277523E-02  -4.00937424E-05
        8083   1.61680020E-02   1.60291884E-02   1.60285477E-02  -3.99755445E-05
        8084   1.61700025E-02   1.60299819E-02   1.60293411E-02  -3.99735654E-05
        8085   1.61720011E-02   1.60307754E-02   1.60301346E-02  -3.99715864E-05
        8086   1.61740016E-02   1.60315689E-02   1.60309281E-02  -3.99696110E-05
        8087   1.61760021E-02   1.60323624E-02   1.60317235E-02  -3.98514421E-05
        8088   1.61780026E-02   1.60331558E-02   1.60325170E-02  -3.98494703E-05
        8089   1.61800012E-02   1.60339493E-02   1.60333086E-02  -3.99636738E-05
        8090   1.61820017E-02   1.60347428E-02   1.60341021E-02  -3.99616983E-05
        8091   1.61840022E-02   1.60355363E-02   1.60348956E-02  -3.99597193E-05
        8092   1.61860026E-02   1.60363298E-02   1.60356890E-02  -3.99577439E-05
        8093   1.61880013E-02   1.60371233E-02   1.60364807E-02  -4.00719218E-05
        8094   1.61900017E-02   1.60379168E-02   1.60372742E-02  -4.00699391E-05
        8095   1.61920022E-02   1.60387084E-02   1.60380676E-02  -3.99518176E-05
        8096   1.61940027E-02   1.60395000E-02   1.60388593E-02  -3.99498458E-05
        8097   1.61960013E-02   1.60402916E-02   1.60396509E-02  -3.99478740E-05
        8098   1.61980018E-02   1.60410833E-02   1.60404425E-02  -3.99459022E-05
        8099   1.62000023E-02   1.60418749E-02   1.60412341E-02  -3.99439305E-05
        8100   1.62020009E-02   1.60426665E-02   1.60420276E-02  -3.98258453E-05
        8101   1.62040014E-02   1.60434581E-02   1.60428174E-02  -3.99399869E-05
        8102   1.62060019E-02   1.60442498E-02   1.60436090E-02  -3.99380187E-05
        8103   1.62080023E-02   1.60450414E-02   1.60444006E-02  -3.99360470E-05
        8104   1.62100010E-02   1.60458330E-02   1.60451923E-02  -3.99340752E-05
        8105   1.62120014E-02   1.60466246E-02   1.60459820E-02  -4.00481913E-05
        8106   1.62140019E-02   1.60474144E-02   1.60467736E-02  -3.99301425E-05
        8107   1.62160024E-02   1.60482042E-02   1.60475634E-02  -3.99281744E-05
        8108   1.62180010E-02   1.60489939E-02   1.60483550E-02  -3.98101402E-05
        8109   1.62200015E-02   1.60497837E-02   1.60491448E-02  -3.98081829E-05
        8110   1.62220020E-02   1.60505734E-02   1.60499346E-02  -3.98062220E-05
        8111   1.62240025E-02   1.60513632E-02   1.60507243E-02  -3.98042648E-05
        8112   1.62260011E-02   1.60521530E-02   1.60515141E-02  -3.98023076E-05
        8113   1.62280016E-02   1.60529427E-02   1.60523038E-02  -3.98003467E-05
        8114   1.62300020E-02   1.60537325E-02   1.60530936E-02  -3.97983895E-05
        8115   1.62320025E-02   1.60545222E-02   1.60538834E-02  -3.97964322E-05
        8116   1.62340011E-02   1.60553120E-02   1.60546731E-02  -3.97944750E-05
        8117   1.62360016E-02   1.60561018E-02   1.60554592E-02  -4.00245517E-05
        8118   1.62380021E-02   1.60568897E-02   1.60562508E-02  -3.97905642E-05
        8119   1.62400026E-02   1.60576776E-02   1.60570387E-02  -3.97886106E-05
        8120   1.62420012E-02   1.60584655E-02   1.60578266E-02  -3.97866606E-05
        8121   1.62440017E-02   1.60592534E-02   1.60586145E-02  -3.97847070E-05
        8122   1.62460022E-02   1.60600413E-02   1.60594024E-02  -3.97827571E-05
        8123   1.62480026E-02   1.60608292E-02   1.60601921E-02  -3.96648211E-05
        8124   1.62500013E-02   1.60616171E-02   1.60609782E-02  -3.97788535E-05
        8125   1.62520017E-02   1.60624050E-02   1.60617661E-02  -3.97768999E-05
        8126   1.62540022E-02   1.60631929E-02   1.60625558E-02  -3.96589821E-05
        8127   1.62560027E-02   1.60639808E-02   1.60633419E-02  -3.97730000E-05
        8128   1.62580013E-02   1.60647687E-02   1.60641298E-02  -3.97710501E-05
        8129   1.62600018E-02   1.60655566E-02   1.60649158E-02  -3.98850461E-05
        8130   1.62620023E-02   1.60663426E-02   1.60657037E-02  -3.97671538E-05
        8131   1.62640009E-02   1.60671286E-02   1.60664897E-02  -3.97652075E-05
        8132   1.62660014E-02   1.60679147E-02   1.60672758E-02  -3.97632612E-05
        8133   1.62680019E-02   1.60687007E-02   1.60680618E-02  -3.97613148E-05
        8134   1.62700024E-02   1.60694867E-02   1.60688497E-02  -3.96434516E-05
        8135   1.62720010E-02   1.60702728E-02   1.60696357E-02  -3.96415126E-05
        8136   1.62740014E-02   1.60710588E-02   1.60704218E-02  -3.96395735E-05
        8137   1.62760019E-02   1.60718448E-02   1.60712078E-02  -3.96376345E-05
        8138   1.62780024E-02   1.60726309E-02   1.60719920E-02  -3.97515942E-05
        8139   1.62800010E-02   1.60734169E-02   1.60727780E-02  -3.97496478E-05
        8140   1.62820015E-02   1.60742030E-02   1.60735641E-02  -3.97477052E-05
        8141   1.62840020E-02   1.60749890E-02   1.60743501E-02  -3.97457625E-05
        8142   1.62860025E-02   1.60757732E-02   1.60751343E-02  -3.97438234E-05
        8143   1.62880011E-02   1.60765573E-02   1.60759203E-02  -3.96260148E-05
        8144   1.62900016E-02   1.60773415E-02   1.60767045E-02  -3.96240794E-05
        8145   1.62920021E-02   1.60781257E-02   1.60774887E-02  -3.96221476E-05
        8146   1.62940025E-02   1.60789099E-02   1.60782728E-02  -3.96202158E-05
        8147   1.62960012E-02   1.60796940E-02   1.60790570E-02  -3.96182841E-05
        8148   1.62980016E-02   1.60804782E-02   1.60798412E-02  -3.96163523E-05
        8149   1.63000021E-02   1.60812624E-02   1.60806254E-02  -3.96144205E-05
        8150   1.63020026E-02   1.60820466E-02   1.60814095E-02  -3.96124888E-05
        8151   1.63040012E-02   1.60828307E-02   1.60821937E-02  -3.96105570E-05
        8152   1.63060017E-02   1.60836149E-02   1.60829760E-02  -3.97244439E-05
        8153   1.63080022E-02   1.60843991E-02   1.60837602E-02  -3.97225085E-05
        8154   1.63100027E-02   1.60851814E-02   1.60845425E-02  -3.97205768E-05
        8155   1.63120013E-02   1.60859637E-02   1.60853267E-02  -3.96028408E-05
        8156   1.63140018E-02   1.60867460E-02   1.60861090E-02  -3.96009164E-05
        8157   1.63160022E-02   1.60875283E-02   1.60868913E-02  -3.95989882E-05
        8158   1.63180027E-02   1.60883106E-02   1.60876736E-02  -3.95970637E-05
        8159   1.63200013E-02   1.60890929E-02   1.60884559E-02  -3.95951392E-05
        8160   1.63220018E-02   1.60898753E-02   1.60892382E-02  -3.95932148E-05
        8161   1.63240023E-02   1.60906576E-02   1.60900205E-02  -3.95912866E-05
        8162   1.63260009E-02   1.60914399E-02   1.60908028E-02  -3.95893621E-05
        8163   1.63280014E-02   1.60922222E-02   1.60915833E-02  -3.97031945E-05
        8164   1.63300019E-02   1.60930045E-02   1.60923656E-02  -3.97012664E-05
        8165   1.63320024E-02   1.60937868E-02   1.60931479E-02  -3.96993346E-05
        8166   1.63340010E-02   1.60945673E-02   1.60939284E-02  -3.96974101E-05
        8167   1.63360015E-02   1.60953477E-02   1.60947088E-02  -3.96954856E-05
        8168   1.63380019E-02   1.60961282E-02   1.60954893E-02  -3.96935611E-05
        8169   1.63400024E-02   1.60969086E-02   1.60962716E-02  -3.95759125E-05
        8170   1.63420010E-02   1.60976890E-02   1.60970520E-02  -3.95739953E-05
        8171   1.63440015E-02   1.60984695E-02   1.60978306E-02  -3.96877876E-05
        8172   1.63460020E-02   1.60992499E-02   1.60986129E-02  -3.95701572E-05
        8173   1.63480025E-02   1.61000304E-02   1.60993934E-02  -3.95682400E-05
        8174   1.63500011E-02   1.61008108E-02   1.61001738E-02  -3.95663192E-05
        8175   1.63520016E-02   1.61015913E-02   1.61009524E-02  -3.96800933E-05
        8176   1.63540021E-02   1.61023717E-02   1.61017310E-02  -3.97938529E-05
        8177   1.63560025E-02   1.61031522E-02   1.61025133E-02  -3.96762480E-05
        8178   1.63580012E-02   1.61039308E-02   1.61032919E-02  -3.96743271E-05
        8179   1.63600016E-02   1.61047094E-02   1.61040705E-02  -3.96724099E-05
        8180   1.63620021E-02   1.61054879E-02   1.61048509E-02  -3.95548304E-05
        8181   1.63640026E-02   1.61062665E-02   1.61056295E-02  -3.95529169E-05
        8182   1.63660012E-02   1.61070451E-02   1.61064081E-02  -3.95510069E-05
        8183   1.63680017E-02   1.61078237E-02   1.61071867E-02  -3.95490933E-05
        8184   1.63700022E-02   1.61086023E-02   1.61079634E-02  -3.96628238E-05
        8185   1.63720027E-02   1.61093809E-02   1.61087438E-02  -3.95452698E-05
        8186   1.63740013E-02   1.61101595E-02   1.61095224E-02  -3.95433599E-05
        8187   1.63760018E-02   1.61109380E-02   1.61102992E-02  -3.96570722E-05
        8188   1.63780022E-02   1.61117166E-02   1.61110777E-02  -3.96551550E-05
        8189   1.63800027E-02   1.61124952E-02   1.61118545E-02  -3.97688491E-05
        8190   1.63820013E-02   1.61132719E-02   1.61126330E-02  -3.96513278E-05
        8191   1.63840018E-02   1.61140487E-02   1.61134098E-02  -3.96494142E-05
        8192   1.63860023E-02   1.61148254E-02   1.61141865E-02  -3.96475043E-05
        8193   1.63880009E-02   1.61156021E-02   1.61149632E-02  -3.96455944E-05
        8194   1.63900014E-02   1.61163788E-02   1.61157418E-02  -3.95280986E-05
        8195   1.63920019E-02   1.61171556E-02   1.61165185E-02  -3.95261959E-05
        8196   1.63940024E-02   1.61179323E-02   1.61172953E-02  -3.95242896E-05
        8197   1.63960010E-02   1.61187090E-02   1.61180701E-02  -3.96379510E-05
        8198   1.63980015E-02   1.61194857E-02   1.61188487E-02  -3.95204806E-05
        8199   1.64000019E-02   1.61202624E-02   1.61196236E-02  -3.96341311E-05
        8200   1.64020024E-02   1.61210392E-02   1.61204003E-02  -3.96322212E-05
        8201   1.64040010E-02   1.61218159E-02   1.61211751E-02  -3.97458571E-05
        8202   1.64060015E-02   1.61225908E-02   1.61219519E-02  -3.96284086E-05
        8203   1.64080020E-02   1.61233656E-02   1.61227267E-02  -3.96265023E-05
        8204   1.64100025E-02   1.61241405E-02   1.61235016E-02  -3.96245996E-05
        8205   1.64120011E-02   1.61249153E-02   1.61242783E-02  -3.95071729E-05
        8206   1.64140016E-02   1.61256902E-02   1.61250513E-02  -3.96207906E-05
        8207   1.64160021E-02   1.61264651E-02   1.61258280E-02  -3.95033749E-05
        8208   1.64180025E-02   1.61272399E-02   1.61266029E-02  -3.95014758E-05
        8209   1.64200012E-02   1.61280148E-02   1.61273759E-02  -3.96150790E-05
        8210   1.64220016E-02   1.61287896E-02   1.61281507E-02  -3.96131763E-05
        8211   1.64240021E-02   1.61295645E-02   1.61289256E-02  -3.96112737E-05
        8212   1.64260026E-02   1.61303394E-02   1.61297005E-02  -3.96093710E-05
        8213   1.64280012E-02   1.61311142E-02   1.61304735E-02  -3.97229451E-05
        8214   1.64300017E-02   1.61318872E-02   1.61312465E-02  -3.97210424E-05
        8215   1.64320022E-02   1.61326602E-02   1.61320213E-02  -3.96036739E-05
        8216   1.64340027E-02   1.61334332E-02   1.61327962E-02  -3.94863127E-05
        8217   1.64360013E-02   1.61342062E-02   1.61335673E-02  -3.95998759E-05
        8218   1.64380018E-02   1.61349792E-02   1.61343403E-02  -3.95979805E-05
        8219   1.64400022E-02   1.61357522E-02   1.61351133E-02  -3.95960815E-05
        8220   1.64420027E-02   1.61365252E-02   1.61358882E-02  -3.94787457E-05
        8221   1.64440013E-02   1.61372982E-02   1.61366593E-02  -3.95922907E-05
        8222   1.64460018E-02   1.61380712E-02   1.61374323E-02  -3.95903917E-05
        8223   1.64480023E-02   1.61388442E-02   1.61382053E-02  -3.95884963E-05
        8224   1.64500009E-02   1.61396172E-02   1.61389783E-02  -3.95866009E-05
        8225   1.64520014E-02   1.61403902E-02   1.61397494E-02  -3.97001168E-05
        8226   1.64540019E-02   1.61411613E-02   1.61405206E-02  -3.96982214E-05
        8227   1.64560024E-02   1.61419325E-02   1.61412936E-02  -3.95809220E-05
        8228   1.64580010E-02   1.61427036E-02   1.61420647E-02  -3.95790303E-05
        8229   1.64600015E-02   1.61434747E-02   1.61428358E-02  -3.95771422E-05
        8230   1.64620019E-02   1.61442459E-02   1.61436070E-02  -3.95752504E-05
        8231   1.64640024E-02   1.61450170E-02   1.61443781E-02  -3.95733587E-05
        8232   1.64660010E-02   1.61457881E-02   1.61451511E-02  -3.94560957E-05
        8233   1.64680015E-02   1.61465593E-02   1.61459204E-02  -3.95695788E-05
        8234   1.64700020E-02   1.61473304E-02   1.61466897E-02  -3.96830510E-05
        8235   1.64720025E-02   1.61481015E-02   1.61474627E-02  -3.95657989E-05
        8236   1.64740011E-02   1.61488727E-02   1.61482338E-02  -3.95639108E-05
        8237   1.64760016E-02   1.61496438E-02   1.61490031E-02  -3.96773685E-05
        8238   1.64780021E-02   1.61504131E-02   1.61497723E-02  -3.96754767E-05
        8239   1.64800026E-02   1.61511824E-02   1.61505435E-02  -3.95582538E-05
        8240   1.64820012E-02   1.61519516E-02   1.61513127E-02  -3.95563693E-05
        8241   1.64840017E-02   1.61527209E-02   1.61520820E-02  -3.95544848E-05
        8242   1.64860021E-02   1.61534902E-02   1.61528513E-02  -3.95526004E-05
        8243   1.64880026E-02   1.61542594E-02   1.61536206E-02  -3.95507159E-05
        8244   1.64900012E-02   1.61550287E-02   1.61543898E-02  -3.95488350E-05
        8245   1.64920017E-02   1.61557980E-02   1.61551591E-02  -3.95469506E-05
        8246   1.64940022E-02   1.61565673E-02   1.61559284E-02  -3.95450697E-05
        8247   1.64960027E-02   1.61573365E-02   1.61566976E-02  -3.95431853E-05
        8248   1.64980013E-02   1.61581058E-02   1.61574651E-02  -3.96565883E-05
        8249   1.65000018E-02   1.61588751E-02   1.61582343E-02  -3.96547002E-05
        8250   1.65020023E-02   1.61596425E-02   1.61590017E-02  -3.96528158E-05
        8251   1.65040027E-02   1.61604099E-02   1.61597710E-02  -3.95356656E-05
        8252   1.65060014E-02   1.61611773E-02   1.61605384E-02  -3.95337884E-05
        8253   1.65080018E-02   1.61619447E-02   1.61613058E-02  -3.95319112E-05
        8254   1.65100023E-02   1.61627121E-02   1.61620732E-02  -3.95300340E-05
        8255   1.65120009E-02   1.61634795E-02   1.61628406E-02  -3.95281568E-05
        8256   1.65140014E-02   1.61642469E-02   1.61636081E-02  -3.95262796E-05
        8257   1.65160019E-02   1.61650144E-02   1.61643755E-02  -3.95244024E-05
        8258   1.65180024E-02   1.61657818E-02   1.61651429E-02  -3.95225252E-05
        8259   1.65200010E-02   1.61665492E-02   1.61659103E-02  -3.95206516E-05
        8260   1.65220015E-02   1.61673166E-02   1.61666777E-02  -3.95187744E-05
        8261   1.65240020E-02   1.61680840E-02   1.61674432E-02  -3.96321120E-05
        8262   1.65260024E-02   1.61688495E-02   1.61682107E-02  -3.95150273E-05
        8263   1.65280011E-02   1.61696151E-02   1.61689762E-02  -3.95131574E-05
        8264   1.65300015E-02   1.61703806E-02   1.61697399E-02  -3.96264841E-05
        8265   1.65320020E-02   1.61711462E-02   1.61705092E-02  -3.93942246E-05
        8266   1.65340025E-02   1.61719117E-02   1.61712747E-02  -3.93923583E-05
        8267   1.65360011E-02   1.61726773E-02   1.61720384E-02  -3.95056741E-05
        8268   1.65380016E-02   1.61734428E-02   1.61728039E-02  -3.95038041E-05
        8269   1.65400021E-02   1.61742084E-02   1.61735695E-02  -3.95019342E-05
        8270   1.65420026E-02   1.61749739E-02   1.61743350E-02  -3.95000643E-05
        8271   1.65440012E-02   1.61757395E-02   1.61751006E-02  -3.94981944E-05
        8272   1.65460017E-02   1.61765050E-02   1.61758661E-02  -3.94963245E-05
        8273   1.65480021E-02   1.61772706E-02   1.61766298E-02  -3.96096075E-05
        8274   1.65500026E-02   1.61780342E-02   1.61773954E-02  -3.94925919E-05
        8275   1.65520012E-02   1.61787979E-02   1.61781590E-02  -3.94907293E-05
        8276   1.65540017E-02   1.61795616E-02   1.61789227E-02  -3.94888630E-05
        8277   1.65560022E-02   1.61803253E-02   1.61796883E-02  -3.93718728E-05
        8278   1.65580027E-02   1.61810890E-02   1.61804520E-02  -3.93700138E-05
        8279   1.65600013E-02   1.61818527E-02   1.61812156E-02  -3.93681585E-05
        8280   1.65620018E-02   1.61826164E-02   1.61819793E-02  -3.93662995E-05
        8281   1.65640023E-02   1.61833800E-02   1.61827430E-02  -3.93644405E-05
        8282   1.65660027E-02   1.61841437E-02   1.61835067E-02  -3.93625851E-05
        8283   1.65680014E-02   1.61849074E-02   1.61842704E-02  -3.93607261E-05
        8284   1.65700018E-02   1.61856711E-02   1.61850322E-02  -3.94739582E-05
        8285   1.65720023E-02   1.61864348E-02   1.61857959E-02  -3.94720955E-05
        8286   1.65740009E-02   1.61871966E-02   1.61865596E-02  -3.93551600E-05
        8287   1.65760014E-02   1.61879584E-02   1.61873214E-02  -3.93533082E-05
        8288   1.65780019E-02   1.61887202E-02   1.61880832E-02  -3.93514565E-05
        8289   1.65800024E-02   1.61894821E-02   1.61888450E-02  -3.93496048E-05
        8290   1.65820010E-02   1.61902439E-02   1.61896087E-02  -3.92326947E-05
        8291   1.65840015E-02   1.61910057E-02   1.61903687E-02  -3.93459013E-05
        8292   1.65860020E-02   1.61917675E-02   1.61911324E-02  -3.92290058E-05
        8293   1.65880024E-02   1.61925294E-02   1.61918942E-02  -3.92271577E-05
        8294   1.65900011E-02   1.61932912E-02   1.61926560E-02  -3.92253132E-05
        8295   1.65920015E-02   1.61940530E-02   1.61934160E-02  -3.93384980E-05
        8296   1.65940020E-02   1.61948148E-02   1.61941778E-02  -3.93366463E-05
        8297   1.65960025E-02   1.61955766E-02   1.61949396E-02  -3.93347946E-05
        8298   1.65980011E-02   1.61963366E-02   1.61956996E-02  -3.93329501E-05
        8299   1.66000016E-02   1.61970966E-02   1.61964595E-02  -3.93311057E-05
        8300   1.66020021E-02   1.61978565E-02   1.61972214E-02  -3.92142574E-05
        8301   1.66040026E-02   1.61986165E-02   1.61979813E-02  -3.92124166E-05
        8302   1.66060012E-02   1.61993764E-02   1.61987413E-02  -3.92105758E-05
        8303   1.66080017E-02   1.62001364E-02   1.61995012E-02  -3.92087386E-05
        8304   1.66100021E-02   1.62008964E-02   1.62002612E-02  -3.92068978E-05
        8305   1.66120026E-02   1.62016563E-02   1.62010211E-02  -3.92050606E-05
        8306   1.66140012E-02   1.62024163E-02   1.62017811E-02  -3.92032198E-05
        8307   1.66160017E-02   1.62031762E-02   1.62025411E-02  -3.92013826E-05
        8308   1.66180022E-02   1.62039362E-02   1.62033010E-02  -3.91995418E-05
        8309   1.66200027E-02   1.62046961E-02   1.62040591E-02  -3.93126575E-05
        8310   1.66220013E-02   1.62054561E-02   1.62048191E-02  -3.93108130E-05
        8311   1.66240018E-02   1.62062142E-02   1.62055772E-02  -3.93089758E-05
        8312   1.66260023E-02   1.62069723E-02   1.62063371E-02  -3.91922003E-05
        8313   1.66280027E-02   1.62077304E-02   1.62070971E-02  -3.90754321E-05
        8314   1.66300014E-02   1.62084885E-02   1.62078552E-02  -3.90736059E-05
        8315   1.66320018E-02   1.62092466E-02   1.62086133E-02  -3.90717796E-05
        8316   1.66340023E-02   1.62100047E-02   1.62093714E-02  -3.90699497E-05
        8317   1.66360009E-02   1.62107628E-02   1.62101295E-02  -3.90681234E-05
        8318   1.66380014E-02   1.62115209E-02   1.62108857E-02  -3.91812027E-05
        8319   1.66400019E-02   1.62122790E-02   1.62116438E-02  -3.91793692E-05
        8320   1.66420024E-02   1.62130371E-02   1.62124019E-02  -3.91775393E-05
        8321   1.66440010E-02   1.62137952E-02   1.62131600E-02  -3.91757058E-05
        8322   1.66460015E-02   1.62145533E-02   1.62139162E-02  -3.92887596E-05
        8323   1.66480020E-02   1.62153095E-02   1.62146725E-02  -3.92869260E-05
        8324   1.66500024E-02   1.62160657E-02   1.62154306E-02  -3.91702197E-05
        8325   1.66520011E-02   1.62168220E-02   1.62161868E-02  -3.91683934E-05
        8326   1.66540015E-02   1.62175782E-02   1.62169430E-02  -3.91665671E-05
        8327   1.66560020E-02   1.62183344E-02   1.62176993E-02  -3.91647409E-05
        8328   1.66580025E-02   1.62190907E-02   1.62184574E-02  -3.90480636E-05
        8329   1.66600011E-02   1.62198469E-02   1.62192136E-02  -3.90462410E-05
        8330   1.66620016E-02   1.62206031E-02   1.62199680E-02  -3.91592621E-05
        8331   1.66640021E-02   1.62213594E-02   1.62207242E-02  -3.91574358E-05
        8332   1.66660026E-02   1.62221156E-02   1.62214804E-02  -3.91556132E-05
        8333   1.66680012E-02   1.62228718E-02   1.62222367E-02  -3.91537869E-05
        8334   1.66700017E-02   1.62236281E-02   1.62229910E-02  -3.92667826E-05
        8335   1.66720022E-02   1.62243824E-02   1.62237473E-02  -3.91501417E-05
        8336   1.66740026E-02   1.62251368E-02   1.62245035E-02  -3.90335117E-05
        8337   1.66760013E-02   1.62258912E-02   1.62252579E-02  -3.90316964E-05
        8338   1.66780017E-02   1.62266456E-02   1.62260123E-02  -3.90298810E-05
        8339   1.66800022E-02   1.62273999E-02   1.62267666E-02  -3.90280693E-05
        8340   1.66820027E-02   1.62281543E-02   1.62275210E-02  -3.90262539E-05
        8341   1.66840013E-02   1.62289087E-02   1.62282754E-02  -3.90244386E-05
        8342   1.66860018E-02   1.62296630E-02   1.62290316E-02  -3.89078486E-05
        8343   1.66880023E-02   1.62304174E-02   1.62297841E-02  -3.90208115E-05
        8344   1.66900028E-02   1.62311718E-02   1.62305385E-02  -3.90189998E-05
        8345   1.66920014E-02   1.62319262E-02   1.62312929E-02  -3.90171845E-05
        8346   1.66940019E-02   1.62326805E-02   1.62320454E-02  -3.91301255E-05
        8347   1.66960023E-02   1.62334349E-02   1.62327997E-02  -3.91283102E-05
        8348   1.66980010E-02   1.62341874E-02   1.62335541E-02  -3.90117493E-05
        8349   1.67000014E-02   1.62349399E-02   1.62343066E-02  -3.90099412E-05
        8350   1.67020019E-02   1.62356924E-02   1.62350591E-02  -3.90081332E-05
        8351   1.67040024E-02   1.62364449E-02   1.62358116E-02  -3.90063251E-05
        8352   1.67060010E-02   1.62371974E-02   1.62365641E-02  -3.90045170E-05
        8353   1.67080015E-02   1.62379500E-02   1.62373167E-02  -3.90027089E-05
        8354   1.67100020E-02   1.62387025E-02   1.62380692E-02  -3.90009009E-05
        8355   1.67120025E-02   1.62394550E-02   1.62388217E-02  -3.89990964E-05
        8356   1.67140011E-02   1.62402075E-02   1.62395742E-02  -3.89972884E-05
        8357   1.67160016E-02   1.62409600E-02   1.62403267E-02  -3.89954803E-05
        8358   1.67180020E-02   1.62417125E-02   1.62410773E-02  -3.91083668E-05
        8359   1.67200025E-02   1.62424650E-02   1.62418298E-02  -3.91065551E-05
        8360   1.67220011E-02   1.62432157E-02   1.62425824E-02  -3.89900670E-05
        8361   1.67240016E-02   1.62439663E-02   1.62433330E-02  -3.89882625E-05
        8362   1.67260021E-02   1.62447169E-02   1.62440836E-02  -3.89864617E-05
        8363   1.67280026E-02   1.62454676E-02   1.62448362E-02  -3.88699955E-05
        8364   1.67300012E-02   1.62462182E-02   1.62455868E-02  -3.88681983E-05
        8365   1.67320017E-02   1.62469689E-02   1.62463374E-02  -3.88664048E-05
        8366   1.67340022E-02   1.62477195E-02   1.62470881E-02  -3.88646076E-05
        8367   1.67360026E-02   1.62484702E-02   1.62478387E-02  -3.88628105E-05
        8368   1.67380013E-02   1.62492208E-02   1.62485875E-02  -3.89756569E-05
        8369   1.67400017E-02   1.62499715E-02   1.62493382E-02  -3.89738561E-05
        8370   1.67420022E-02   1.62507221E-02   1.62500888E-02  -3.89720553E-05
        8371   1.67440027E-02   1.62514728E-02   1.62508395E-02  -3.89702545E-05
        8372   1.67460013E-02   1.62522215E-02   1.62515882E-02  -3.89684574E-05
        8373   1.67480018E-02   1.62529703E-02   1.62523370E-02  -3.89666639E-05
        8374   1.67500023E-02   1.62537191E-02   1.62530877E-02  -3.88502631E-05
        8375   1.67520028E-02   1.62544679E-02   1.62538365E-02  -3.88484732E-05
        8376   1.67540014E-02   1.62552167E-02   1.62545871E-02  -3.87320870E-05
        8377   1.67560019E-02   1.62559655E-02   1.62553359E-02  -3.87303007E-05
        8378   1.67580023E-02   1.62567142E-02   1.62560847E-02  -3.87285181E-05
        8379   1.67600010E-02   1.62574630E-02   1.62568334E-02  -3.87267355E-05
        8380   1.67620014E-02   1.62582118E-02   1.62575822E-02  -3.87249493E-05
        8381   1.67640019E-02   1.62589606E-02   1.62583292E-02  -3.88377375E-05
        8382   1.67660024E-02   1.62597094E-02   1.62590779E-02  -3.88359476E-05
        8383   1.67680010E-02   1.62604582E-02   1.62598267E-02  -3.88341614E-05
        8384   1.67700015E-02   1.62612069E-02   1.62605736E-02  -3.89469242E-05
        8385   1.67720020E-02   1.62619539E-02   1.62613224E-02  -3.88305889E-05
        8386   1.67740025E-02   1.62627008E-02   1.62620693E-02  -3.88288026E-05
        8387   1.67760011E-02   1.62634477E-02   1.62628163E-02  -3.88270200E-05
        8388   1.67780016E-02   1.62641946E-02   1.62635632E-02  -3.88252374E-05
        8389   1.67800020E-02   1.62649415E-02   1.62643120E-02  -3.87089276E-05
        8390   1.67820025E-02   1.62656885E-02   1.62650589E-02  -3.87071486E-05
        8391   1.67840011E-02   1.62664354E-02   1.62658058E-02  -3.87053733E-05
        8392   1.67860016E-02   1.62671823E-02   1.62665527E-02  -3.87035943E-05
        8393   1.67880021E-02   1.62679292E-02   1.62672997E-02  -3.87018190E-05
        8394   1.67900026E-02   1.62686761E-02   1.62680447E-02  -3.88145418E-05
        8395   1.67920012E-02   1.62694231E-02   1.62687916E-02  -3.88127592E-05
        8396   1.67940017E-02   1.62701700E-02   1.62695386E-02  -3.88109765E-05
        8397   1.67960022E-02   1.62709150E-02   1.62702836E-02  -3.88092012E-05
        8398   1.67980026E-02   1.62716601E-02   1.62710287E-02  -3.88074222E-05
        8399   1.68000013E-02   1.62724052E-02   1.62717756E-02  -3.86911706E-05
        8400   1.68020017E-02   1.62731502E-02   1.62725206E-02  -3.86893989E-05
        8401   1.68040022E-02   1.62738953E-02   1.62732676E-02  -3.85731655E-05
        8402   1.68060027E-02   1.62746403E-02   1.62740126E-02  -3.85713975E-05
        8403   1.68080013E-02   1.62753854E-02   1.62747577E-02  -3.85696330E-05
        8404   1.68100018E-02   1.62761305E-02   1.62755027E-02  -3.85678650E-05
        8405   1.68120023E-02   1.62768755E-02   1.62762478E-02  -3.85661006E-05
        8406   1.68140028E-02   1.62776206E-02   1.62769910E-02  -3.86787760E-05
        8407   1.68160014E-02   1.62783656E-02   1.62777361E-02  -3.86770043E-05
        8408   1.68180019E-02   1.62791107E-02   1.62784792E-02  -3.87896616E-05
        8409   1.68200023E-02   1.62798557E-02   1.62792243E-02  -3.87878863E-05
        8410   1.68220010E-02   1.62805989E-02   1.62799694E-02  -3.86716965E-05
        8411   1.68240014E-02   1.62813421E-02   1.62807126E-02  -3.86699321E-05
        8412   1.68260019E-02   1.62820853E-02   1.62814558E-02  -3.86681677E-05
        8413   1.68280024E-02   1.62828285E-02   1.62822008E-02  -3.85519998E-05
        8414   1.68300010E-02   1.62835717E-02   1.62829440E-02  -3.85502426E-05
        8415   1.68320015E-02   1.62843149E-02   1.62836853E-02  -3.86628744E-05
        8416   1.68340020E-02   1.62850581E-02   1.62844304E-02  -3.85467210E-05
        8417   1.68360025E-02   1.62858013E-02   1.62851736E-02  -3.85449639E-05
        8418   1.68380011E-02   1.62865445E-02   1.62859168E-02  -3.85432031E-05
        8419   1.68400016E-02   1.62872877E-02   1.62866581E-02  -3.86558168E-05
        8420   1.68420020E-02   1.62880309E-02   1.62874013E-02  -3.86540523E-05
        8421   1.68440025E-02   1.62887741E-02   1.62881445E-02  -3.86522879E-05
        8422   1.68460011E-02   1.62895154E-02   1.62888858E-02  -3.86505308E-05
        8423   1.68480016E-02   1.62902568E-02   1.62896272E-02  -3.86487700E-05
        8424   1.68500021E-02   1.62909981E-02   1.62903704E-02  -3.85326675E-05
        8425   1.68520026E-02   1.62917394E-02   1.62911117E-02  -3.85309140E-05
        8426   1.68540012E-02   1.62924808E-02   1.62918549E-02  -3.84148261E-05
        8427   1.68560017E-02   1.62932221E-02   1.62925944E-02  -3.85274070E-05
        8428   1.68580022E-02   1.62939634E-02   1.62933376E-02  -3.84113300E-05
        8429   1.68600027E-02   1.62947048E-02   1.62940789E-02  -3.84095838E-05
        8430   1.68620013E-02   1.62954461E-02   1.62948202E-02  -3.84078339E-05
        8431   1.68640018E-02   1.62961874E-02   1.62955597E-02  -3.85203966E-05
        8432   1.68660022E-02   1.62969287E-02   1.62963010E-02  -3.85186431E-05
        8433   1.68680027E-02   1.62976701E-02   1.62970405E-02  -3.86311913E-05
        8434   1.68700013E-02   1.62984114E-02   1.62977818E-02  -3.86294341E-05
        8435   1.68720018E-02   1.62991509E-02   1.62985232E-02  -3.85133935E-05
        8436   1.68740023E-02   1.62998904E-02   1.62992608E-02  -3.86259271E-05
        8437   1.68760028E-02   1.63006298E-02   1.63000040E-02  -3.83956212E-05
        8438   1.68780014E-02   1.63013693E-02   1.63007416E-02  -3.85081512E-05
        8439   1.68800019E-02   1.63021088E-02   1.63014811E-02  -3.85064050E-05
        8440   1.68820024E-02   1.63028482E-02   1.63022224E-02  -3.83903971E-05
        8441   1.68840010E-02   1.63035877E-02   1.63029619E-02  -3.83886545E-05
        8442   1.68860015E-02   1.63043272E-02   1.63037013E-02  -3.83869119E-05
        8443   1.68880019E-02   1.63050666E-02   1.63044408E-02  -3.83851730E-05
        8444   1.68900024E-02   1.63058061E-02   1.63051784E-02  -3.84976738E-05
        8445   1.68920010E-02   1.63065456E-02   1.63059179E-02  -3.84959276E-05
        8446   1.68940015E-02   1.63072851E-02   1.63066555E-02  -3.86084103E-05
        8447   1.68960020E-02   1.63080245E-02   1.63073950E-02  -3.86066604E-05
        8448   1.68980025E-02   1.63087621E-02   1.63081326E-02  -3.86049142E-05
        8449   1.69000011E-02   1.63094997E-02   1.63088720E-02  -3.84889536E-05
        8450   1.69020016E-02   1.63102373E-02   1.63096096E-02  -3.84872110E-05
        8451   1.69040021E-02   1.63109750E-02   1.63103472E-02  -3.84854720E-05
        8452   1.69060025E-02   1.63117126E-02   1.63110867E-02  -3.83695333E-05
        8453   1.69080012E-02   1.63124502E-02   1.63118243E-02  -3.83677980E-05
        8454   1.69100016E-02   1.63131878E-02   1.63125601E-02  -3.84802515E-05
        8455   1.69120021E-02   1.63139254E-02   1.63132977E-02  -3.84785126E-05
        8456   1.69140026E-02   1.63146630E-02   1.63140371E-02  -3.83625920E-05
        8457   1.69160012E-02   1.63154006E-02   1.63147729E-02  -3.84750310E-05
        8458   1.69180017E-02   1.63161382E-02   1.63155105E-02  -3.84732921E-05
        8459   1.69200022E-02   1.63168758E-02   1.63162462E-02  -3.85857165E-05
        8460   1.69220027E-02   1.63176116E-02   1.63169838E-02  -3.84698178E-05
        8461   1.69240013E-02   1.63183473E-02   1.63177196E-02  -3.84680861E-05
        8462   1.69260018E-02   1.63190830E-02   1.63184572E-02  -3.83522020E-05
        8463   1.69280022E-02   1.63198188E-02   1.63191929E-02  -3.83504739E-05
        8464   1.69300027E-02   1.63205545E-02   1.63199287E-02  -3.83487459E-05
        8465   1.69320013E-02   1.63212903E-02   1.63206644E-02  -3.83470142E-05
        8466   1.69340018E-02   1.63220260E-02   1.63214002E-02  -3.83452862E-05
        8467   1.69360023E-02   1.63227618E-02   1.63221359E-02  -3.83435581E-05
        8468   1.69380028E-02   1.63234975E-02   1.63228717E-02  -3.83418301E-05
        8469   1.69400014E-02   1.63242333E-02   1.63236074E-02  -3.83401020E-05
        8470   1.69420019E-02   1.63249690E-02   1.63243413E-02  -3.84524792E-05
        8471   1.69440024E-02   1.63257048E-02   1.63250770E-02  -3.84507475E-05
        8472   1.69460010E-02   1.63264405E-02   1.63258128E-02  -3.84490158E-05
        8473   1.69480015E-02   1.63271744E-02   1.63265467E-02  -3.84472878E-05
        8474   1.69500019E-02   1.63279083E-02   1.63272806E-02  -3.84455598E-05
        8475   1.69520024E-02   1.63286421E-02   1.63280163E-02  -3.83297483E-05
        8476   1.69540010E-02   1.63293760E-02   1.63287502E-02  -3.83280276E-05
        8477   1.69560015E-02   1.63301099E-02   1.63294841E-02  -3.83263032E-05
        8478   1.69580020E-02   1.63308438E-02   1.63302179E-02  -3.83245824E-05
        8479   1.69600025E-02   1.63315777E-02   1.63309518E-02  -3.83228580E-05
        8480   1.69620011E-02   1.63323116E-02   1.63316857E-02  -3.83211373E-05
        8481   1.69640016E-02   1.63330454E-02   1.63324177E-02  -3.84334671E-05
        8482   1.69660021E-02   1.63337793E-02   1.63331535E-02  -3.83176921E-05
        8483   1.69680025E-02   1.63345132E-02   1.63338855E-02  -3.84300110E-05
        8484   1.69700012E-02   1.63352471E-02   1.63346212E-02  -3.83142506E-05
        8485   1.69720016E-02   1.63359791E-02   1.63353514E-02  -3.84265622E-05
        8486   1.69740021E-02   1.63367111E-02   1.63360853E-02  -3.83108163E-05
        8487   1.69760026E-02   1.63374431E-02   1.63368173E-02  -3.83090992E-05
        8488   1.69780012E-02   1.63381752E-02   1.63375512E-02  -3.81933678E-05
        8489   1.69800017E-02   1.63389072E-02   1.63382832E-02  -3.81916579E-05
        8490   1.69820022E-02   1.63396392E-02   1.63390152E-02  -3.81899481E-05
        8491   1.69840027E-02   1.63403712E-02   1.63397472E-02  -3.81882346E-05
        8492   1.69860013E-02   1.63411032E-02   1.63404793E-02  -3.81865248E-05
        8493   1.69880018E-02   1.63418353E-02   1.63412113E-02  -3.81848149E-05
        8494   1.69900022E-02   1.63425673E-02   1.63419433E-02  -3.81831051E-05
        8495   1.69920027E-02   1.63432993E-02   1.63426735E-02  -3.82953731E-05
        8496   1.69940013E-02   1.63440313E-02   1.63434055E-02  -3.82936560E-05
        8497   1.69960018E-02   1.63447633E-02   1.63441375E-02  -3.82919425E-05
        8498   1.69980023E-02   1.63454935E-02   1.63448695E-02  -3.81762693E-05
        8499   1.70000028E-02   1.63462237E-02   1.63455997E-02  -3.81745631E-05
        8500   1.70020014E-02   1.63469538E-02   1.63463298E-02  -3.81728569E-05
        8501   1.70040019E-02   1.63476840E-02   1.63470600E-02  -3.81711543E-05
        8502   1.70060024E-02   1.63484141E-02   1.63477920E-02  -3.80555066E-05
        8503   1.70080010E-02   1.63491443E-02   1.63485222E-02  -3.80538040E-05
        8504   1.70100015E-02   1.63498744E-02   1.63492505E-02  -3.81660393E-05
        8505   1.70120019E-02   1.63506046E-02   1.63499825E-02  -3.80504061E-05
        8506   1.70140024E-02   1.63513348E-02   1.63507126E-02  -3.80487072E-05
        8507   1.70160010E-02   1.63520649E-02   1.63514428E-02  -3.80470083E-05
        8508   1.70180015E-02   1.63527951E-02   1.63521711E-02  -3.81592217E-05
        8509   1.70200020E-02   1.63535252E-02   1.63529012E-02  -3.81575192E-05
        8510   1.70220025E-02   1.63542554E-02   1.63536314E-02  -3.81558129E-05
        8511   1.70240011E-02   1.63549837E-02   1.63543597E-02  -3.81541140E-05
        8512   1.70260016E-02   1.63557120E-02   1.63550880E-02  -3.81524151E-05
        8513   1.70280021E-02   1.63564403E-02   1.63558163E-02  -3.81507161E-05
        8514   1.70300025E-02   1.63571686E-02   1.63565464E-02  -3.80351375E-05
        8515   1.70320012E-02   1.63578968E-02   1.63572747E-02  -3.80334423E-05
        8516   1.70340016E-02   1.63586251E-02   1.63580030E-02  -3.80317506E-05
        8517   1.70360021E-02   1.63593534E-02   1.63587313E-02  -3.80300553E-05
        8518   1.70380026E-02   1.63600817E-02   1.63594596E-02  -3.80283636E-05
        8519   1.70400012E-02   1.63608100E-02   1.63601879E-02  -3.80266720E-05
        8520   1.70420017E-02   1.63615383E-02   1.63609143E-02  -3.81388309E-05
        8521   1.70440022E-02   1.63622666E-02   1.63616445E-02  -3.80232850E-05
        8522   1.70460027E-02   1.63629949E-02   1.63623709E-02  -3.81354330E-05
        8523   1.70480013E-02   1.63637232E-02   1.63630974E-02  -3.82475737E-05
        8524   1.70500018E-02   1.63644496E-02   1.63638256E-02  -3.81320460E-05
        8525   1.70520023E-02   1.63651761E-02   1.63645521E-02  -3.81303507E-05
        8526   1.70540027E-02   1.63659025E-02   1.63652804E-02  -3.80148376E-05
        8527   1.70560014E-02   1.63666289E-02   1.63660068E-02  -3.80131496E-05
        8528   1.70580018E-02   1.63673554E-02   1.63667332E-02  -3.80114616E-05
        8529   1.70600023E-02   1.63680818E-02   1.63674597E-02  -3.80097772E-05
        8530   1.70620028E-02   1.63688082E-02   1.63681861E-02  -3.80080892E-05
        8531   1.70640014E-02   1.63695347E-02   1.63689125E-02  -3.80064012E-05
        8532   1.70660019E-02   1.63702611E-02   1.63696390E-02  -3.80047168E-05
        8533   1.70680024E-02   1.63709875E-02   1.63703654E-02  -3.80030287E-05
        8534   1.70700010E-02   1.63717140E-02   1.63710900E-02  -3.81151258E-05
        8535   1.70720015E-02   1.63724404E-02   1.63718164E-02  -3.81134341E-05
        8536   1.70740020E-02   1.63731668E-02   1.63725428E-02  -3.81117425E-05
        8537   1.70760024E-02   1.63738914E-02   1.63732674E-02  -3.81100544E-05
        8538   1.70780011E-02   1.63746160E-02   1.63739920E-02  -3.81083701E-05
        8539   1.70800015E-02   1.63753405E-02   1.63747184E-02  -3.79929261E-05
        8540   1.70820020E-02   1.63760651E-02   1.63754430E-02  -3.79912453E-05
        8541   1.70840025E-02   1.63767897E-02   1.63761675E-02  -3.79895646E-05
        8542   1.70860011E-02   1.63775142E-02   1.63768921E-02  -3.79878838E-05
        8543   1.70880016E-02   1.63782388E-02   1.63776167E-02  -3.79862031E-05
        8544   1.70900021E-02   1.63789634E-02   1.63783412E-02  -3.79845224E-05
        8545   1.70920026E-02   1.63796879E-02   1.63790658E-02  -3.79828416E-05
        8546   1.70940012E-02   1.63804125E-02   1.63797904E-02  -3.79811609E-05
        8547   1.70960017E-02   1.63811371E-02   1.63805131E-02  -3.80931961E-05
        8548   1.70980021E-02   1.63818616E-02   1.63812377E-02  -3.80915117E-05
        8549   1.71000026E-02   1.63825843E-02   1.63819604E-02  -3.80898309E-05
        8550   1.71020012E-02   1.63833071E-02   1.63826849E-02  -3.79744524E-05
        8551   1.71040017E-02   1.63840298E-02   1.63834076E-02  -3.79727753E-05
        8552   1.71060022E-02   1.63847525E-02   1.63841322E-02  -3.78574114E-05
        8553   1.71080027E-02   1.63854752E-02   1.63848531E-02  -3.79694284E-05
        8554   1.71100013E-02   1.63861979E-02   1.63855776E-02  -3.78540717E-05
        8555   1.71120018E-02   1.63869206E-02   1.63863003E-02  -3.78524019E-05
        8556   1.71140023E-02   1.63876433E-02   1.63870230E-02  -3.78507320E-05
        8557   1.71160027E-02   1.63883660E-02   1.63877457E-02  -3.78490622E-05
        8558   1.71180014E-02   1.63890887E-02   1.63884684E-02  -3.78473960E-05
        8559   1.71200018E-02   1.63898114E-02   1.63891893E-02  -3.79593803E-05
        8560   1.71220023E-02   1.63905341E-02   1.63899120E-02  -3.79577068E-05
        8561   1.71240028E-02   1.63912568E-02   1.63906347E-02  -3.79560333E-05
        8562   1.71260014E-02   1.63919777E-02   1.63913555E-02  -3.79543635E-05
        8563   1.71280019E-02   1.63926985E-02   1.63920783E-02  -3.78390614E-05
        8564   1.71300024E-02   1.63934194E-02   1.63927991E-02  -3.78373952E-05
        8565   1.71320010E-02   1.63941402E-02   1.63935199E-02  -3.78357327E-05
        8566   1.71340015E-02   1.63948610E-02   1.63942408E-02  -3.78340701E-05
        8567   1.71360020E-02   1.63955819E-02   1.63949635E-02  -3.77187898E-05
        8568   1.71380024E-02   1.63963027E-02   1.63956843E-02  -3.77171309E-05
        8569   1.71400011E-02   1.63970236E-02   1.63964052E-02  -3.77154720E-05
        8570   1.71420015E-02   1.63977444E-02   1.63971242E-02  -3.78274162E-05
        8571   1.71440020E-02   1.63984653E-02   1.63978450E-02  -3.78257537E-05
        8572   1.71460025E-02   1.63991861E-02   1.63985658E-02  -3.78240911E-05
        8573   1.71480011E-02   1.63999069E-02   1.63992867E-02  -3.78224286E-05
        8574   1.71500016E-02   1.64006278E-02   1.64000057E-02  -3.79343437E-05
        8575   1.71520021E-02   1.64013468E-02   1.64007246E-02  -3.79326812E-05
        8576   1.71540026E-02   1.64020658E-02   1.64014455E-02  -3.78174482E-05
        8577   1.71560012E-02   1.64027847E-02   1.64021663E-02  -3.77022261E-05
        8578   1.71580017E-02   1.64035037E-02   1.64028835E-02  -3.78141340E-05
        8579   1.71600021E-02   1.64042227E-02   1.64036043E-02  -3.76989228E-05
        8580   1.71620026E-02   1.64049417E-02   1.64043233E-02  -3.76972675E-05
        8581   1.71640012E-02   1.64056607E-02   1.64050441E-02  -3.75820709E-05
        8582   1.71660017E-02   1.64063796E-02   1.64057612E-02  -3.76939643E-05
        8583   1.71680022E-02   1.64070986E-02   1.64064802E-02  -3.76923126E-05
        8584   1.71700027E-02   1.64078176E-02   1.64071992E-02  -3.76906610E-05
        8585   1.71720013E-02   1.64085366E-02   1.64079182E-02  -3.76890093E-05
        8586   1.71740018E-02   1.64092556E-02   1.64086353E-02  -3.78008772E-05
        8587   1.71760023E-02   1.64099745E-02   1.64093543E-02  -3.77992219E-05
        8588   1.71780027E-02   1.64106917E-02   1.64100714E-02  -3.77975703E-05
        8589   1.71800014E-02   1.64114088E-02   1.64107904E-02  -3.76824137E-05
        8590   1.71820018E-02   1.64121259E-02   1.64115075E-02  -3.76807657E-05
        8591   1.71840023E-02   1.64128430E-02   1.64122265E-02  -3.75656236E-05
        8592   1.71860028E-02   1.64135601E-02   1.64129436E-02  -3.75639829E-05
        8593   1.71880014E-02   1.64142773E-02   1.64136589E-02  -3.76758289E-05
        8594   1.71900019E-02   1.64149944E-02   1.64143778E-02  -3.75607015E-05
        8595   1.71920024E-02   1.64157115E-02   1.64150950E-02  -3.75590607E-05
        8596   1.71940010E-02   1.64164286E-02   1.64158121E-02  -3.75574200E-05
        8597   1.71960015E-02   1.64171457E-02   1.64165273E-02  -3.76692442E-05
        8598   1.71980020E-02   1.64178628E-02   1.64172444E-02  -3.76675998E-05
        8599   1.72000024E-02   1.64185800E-02   1.64179616E-02  -3.76659555E-05
        8600   1.72020011E-02   1.64192971E-02   1.64186768E-02  -3.77777615E-05
        8601   1.72040015E-02   1.64200123E-02   1.64193939E-02  -3.76626667E-05
        8602   1.72060020E-02   1.64207276E-02   1.64201092E-02  -3.76610296E-05
        8603   1.72080025E-02   1.64214429E-02   1.64208245E-02  -3.76593889E-05
        8604   1.72100011E-02   1.64221581E-02   1.64215416E-02  -3.75443160E-05
        8605   1.72120016E-02   1.64228734E-02   1.64222568E-02  -3.75426789E-05
        8606   1.72140021E-02   1.64235886E-02   1.64229721E-02  -3.75410455E-05
        8607   1.72160026E-02   1.64243039E-02   1.64236873E-02  -3.75394120E-05
        8608   1.72180012E-02   1.64250191E-02   1.64244026E-02  -3.75377749E-05
        8609   1.72200017E-02   1.64257344E-02   1.64251179E-02  -3.75361415E-05
        8610   1.72220021E-02   1.64264496E-02   1.64258331E-02  -3.75345080E-05
        8611   1.72240026E-02   1.64271649E-02   1.64265484E-02  -3.75328709E-05
        8612   1.72260012E-02   1.64278802E-02   1.64272618E-02  -3.76446296E-05
        8613   1.72280017E-02   1.64285954E-02   1.64279770E-02  -3.76429925E-05
        8614   1.72300022E-02   1.64293088E-02   1.64286923E-02  -3.75279742E-05
        8615   1.72320027E-02   1.64300222E-02   1.64294057E-02  -3.75263444E-05
        8616   1.72340013E-02   1.64307356E-02   1.64301209E-02  -3.74113442E-05
        8617   1.72360018E-02   1.64314490E-02   1.64308324E-02  -3.75230848E-05
        8618   1.72380023E-02   1.64321624E-02   1.64315477E-02  -3.74080955E-05
        8619   1.72400028E-02   1.64328758E-02   1.64322611E-02  -3.74064693E-05
        8620   1.72420014E-02   1.64335892E-02   1.64329745E-02  -3.74048468E-05
        8621   1.72440019E-02   1.64343026E-02   1.64336860E-02  -3.75165691E-05
        8622   1.72460023E-02   1.64350159E-02   1.64344013E-02  -3.74015981E-05
        8623   1.72480028E-02   1.64357293E-02   1.64351147E-02  -3.73999756E-05
        8624   1.72500014E-02   1.64364427E-02   1.64358262E-02  -3.75116870E-05
        8625   1.72520019E-02   1.64371561E-02   1.64365396E-02  -3.75100572E-05
        8626   1.72540024E-02   1.64378695E-02   1.64372511E-02  -3.76217540E-05
        8627   1.72560010E-02   1.64385810E-02   1.64379645E-02  -3.75068048E-05
        8628   1.72580015E-02   1.64392926E-02   1.64386760E-02  -3.75051823E-05
        8629   1.72600020E-02   1.64400041E-02   1.64393894E-02  -3.73902512E-05
        8630   1.72620025E-02   1.64407156E-02   1.64401010E-02  -3.73886323E-05
        8631   1.72640011E-02   1.64414272E-02   1.64408125E-02  -3.73870134E-05
        8632   1.72660016E-02   1.64421387E-02   1.64415240E-02  -3.73853982E-05
        8633   1.72680020E-02   1.64428502E-02   1.64422374E-02  -3.72704890E-05
        8634   1.72700025E-02   1.64435618E-02   1.64429490E-02  -3.72688773E-05
        8635   1.72720011E-02   1.64442733E-02   1.64436605E-02  -3.72672657E-05
        8636   1.72740016E-02   1.64449848E-02   1.64443702E-02  -3.73789262E-05
        8637   1.72760021E-02   1.64456964E-02   1.64450817E-02  -3.73773073E-05
        8638   1.72780026E-02   1.64464079E-02   1.64457932E-02  -3.73756920E-05
        8639   1.72800012E-02   1.64471194E-02   1.64465029E-02  -3.74873343E-05
        8640   1.72820017E-02   1.64478291E-02   1.64472144E-02  -3.73724615E-05
        8641   1.72840022E-02   1.64485388E-02   1.64479241E-02  -3.73708499E-05
        8642   1.72860026E-02   1.64492484E-02   1.64486337E-02  -3.73692383E-05
        8643   1.72880013E-02   1.64499581E-02   1.64493453E-02  -3.72543873E-05
        8644   1.72900017E-02   1.64506678E-02   1.64500549E-02  -3.72527793E-05
        8645   1.72920022E-02   1.64513774E-02   1.64507646E-02  -3.72511713E-05
        8646   1.72940027E-02   1.64520871E-02   1.64514761E-02  -3.71363385E-05
        8647   1.72960013E-02   1.64527968E-02   1.64521839E-02  -3.72479590E-05
        8648   1.72980018E-02   1.64535064E-02   1.64528936E-02  -3.72463510E-05
        8649   1.73000023E-02   1.64542161E-02   1.64536033E-02  -3.72447430E-05
        8650   1.73020028E-02   1.64549258E-02   1.64543130E-02  -3.72431386E-05
        8651   1.73040014E-02   1.64556354E-02   1.64550226E-02  -3.72415307E-05
        8652   1.73060019E-02   1.64563451E-02   1.64557304E-02  -3.73531220E-05
        8653   1.73080023E-02   1.64570529E-02   1.64564382E-02  -3.73515140E-05
        8654   1.73100028E-02   1.64577607E-02   1.64571479E-02  -3.72367213E-05
        8655   1.73120014E-02   1.64584685E-02   1.64578557E-02  -3.72351205E-05
        8656   1.73140019E-02   1.64591763E-02   1.64585654E-02  -3.71203423E-05
        8657   1.73160024E-02   1.64598841E-02   1.64592732E-02  -3.71187489E-05
        8658   1.73180010E-02   1.64605919E-02   1.64599810E-02  -3.71171518E-05
        8659   1.73200015E-02   1.64612997E-02   1.64606888E-02  -3.71155547E-05
        8660   1.73220020E-02   1.64620075E-02   1.64613966E-02  -3.71139613E-05
        8661   1.73240025E-02   1.64627153E-02   1.64621044E-02  -3.71123642E-05
        8662   1.73260011E-02   1.64634231E-02   1.64628122E-02  -3.71107672E-05
        8663   1.73280016E-02   1.64641310E-02   1.64635181E-02  -3.72223149E-05
        8664   1.73300020E-02   1.64648388E-02   1.64642259E-02  -3.72207141E-05
        8665   1.73320025E-02   1.64655466E-02   1.64649338E-02  -3.72191134E-05
        8666   1.73340011E-02   1.64662544E-02   1.64656416E-02  -3.72175127E-05
        8667   1.73360016E-02   1.64669603E-02   1.64663475E-02  -3.72159193E-05
        8668   1.73380021E-02   1.64676663E-02   1.64670534E-02  -3.72143222E-05
        8669   1.73400026E-02   1.64683722E-02   1.64677612E-02  -3.70996167E-05
        8670   1.73420012E-02   1.64690781E-02   1.64684672E-02  -3.70980233E-05
        8671   1.73440017E-02   1.64697841E-02   1.64691731E-02  -3.70964335E-05
        8672   1.73460022E-02   1.64704900E-02   1.64698791E-02  -3.70948437E-05
        8673   1.73480026E-02   1.64711960E-02   1.64705850E-02  -3.70932539E-05
        8674   1.73500013E-02   1.64719019E-02   1.64712910E-02  -3.70916641E-05
        8675   1.73520017E-02   1.64726079E-02   1.64719950E-02  -3.72031609E-05
        8676   1.73540022E-02   1.64733138E-02   1.64727010E-02  -3.72015638E-05
        8677   1.73560027E-02   1.64740197E-02   1.64734069E-02  -3.71999704E-05
        8678   1.73580013E-02   1.64747257E-02   1.64741129E-02  -3.71983770E-05
        8679   1.73600018E-02   1.64754316E-02   1.64748169E-02  -3.73098483E-05
        8680   1.73620023E-02   1.64761357E-02   1.64755229E-02  -3.71951937E-05
        8681   1.73640028E-02   1.64768398E-02   1.64762270E-02  -3.71936039E-05
        8682   1.73660014E-02   1.64775439E-02   1.64769329E-02  -3.70789639E-05
        8683   1.73680019E-02   1.64782479E-02   1.64776370E-02  -3.70773814E-05
        8684   1.73700023E-02   1.64789520E-02   1.64783411E-02  -3.70757953E-05
        8685   1.73720028E-02   1.64796561E-02   1.64790452E-02  -3.70742127E-05
        8686   1.73740014E-02   1.64803602E-02   1.64797492E-02  -3.70726266E-05
        8687   1.73760019E-02   1.64810643E-02   1.64804533E-02  -3.70710441E-05
        8688   1.73780024E-02   1.64817683E-02   1.64811574E-02  -3.70694615E-05
        8689   1.73800010E-02   1.64824724E-02   1.64818615E-02  -3.70678754E-05
        8690   1.73820015E-02   1.64831765E-02   1.64825656E-02  -3.70662929E-05
        8691   1.73840020E-02   1.64838806E-02   1.64832678E-02  -3.71777169E-05
        8692   1.73860025E-02   1.64845847E-02   1.64839718E-02  -3.71761271E-05
        8693   1.73880011E-02   1.64852869E-02   1.64846759E-02  -3.70615489E-05
        8694   1.73900016E-02   1.64859891E-02   1.64853763E-02  -3.71729620E-05
        8695   1.73920020E-02   1.64866913E-02   1.64860804E-02  -3.70583912E-05
        8696   1.73940025E-02   1.64873935E-02   1.64867826E-02  -3.70568123E-05
        8697   1.73960011E-02   1.64880957E-02   1.64874867E-02  -3.69422560E-05
        8698   1.73980016E-02   1.64887980E-02   1.64881889E-02  -3.69406844E-05
        8699   1.74000021E-02   1.64895002E-02   1.64888911E-02  -3.69391091E-05
        8700   1.74020026E-02   1.64902024E-02   1.64895933E-02  -3.69375375E-05
        8701   1.74040012E-02   1.64909046E-02   1.64902937E-02  -3.70489215E-05
        8702   1.74060017E-02   1.64916068E-02   1.64909959E-02  -3.70473463E-05
        8703   1.74080022E-02   1.64923090E-02   1.64916981E-02  -3.70457674E-05
        8704   1.74100026E-02   1.64930113E-02   1.64924003E-02  -3.70441885E-05
        8705   1.74120013E-02   1.64937135E-02   1.64931007E-02  -3.71555507E-05
        8706   1.74140017E-02   1.64944138E-02   1.64938010E-02  -3.71539754E-05
        8707   1.74160022E-02   1.64951142E-02   1.64945032E-02  -3.70394664E-05
        8708   1.74180027E-02   1.64958145E-02   1.64952055E-02  -3.69249683E-05
        8709   1.74200013E-02   1.64965149E-02   1.64959058E-02  -3.69234003E-05
        8710   1.74220018E-02   1.64972153E-02   1.64966062E-02  -3.69218360E-05
        8711   1.74240023E-02   1.64979156E-02   1.64973065E-02  -3.69202680E-05
        8712   1.74260028E-02   1.64986160E-02   1.64980069E-02  -3.69187001E-05
        8713   1.74280014E-02   1.64993163E-02   1.64987091E-02  -3.68042311E-05
        8714   1.74300019E-02   1.65000167E-02   1.64994076E-02  -3.69155641E-05
        8715   1.74320024E-02   1.65007170E-02   1.65001079E-02  -3.69139998E-05
        8716   1.74340028E-02   1.65014174E-02   1.65008083E-02  -3.69124318E-05
        8717   1.74360014E-02   1.65021177E-02   1.65015068E-02  -3.70237467E-05
        8718   1.74380019E-02   1.65028181E-02   1.65022071E-02  -3.70221751E-05
        8719   1.74400024E-02   1.65035184E-02   1.65029075E-02  -3.70206035E-05
        8720   1.74420010E-02   1.65042169E-02   1.65036060E-02  -3.70190392E-05
        8721   1.74440015E-02   1.65049154E-02   1.65043045E-02  -3.70174712E-05
        8722   1.74460020E-02   1.65056139E-02   1.65050030E-02  -3.70159032E-05
        8723   1.74480025E-02   1.65063124E-02   1.65057033E-02  -3.69014851E-05
        8724   1.74500011E-02   1.65070109E-02   1.65064018E-02  -3.68999245E-05
        8725   1.74520016E-02   1.65077094E-02   1.65071003E-02  -3.68983638E-05
        8726   1.74540021E-02   1.65084079E-02   1.65077988E-02  -3.68967994E-05
        8727   1.74560025E-02   1.65091064E-02   1.65084973E-02  -3.68952387E-05
        8728   1.74580012E-02   1.65098049E-02   1.65091958E-02  -3.68936780E-05
        8729   1.74600016E-02   1.65105034E-02   1.65098943E-02  -3.68921174E-05
        8730   1.74620021E-02   1.65112019E-02   1.65105909E-02  -3.70033777E-05
        8731   1.74640026E-02   1.65119004E-02   1.65112894E-02  -3.70018097E-05
        8732   1.74660012E-02   1.65125988E-02   1.65119879E-02  -3.70002454E-05
        8733   1.74680017E-02   1.65132955E-02   1.65126845E-02  -3.69986847E-05
        8734   1.74700022E-02   1.65139921E-02   1.65133812E-02  -3.69971240E-05
        8735   1.74720027E-02   1.65146887E-02   1.65140796E-02  -3.68827677E-05
        8736   1.74740013E-02   1.65153854E-02   1.65147763E-02  -3.68812107E-05
        8737   1.74760018E-02   1.65160820E-02   1.65154748E-02  -3.67668690E-05
        8738   1.74780022E-02   1.65167786E-02   1.65161695E-02  -3.68781002E-05
        8739   1.74800027E-02   1.65174752E-02   1.65168680E-02  -3.67637695E-05
        8740   1.74820013E-02   1.65181719E-02   1.65175628E-02  -3.68749897E-05
        8741   1.74840018E-02   1.65188685E-02   1.65182594E-02  -3.68734363E-05
        8742   1.74860023E-02   1.65195651E-02   1.65189561E-02  -3.68718793E-05
        8743   1.74880028E-02   1.65202618E-02   1.65196527E-02  -3.68703259E-05
        8744   1.74900014E-02   1.65209584E-02   1.65203493E-02  -3.68687688E-05
        8745   1.74920019E-02   1.65216550E-02   1.65210441E-02  -3.69799636E-05
        8746   1.74940024E-02   1.65223498E-02   1.65217388E-02  -3.69784102E-05
        8747   1.74960028E-02   1.65230446E-02   1.65224355E-02  -3.68641158E-05
        8748   1.74980015E-02   1.65237393E-02   1.65231321E-02  -3.67498324E-05
        8749   1.75000019E-02   1.65244341E-02   1.65238250E-02  -3.68610163E-05
        8750   1.75020024E-02   1.65251289E-02   1.65245216E-02  -3.67467401E-05
        8751   1.75040010E-02   1.65258236E-02   1.65252164E-02  -3.67451976E-05
        8752   1.75060015E-02   1.65265184E-02   1.65259112E-02  -3.67436514E-05
        8753   1.75080020E-02   1.65272132E-02   1.65266059E-02  -3.67421053E-05
        8754   1.75100025E-02   1.65279079E-02   1.65273007E-02  -3.67405628E-05
        8755   1.75120011E-02   1.65286027E-02   1.65279955E-02  -3.67390167E-05
        8756   1.75140016E-02   1.65292975E-02   1.65286902E-02  -3.67374741E-05
        8757   1.75160021E-02   1.65299922E-02   1.65293831E-02  -3.68486217E-05
        8758   1.75180025E-02   1.65306870E-02   1.65300779E-02  -3.68470719E-05
        8759   1.75200012E-02   1.65313818E-02   1.65307727E-02  -3.68455221E-05
        8760   1.75220016E-02   1.65320747E-02   1.65314656E-02  -3.68439796E-05
        8761   1.75240021E-02   1.65327676E-02   1.65321603E-02  -3.67297616E-05
        8762   1.75260026E-02   1.65334605E-02   1.65328514E-02  -3.68408910E-05
        8763   1.75280012E-02   1.65341534E-02   1.65335461E-02  -3.67266839E-05
        8764   1.75300017E-02   1.65348463E-02   1.65342391E-02  -3.67251450E-05
        8765   1.75320022E-02   1.65355392E-02   1.65349320E-02  -3.67236062E-05
        8766   1.75340027E-02   1.65362321E-02   1.65356249E-02  -3.67220673E-05
        8767   1.75360013E-02   1.65369250E-02   1.65363196E-02  -3.66078857E-05
        8768   1.75380018E-02   1.65376179E-02   1.65370107E-02  -3.67189896E-05
        8769   1.75400022E-02   1.65383108E-02   1.65377036E-02  -3.67174507E-05
        8770   1.75420027E-02   1.65390037E-02   1.65383946E-02  -3.68285437E-05
        8771   1.75440013E-02   1.65396966E-02   1.65390875E-02  -3.68269975E-05
        8772   1.75460018E-02   1.65403895E-02   1.65397804E-02  -3.68254550E-05
        8773   1.75480023E-02   1.65410805E-02   1.65404715E-02  -3.68239162E-05
        8774   1.75500028E-02   1.65417716E-02   1.65411644E-02  -3.67097673E-05
        8775   1.75520014E-02   1.65424626E-02   1.65418554E-02  -3.67082357E-05
        8776   1.75540019E-02   1.65431537E-02   1.65425465E-02  -3.67067005E-05
        8777   1.75560024E-02   1.65438447E-02   1.65432375E-02  -3.67051689E-05
        8778   1.75580028E-02   1.65445358E-02   1.65439304E-02  -3.65910419E-05
        8779   1.75600015E-02   1.65452268E-02   1.65446214E-02  -3.65895139E-05
        8780   1.75620019E-02   1.65459178E-02   1.65453125E-02  -3.65879860E-05
        8781   1.75640024E-02   1.65466089E-02   1.65460035E-02  -3.65864580E-05
        8782   1.75660010E-02   1.65472999E-02   1.65466946E-02  -3.65849301E-05
        8783   1.75680015E-02   1.65479910E-02   1.65473837E-02  -3.66959721E-05
        8784   1.75700020E-02   1.65486820E-02   1.65480748E-02  -3.66944405E-05
        8785   1.75720025E-02   1.65493730E-02   1.65487640E-02  -3.68054643E-05
        8786   1.75740011E-02   1.65500641E-02   1.65494550E-02  -3.68039291E-05
        8787   1.75760016E-02   1.65507533E-02   1.65501442E-02  -3.68023975E-05
        8788   1.75780021E-02   1.65514424E-02   1.65508352E-02  -3.66883178E-05
        8789   1.75800025E-02   1.65521316E-02   1.65515244E-02  -3.66867898E-05
        8790   1.75820012E-02   1.65528208E-02   1.65522136E-02  -3.66852619E-05
        8791   1.75840016E-02   1.65535100E-02   1.65529028E-02  -3.66837376E-05
        8792   1.75860021E-02   1.65541992E-02   1.65535938E-02  -3.65696833E-05
        8793   1.75880026E-02   1.65548883E-02   1.65542830E-02  -3.65681590E-05
        8794   1.75900012E-02   1.65555775E-02   1.65549722E-02  -3.65666383E-05
        8795   1.75920017E-02   1.65562667E-02   1.65556613E-02  -3.65651140E-05
        8796   1.75940022E-02   1.65569559E-02   1.65563505E-02  -3.65635933E-05
        8797   1.75960027E-02   1.65576451E-02   1.65570378E-02  -3.66745735E-05
        8798   1.75980013E-02   1.65583342E-02   1.65577270E-02  -3.66730492E-05
        8799   1.76000018E-02   1.65590234E-02   1.65584162E-02  -3.66715212E-05
        8800   1.76020022E-02   1.65597107E-02   1.65591035E-02  -3.66700006E-05
        8801   1.76040027E-02   1.65603980E-02   1.65597908E-02  -3.66684762E-05
        8802   1.76060013E-02   1.65610854E-02   1.65604781E-02  -3.66669556E-05
        8803   1.76080018E-02   1.65617727E-02   1.65611673E-02  -3.65529595E-05
        8804   1.76100023E-02   1.65624600E-02   1.65618546E-02  -3.65514425E-05
        8805   1.76120028E-02   1.65631473E-02   1.65625419E-02  -3.65499254E-05
        8806   1.76140014E-02   1.65638346E-02   1.65632311E-02  -3.64359475E-05
        8807   1.76160019E-02   1.65645219E-02   1.65639166E-02  -3.65468914E-05
        8808   1.76180024E-02   1.65652093E-02   1.65646058E-02  -3.64329244E-05
        8809   1.76200029E-02   1.65658966E-02   1.65652912E-02  -3.65438609E-05
        8810   1.76220015E-02   1.65665839E-02   1.65659785E-02  -3.65423439E-05
        8811   1.76240020E-02   1.65672712E-02   1.65666640E-02  -3.66532659E-05
        8812   1.76260024E-02   1.65679585E-02   1.65673513E-02  -3.66517452E-05
        8813   1.76280010E-02   1.65686458E-02   1.65680386E-02  -3.66502245E-05
        8814   1.76300015E-02   1.65693313E-02   1.65687241E-02  -3.66487075E-05
        8815   1.76320020E-02   1.65700167E-02   1.65694095E-02  -3.66471904E-05
        8816   1.76340025E-02   1.65707022E-02   1.65700968E-02  -3.65332598E-05
        8817   1.76360011E-02   1.65713876E-02   1.65707823E-02  -3.65317501E-05
        8818   1.76380016E-02   1.65720731E-02   1.65714677E-02  -3.65302403E-05
        8819   1.76400021E-02   1.65727586E-02   1.65721532E-02  -3.65287269E-05
        8820   1.76420026E-02   1.65734440E-02   1.65728405E-02  -3.64148218E-05
        8821   1.76440012E-02   1.65741295E-02   1.65735260E-02  -3.64133157E-05
        8822   1.76460017E-02   1.65748149E-02   1.65742096E-02  -3.65241940E-05
        8823   1.76480021E-02   1.65755004E-02   1.65748950E-02  -3.65226842E-05
        8824   1.76500026E-02   1.65761858E-02   1.65755805E-02  -3.65211745E-05
        8825   1.76520012E-02   1.65768713E-02   1.65762641E-02  -3.66320382E-05
        8826   1.76540017E-02   1.65775567E-02   1.65769495E-02  -3.66305212E-05
        8827   1.76560022E-02   1.65782403E-02   1.65776350E-02  -3.65166488E-05
        8828   1.76580027E-02   1.65789239E-02   1.65783186E-02  -3.65151427E-05
        8829   1.76600013E-02   1.65796075E-02   1.65790021E-02  -3.65136366E-05
        8830   1.76620018E-02   1.65802911E-02   1.65796857E-02  -3.65121305E-05
        8831   1.76640023E-02   1.65809747E-02   1.65803712E-02  -3.63982836E-05
        8832   1.76660027E-02   1.65816583E-02   1.65810548E-02  -3.63967811E-05
        8833   1.76680014E-02   1.65823419E-02   1.65817384E-02  -3.63952822E-05
        8834   1.76700018E-02   1.65830255E-02   1.65824220E-02  -3.63937797E-05
        8835   1.76720023E-02   1.65837090E-02   1.65831055E-02  -3.63922809E-05
        8836   1.76740028E-02   1.65843926E-02   1.65837873E-02  -3.65031010E-05
        8837   1.76760014E-02   1.65850762E-02   1.65844727E-02  -3.63892796E-05
        8838   1.76780019E-02   1.65857598E-02   1.65851545E-02  -3.65000924E-05
        8839   1.76800024E-02   1.65864434E-02   1.65858380E-02  -3.64985899E-05
        8840   1.76820029E-02   1.65871270E-02   1.65865198E-02  -3.66093882E-05
        8841   1.76840015E-02   1.65878087E-02   1.65872034E-02  -3.64955849E-05
        8842   1.76860020E-02   1.65884905E-02   1.65878851E-02  -3.64940825E-05
        8843   1.76880024E-02   1.65891722E-02   1.65885687E-02  -3.63802937E-05
        8844   1.76900011E-02   1.65898539E-02   1.65892504E-02  -3.63787985E-05
        8845   1.76920015E-02   1.65905356E-02   1.65899321E-02  -3.63773070E-05
        8846   1.76940020E-02   1.65912174E-02   1.65906139E-02  -3.63758118E-05
        8847   1.76960025E-02   1.65918991E-02   1.65912956E-02  -3.63743166E-05
        8848   1.76980011E-02   1.65925808E-02   1.65919773E-02  -3.63728213E-05
        8849   1.77000016E-02   1.65932626E-02   1.65926591E-02  -3.63713261E-05
        8850   1.77020021E-02   1.65939443E-02   1.65933408E-02  -3.63698309E-05
        8851   1.77040026E-02   1.65946260E-02   1.65940225E-02  -3.63683394E-05
        8852   1.77060012E-02   1.65953077E-02   1.65947024E-02  -3.64790903E-05
        8853   1.77080017E-02   1.65959895E-02   1.65953841E-02  -3.64775951E-05
        8854   1.77100021E-02   1.65966712E-02   1.65960640E-02  -3.65883316E-05
        8855   1.77120026E-02   1.65973511E-02   1.65967457E-02  -3.64746011E-05
        8856   1.77140012E-02   1.65980309E-02   1.65974274E-02  -3.63608779E-05
        8857   1.77160017E-02   1.65987108E-02   1.65981054E-02  -3.64716143E-05
        8858   1.77180022E-02   1.65993907E-02   1.65987872E-02  -3.63578984E-05
        8859   1.77200027E-02   1.66000705E-02   1.65994670E-02  -3.63564104E-05
        8860   1.77220013E-02   1.66007504E-02   1.66001469E-02  -3.63549225E-05
        8861   1.77240018E-02   1.66014303E-02   1.66008268E-02  -3.63534309E-05
        8862   1.77260023E-02   1.66021101E-02   1.66015066E-02  -3.63519430E-05
        8863   1.77280027E-02   1.66027900E-02   1.66021865E-02  -3.63504550E-05
        8864   1.77300014E-02   1.66034698E-02   1.66028664E-02  -3.63489671E-05
        8865   1.77320018E-02   1.66041497E-02   1.66035444E-02  -3.64596672E-05
        8866   1.77340023E-02   1.66048296E-02   1.66042261E-02  -3.63459912E-05
        8867   1.77360028E-02   1.66055094E-02   1.66049041E-02  -3.64566804E-05
        8868   1.77380014E-02   1.66061874E-02   1.66055840E-02  -3.63430190E-05
        8869   1.77400019E-02   1.66068655E-02   1.66062620E-02  -3.63415347E-05
        8870   1.77420024E-02   1.66075435E-02   1.66069400E-02  -3.63400504E-05
        8871   1.77440029E-02   1.66082215E-02   1.66076198E-02  -3.62264072E-05
        8872   1.77460015E-02   1.66088995E-02   1.66082978E-02  -3.62249266E-05
        8873   1.77480020E-02   1.66095775E-02   1.66089740E-02  -3.63356012E-05
        8874   1.77500024E-02   1.66102555E-02   1.66096520E-02  -3.63341169E-05
        8875   1.77520011E-02   1.66109335E-02   1.66103318E-02  -3.62204919E-05
        8876   1.77540015E-02   1.66116115E-02   1.66110080E-02  -3.63311519E-05
        8877   1.77560020E-02   1.66122895E-02   1.66116860E-02  -3.63296676E-05
        8878   1.77580025E-02   1.66129675E-02   1.66123640E-02  -3.63281833E-05
        8879   1.77600011E-02   1.66136455E-02   1.66130420E-02  -3.63267027E-05
        8880   1.77620016E-02   1.66143235E-02   1.66137200E-02  -3.63252184E-05
        8881   1.77640021E-02   1.66150015E-02   1.66143961E-02  -3.64358530E-05
        8882   1.77660026E-02   1.66156776E-02   1.66150741E-02  -3.63222607E-05
        8883   1.77680012E-02   1.66163538E-02   1.66157503E-02  -3.63207801E-05
        8884   1.77700017E-02   1.66170299E-02   1.66164283E-02  -3.62072024E-05
        8885   1.77720021E-02   1.66177060E-02   1.66171025E-02  -3.63178260E-05
        8886   1.77740026E-02   1.66183822E-02   1.66177806E-02  -3.62042556E-05
        8887   1.77760012E-02   1.66190583E-02   1.66184567E-02  -3.62027822E-05
        8888   1.77780017E-02   1.66197345E-02   1.66191328E-02  -3.62013088E-05
        8889   1.77800022E-02   1.66204106E-02   1.66198090E-02  -3.61998391E-05
        8890   1.77820027E-02   1.66210867E-02   1.66204851E-02  -3.61983657E-05
        8891   1.77840013E-02   1.66217629E-02   1.66211613E-02  -3.61968923E-05
        8892   1.77860018E-02   1.66224390E-02   1.66218374E-02  -3.61954189E-05
        8893   1.77880023E-02   1.66231152E-02   1.66225117E-02  -3.63060062E-05
        8894   1.77900027E-02   1.66237913E-02   1.66231878E-02  -3.63045292E-05
        8895   1.77920014E-02   1.66244674E-02   1.66238640E-02  -3.63030522E-05
        8896   1.77940018E-02   1.66251417E-02   1.66245382E-02  -3.63015824E-05
        8897   1.77960023E-02   1.66258160E-02   1.66252125E-02  -3.63001091E-05
        8898   1.77980028E-02   1.66264903E-02   1.66258886E-02  -3.61866005E-05
        8899   1.78000014E-02   1.66271646E-02   1.66265629E-02  -3.61851307E-05
        8900   1.78020019E-02   1.66278388E-02   1.66272372E-02  -3.61836646E-05
        8901   1.78040024E-02   1.66285131E-02   1.66279115E-02  -3.61821985E-05
        8902   1.78060029E-02   1.66291874E-02   1.66285876E-02  -3.60687118E-05
        8903   1.78080015E-02   1.66298617E-02   1.66292600E-02  -3.61792627E-05
        8904   1.78100020E-02   1.66305359E-02   1.66299343E-02  -3.61777966E-05
        8905   1.78120025E-02   1.66312102E-02   1.66306086E-02  -3.61763305E-05
        8906   1.78140011E-02   1.66318845E-02   1.66312829E-02  -3.61748644E-05
        8907   1.78160015E-02   1.66325588E-02   1.66319553E-02  -3.62853934E-05
        8908   1.78180020E-02   1.66332331E-02   1.66326296E-02  -3.62839201E-05
        8909   1.78200025E-02   1.66339073E-02   1.66333020E-02  -3.63944382E-05
        8910   1.78220011E-02   1.66345797E-02   1.66339763E-02  -3.62809842E-05
        8911   1.78240016E-02   1.66352522E-02   1.66346487E-02  -3.62795181E-05
        8912   1.78260021E-02   1.66359246E-02   1.66353229E-02  -3.61660786E-05
        8913   1.78280026E-02   1.66365970E-02   1.66359954E-02  -3.61646162E-05
        8914   1.78300012E-02   1.66372694E-02   1.66366678E-02  -3.61631537E-05
        8915   1.78320017E-02   1.66379418E-02   1.66373402E-02  -3.61616912E-05
        8916   1.78340022E-02   1.66386142E-02   1.66380126E-02  -3.61602324E-05
        8917   1.78360026E-02   1.66392867E-02   1.66386869E-02  -3.60468184E-05
        8918   1.78380013E-02   1.66399591E-02   1.66393593E-02  -3.60453632E-05
        8919   1.78400017E-02   1.66406315E-02   1.66400280E-02  -3.62677893E-05
        8920   1.78420022E-02   1.66413039E-02   1.66407004E-02  -3.62663231E-05
        8921   1.78440027E-02   1.66419763E-02   1.66413728E-02  -3.62648570E-05
        8922   1.78460013E-02   1.66426487E-02   1.66420452E-02  -3.62633946E-05
        8923   1.78480018E-02   1.66433193E-02   1.66427158E-02  -3.62619321E-05
        8924   1.78500023E-02   1.66439898E-02   1.66433882E-02  -3.61485509E-05
        8925   1.78520028E-02   1.66446604E-02   1.66440606E-02  -3.60351805E-05
        8926   1.78540014E-02   1.66453309E-02   1.66447293E-02  -3.61456405E-05
        8927   1.78560019E-02   1.66460015E-02   1.66454017E-02  -3.60322774E-05
        8928   1.78580023E-02   1.66466720E-02   1.66460723E-02  -3.60308259E-05
        8929   1.78600028E-02   1.66473426E-02   1.66467428E-02  -3.60293743E-05
        8930   1.78620014E-02   1.66480131E-02   1.66474134E-02  -3.60279228E-05
        8931   1.78640019E-02   1.66486837E-02   1.66480839E-02  -3.60264712E-05
        8932   1.78660024E-02   1.66493542E-02   1.66487545E-02  -3.60250233E-05
        8933   1.78680029E-02   1.66500248E-02   1.66494250E-02  -3.60235717E-05
        8934   1.78700015E-02   1.66506954E-02   1.66500937E-02  -3.61339953E-05
        8935   1.78720020E-02   1.66513659E-02   1.66507643E-02  -3.61325401E-05
        8936   1.78740025E-02   1.66520365E-02   1.66514348E-02  -3.61310849E-05
        8937   1.78760011E-02   1.66527051E-02   1.66521054E-02  -3.60177728E-05
        8938   1.78780016E-02   1.66533738E-02   1.66527741E-02  -3.60163249E-05
        8939   1.78800020E-02   1.66540425E-02   1.66534428E-02  -3.60148806E-05
        8940   1.78820025E-02   1.66547112E-02   1.66541114E-02  -3.60134327E-05
        8941   1.78840011E-02   1.66553799E-02   1.66547801E-02  -3.60119884E-05
        8942   1.78860016E-02   1.66560486E-02   1.66554488E-02  -3.60105405E-05
        8943   1.78880021E-02   1.66567173E-02   1.66561194E-02  -3.58972611E-05
        8944   1.78900026E-02   1.66573860E-02   1.66567862E-02  -3.60076519E-05
        8945   1.78920012E-02   1.66580547E-02   1.66574568E-02  -3.58943798E-05
        8946   1.78940017E-02   1.66587234E-02   1.66581254E-02  -3.58929392E-05
        8947   1.78960022E-02   1.66593920E-02   1.66587923E-02  -3.60033155E-05
        8948   1.78980026E-02   1.66600607E-02   1.66594610E-02  -3.60018712E-05
        8949   1.79000013E-02   1.66607294E-02   1.66601297E-02  -3.60004233E-05
        8950   1.79020017E-02   1.66613981E-02   1.66607965E-02  -3.61107814E-05
        8951   1.79040022E-02   1.66620649E-02   1.66614652E-02  -3.59975384E-05
        8952   1.79060027E-02   1.66627318E-02   1.66621320E-02  -3.59960977E-05
        8953   1.79080013E-02   1.66633986E-02   1.66628007E-02  -3.58828693E-05
        8954   1.79100018E-02   1.66640654E-02   1.66634675E-02  -3.58814323E-05
        8955   1.79120023E-02   1.66647322E-02   1.66641343E-02  -3.58799989E-05
        8956   1.79140028E-02   1.66653991E-02   1.66648012E-02  -3.58785619E-05
        8957   1.79160014E-02   1.66660659E-02   1.66654699E-02  -3.57653553E-05
        8958   1.79180019E-02   1.66667327E-02   1.66661348E-02  -3.58756915E-05
        8959   1.79200023E-02   1.66673996E-02   1.66668035E-02  -3.57624922E-05
        8960   1.79220028E-02   1.66680664E-02   1.66674685E-02  -3.58728212E-05
        8961   1.79240014E-02   1.66687332E-02   1.66681353E-02  -3.58713842E-05
        8962   1.79260019E-02   1.66694000E-02   1.66688003E-02  -3.59816986E-05
        8963   1.79280024E-02   1.66700669E-02   1.66694690E-02  -3.58685138E-05
        8964   1.79300029E-02   1.66707337E-02   1.66701339E-02  -3.59788210E-05
        8965   1.79320015E-02   1.66713987E-02   1.66708007E-02  -3.58656507E-05
        8966   1.79340020E-02   1.66720636E-02   1.66714657E-02  -3.58642174E-05
        8967   1.79360025E-02   1.66727286E-02   1.66721325E-02  -3.57510617E-05
        8968   1.79380011E-02   1.66733935E-02   1.66727975E-02  -3.57496356E-05
        8969   1.79400016E-02   1.66740585E-02   1.66734625E-02  -3.57482095E-05
        8970   1.79420020E-02   1.66747235E-02   1.66741274E-02  -3.57467834E-05
        8971   1.79440025E-02   1.66753884E-02   1.66747924E-02  -3.57453609E-05
        8972   1.79460011E-02   1.66760534E-02   1.66754574E-02  -3.57439349E-05
        8973   1.79480016E-02   1.66767184E-02   1.66761223E-02  -3.57425088E-05
        8974   1.79500021E-02   1.66773833E-02   1.66767873E-02  -3.57410827E-05
        8975   1.79520026E-02   1.66780483E-02   1.66774504E-02  -3.58513498E-05
        8976   1.79540012E-02   1.66787133E-02   1.66781154E-02  -3.58499201E-05
        8977   1.79560017E-02   1.66793782E-02   1.66787803E-02  -3.58484904E-05
        8978   1.79580022E-02   1.66800432E-02   1.66794434E-02  -3.59587393E-05
        8979   1.79600026E-02   1.66807063E-02   1.66801084E-02  -3.58456346E-05
        8980   1.79620013E-02   1.66813694E-02   1.66807715E-02  -3.58442121E-05
        8981   1.79640017E-02   1.66820325E-02   1.66814364E-02  -3.57311219E-05
        8982   1.79660022E-02   1.66826956E-02   1.66820996E-02  -3.57297031E-05
        8983   1.79680027E-02   1.66833587E-02   1.66827627E-02  -3.57282806E-05
        8984   1.79700013E-02   1.66840218E-02   1.66834276E-02  -3.56152123E-05
        8985   1.79720018E-02   1.66846849E-02   1.66840889E-02  -3.57254430E-05
        8986   1.79740023E-02   1.66853480E-02   1.66847538E-02  -3.56123819E-05
        8987   1.79760028E-02   1.66860111E-02   1.66854169E-02  -3.56109667E-05
        8988   1.79780014E-02   1.66866742E-02   1.66860800E-02  -3.56095516E-05
        8989   1.79800019E-02   1.66873373E-02   1.66867413E-02  -3.57197641E-05
        8990   1.79820023E-02   1.66880004E-02   1.66874044E-02  -3.57183453E-05
        8991   1.79840028E-02   1.66886635E-02   1.66880656E-02  -3.58285433E-05
        8992   1.79860014E-02   1.66893266E-02   1.66887287E-02  -3.58271209E-05
        8993   1.79880019E-02   1.66899879E-02   1.66893899E-02  -3.58257021E-05
        8994   1.79900024E-02   1.66906491E-02   1.66900530E-02  -3.57126737E-05
        8995   1.79920029E-02   1.66913103E-02   1.66907143E-02  -3.57112622E-05
        8996   1.79940015E-02   1.66919716E-02   1.66913774E-02  -3.55982484E-05
        8997   1.79960020E-02   1.66926328E-02   1.66920386E-02  -3.55968368E-05
        8998   1.79980025E-02   1.66932940E-02   1.66926999E-02  -3.55954289E-05
        8999   1.80000011E-02   1.66939553E-02   1.66933611E-02  -3.55940174E-05
        9000   1.80020016E-02   1.66946165E-02   1.66940223E-02  -3.55926095E-05
        9001   1.80040020E-02   1.66952778E-02   1.66946836E-02  -3.55911980E-05
        9002   1.80060025E-02   1.66959390E-02   1.66953448E-02  -3.55897901E-05
        9003   1.80080011E-02   1.66966002E-02   1.66960061E-02  -3.55883785E-05
        9004   1.80100016E-02   1.66972615E-02   1.66966654E-02  -3.56985329E-05
        9005   1.80120021E-02   1.66979227E-02   1.66973267E-02  -3.56971177E-05
        9006   1.80140026E-02   1.66985840E-02   1.66979879E-02  -3.56957062E-05
        9007   1.80160012E-02   1.66992433E-02   1.66986492E-02  -3.55827469E-05
        9008   1.80180017E-02   1.66999027E-02   1.66993085E-02  -3.55813427E-05
        9009   1.80200022E-02   1.67005621E-02   1.66999679E-02  -3.55799384E-05
        9010   1.80220027E-02   1.67012215E-02   1.67006273E-02  -3.55785305E-05
        9011   1.80240013E-02   1.67018808E-02   1.67012885E-02  -3.54655967E-05
        9012   1.80260018E-02   1.67025402E-02   1.67019479E-02  -3.54641961E-05
        9013   1.80280022E-02   1.67031996E-02   1.67026073E-02  -3.54627955E-05
        9014   1.80300027E-02   1.67038590E-02   1.67032667E-02  -3.54613949E-05
        9015   1.80320013E-02   1.67045183E-02   1.67039260E-02  -3.54599979E-05
        9016   1.80340018E-02   1.67051777E-02   1.67045854E-02  -3.54585973E-05
        9017   1.80360023E-02   1.67058371E-02   1.67052448E-02  -3.54571966E-05
        9018   1.80380028E-02   1.67064965E-02   1.67059042E-02  -3.54557960E-05
        9019   1.80400014E-02   1.67071559E-02   1.67065617E-02  -3.55658958E-05
        9020   1.80420019E-02   1.67078152E-02   1.67072192E-02  -3.56759811E-05
        9021   1.80440024E-02   1.67084727E-02   1.67078786E-02  -3.55630909E-05
        9022   1.80460028E-02   1.67091303E-02   1.67085361E-02  -3.55616903E-05
        9023   1.80480015E-02   1.67097878E-02   1.67091954E-02  -3.54488147E-05
        9024   1.80500019E-02   1.67104453E-02   1.67098530E-02  -3.54474178E-05
        9025   1.80520024E-02   1.67111028E-02   1.67105105E-02  -3.54460244E-05
        9026   1.80540029E-02   1.67117603E-02   1.67111699E-02  -3.53331634E-05
        9027   1.80560015E-02   1.67124178E-02   1.67118274E-02  -3.53317737E-05
        9028   1.80580020E-02   1.67130753E-02   1.67124849E-02  -3.53303840E-05
        9029   1.80600025E-02   1.67137329E-02   1.67131424E-02  -3.53289943E-05
        9030   1.80620011E-02   1.67143904E-02   1.67137980E-02  -3.54390504E-05
        9031   1.80640016E-02   1.67150479E-02   1.67144556E-02  -3.54376571E-05
        9032   1.80660021E-02   1.67157054E-02   1.67151131E-02  -3.54362637E-05
        9033   1.80680025E-02   1.67163629E-02   1.67157706E-02  -3.54348704E-05
        9034   1.80700012E-02   1.67170204E-02   1.67164281E-02  -3.54334770E-05
        9035   1.80720016E-02   1.67176779E-02   1.67170838E-02  -3.55435077E-05
        9036   1.80740021E-02   1.67183336E-02   1.67177394E-02  -3.55421143E-05
        9037   1.80760026E-02   1.67189892E-02   1.67183969E-02  -3.54293043E-05
        9038   1.80780012E-02   1.67196449E-02   1.67190526E-02  -3.54279146E-05
        9039   1.80800017E-02   1.67203005E-02   1.67197082E-02  -3.54265248E-05
        9040   1.80820022E-02   1.67209562E-02   1.67203657E-02  -3.53137330E-05
        9041   1.80840027E-02   1.67216118E-02   1.67210214E-02  -3.53123469E-05
        9042   1.80860013E-02   1.67222675E-02   1.67216770E-02  -3.53109608E-05
        9043   1.80880018E-02   1.67229231E-02   1.67223327E-02  -3.53095784E-05
        9044   1.80900022E-02   1.67235788E-02   1.67229883E-02  -3.53081923E-05
        9045   1.80920027E-02   1.67242344E-02   1.67236440E-02  -3.53068099E-05
        9046   1.80940013E-02   1.67248901E-02   1.67242978E-02  -3.54168042E-05
        9047   1.80960018E-02   1.67255457E-02   1.67249534E-02  -3.54154145E-05
        9048   1.80980023E-02   1.67262014E-02   1.67256072E-02  -3.55253942E-05
        9049   1.81000028E-02   1.67268571E-02   1.67262629E-02  -3.55240009E-05
        9050   1.81020014E-02   1.67275108E-02   1.67269185E-02  -3.54112526E-05
        9051   1.81040019E-02   1.67281646E-02   1.67275723E-02  -3.54098702E-05
        9052   1.81060024E-02   1.67288184E-02   1.67282261E-02  -3.54084841E-05
        9053   1.81080028E-02   1.67294722E-02   1.67288817E-02  -3.52957541E-05
        9054   1.81100015E-02   1.67301260E-02   1.67295355E-02  -3.52943753E-05
        9055   1.81120019E-02   1.67307798E-02   1.67301893E-02  -3.52929965E-05
        9056   1.81140024E-02   1.67314336E-02   1.67308431E-02  -3.52916177E-05
        9057   1.81160029E-02   1.67320874E-02   1.67314969E-02  -3.52902389E-05
        9058   1.81180015E-02   1.67327411E-02   1.67321507E-02  -3.52888601E-05
        9059   1.81200020E-02   1.67333949E-02   1.67328045E-02  -3.52874813E-05
        9060   1.81220025E-02   1.67340487E-02   1.67334583E-02  -3.52861025E-05
        9061   1.81240011E-02   1.67347025E-02   1.67341102E-02  -3.53960349E-05
        9062   1.81260016E-02   1.67353563E-02   1.67347621E-02  -3.55059601E-05
        9063   1.81280021E-02   1.67360101E-02   1.67354159E-02  -3.55045740E-05
        9064   1.81300025E-02   1.67366620E-02   1.67360697E-02  -3.53918913E-05
        9065   1.81320012E-02   1.67373139E-02   1.67367235E-02  -3.52792194E-05
        9066   1.81340016E-02   1.67379659E-02   1.67373754E-02  -3.52778443E-05
        9067   1.81360021E-02   1.67386178E-02   1.67380273E-02  -3.52764691E-05
        9068   1.81380026E-02   1.67392697E-02   1.67386811E-02  -3.51638155E-05
        9069   1.81400012E-02   1.67399216E-02   1.67393330E-02  -3.51624440E-05
        9070   1.81420017E-02   1.67405736E-02   1.67399831E-02  -3.52723473E-05
        9071   1.81440022E-02   1.67412255E-02   1.67406350E-02  -3.52709758E-05
        9072   1.81460027E-02   1.67418774E-02   1.67412870E-02  -3.52696006E-05
        9073   1.81480013E-02   1.67425293E-02   1.67419389E-02  -3.52682291E-05
        9074   1.81500018E-02   1.67431813E-02   1.67425908E-02  -3.52668540E-05
        9075   1.81520022E-02   1.67438332E-02   1.67432427E-02  -3.52654824E-05
        9076   1.81540027E-02   1.67444851E-02   1.67438928E-02  -3.53753567E-05
        9077   1.81560013E-02   1.67451371E-02   1.67445447E-02  -3.53739779E-05
        9078   1.81580018E-02   1.67457871E-02   1.67451948E-02  -3.53726064E-05
        9079   1.81600023E-02   1.67464372E-02   1.67458467E-02  -3.52599964E-05
        9080   1.81620028E-02   1.67470872E-02   1.67464968E-02  -3.52586285E-05
        9081   1.81640014E-02   1.67477373E-02   1.67471487E-02  -3.51460330E-05
        9082   1.81660019E-02   1.67483874E-02   1.67477988E-02  -3.51446688E-05
        9083   1.81680024E-02   1.67490374E-02   1.67484488E-02  -3.51433046E-05
        9084   1.81700028E-02   1.67496875E-02   1.67490989E-02  -3.51419440E-05
        9085   1.81720015E-02   1.67503376E-02   1.67497490E-02  -3.51405797E-05
        9086   1.81740019E-02   1.67509876E-02   1.67503990E-02  -3.51392155E-05
        9087   1.81760024E-02   1.67516377E-02   1.67510491E-02  -3.51378512E-05
        9088   1.81780029E-02   1.67522877E-02   1.67516991E-02  -3.51364870E-05
        9089   1.81800015E-02   1.67529378E-02   1.67523492E-02  -3.51351227E-05
        9090   1.81820020E-02   1.67535879E-02   1.67529993E-02  -3.51337621E-05
        9091   1.81840025E-02   1.67542379E-02   1.67536475E-02  -3.52435782E-05
        9092   1.81860011E-02   1.67548880E-02   1.67542975E-02  -3.52422139E-05
        9093   1.81880016E-02   1.67555362E-02   1.67549457E-02  -3.52408497E-05
        9094   1.81900021E-02   1.67561844E-02   1.67555939E-02  -3.52394854E-05
        9095   1.81920025E-02   1.67568326E-02   1.67562440E-02  -3.51269555E-05
        9096   1.81940012E-02   1.67574808E-02   1.67568922E-02  -3.51255985E-05
        9097   1.81960016E-02   1.67581290E-02   1.67575404E-02  -3.51242415E-05
        9098   1.81980021E-02   1.67587772E-02   1.67581886E-02  -3.51228809E-05
        9099   1.82000026E-02   1.67594254E-02   1.67588368E-02  -3.51215240E-05
        9100   1.82020012E-02   1.67600736E-02   1.67594850E-02  -3.51201634E-05
        9101   1.82040017E-02   1.67607218E-02   1.67601332E-02  -3.51188064E-05
        9102   1.82060022E-02   1.67613700E-02   1.67607814E-02  -3.51174494E-05
        9103   1.82080027E-02   1.67620182E-02   1.67614296E-02  -3.51160888E-05
        9104   1.82100013E-02   1.67626664E-02   1.67620778E-02  -3.51147319E-05
        9105   1.82120018E-02   1.67633146E-02   1.67627241E-02  -3.52244970E-05
        9106   1.82140023E-02   1.67639628E-02   1.67633723E-02  -3.52231327E-05
        9107   1.82160027E-02   1.67646091E-02   1.67640187E-02  -3.52217758E-05
        9108   1.82180014E-02   1.67652555E-02   1.67646669E-02  -3.51093076E-05
        9109   1.82200018E-02   1.67659018E-02   1.67653132E-02  -3.51079543E-05
        9110   1.82220023E-02   1.67665482E-02   1.67659596E-02  -3.51066010E-05
        9111   1.82240028E-02   1.67671945E-02   1.67666078E-02  -3.49941511E-05
        9112   1.82260014E-02   1.67678408E-02   1.67672541E-02  -3.49928014E-05
        9113   1.82280019E-02   1.67684872E-02   1.67679004E-02  -3.49914553E-05
        9114   1.82300024E-02   1.67691335E-02   1.67685449E-02  -3.51011877E-05
        9115   1.82320029E-02   1.67697798E-02   1.67691931E-02  -3.49887559E-05
        9116   1.82340015E-02   1.67704262E-02   1.67698395E-02  -3.49874099E-05
        9117   1.82360020E-02   1.67710725E-02   1.67704839E-02  -3.50971313E-05
        9118   1.82380024E-02   1.67717189E-02   1.67711303E-02  -3.50957780E-05
        9119   1.82400029E-02   1.67723652E-02   1.67717766E-02  -3.50944247E-05
        9120   1.82420015E-02   1.67730115E-02   1.67724229E-02  -3.50930750E-05
        9121   1.82440020E-02   1.67736560E-02   1.67730656E-02  -3.52027782E-05
        9122   1.82460025E-02   1.67743005E-02   1.67737119E-02  -3.50903756E-05
        9123   1.82480011E-02   1.67749450E-02   1.67743582E-02  -3.49779839E-05
        9124   1.82500016E-02   1.67755894E-02   1.67750027E-02  -3.49766378E-05
        9125   1.82520021E-02   1.67762339E-02   1.67756472E-02  -3.49752954E-05
        9126   1.82540026E-02   1.67768784E-02   1.67762917E-02  -3.49739530E-05
        9127   1.82560012E-02   1.67775229E-02   1.67769380E-02  -3.48615795E-05
        9128   1.82580017E-02   1.67781673E-02   1.67775825E-02  -3.48602407E-05
        9129   1.82600021E-02   1.67788118E-02   1.67782251E-02  -3.49699221E-05
        9130   1.82620026E-02   1.67794563E-02   1.67788696E-02  -3.49685797E-05
        9131   1.82640012E-02   1.67801008E-02   1.67795140E-02  -3.49672373E-05
        9132   1.82660017E-02   1.67807452E-02   1.67801585E-02  -3.49658912E-05
        9133   1.82680022E-02   1.67813897E-02   1.67808030E-02  -3.49645488E-05
        9134   1.82700027E-02   1.67820342E-02   1.67814475E-02  -3.49632064E-05
        9135   1.82720013E-02   1.67826787E-02   1.67820901E-02  -3.50728587E-05
        9136   1.82740018E-02   1.67833213E-02   1.67827327E-02  -3.50715163E-05
        9137   1.82760023E-02   1.67839639E-02   1.67833772E-02  -3.49591865E-05
        9138   1.82780027E-02   1.67846065E-02   1.67840198E-02  -3.49578477E-05
        9139   1.82800014E-02   1.67852491E-02   1.67846624E-02  -3.49565089E-05
        9140   1.82820018E-02   1.67858917E-02   1.67853069E-02  -3.48442009E-05
        9141   1.82840023E-02   1.67865343E-02   1.67859495E-02  -3.48428657E-05
        9142   1.82860028E-02   1.67871770E-02   1.67865921E-02  -3.48415306E-05
        9143   1.82880014E-02   1.67878196E-02   1.67872347E-02  -3.48401991E-05
        9144   1.82900019E-02   1.67884622E-02   1.67878773E-02  -3.48388639E-05
        9145   1.82920024E-02   1.67891048E-02   1.67885199E-02  -3.48375324E-05
        9146   1.82940029E-02   1.67897474E-02   1.67891625E-02  -3.48361973E-05
        9147   1.82960015E-02   1.67903900E-02   1.67898033E-02  -3.49458060E-05
        9148   1.82980020E-02   1.67910326E-02   1.67904459E-02  -3.49444708E-05
        9149   1.83000024E-02   1.67916752E-02   1.67910866E-02  -3.50540649E-05
        9150   1.83020029E-02   1.67923160E-02   1.67917293E-02  -3.49417969E-05
        9151   1.83040015E-02   1.67929567E-02   1.67923700E-02  -3.49404654E-05
        9152   1.83060020E-02   1.67935975E-02   1.67930126E-02  -3.48282119E-05
        9153   1.83080025E-02   1.67942382E-02   1.67936534E-02  -3.48268804E-05
        9154   1.83100011E-02   1.67948790E-02   1.67942941E-02  -3.48255526E-05
        9155   1.83120016E-02   1.67955197E-02   1.67949367E-02  -3.47133137E-05
        9156   1.83140021E-02   1.67961605E-02   1.67955756E-02  -3.48228969E-05
        9157   1.83160026E-02   1.67968012E-02   1.67962182E-02  -3.47106652E-05
        9158   1.83180012E-02   1.67974420E-02   1.67968571E-02  -3.48202375E-05
        9159   1.83200017E-02   1.67980827E-02   1.67974979E-02  -3.48189096E-05
        9160   1.83220021E-02   1.67987235E-02   1.67981386E-02  -3.48175818E-05
        9161   1.83240026E-02   1.67993642E-02   1.67987794E-02  -3.48162539E-05
        9162   1.83260012E-02   1.68000050E-02   1.67994201E-02  -3.48149260E-05
        9163   1.83280017E-02   1.68006457E-02   1.68000590E-02  -3.49244729E-05
        9164   1.83300022E-02   1.68012865E-02   1.68006998E-02  -3.49231414E-05
        9165   1.83320027E-02   1.68019254E-02   1.68013405E-02  -3.48109461E-05
        9166   1.83340013E-02   1.68025643E-02   1.68019794E-02  -3.48096219E-05
        9167   1.83360018E-02   1.68032032E-02   1.68026183E-02  -3.48083013E-05
        9168   1.83380023E-02   1.68038420E-02   1.68032572E-02  -3.48069771E-05
        9169   1.83400027E-02   1.68044809E-02   1.68038979E-02  -3.46948036E-05
        9170   1.83420014E-02   1.68051198E-02   1.68045368E-02  -3.46934830E-05
        9171   1.83440018E-02   1.68057587E-02   1.68051757E-02  -3.46921661E-05
        9172   1.83460023E-02   1.68063976E-02   1.68058146E-02  -3.46908455E-05
        9173   1.83480028E-02   1.68070365E-02   1.68064535E-02  -3.46895285E-05
        9174   1.83500014E-02   1.68076754E-02   1.68070924E-02  -3.46882080E-05
        9175   1.83520019E-02   1.68083142E-02   1.68077294E-02  -3.47977148E-05
        9176   1.83540024E-02   1.68089531E-02   1.68083683E-02  -3.47963905E-05
        9177   1.83560029E-02   1.68095920E-02   1.68090072E-02  -3.47950700E-05
        9178   1.83580015E-02   1.68102309E-02   1.68096460E-02  -3.47937457E-05
        9179   1.83600020E-02   1.68108679E-02   1.68102831E-02  -3.47924288E-05
        9180   1.83620024E-02   1.68115050E-02   1.68109220E-02  -3.46803063E-05
        9181   1.83640029E-02   1.68121420E-02   1.68115590E-02  -3.46789930E-05
        9182   1.83660015E-02   1.68127790E-02   1.68121960E-02  -3.46776797E-05
        9183   1.83680020E-02   1.68134160E-02   1.68128349E-02  -3.45655753E-05
        9184   1.83700025E-02   1.68140531E-02   1.68134701E-02  -3.46750494E-05
        9185   1.83720011E-02   1.68146901E-02   1.68141089E-02  -3.45629560E-05
        9186   1.83740016E-02   1.68153271E-02   1.68147460E-02  -3.45616463E-05
        9187   1.83760021E-02   1.68159641E-02   1.68153830E-02  -3.45603366E-05
        9188   1.83780026E-02   1.68166012E-02   1.68160200E-02  -3.45590270E-05
        9189   1.83800012E-02   1.68172382E-02   1.68166570E-02  -3.45577173E-05
        9190   1.83820017E-02   1.68178752E-02   1.68172922E-02  -3.46671695E-05
        9191   1.83840021E-02   1.68185122E-02   1.68179292E-02  -3.46658562E-05
        9192   1.83860026E-02   1.68191493E-02   1.68185662E-02  -3.46645429E-05
        9193   1.83880012E-02   1.68197863E-02   1.68192033E-02  -3.46632296E-05
        9194   1.83900017E-02   1.68204214E-02   1.68198384E-02  -3.46619236E-05
        9195   1.83920022E-02   1.68210566E-02   1.68204736E-02  -3.46606139E-05
        9196   1.83940027E-02   1.68216918E-02   1.68211106E-02  -3.45485678E-05
        9197   1.83960013E-02   1.68223269E-02   1.68217458E-02  -3.45472654E-05
        9198   1.83980018E-02   1.68229621E-02   1.68223809E-02  -3.45459594E-05
        9199   1.84000023E-02   1.68235973E-02   1.68230180E-02  -3.44339314E-05
        9200   1.84020028E-02   1.68242324E-02   1.68236513E-02  -3.45433509E-05
        9201   1.84040014E-02   1.68248676E-02   1.68242883E-02  -3.44313303E-05
        9202   1.84060019E-02   1.68255027E-02   1.68249216E-02  -3.45407425E-05
        9203   1.84080023E-02   1.68261379E-02   1.68255568E-02  -3.45394401E-05
        9204   1.84100028E-02   1.68267731E-02   1.68261919E-02  -3.45381341E-05
        9205   1.84120014E-02   1.68274082E-02   1.68268271E-02  -3.45368317E-05
        9206   1.84140019E-02   1.68280434E-02   1.68274622E-02  -3.45355293E-05
        9207   1.84160024E-02   1.68286785E-02   1.68280955E-02  -3.46449160E-05
        9208   1.84180029E-02   1.68293137E-02   1.68287288E-02  -3.47542918E-05
        9209   1.84200015E-02   1.68299470E-02   1.68293640E-02  -3.46423039E-05
        9210   1.84220020E-02   1.68305803E-02   1.68299973E-02  -3.46409979E-05
        9211   1.84240025E-02   1.68312136E-02   1.68306325E-02  -3.45290209E-05
        9212   1.84260029E-02   1.68318469E-02   1.68312658E-02  -3.45277222E-05
        9213   1.84280016E-02   1.68324802E-02   1.68319009E-02  -3.44157597E-05
        9214   1.84300020E-02   1.68331135E-02   1.68325324E-02  -3.45251246E-05
        9215   1.84320025E-02   1.68337468E-02   1.68331675E-02  -3.44131695E-05
        9216   1.84340011E-02   1.68343801E-02   1.68338008E-02  -3.44118744E-05
        9217   1.84360016E-02   1.68350134E-02   1.68344323E-02  -3.45212284E-05
        9218   1.84380021E-02   1.68356467E-02   1.68350656E-02  -3.45199296E-05
        9219   1.84400026E-02   1.68362800E-02   1.68356989E-02  -3.45186309E-05
        9220   1.84420012E-02   1.68369133E-02   1.68363322E-02  -3.45173321E-05
        9221   1.84440017E-02   1.68375466E-02   1.68369655E-02  -3.45160333E-05
        9222   1.84460022E-02   1.68381799E-02   1.68375969E-02  -3.46253655E-05
        9223   1.84480026E-02   1.68388113E-02   1.68382302E-02  -3.45134431E-05
        9224   1.84500013E-02   1.68394428E-02   1.68388616E-02  -3.45121480E-05
        9225   1.84520017E-02   1.68400742E-02   1.68394949E-02  -3.44002401E-05
        9226   1.84540022E-02   1.68407056E-02   1.68401264E-02  -3.43989486E-05
        9227   1.84560027E-02   1.68413371E-02   1.68407578E-02  -3.43976571E-05
        9228   1.84580013E-02   1.68419685E-02   1.68413892E-02  -3.43963693E-05
        9229   1.84600018E-02   1.68426000E-02   1.68420207E-02  -3.43950778E-05
        9230   1.84620023E-02   1.68432314E-02   1.68426540E-02  -3.42831954E-05
        9231   1.84640028E-02   1.68438628E-02   1.68432835E-02  -3.43925021E-05
        9232   1.84660014E-02   1.68444943E-02   1.68439150E-02  -3.43912106E-05
        9233   1.84680019E-02   1.68451257E-02   1.68445464E-02  -3.43899228E-05
        9234   1.84700023E-02   1.68457571E-02   1.68451779E-02  -3.43886313E-05
        9235   1.84720028E-02   1.68463886E-02   1.68458093E-02  -3.43873435E-05
        9236   1.84740014E-02   1.68470200E-02   1.68464389E-02  -3.44966247E-05
        9237   1.84760019E-02   1.68476515E-02   1.68470703E-02  -3.44953332E-05
        9238   1.84780024E-02   1.68482810E-02   1.68476999E-02  -3.44940418E-05
        9239   1.84800029E-02   1.68489106E-02   1.68483313E-02  -3.43821957E-05
        9240   1.84820015E-02   1.68495402E-02   1.68489628E-02  -3.42703570E-05
        9241   1.84840020E-02   1.68501697E-02   1.68495905E-02  -3.43796273E-05
        9242   1.84860025E-02   1.68507993E-02   1.68502200E-02  -3.43783431E-05
        9243   1.84880029E-02   1.68514289E-02   1.68508515E-02  -3.42665189E-05
        9244   1.84900016E-02   1.68520585E-02   1.68514829E-02  -3.41547020E-05
        9245   1.84920020E-02   1.68526880E-02   1.68521106E-02  -3.42639578E-05
        9246   1.84940025E-02   1.68533176E-02   1.68527402E-02  -3.42626772E-05
        9247   1.84960011E-02   1.68539472E-02   1.68533698E-02  -3.42613966E-05
        9248   1.84980016E-02   1.68545768E-02   1.68539993E-02  -3.42601161E-05
        9249   1.85000021E-02   1.68552063E-02   1.68546271E-02  -3.43693537E-05
        9250   1.85020026E-02   1.68558359E-02   1.68552566E-02  -3.43680695E-05
        9251   1.85040012E-02   1.68564655E-02   1.68558862E-02  -3.43667853E-05
        9252   1.85060017E-02   1.68570951E-02   1.68565158E-02  -3.43655011E-05
        9253   1.85080022E-02   1.68577228E-02   1.68571435E-02  -3.43642241E-05
        9254   1.85100026E-02   1.68583505E-02   1.68577712E-02  -3.43629436E-05
        9255   1.85120013E-02   1.68589782E-02   1.68584008E-02  -3.42511739E-05
        9256   1.85140017E-02   1.68596059E-02   1.68590285E-02  -3.42498970E-05
        9257   1.85160022E-02   1.68602336E-02   1.68596581E-02  -3.41381383E-05
        9258   1.85180027E-02   1.68608613E-02   1.68602839E-02  -3.42473468E-05
        9259   1.85200013E-02   1.68614890E-02   1.68609135E-02  -3.41355990E-05
        9260   1.85220018E-02   1.68621168E-02   1.68615393E-02  -3.42447966E-05
        9261   1.85240023E-02   1.68627445E-02   1.68621670E-02  -3.42435233E-05
        9262   1.85260028E-02   1.68633722E-02   1.68627948E-02  -3.42422463E-05
        9263   1.85280014E-02   1.68639999E-02   1.68634225E-02  -3.42409730E-05
        9264   1.85300019E-02   1.68646276E-02   1.68640483E-02  -3.43501524E-05
        9265   1.85320023E-02   1.68652553E-02   1.68646779E-02  -3.42384228E-05
        9266   1.85340028E-02   1.68658830E-02   1.68653037E-02  -3.43475949E-05
        9267   1.85360014E-02   1.68665107E-02   1.68659315E-02  -3.43463180E-05
        9268   1.85380019E-02   1.68671366E-02   1.68665573E-02  -3.43450447E-05
        9269   1.85400024E-02   1.68677624E-02   1.68671850E-02  -3.42333333E-05
        9270   1.85420029E-02   1.68683883E-02   1.68678109E-02  -3.42320636E-05
        9271   1.85440015E-02   1.68690141E-02   1.68684386E-02  -3.41203704E-05
        9272   1.85460020E-02   1.68696400E-02   1.68690626E-02  -3.42295243E-05
        9273   1.85480025E-02   1.68702658E-02   1.68696903E-02  -3.41178384E-05
        9274   1.85500029E-02   1.68708917E-02   1.68703161E-02  -3.41165724E-05
        9275   1.85520016E-02   1.68715175E-02   1.68709420E-02  -3.41153063E-05
        9276   1.85540020E-02   1.68721434E-02   1.68715660E-02  -3.42244457E-05
        9277   1.85560025E-02   1.68727692E-02   1.68721937E-02  -3.41127743E-05
        9278   1.85580011E-02   1.68733951E-02   1.68728177E-02  -3.42219064E-05
        9279   1.85600016E-02   1.68740209E-02   1.68734435E-02  -3.42206367E-05
        9280   1.85620021E-02   1.68746468E-02   1.68740693E-02  -3.42193671E-05
        9281   1.85640026E-02   1.68752726E-02   1.68746952E-02  -3.42181011E-05
        9282   1.85660012E-02   1.68758985E-02   1.68753192E-02  -3.43272113E-05
        9283   1.85680017E-02   1.68765225E-02   1.68759432E-02  -3.43259417E-05
        9284   1.85700022E-02   1.68771464E-02   1.68765690E-02  -3.42142994E-05
        9285   1.85720026E-02   1.68777704E-02   1.68771930E-02  -3.42130334E-05
        9286   1.85740013E-02   1.68783944E-02   1.68778170E-02  -3.42117710E-05
        9287   1.85760017E-02   1.68790184E-02   1.68784428E-02  -3.41001469E-05
        9288   1.85780022E-02   1.68796424E-02   1.68790668E-02  -3.40988845E-05
        9289   1.85800027E-02   1.68802664E-02   1.68796908E-02  -3.40976258E-05
        9290   1.85820013E-02   1.68808904E-02   1.68803148E-02  -3.40963634E-05
        9291   1.85840018E-02   1.68815143E-02   1.68809388E-02  -3.40951046E-05
        9292   1.85860023E-02   1.68821383E-02   1.68815628E-02  -3.40938423E-05
        9293   1.85880028E-02   1.68827623E-02   1.68821849E-02  -3.42029198E-05
        9294   1.85900014E-02   1.68833863E-02   1.68828107E-02  -3.40913211E-05
        9295   1.85920019E-02   1.68840103E-02   1.68834329E-02  -3.42003914E-05
        9296   1.85940024E-02   1.68846343E-02   1.68840569E-02  -3.41991254E-05
        9297   1.85960028E-02   1.68852583E-02   1.68846790E-02  -3.43081811E-05
        9298   1.85980015E-02   1.68858804E-02   1.68853011E-02  -3.43069187E-05
        9299   1.86000019E-02   1.68865025E-02   1.68859251E-02  -3.41953419E-05
        9300   1.86020024E-02   1.68871246E-02   1.68865472E-02  -3.41940831E-05
        9301   1.86040029E-02   1.68877468E-02   1.68871712E-02  -3.40825209E-05
        9302   1.86060015E-02   1.68883689E-02   1.68877933E-02  -3.40812658E-05
        9303   1.86080020E-02   1.68889910E-02   1.68884154E-02  -3.40800107E-05
        9304   1.86100025E-02   1.68896131E-02   1.68890376E-02  -3.40787519E-05
        9305   1.86120030E-02   1.68902352E-02   1.68896597E-02  -3.40774968E-05
        9306   1.86140016E-02   1.68908574E-02   1.68902818E-02  -3.40762417E-05
        9307   1.86160021E-02   1.68914795E-02   1.68909039E-02  -3.40749866E-05
        9308   1.86180025E-02   1.68921016E-02   1.68915261E-02  -3.40737315E-05
        9309   1.86200012E-02   1.68927237E-02   1.68921463E-02  -3.41827472E-05
        9310   1.86220016E-02   1.68933459E-02   1.68927684E-02  -3.41814884E-05
        9311   1.86240021E-02   1.68939680E-02   1.68933906E-02  -3.41802297E-05
        9312   1.86260026E-02   1.68945901E-02   1.68940108E-02  -3.42892308E-05
        9313   1.86280012E-02   1.68952104E-02   1.68946330E-02  -3.41777195E-05
        9314   1.86300017E-02   1.68958306E-02   1.68952532E-02  -3.41764644E-05
        9315   1.86320022E-02   1.68964509E-02   1.68958735E-02  -3.41752093E-05
        9316   1.86340027E-02   1.68970712E-02   1.68964956E-02  -3.40637125E-05
        9317   1.86360013E-02   1.68976914E-02   1.68971159E-02  -3.40624611E-05
        9318   1.86380018E-02   1.68983117E-02   1.68977361E-02  -3.40612096E-05
        9319   1.86400022E-02   1.68989319E-02   1.68983564E-02  -3.40599618E-05
        9320   1.86420027E-02   1.68995522E-02   1.68989766E-02  -3.40587103E-05
        9321   1.86440013E-02   1.69001725E-02   1.68995969E-02  -3.40574588E-05
        9322   1.86460018E-02   1.69007927E-02   1.69002172E-02  -3.40562110E-05
        9323   1.86480023E-02   1.69014130E-02   1.69008374E-02  -3.40549595E-05
        9324   1.86500028E-02   1.69020332E-02   1.69014577E-02  -3.40537117E-05
        9325   1.86520014E-02   1.69026535E-02   1.69020761E-02  -3.41626655E-05
        9326   1.86540019E-02   1.69032738E-02   1.69026963E-02  -3.41614141E-05
        9327   1.86560024E-02   1.69038940E-02   1.69033147E-02  -3.42703570E-05
        9328   1.86580028E-02   1.69045124E-02   1.69039350E-02  -3.41589111E-05
        9329   1.86600015E-02   1.69051308E-02   1.69045534E-02  -3.41576597E-05
        9330   1.86620019E-02   1.69057492E-02   1.69051718E-02  -3.41564119E-05
        9331   1.86640024E-02   1.69063676E-02   1.69057921E-02  -3.40449806E-05
        9332   1.86660029E-02   1.69069860E-02   1.69064105E-02  -3.40437364E-05
        9333   1.86680015E-02   1.69076044E-02   1.69070289E-02  -3.40424886E-05
        9334   1.86700020E-02   1.69082228E-02   1.69076473E-02  -3.40412444E-05
        9335   1.86720025E-02   1.69088412E-02   1.69082657E-02  -3.40400002E-05
        9336   1.86740030E-02   1.69094596E-02   1.69088840E-02  -3.40387560E-05
        9337   1.86760016E-02   1.69100780E-02   1.69095024E-02  -3.40375082E-05
        9338   1.86780021E-02   1.69106964E-02   1.69101190E-02  -3.41464183E-05
        9339   1.86800025E-02   1.69113148E-02   1.69107392E-02  -3.40350198E-05
        9340   1.86820012E-02   1.69119332E-02   1.69113558E-02  -3.41439227E-05
        9341   1.86840016E-02   1.69125516E-02   1.69119742E-02  -3.41426712E-05
        9342   1.86860021E-02   1.69131700E-02   1.69125907E-02  -3.42515632E-05
        9343   1.86880026E-02   1.69137865E-02   1.69132091E-02  -3.41401792E-05
        9344   1.86900012E-02   1.69144031E-02   1.69138256E-02  -3.41389350E-05
        9345   1.86920017E-02   1.69150196E-02   1.69144440E-02  -3.40275656E-05
        9346   1.86940022E-02   1.69156361E-02   1.69150606E-02  -3.40263250E-05
        9347   1.86960027E-02   1.69162527E-02   1.69156771E-02  -3.40250845E-05
        9348   1.86980013E-02   1.69168692E-02   1.69162937E-02  -3.40238439E-05
        9349   1.87000018E-02   1.69174857E-02   1.69169102E-02  -3.40226034E-05
        9350   1.87020022E-02   1.69181023E-02   1.69175267E-02  -3.40213664E-05
        9351   1.87040027E-02   1.69187188E-02   1.69181433E-02  -3.40201259E-05
        9352   1.87060013E-02   1.69193354E-02   1.69187598E-02  -3.40188853E-05
        9353   1.87080018E-02   1.69199519E-02   1.69193763E-02  -3.40176448E-05
        9354   1.87100023E-02   1.69205684E-02   1.69199910E-02  -3.41264968E-05
        9355   1.87120028E-02   1.69211850E-02   1.69206075E-02  -3.41252526E-05
        9356   1.87140014E-02   1.69218015E-02   1.69212241E-02  -3.41240084E-05
        9357   1.87160019E-02   1.69224180E-02   1.69218387E-02  -3.42328422E-05
        9358   1.87180024E-02   1.69230327E-02   1.69224553E-02  -3.41215273E-05
        9359   1.87200028E-02   1.69236474E-02   1.69230700E-02  -3.41202867E-05
        9360   1.87220015E-02   1.69242620E-02   1.69236865E-02  -3.40089828E-05
        9361   1.87240019E-02   1.69248767E-02   1.69243012E-02  -3.40077459E-05
        9362   1.87260024E-02   1.69254914E-02   1.69249158E-02  -3.40065126E-05
        9363   1.87280029E-02   1.69261061E-02   1.69255305E-02  -3.40052757E-05
        9364   1.87300015E-02   1.69267207E-02   1.69261470E-02  -3.38939935E-05
        9365   1.87320020E-02   1.69273354E-02   1.69267599E-02  -3.40028055E-05
        9366   1.87340025E-02   1.69279501E-02   1.69273745E-02  -3.40015722E-05
        9367   1.87360030E-02   1.69285648E-02   1.69279911E-02  -3.38903010E-05
        9368   1.87380016E-02   1.69291794E-02   1.69286039E-02  -3.39991020E-05
        9369   1.87400021E-02   1.69297941E-02   1.69292185E-02  -3.39978687E-05
        9370   1.87420025E-02   1.69304088E-02   1.69298332E-02  -3.39966355E-05
        9371   1.87440012E-02   1.69310234E-02   1.69304460E-02  -3.41054219E-05
        9372   1.87460016E-02   1.69316381E-02   1.69310607E-02  -3.41041850E-05
        9373   1.87480021E-02   1.69322509E-02   1.69316735E-02  -3.41029481E-05
        9374   1.87500026E-02   1.69328637E-02   1.69322863E-02  -3.41017148E-05
        9375   1.87520012E-02   1.69334766E-02   1.69329029E-02  -3.38804712E-05
        9376   1.87540017E-02   1.69340894E-02   1.69335138E-02  -3.39892467E-05
        9377   1.87560022E-02   1.69347022E-02   1.69341266E-02  -3.39880135E-05
        9378   1.87580027E-02   1.69353150E-02   1.69347394E-02  -3.39867838E-05
        9379   1.87600013E-02   1.69359278E-02   1.69353541E-02  -3.38755672E-05
        9380   1.87620018E-02   1.69365406E-02   1.69359650E-02  -3.39843245E-05
        9381   1.87640022E-02   1.69371534E-02   1.69365797E-02  -3.38731152E-05
        9382   1.87660027E-02   1.69377662E-02   1.69371925E-02  -3.38718892E-05
        9383   1.87680013E-02   1.69383790E-02   1.69378035E-02  -3.39806356E-05
        9384   1.87700018E-02   1.69389918E-02   1.69384163E-02  -3.39794060E-05
        9385   1.87720023E-02   1.69396047E-02   1.69390291E-02  -3.39781800E-05
        9386   1.87740028E-02   1.69402175E-02   1.69396400E-02  -3.40869119E-05
        9387   1.87760014E-02   1.69408303E-02   1.69402529E-02  -3.40856786E-05
        9388   1.87780019E-02   1.69414412E-02   1.69408657E-02  -3.39744947E-05
        9389   1.87800024E-02   1.69420522E-02   1.69414766E-02  -3.39732687E-05
        9390   1.87820029E-02   1.69426631E-02   1.69420876E-02  -3.39720427E-05
        9391   1.87840015E-02   1.69432741E-02   1.69427004E-02  -3.38608770E-05
        9392   1.87860020E-02   1.69438850E-02   1.69433113E-02  -3.38596583E-05
        9393   1.87880024E-02   1.69444960E-02   1.69439223E-02  -3.38584359E-05
        9394   1.87900029E-02   1.69451069E-02   1.69445351E-02  -3.37472848E-05
        9395   1.87920015E-02   1.69457179E-02   1.69451442E-02  -3.38559948E-05
        9396   1.87940020E-02   1.69463288E-02   1.69457551E-02  -3.38547725E-05
        9397   1.87960025E-02   1.69469398E-02   1.69463661E-02  -3.38535538E-05
        9398   1.87980030E-02   1.69475507E-02   1.69469770E-02  -3.38523314E-05
        9399   1.88000016E-02   1.69481616E-02   1.69475880E-02  -3.38511127E-05
        9400   1.88020021E-02   1.69487726E-02   1.69481989E-02  -3.38498940E-05
        9401   1.88040026E-02   1.69493835E-02   1.69488098E-02  -3.38486716E-05
        9402   1.88060012E-02   1.69499945E-02   1.69494189E-02  -3.39573489E-05
        9403   1.88080017E-02   1.69506036E-02   1.69500280E-02  -3.39561302E-05
        9404   1.88100021E-02   1.69512127E-02   1.69506390E-02  -3.38450191E-05
        9405   1.88120026E-02   1.69518217E-02   1.69512480E-02  -3.38438040E-05
        9406   1.88140012E-02   1.69524308E-02   1.69518590E-02  -3.37327037E-05
        9407   1.88160017E-02   1.69530399E-02   1.69524681E-02  -3.37314923E-05
        9408   1.88180022E-02   1.69536490E-02   1.69530772E-02  -3.37302808E-05
        9409   1.88200027E-02   1.69542581E-02   1.69536881E-02  -3.36191988E-05
        9410   1.88220013E-02   1.69548672E-02   1.69542972E-02  -3.36179910E-05
        9411   1.88240018E-02   1.69554763E-02   1.69549044E-02  -3.37266465E-05
        9412   1.88260023E-02   1.69560853E-02   1.69555135E-02  -3.37254351E-05
        9413   1.88280027E-02   1.69566944E-02   1.69561226E-02  -3.37242236E-05
        9414   1.88300014E-02   1.69573035E-02   1.69567317E-02  -3.37230122E-05
        9415   1.88320018E-02   1.69579126E-02   1.69573408E-02  -3.37218007E-05
        9416   1.88340023E-02   1.69585217E-02   1.69579480E-02  -3.38304308E-05
        9417   1.88360028E-02   1.69591308E-02   1.69585571E-02  -3.38292157E-05
        9418   1.88380014E-02   1.69597398E-02   1.69591643E-02  -3.39378385E-05
        9419   1.88400019E-02   1.69603471E-02   1.69597734E-02  -3.38267891E-05
        9420   1.88420024E-02   1.69609543E-02   1.69603806E-02  -3.38255813E-05
        9421   1.88440029E-02   1.69615615E-02   1.69609897E-02  -3.37145466E-05
        9422   1.88460015E-02   1.69621687E-02   1.69615969E-02  -3.37133388E-05
        9423   1.88480020E-02   1.69627760E-02   1.69622041E-02  -3.37121310E-05
        9424   1.88500024E-02   1.69633832E-02   1.69628114E-02  -3.37109232E-05
        9425   1.88520029E-02   1.69639904E-02   1.69634204E-02  -3.35999102E-05
        9426   1.88540015E-02   1.69645976E-02   1.69640277E-02  -3.35987097E-05
        9427   1.88560020E-02   1.69652048E-02   1.69646330E-02  -3.37073034E-05
        9428   1.88580025E-02   1.69658121E-02   1.69652402E-02  -3.37060992E-05
        9429   1.88600030E-02   1.69664193E-02   1.69658475E-02  -3.37048914E-05
        9430   1.88620016E-02   1.69670265E-02   1.69664547E-02  -3.37036872E-05
        9431   1.88640021E-02   1.69676337E-02   1.69670600E-02  -3.38122627E-05
        9432   1.88660026E-02   1.69682410E-02   1.69676673E-02  -3.38110549E-05
        9433   1.88680012E-02   1.69688482E-02   1.69682745E-02  -3.38098434E-05
        9434   1.88700017E-02   1.69694535E-02   1.69688798E-02  -3.38086356E-05
        9435   1.88720021E-02   1.69700589E-02   1.69694852E-02  -3.38074315E-05
        9436   1.88740026E-02   1.69706643E-02   1.69700924E-02  -3.36964622E-05
        9437   1.88760012E-02   1.69712696E-02   1.69706978E-02  -3.36952580E-05
        9438   1.88780017E-02   1.69718750E-02   1.69713032E-02  -3.36940575E-05
        9439   1.88800022E-02   1.69724803E-02   1.69719104E-02  -3.35831028E-05
        9440   1.88820027E-02   1.69730857E-02   1.69725157E-02  -3.35819059E-05
        9441   1.88840013E-02   1.69736911E-02   1.69731211E-02  -3.35807090E-05
        9442   1.88860018E-02   1.69742964E-02   1.69737265E-02  -3.35795085E-05
        9443   1.88880023E-02   1.69749018E-02   1.69743299E-02  -3.36880476E-05
        9444   1.88900027E-02   1.69755071E-02   1.69749372E-02  -3.35771147E-05
        9445   1.88920014E-02   1.69761125E-02   1.69755407E-02  -3.36856465E-05
        9446   1.88940018E-02   1.69767179E-02   1.69761460E-02  -3.36844460E-05
        9447   1.88960023E-02   1.69773232E-02   1.69767514E-02  -3.36832454E-05
        9448   1.88980028E-02   1.69779286E-02   1.69773549E-02  -3.37917591E-05
        9449   1.89000014E-02   1.69785321E-02   1.69779602E-02  -3.36808444E-05
        9450   1.89020019E-02   1.69791356E-02   1.69785637E-02  -3.36796475E-05
        9451   1.89040024E-02   1.69797391E-02   1.69791691E-02  -3.35687473E-05
        9452   1.89060029E-02   1.69803426E-02   1.69797726E-02  -3.35675541E-05
        9453   1.89080015E-02   1.69809461E-02   1.69803780E-02  -3.34566612E-05
        9454   1.89100020E-02   1.69815496E-02   1.69809796E-02  -3.35651675E-05
        9455   1.89120024E-02   1.69821531E-02   1.69815850E-02  -3.34542856E-05
        9456   1.89140029E-02   1.69827566E-02   1.69821884E-02  -3.34530960E-05
        9457   1.89160015E-02   1.69833601E-02   1.69827919E-02  -3.34519063E-05
        9458   1.89180020E-02   1.69839635E-02   1.69833936E-02  -3.35603945E-05
        9459   1.89200025E-02   1.69845670E-02   1.69839971E-02  -3.35592049E-05
        9460   1.89220030E-02   1.69851705E-02   1.69846006E-02  -3.35580116E-05
        9461   1.89240016E-02   1.69857740E-02   1.69852041E-02  -3.35568184E-05
        9462   1.89260021E-02   1.69863775E-02   1.69858076E-02  -3.35556251E-05
        9463   1.89280026E-02   1.69869810E-02   1.69864111E-02  -3.35544355E-05
        9464   1.89300012E-02   1.69875845E-02   1.69870127E-02  -3.36628982E-05
        9465   1.89320017E-02   1.69881862E-02   1.69876143E-02  -3.36617049E-05
        9466   1.89340021E-02   1.69887878E-02   1.69882178E-02  -3.35508666E-05
        9467   1.89360026E-02   1.69893894E-02   1.69888195E-02  -3.35496770E-05
        9468   1.89380012E-02   1.69899911E-02   1.69894211E-02  -3.35484910E-05
        9469   1.89400017E-02   1.69905927E-02   1.69900227E-02  -3.35473014E-05
        9470   1.89420022E-02   1.69911943E-02   1.69906262E-02  -3.34364813E-05
        9471   1.89440027E-02   1.69917960E-02   1.69912279E-02  -3.34352990E-05
        9472   1.89460013E-02   1.69923976E-02   1.69918295E-02  -3.34341130E-05
        9473   1.89480018E-02   1.69929992E-02   1.69924311E-02  -3.34329306E-05
        9474   1.89500023E-02   1.69936009E-02   1.69930328E-02  -3.34317483E-05
        9475   1.89520027E-02   1.69942025E-02   1.69936344E-02  -3.34305623E-05
        9476   1.89540014E-02   1.69948041E-02   1.69942360E-02  -3.34293800E-05
        9477   1.89560018E-02   1.69954058E-02   1.69948358E-02  -3.35377990E-05
        9478   1.89580023E-02   1.69960074E-02   1.69954374E-02  -3.35366130E-05
        9479   1.89600028E-02   1.69966090E-02   1.69960372E-02  -3.36450212E-05
        9480   1.89620014E-02   1.69972088E-02   1.69966388E-02  -3.35342411E-05
        9481   1.89640019E-02   1.69978086E-02   1.69972386E-02  -3.35330587E-05
        9482   1.89660024E-02   1.69984084E-02   1.69978403E-02  -3.34222932E-05
        9483   1.89680029E-02   1.69990081E-02   1.69984400E-02  -3.34211109E-05
        9484   1.89700015E-02   1.69996079E-02   1.69990398E-02  -3.34199322E-05
        9485   1.89720020E-02   1.70002077E-02   1.69996396E-02  -3.34187534E-05
        9486   1.89740025E-02   1.70008074E-02   1.70002412E-02  -3.33080061E-05
        9487   1.89760029E-02   1.70014072E-02   1.70008410E-02  -3.33068310E-05
        9488   1.89780015E-02   1.70020070E-02   1.70014407E-02  -3.33056560E-05
        9489   1.89800020E-02   1.70026068E-02   1.70020405E-02  -3.33044809E-05
        9490   1.89820025E-02   1.70032065E-02   1.70026403E-02  -3.33033058E-05
        9491   1.89840030E-02   1.70038063E-02   1.70032382E-02  -3.34116812E-05
        9492   1.89860016E-02   1.70044061E-02   1.70038380E-02  -3.34105025E-05
        9493   1.89880021E-02   1.70050059E-02   1.70044377E-02  -3.34093238E-05
        9494   1.89900026E-02   1.70056056E-02   1.70050357E-02  -3.35176846E-05
        9495   1.89920012E-02   1.70062054E-02   1.70056354E-02  -3.35165023E-05
        9496   1.89940017E-02   1.70068033E-02   1.70062333E-02  -3.35153236E-05
        9497   1.89960022E-02   1.70074012E-02   1.70068331E-02  -3.34046199E-05
        9498   1.89980026E-02   1.70079991E-02   1.70074310E-02  -3.34034448E-05
        9499   1.90000013E-02   1.70085970E-02   1.70080308E-02  -3.32927521E-05
        9500   1.90020017E-02   1.70091949E-02   1.70086287E-02  -3.32915806E-05
        9501   1.90040022E-02   1.70097928E-02   1.70092266E-02  -3.32904092E-05
        9502   1.90060027E-02   1.70103908E-02   1.70098245E-02  -3.32892414E-05
        9503   1.90080013E-02   1.70109887E-02   1.70104224E-02  -3.32880700E-05
        9504   1.90100018E-02   1.70115866E-02   1.70110203E-02  -3.32868985E-05
        9505   1.90120023E-02   1.70121845E-02   1.70116182E-02  -3.32857308E-05
        9506   1.90140028E-02   1.70127824E-02   1.70122162E-02  -3.32845593E-05
        9507   1.90160014E-02   1.70133803E-02   1.70128122E-02  -3.33928801E-05
        9508   1.90180019E-02   1.70139782E-02   1.70134101E-02  -3.33917051E-05
        9509   1.90200023E-02   1.70145761E-02   1.70140080E-02  -3.33905300E-05
        9510   1.90220028E-02   1.70151740E-02   1.70146059E-02  -3.33893586E-05
        9511   1.90240014E-02   1.70157701E-02   1.70152020E-02  -3.33881871E-05
        9512   1.90260019E-02   1.70163661E-02   1.70157980E-02  -3.33870194E-05
        9513   1.90280024E-02   1.70169622E-02   1.70163959E-02  -3.32763848E-05
        9514   1.90300029E-02   1.70175582E-02   1.70169920E-02  -3.32752170E-05
        9515   1.90320015E-02   1.70181543E-02   1.70175880E-02  -3.32740528E-05
        9516   1.90340020E-02   1.70187503E-02   1.70181841E-02  -3.32728887E-05
        9517   1.90360025E-02   1.70193464E-02   1.70187820E-02  -3.31622723E-05
        9518   1.90380029E-02   1.70199424E-02   1.70193780E-02  -3.31611118E-05
        9519   1.90400016E-02   1.70205384E-02   1.70199741E-02  -3.31599513E-05
        9520   1.90420020E-02   1.70211345E-02   1.70205701E-02  -3.31587871E-05
        9521   1.90440025E-02   1.70217305E-02   1.70211643E-02  -3.32670606E-05
        9522   1.90460030E-02   1.70223266E-02   1.70217622E-02  -3.31564661E-05
        9523   1.90480016E-02   1.70229226E-02   1.70223564E-02  -3.32647323E-05
        9524   1.90500021E-02   1.70235187E-02   1.70229524E-02  -3.32635682E-05
        9525   1.90520026E-02   1.70241147E-02   1.70235466E-02  -3.33718235E-05
        9526   1.90540012E-02   1.70247108E-02   1.70241427E-02  -3.33706521E-05
        9527   1.90560017E-02   1.70253050E-02   1.70247369E-02  -3.33694879E-05
        9528   1.90580022E-02   1.70258991E-02   1.70253329E-02  -3.32589152E-05
        9529   1.90600026E-02   1.70264933E-02   1.70259289E-02  -3.31483534E-05
        9530   1.90620013E-02   1.70270875E-02   1.70265213E-02  -3.32565942E-05
        9531   1.90640017E-02   1.70276817E-02   1.70271173E-02  -3.31460396E-05
        9532   1.90660022E-02   1.70282759E-02   1.70277115E-02  -3.31448828E-05
        9533   1.90680027E-02   1.70288701E-02   1.70283057E-02  -3.31437259E-05
        9534   1.90700013E-02   1.70294642E-02   1.70288999E-02  -3.31425690E-05
        9535   1.90720018E-02   1.70300584E-02   1.70294940E-02  -3.31414121E-05
        9536   1.90740023E-02   1.70306526E-02   1.70300882E-02  -3.31402553E-05
        9537   1.90760028E-02   1.70312468E-02   1.70306824E-02  -3.31390984E-05
        9538   1.90780014E-02   1.70318410E-02   1.70312766E-02  -3.31379451E-05
        9539   1.90800019E-02   1.70324352E-02   1.70318689E-02  -3.32461532E-05
        9540   1.90820023E-02   1.70330293E-02   1.70324631E-02  -3.32449927E-05
        9541   1.90840028E-02   1.70336235E-02   1.70330573E-02  -3.32438321E-05
        9542   1.90860014E-02   1.70342177E-02   1.70336496E-02  -3.33520293E-05
        9543   1.90880019E-02   1.70348100E-02   1.70342438E-02  -3.32415184E-05
        9544   1.90900024E-02   1.70354024E-02   1.70348361E-02  -3.32403615E-05
        9545   1.90920029E-02   1.70359947E-02   1.70354284E-02  -3.32392083E-05
        9546   1.90940015E-02   1.70365870E-02   1.70360226E-02  -3.31287119E-05
        9547   1.90960020E-02   1.70371793E-02   1.70366149E-02  -3.31275587E-05
        9548   1.90980025E-02   1.70377716E-02   1.70372073E-02  -3.31264091E-05
        9549   1.91000029E-02   1.70383640E-02   1.70377996E-02  -3.31252559E-05
        9550   1.91020016E-02   1.70389563E-02   1.70383919E-02  -3.31241063E-05
        9551   1.91040020E-02   1.70395486E-02   1.70389842E-02  -3.31229530E-05
        9552   1.91060025E-02   1.70401409E-02   1.70395784E-02  -3.30124858E-05
        9553   1.91080030E-02   1.70407332E-02   1.70401689E-02  -3.31206502E-05
        9554   1.91100016E-02   1.70413256E-02   1.70407612E-02  -3.31195006E-05
        9555   1.91120021E-02   1.70419179E-02   1.70413535E-02  -3.31183473E-05
        9556   1.91140026E-02   1.70425102E-02   1.70419458E-02  -3.31171977E-05
        9557   1.91160012E-02   1.70431025E-02   1.70425363E-02  -3.32253439E-05
        9558   1.91180017E-02   1.70436930E-02   1.70431267E-02  -3.32241943E-05
        9559   1.91200022E-02   1.70442834E-02   1.70437191E-02  -3.31137526E-05
        9560   1.91220026E-02   1.70448739E-02   1.70443095E-02  -3.31126030E-05
        9561   1.91240013E-02   1.70454644E-02   1.70449018E-02  -3.30021758E-05
        9562   1.91260017E-02   1.70460548E-02   1.70454923E-02  -3.30010334E-05
        9563   1.91280022E-02   1.70466453E-02   1.70460828E-02  -3.29998875E-05
        9564   1.91300027E-02   1.70472357E-02   1.70466732E-02  -3.29987452E-05
        9565   1.91320013E-02   1.70478262E-02   1.70472637E-02  -3.29976028E-05
        9566   1.91340018E-02   1.70484167E-02   1.70478541E-02  -3.29964605E-05
        9567   1.91360023E-02   1.70490071E-02   1.70484446E-02  -3.29953182E-05
        9568   1.91380028E-02   1.70495976E-02   1.70490351E-02  -3.29941759E-05
        9569   1.91400014E-02   1.70501880E-02   1.70496255E-02  -3.29930299E-05
        9570   1.91420019E-02   1.70507785E-02   1.70502160E-02  -3.29918876E-05
        9571   1.91440023E-02   1.70513690E-02   1.70508046E-02  -3.30999901E-05
        9572   1.91460028E-02   1.70519594E-02   1.70513950E-02  -3.30988441E-05
        9573   1.91480014E-02   1.70525499E-02   1.70519855E-02  -3.30976982E-05
        9574   1.91500019E-02   1.70531385E-02   1.70525741E-02  -3.30965559E-05
        9575   1.91520024E-02   1.70537271E-02   1.70531645E-02  -3.29861832E-05
        9576   1.91540029E-02   1.70543157E-02   1.70537531E-02  -3.29850445E-05
        9577   1.91560015E-02   1.70549043E-02   1.70543436E-02  -3.28746864E-05
        9578   1.91580020E-02   1.70554928E-02   1.70549322E-02  -3.28735514E-05
        9579   1.91600025E-02   1.70560814E-02   1.70555208E-02  -3.28724163E-05
        9580   1.91620030E-02   1.70566700E-02   1.70561094E-02  -3.28712813E-05
        9581   1.91640016E-02   1.70572586E-02   1.70566980E-02  -3.28701499E-05
        9582   1.91660021E-02   1.70578472E-02   1.70572866E-02  -3.28690148E-05
        9583   1.91680025E-02   1.70584358E-02   1.70578752E-02  -3.28678798E-05
        9584   1.91700030E-02   1.70590244E-02   1.70584619E-02  -3.29759423E-05
        9585   1.91720016E-02   1.70596130E-02   1.70590524E-02  -3.28656133E-05
        9586   1.91740021E-02   1.70602016E-02   1.70596391E-02  -3.29736649E-05
        9587   1.91760026E-02   1.70607902E-02   1.70602277E-02  -3.29725262E-05
        9588   1.91780012E-02   1.70613788E-02   1.70608163E-02  -3.29713912E-05
        9589   1.91800017E-02   1.70619674E-02   1.70614030E-02  -3.30794282E-05
        9590   1.91820022E-02   1.70625541E-02   1.70619916E-02  -3.29691175E-05
        9591   1.91840027E-02   1.70631409E-02   1.70625784E-02  -3.29679860E-05
        9592   1.91860013E-02   1.70637276E-02   1.70631669E-02  -3.28576862E-05
        9593   1.91880018E-02   1.70643143E-02   1.70637537E-02  -3.28565584E-05
        9594   1.91900022E-02   1.70649011E-02   1.70643404E-02  -3.28554270E-05
        9595   1.91920027E-02   1.70654878E-02   1.70649271E-02  -3.28542956E-05
        9596   1.91940013E-02   1.70660745E-02   1.70655157E-02  -3.27440175E-05
        9597   1.91960018E-02   1.70666613E-02   1.70661025E-02  -3.27428934E-05
        9598   1.91980023E-02   1.70672480E-02   1.70666873E-02  -3.28509086E-05
        9599   1.92000028E-02   1.70678347E-02   1.70672741E-02  -3.28497808E-05
        9600   1.92020014E-02   1.70684215E-02   1.70678608E-02  -3.28486494E-05
        9601   1.92040019E-02   1.70690082E-02   1.70684475E-02  -3.28475217E-05
        9602   1.92060024E-02   1.70695949E-02   1.70690343E-02  -3.28463902E-05
        9603   1.92080028E-02   1.70701817E-02   1.70696210E-02  -3.28452625E-05
        9604   1.92100015E-02   1.70707684E-02   1.70702059E-02  -3.29532559E-05
        9605   1.92120019E-02   1.70713551E-02   1.70707908E-02  -3.30612384E-05
        9606   1.92140024E-02   1.70719400E-02   1.70713775E-02  -3.29509930E-05
        9607   1.92160029E-02   1.70725249E-02   1.70719624E-02  -3.29498653E-05
        9608   1.92180015E-02   1.70731097E-02   1.70725491E-02  -3.28396309E-05
        9609   1.92200020E-02   1.70736946E-02   1.70731340E-02  -3.28385031E-05
        9610   1.92220025E-02   1.70742795E-02   1.70737188E-02  -3.28373790E-05
        9611   1.92240030E-02   1.70748644E-02   1.70743056E-02  -3.27271591E-05
        9612   1.92260016E-02   1.70754492E-02   1.70748904E-02  -3.27260386E-05
        9613   1.92280021E-02   1.70760341E-02   1.70754734E-02  -3.28340066E-05
        9614   1.92300025E-02   1.70766190E-02   1.70760602E-02  -3.27237976E-05
        9615   1.92320030E-02   1.70772038E-02   1.70766450E-02  -3.27226771E-05
        9616   1.92340016E-02   1.70777887E-02   1.70772281E-02  -3.28306305E-05
        9617   1.92360021E-02   1.70783736E-02   1.70778129E-02  -3.28295064E-05
        9618   1.92380026E-02   1.70789585E-02   1.70783978E-02  -3.28283822E-05
        9619   1.92400012E-02   1.70795433E-02   1.70789827E-02  -3.28272581E-05
        9620   1.92420017E-02   1.70801282E-02   1.70795657E-02  -3.29351969E-05
        9621   1.92440022E-02   1.70807131E-02   1.70801505E-02  -3.29340692E-05
        9622   1.92460027E-02   1.70812961E-02   1.70807336E-02  -3.29329450E-05
        9623   1.92480013E-02   1.70818791E-02   1.70813184E-02  -3.28227688E-05
        9624   1.92500018E-02   1.70824621E-02   1.70819014E-02  -3.28216483E-05
        9625   1.92520022E-02   1.70830451E-02   1.70824863E-02  -3.27114867E-05
        9626   1.92540027E-02   1.70836281E-02   1.70830693E-02  -3.27103699E-05
        9627   1.92560013E-02   1.70842111E-02   1.70836523E-02  -3.27092566E-05
        9628   1.92580018E-02   1.70847941E-02   1.70842353E-02  -3.27081398E-05
        9629   1.92600023E-02   1.70853771E-02   1.70848183E-02  -3.27070229E-05
        9630   1.92620028E-02   1.70859601E-02   1.70854013E-02  -3.27059061E-05
        9631   1.92640014E-02   1.70865431E-02   1.70859843E-02  -3.27047892E-05
        9632   1.92660019E-02   1.70871262E-02   1.70865655E-02  -3.28126916E-05
        9633   1.92680024E-02   1.70877092E-02   1.70871485E-02  -3.28115711E-05
        9634   1.92700028E-02   1.70882922E-02   1.70877315E-02  -3.28104506E-05
        9635   1.92720015E-02   1.70888752E-02   1.70883145E-02  -3.28093338E-05
        9636   1.92740019E-02   1.70894582E-02   1.70888975E-02  -3.28082133E-05
        9637   1.92760024E-02   1.70900412E-02   1.70894787E-02  -3.29160903E-05
        9638   1.92780029E-02   1.70906223E-02   1.70900598E-02  -3.29149734E-05
        9639   1.92800015E-02   1.70912035E-02   1.70906428E-02  -3.28048627E-05
        9640   1.92820020E-02   1.70917846E-02   1.70912240E-02  -3.28037459E-05
        9641   1.92840025E-02   1.70923658E-02   1.70918070E-02  -3.26936497E-05
        9642   1.92860030E-02   1.70929469E-02   1.70923881E-02  -3.26925365E-05
        9643   1.92880016E-02   1.70935281E-02   1.70929693E-02  -3.26914269E-05
        9644   1.92900021E-02   1.70941092E-02   1.70935504E-02  -3.26903137E-05
        9645   1.92920025E-02   1.70946904E-02   1.70941334E-02  -3.25802357E-05
        9646   1.92940030E-02   1.70952715E-02   1.70947127E-02  -3.26880909E-05
        9647   1.92960016E-02   1.70958526E-02   1.70952938E-02  -3.26869813E-05
        9648   1.92980021E-02   1.70964338E-02   1.70958750E-02  -3.26858681E-05
        9649   1.93000026E-02   1.70970149E-02   1.70964561E-02  -3.26847585E-05
        9650   1.93020012E-02   1.70975961E-02   1.70970373E-02  -3.26836489E-05
        9651   1.93040017E-02   1.70981772E-02   1.70976166E-02  -3.27914822E-05
        9652   1.93060022E-02   1.70987584E-02   1.70981977E-02  -3.27903690E-05
        9653   1.93080027E-02   1.70993395E-02   1.70987789E-02  -3.27892521E-05
        9654   1.93100013E-02   1.70999188E-02   1.70993581E-02  -3.27881426E-05
        9655   1.93120018E-02   1.71004981E-02   1.70999374E-02  -3.27870330E-05
        9656   1.93140022E-02   1.71010774E-02   1.71005167E-02  -3.27859198E-05
        9657   1.93160027E-02   1.71016566E-02   1.71010979E-02  -3.26758854E-05
        9658   1.93180013E-02   1.71022359E-02   1.71016771E-02  -3.26747795E-05
        9659   1.93200018E-02   1.71028152E-02   1.71022564E-02  -3.26736736E-05
        9660   1.93220023E-02   1.71033945E-02   1.71028376E-02  -3.25636538E-05
        9661   1.93240028E-02   1.71039738E-02   1.71034168E-02  -3.25625515E-05
        9662   1.93260014E-02   1.71045531E-02   1.71039961E-02  -3.25614492E-05
        9663   1.93280019E-02   1.71051323E-02   1.71045735E-02  -3.26692461E-05
        9664   1.93300024E-02   1.71057116E-02   1.71051528E-02  -3.26681402E-05
        9665   1.93320028E-02   1.71062909E-02   1.71057321E-02  -3.26670342E-05
        9666   1.93340015E-02   1.71068702E-02   1.71063114E-02  -3.26659283E-05
        9667   1.93360019E-02   1.71074495E-02   1.71068888E-02  -3.27737071E-05
        9668   1.93380024E-02   1.71080288E-02   1.71074681E-02  -3.27725975E-05
        9669   1.93400029E-02   1.71086080E-02   1.71080474E-02  -3.27714879E-05
        9670   1.93420015E-02   1.71091855E-02   1.71086267E-02  -3.26615082E-05
        9671   1.93440020E-02   1.71097629E-02   1.71092022E-02  -3.27692760E-05
        9672   1.93460025E-02   1.71103403E-02   1.71097815E-02  -3.26593035E-05
        9673   1.93480030E-02   1.71109177E-02   1.71103589E-02  -3.26582012E-05
        9674   1.93500016E-02   1.71114951E-02   1.71109382E-02  -3.25482397E-05
        9675   1.93520021E-02   1.71120726E-02   1.71115138E-02  -3.26559966E-05
        9676   1.93540026E-02   1.71126500E-02   1.71120930E-02  -3.25460423E-05
        9677   1.93560030E-02   1.71132274E-02   1.71126705E-02  -3.25449437E-05
        9678   1.93580016E-02   1.71138048E-02   1.71132479E-02  -3.25438450E-05
        9679   1.93600021E-02   1.71143822E-02   1.71138253E-02  -3.25427463E-05
        9680   1.93620026E-02   1.71149597E-02   1.71144009E-02  -3.26504887E-05
        9681   1.93640012E-02   1.71155371E-02   1.71149801E-02  -3.25405526E-05
        9682   1.93660017E-02   1.71161145E-02   1.71155557E-02  -3.26482841E-05
        9683   1.93680022E-02   1.71166919E-02   1.71161331E-02  -3.26471854E-05
        9684   1.93700027E-02   1.71172693E-02   1.71167087E-02  -3.27549060E-05
        9685   1.93720013E-02   1.71178468E-02   1.71172861E-02  -3.27538000E-05
        9686   1.93740018E-02   1.71184223E-02   1.71178617E-02  -3.27527014E-05
        9687   1.93760023E-02   1.71189979E-02   1.71184391E-02  -3.26427871E-05
        9688   1.93780027E-02   1.71195734E-02   1.71190146E-02  -3.26416884E-05
        9689   1.93800014E-02   1.71201490E-02   1.71195902E-02  -3.26405898E-05
        9690   1.93820018E-02   1.71207245E-02   1.71201676E-02  -3.25306937E-05
        9691   1.93840023E-02   1.71213001E-02   1.71207432E-02  -3.25295987E-05
        9692   1.93860028E-02   1.71218757E-02   1.71213187E-02  -3.25285037E-05
        9693   1.93880014E-02   1.71224512E-02   1.71218943E-02  -3.25274123E-05
        9694   1.93900019E-02   1.71230268E-02   1.71224717E-02  -3.24175307E-05
        9695   1.93920024E-02   1.71236023E-02   1.71230454E-02  -3.25252258E-05
        9696   1.93940029E-02   1.71241779E-02   1.71236210E-02  -3.25241308E-05
        9697   1.93960015E-02   1.71247534E-02   1.71241965E-02  -3.25230394E-05
        9698   1.93980020E-02   1.71253290E-02   1.71247721E-02  -3.25219444E-05
        9699   1.94000024E-02   1.71259046E-02   1.71253458E-02  -3.26296213E-05
        9700   1.94020029E-02   1.71264801E-02   1.71259213E-02  -3.26285262E-05
        9701   1.94040015E-02   1.71270557E-02   1.71264969E-02  -3.26274276E-05
        9702   1.94060020E-02   1.71276294E-02   1.71270706E-02  -3.26263362E-05
        9703   1.94080025E-02   1.71282031E-02   1.71276443E-02  -3.26252411E-05
        9704   1.94100030E-02   1.71287768E-02   1.71282198E-02  -3.25153997E-05
        9705   1.94120016E-02   1.71293505E-02   1.71287935E-02  -3.25143083E-05
        9706   1.94140021E-02   1.71299241E-02   1.71293691E-02  -3.24044777E-05
        9707   1.94160026E-02   1.71304978E-02   1.71299428E-02  -3.24033936E-05
        9708   1.94180030E-02   1.71310715E-02   1.71305165E-02  -3.24023058E-05
        9709   1.94200017E-02   1.71316452E-02   1.71310902E-02  -3.24012217E-05
        9710   1.94220021E-02   1.71322189E-02   1.71316639E-02  -3.24001376E-05
        9711   1.94240026E-02   1.71327926E-02   1.71322376E-02  -3.23990535E-05
        9712   1.94260012E-02   1.71333663E-02   1.71328112E-02  -3.23979657E-05
        9713   1.94280017E-02   1.71339400E-02   1.71333831E-02  -3.25055989E-05
        9714   1.94300022E-02   1.71345137E-02   1.71339586E-02  -3.23957975E-05
        9715   1.94320027E-02   1.71350874E-02   1.71345305E-02  -3.25034234E-05
        9716   1.94340013E-02   1.71356611E-02   1.71351042E-02  -3.25023357E-05
        9717   1.94360018E-02   1.71362348E-02   1.71356779E-02  -3.25012479E-05
        9718   1.94380023E-02   1.71368066E-02   1.71362497E-02  -3.25001638E-05
        9719   1.94400027E-02   1.71373785E-02   1.71368215E-02  -3.24990797E-05
        9720   1.94420014E-02   1.71379503E-02   1.71373952E-02  -3.23893000E-05
        9721   1.94440018E-02   1.71385221E-02   1.71379671E-02  -3.23882196E-05
        9722   1.94460023E-02   1.71390940E-02   1.71385389E-02  -3.23871391E-05
        9723   1.94480028E-02   1.71396658E-02   1.71391107E-02  -3.23860586E-05
        9724   1.94500014E-02   1.71402376E-02   1.71396844E-02  -3.22763008E-05
        9725   1.94520019E-02   1.71408094E-02   1.71402562E-02  -3.22752239E-05
        9726   1.94540024E-02   1.71413813E-02   1.71408281E-02  -3.22741471E-05
        9727   1.94560029E-02   1.71419531E-02   1.71413999E-02  -3.22730702E-05
        9728   1.94580015E-02   1.71425249E-02   1.71419717E-02  -3.22719934E-05
        9729   1.94600020E-02   1.71430968E-02   1.71425417E-02  -3.23795757E-05
        9730   1.94620024E-02   1.71436686E-02   1.71431135E-02  -3.23784989E-05
        9731   1.94640029E-02   1.71442404E-02   1.71436854E-02  -3.23774184E-05
        9732   1.94660015E-02   1.71448123E-02   1.71442572E-02  -3.23763379E-05
        9733   1.94680020E-02   1.71453841E-02   1.71448272E-02  -3.24839020E-05
        9734   1.94700025E-02   1.71459559E-02   1.71453990E-02  -3.24828179E-05
        9735   1.94720030E-02   1.71465259E-02   1.71459690E-02  -3.24817411E-05
        9736   1.94740016E-02   1.71470959E-02   1.71465408E-02  -3.23720269E-05
        9737   1.94760021E-02   1.71476658E-02   1.71471108E-02  -3.23709501E-05
        9738   1.94780026E-02   1.71482358E-02   1.71476807E-02  -3.23698732E-05
        9739   1.94800030E-02   1.71488058E-02   1.71482526E-02  -3.22601736E-05
        9740   1.94820017E-02   1.71493758E-02   1.71488225E-02  -3.22591004E-05
        9741   1.94840021E-02   1.71499457E-02   1.71493925E-02  -3.22580308E-05
        9742   1.94860026E-02   1.71505157E-02   1.71499625E-02  -3.22569576E-05
        9743   1.94880012E-02   1.71510857E-02   1.71505325E-02  -3.22558844E-05
        9744   1.94900017E-02   1.71516556E-02   1.71511024E-02  -3.22548149E-05
        9745   1.94920022E-02   1.71522256E-02   1.71516724E-02  -3.22537417E-05
        9746   1.94940027E-02   1.71527956E-02   1.71522424E-02  -3.22526685E-05
        9747   1.94960013E-02   1.71533655E-02   1.71528105E-02  -3.23601926E-05
        9748   1.94980018E-02   1.71539355E-02   1.71533804E-02  -3.23591194E-05
        9749   1.95000023E-02   1.71545055E-02   1.71539485E-02  -3.24666289E-05
        9750   1.95020027E-02   1.71550754E-02   1.71545185E-02  -3.24655521E-05
        9751   1.95040014E-02   1.71556436E-02   1.71550885E-02  -3.23558961E-05
        9752   1.95060018E-02   1.71562117E-02   1.71556566E-02  -3.23548229E-05
        9753   1.95080023E-02   1.71567798E-02   1.71562266E-02  -3.22451815E-05
        9754   1.95100028E-02   1.71573479E-02   1.71567947E-02  -3.22441119E-05
        9755   1.95120014E-02   1.71579160E-02   1.71573628E-02  -3.22430460E-05
        9756   1.95140019E-02   1.71584841E-02   1.71579309E-02  -3.22419764E-05
        9757   1.95160024E-02   1.71590522E-02   1.71584990E-02  -3.22409105E-05
        9758   1.95180029E-02   1.71596203E-02   1.71590690E-02  -3.21312873E-05
        9759   1.95200015E-02   1.71601884E-02   1.71596371E-02  -3.21302214E-05
        9760   1.95220020E-02   1.71607565E-02   1.71602052E-02  -3.21291591E-05
        9761   1.95240024E-02   1.71613246E-02   1.71607733E-02  -3.21280968E-05
        9762   1.95260029E-02   1.71618927E-02   1.71613395E-02  -3.22355736E-05
        9763   1.95280015E-02   1.71624608E-02   1.71619076E-02  -3.22345040E-05
        9764   1.95300020E-02   1.71630289E-02   1.71624757E-02  -3.22334381E-05
        9765   1.95320025E-02   1.71635970E-02   1.71630420E-02  -3.23409004E-05
        9766   1.95340030E-02   1.71641652E-02   1.71636101E-02  -3.23398308E-05
        9767   1.95360016E-02   1.71647314E-02   1.71641782E-02  -3.22302403E-05
        9768   1.95380021E-02   1.71652976E-02   1.71647444E-02  -3.22291780E-05
        9769   1.95400026E-02   1.71658639E-02   1.71653107E-02  -3.22281157E-05
        9770   1.95420031E-02   1.71664301E-02   1.71658788E-02  -3.21185398E-05
        9771   1.95440017E-02   1.71669964E-02   1.71664450E-02  -3.21174812E-05
        9772   1.95460021E-02   1.71675626E-02   1.71670113E-02  -3.21164225E-05
        9773   1.95480026E-02   1.71681289E-02   1.71675775E-02  -3.21153602E-05
        9774   1.95500012E-02   1.71686951E-02   1.71681456E-02  -3.20058061E-05
        9775   1.95520017E-02   1.71692614E-02   1.71687100E-02  -3.21132429E-05
        9776   1.95540022E-02   1.71698276E-02   1.71692781E-02  -3.20036925E-05
        9777   1.95560027E-02   1.71703938E-02   1.71698425E-02  -3.21111256E-05
        9778   1.95580013E-02   1.71709601E-02   1.71704106E-02  -3.20015824E-05
        9779   1.95600018E-02   1.71715263E-02   1.71709750E-02  -3.21090083E-05
        9780   1.95620023E-02   1.71720926E-02   1.71715394E-02  -3.22164233E-05
        9781   1.95640028E-02   1.71726588E-02   1.71721056E-02  -3.22153610E-05
        9782   1.95660014E-02   1.71732251E-02   1.71726719E-02  -3.22142987E-05
        9783   1.95680019E-02   1.71737913E-02   1.71732381E-02  -3.22132364E-05
        9784   1.95700023E-02   1.71743557E-02   1.71738025E-02  -3.22121778E-05
        9785   1.95720028E-02   1.71749201E-02   1.71743669E-02  -3.22111227E-05
        9786   1.95740014E-02   1.71754844E-02   1.71749331E-02  -3.21016087E-05
        9787   1.95760019E-02   1.71760488E-02   1.71754975E-02  -3.21005537E-05
        9788   1.95780024E-02   1.71766132E-02   1.71760619E-02  -3.20994986E-05
        9789   1.95800029E-02   1.71771776E-02   1.71766281E-02  -3.19899991E-05
        9790   1.95820015E-02   1.71777420E-02   1.71771925E-02  -3.19889477E-05
        9791   1.95840020E-02   1.71783064E-02   1.71777569E-02  -3.19878964E-05
        9792   1.95860025E-02   1.71788707E-02   1.71783213E-02  -3.19868450E-05
        9793   1.95880029E-02   1.71794351E-02   1.71788856E-02  -3.19857936E-05
        9794   1.95900016E-02   1.71799995E-02   1.71794500E-02  -3.19847459E-05
        9795   1.95920020E-02   1.71805639E-02   1.71800125E-02  -3.20921172E-05
        9796   1.95940025E-02   1.71811283E-02   1.71805769E-02  -3.20910622E-05
        9797   1.95960030E-02   1.71816926E-02   1.71811413E-02  -3.20900072E-05
        9798   1.95980016E-02   1.71822570E-02   1.71817057E-02  -3.20889558E-05
        9799   1.96000021E-02   1.71828214E-02   1.71822682E-02  -3.21963089E-05
        9800   1.96020026E-02   1.71833839E-02   1.71828307E-02  -3.21952539E-05
        9801   1.96040031E-02   1.71839464E-02   1.71833951E-02  -3.20857980E-05
        9802   1.96060017E-02   1.71845090E-02   1.71839595E-02  -3.19763494E-05
        9803   1.96080022E-02   1.71850715E-02   1.71845220E-02  -3.19753053E-05
        9804   1.96100026E-02   1.71856340E-02   1.71850845E-02  -3.19742576E-05
        9805   1.96120013E-02   1.71861965E-02   1.71856489E-02  -3.18648235E-05
        9806   1.96140017E-02   1.71867590E-02   1.71862096E-02  -3.19721657E-05
        9807   1.96160022E-02   1.71873216E-02   1.71867739E-02  -3.18627390E-05
        9808   1.96180027E-02   1.71878841E-02   1.71873365E-02  -3.18616949E-05
        9809   1.96200013E-02   1.71884466E-02   1.71878971E-02  -3.19690262E-05
        9810   1.96220018E-02   1.71890091E-02   1.71884596E-02  -3.19679784E-05
        9811   1.96240023E-02   1.71895716E-02   1.71890240E-02  -3.18585662E-05
        9812   1.96260028E-02   1.71901342E-02   1.71895865E-02  -3.18575258E-05
        9813   1.96280014E-02   1.71906967E-02   1.71901472E-02  -3.19648425E-05
        9814   1.96300019E-02   1.71912592E-02   1.71907078E-02  -3.20721520E-05
        9815   1.96320023E-02   1.71918217E-02   1.71912704E-02  -3.20711006E-05
        9816   1.96340028E-02   1.71923842E-02   1.71918329E-02  -3.20700528E-05
        9817   1.96360014E-02   1.71929449E-02   1.71923935E-02  -3.20690051E-05
        9818   1.96380019E-02   1.71935055E-02   1.71929542E-02  -3.20679610E-05
        9819   1.96400024E-02   1.71940662E-02   1.71935167E-02  -3.19585779E-05
        9820   1.96420029E-02   1.71946269E-02   1.71940774E-02  -3.19575338E-05
        9821   1.96440015E-02   1.71951875E-02   1.71946399E-02  -3.18481616E-05
        9822   1.96460020E-02   1.71957482E-02   1.71952005E-02  -3.18471248E-05
        9823   1.96480025E-02   1.71963088E-02   1.71957612E-02  -3.18460843E-05
        9824   1.96500029E-02   1.71968695E-02   1.71963219E-02  -3.18450475E-05
        9825   1.96520016E-02   1.71974301E-02   1.71968825E-02  -3.18440070E-05
        9826   1.96540020E-02   1.71979908E-02   1.71974432E-02  -3.18429702E-05
        9827   1.96560025E-02   1.71985514E-02   1.71980038E-02  -3.18419334E-05
        9828   1.96580030E-02   1.71991121E-02   1.71985645E-02  -3.18408929E-05
        9829   1.96600016E-02   1.71996728E-02   1.71991251E-02  -3.18398561E-05
        9830   1.96620021E-02   1.72002334E-02   1.71996839E-02  -3.19471183E-05
        9831   1.96640026E-02   1.72007941E-02   1.72002446E-02  -3.19460742E-05
        9832   1.96660031E-02   1.72013547E-02   1.72008052E-02  -3.19450337E-05
        9833   1.96680017E-02   1.72019154E-02   1.72013640E-02  -3.20522813E-05
        9834   1.96700022E-02   1.72024742E-02   1.72019247E-02  -3.19429564E-05
        9835   1.96720026E-02   1.72030330E-02   1.72024835E-02  -3.19419196E-05
        9836   1.96740013E-02   1.72035918E-02   1.72030423E-02  -3.19408791E-05
        9837   1.96760017E-02   1.72041506E-02   1.72036029E-02  -3.18315688E-05
        9838   1.96780022E-02   1.72047094E-02   1.72041617E-02  -3.18305356E-05
        9839   1.96800027E-02   1.72052681E-02   1.72047205E-02  -3.18295024E-05
        9840   1.96820013E-02   1.72058269E-02   1.72052793E-02  -3.18284692E-05
        9841   1.96840018E-02   1.72063857E-02   1.72058381E-02  -3.18274324E-05
        9842   1.96860023E-02   1.72069445E-02   1.72063969E-02  -3.18263992E-05
        9843   1.96880028E-02   1.72075033E-02   1.72069557E-02  -3.18253660E-05
        9844   1.96900014E-02   1.72080621E-02   1.72075145E-02  -3.18243328E-05
        9845   1.96920019E-02   1.72086209E-02   1.72080733E-02  -3.18232997E-05
        9846   1.96940023E-02   1.72091797E-02   1.72086302E-02  -3.19305072E-05
        9847   1.96960028E-02   1.72097385E-02   1.72091890E-02  -3.19294704E-05
        9848   1.96980014E-02   1.72102973E-02   1.72097478E-02  -3.19284336E-05
        9849   1.97000019E-02   1.72108561E-02   1.72103047E-02  -3.20356303E-05
        9850   1.97020024E-02   1.72114130E-02   1.72108635E-02  -3.19263672E-05
        9851   1.97040029E-02   1.72119699E-02   1.72114205E-02  -3.19253340E-05
        9852   1.97060015E-02   1.72125269E-02   1.72119793E-02  -3.18160783E-05
        9853   1.97080020E-02   1.72130838E-02   1.72125362E-02  -3.18150487E-05
        9854   1.97100025E-02   1.72136407E-02   1.72130931E-02  -3.18140192E-05
        9855   1.97120029E-02   1.72141977E-02   1.72136519E-02  -3.17047779E-05
        9856   1.97140016E-02   1.72147546E-02   1.72142088E-02  -3.17037520E-05
        9857   1.97160020E-02   1.72153115E-02   1.72147658E-02  -3.17027261E-05
        9858   1.97180025E-02   1.72158685E-02   1.72153227E-02  -3.17017002E-05
        9859   1.97200030E-02   1.72164254E-02   1.72158796E-02  -3.17006779E-05
        9860   1.97220016E-02   1.72169823E-02   1.72164366E-02  -3.16996520E-05
        9861   1.97240021E-02   1.72175393E-02   1.72169916E-02  -3.18068160E-05
        9862   1.97260026E-02   1.72180962E-02   1.72175504E-02  -3.16976002E-05
        9863   1.97280031E-02   1.72186531E-02   1.72181055E-02  -3.18047569E-05
        9864   1.97300017E-02   1.72192100E-02   1.72186624E-02  -3.18037273E-05
        9865   1.97320022E-02   1.72197670E-02   1.72192175E-02  -3.19108767E-05
        9866   1.97340026E-02   1.72203239E-02   1.72197744E-02  -3.19098435E-05
        9867   1.97360013E-02   1.72208790E-02   1.72203295E-02  -3.19088140E-05
        9868   1.97380017E-02   1.72214340E-02   1.72208846E-02  -3.19077881E-05
        9869   1.97400022E-02   1.72219891E-02   1.72214415E-02  -3.17985978E-05
        9870   1.97420027E-02   1.72225442E-02   1.72219984E-02  -3.16894148E-05
        9871   1.97440013E-02   1.72230992E-02   1.72225535E-02  -3.16883925E-05
        9872   1.97460018E-02   1.72236543E-02   1.72231086E-02  -3.16873702E-05
        9873   1.97480023E-02   1.72242094E-02   1.72236636E-02  -3.16863479E-05
        9874   1.97500028E-02   1.72247645E-02   1.72242187E-02  -3.16853293E-05
        9875   1.97520014E-02   1.72253195E-02   1.72247738E-02  -3.16843070E-05
        9876   1.97540019E-02   1.72258746E-02   1.72253288E-02  -3.16832848E-05
        9877   1.97560024E-02   1.72264297E-02   1.72258839E-02  -3.16822661E-05
        9878   1.97580028E-02   1.72269847E-02   1.72264390E-02  -3.16812439E-05
        9879   1.97600015E-02   1.72275398E-02   1.72269940E-02  -3.16802252E-05
        9880   1.97620019E-02   1.72280949E-02   1.72275472E-02  -3.17873273E-05
        9881   1.97640024E-02   1.72286499E-02   1.72281023E-02  -3.17863014E-05
        9882   1.97660029E-02   1.72292050E-02   1.72286574E-02  -3.17852791E-05
        9883   1.97680015E-02   1.72297601E-02   1.72292106E-02  -3.18923667E-05
        9884   1.97700020E-02   1.72303133E-02   1.72297657E-02  -3.17832346E-05
        9885   1.97720025E-02   1.72308665E-02   1.72303189E-02  -3.17822123E-05
        9886   1.97740030E-02   1.72314197E-02   1.72308721E-02  -3.17811937E-05
        9887   1.97760016E-02   1.72319729E-02   1.72314271E-02  -3.16720725E-05
        9888   1.97780021E-02   1.72325261E-02   1.72319803E-02  -3.16710575E-05
        9889   1.97800025E-02   1.72330793E-02   1.72325354E-02  -3.15619473E-05
        9890   1.97820030E-02   1.72336325E-02   1.72330867E-02  -3.16690239E-05
        9891   1.97840016E-02   1.72341857E-02   1.72336400E-02  -3.16680052E-05
        9892   1.97860021E-02   1.72347389E-02   1.72341932E-02  -3.16669903E-05
        9893   1.97880026E-02   1.72352921E-02   1.72347464E-02  -3.16659753E-05
        9894   1.97900031E-02   1.72358453E-02   1.72352996E-02  -3.16649566E-05
        9895   1.97920017E-02   1.72363985E-02   1.72358528E-02  -3.16639416E-05
        9896   1.97940022E-02   1.72369517E-02   1.72364060E-02  -3.16629266E-05
        9897   1.97960027E-02   1.72375049E-02   1.72369592E-02  -3.16619080E-05
        9898   1.97980013E-02   1.72380581E-02   1.72375105E-02  -3.17689519E-05
        9899   1.98000018E-02   1.72386114E-02   1.72380637E-02  -3.17679333E-05
        9900   1.98020022E-02   1.72391646E-02   1.72386151E-02  -3.18749699E-05
        9901   1.98040027E-02   1.72397159E-02   1.72391664E-02  -3.18739512E-05
        9902   1.98060013E-02   1.72402672E-02   1.72397196E-02  -3.17648846E-05
        9903   1.98080018E-02   1.72408186E-02   1.72402710E-02  -3.17638660E-05
        9904   1.98100023E-02   1.72413699E-02   1.72408242E-02  -3.16548103E-05
        9905   1.98120028E-02   1.72419213E-02   1.72413755E-02  -3.16537989E-05
        9906   1.98140014E-02   1.72424726E-02   1.72419287E-02  -3.15447542E-05
        9907   1.98160019E-02   1.72430240E-02   1.72424782E-02  -3.16517726E-05
        9908   1.98180024E-02   1.72435753E-02   1.72430295E-02  -3.16507612E-05
        9909   1.98200028E-02   1.72441266E-02   1.72435809E-02  -3.16497499E-05
        9910   1.98220015E-02   1.72446780E-02   1.72441341E-02  -3.15407196E-05
        9911   1.98240019E-02   1.72452293E-02   1.72446836E-02  -3.16477272E-05
        9912   1.98260024E-02   1.72457807E-02   1.72452349E-02  -3.16467158E-05
        9913   1.98280029E-02   1.72463320E-02   1.72457863E-02  -3.16457044E-05
        9914   1.98300015E-02   1.72468834E-02   1.72463357E-02  -3.17526974E-05
        9915   1.98320020E-02   1.72474347E-02   1.72468871E-02  -3.17516824E-05
        9916   1.98340025E-02   1.72479860E-02   1.72474384E-02  -3.17506674E-05
        9917   1.98360030E-02   1.72485355E-02   1.72479879E-02  -3.17496560E-05
        9918   1.98380016E-02   1.72490850E-02   1.72485393E-02  -3.16406513E-05
        9919   1.98400021E-02   1.72496345E-02   1.72490887E-02  -3.16396436E-05
        9920   1.98420025E-02   1.72501840E-02   1.72496382E-02  -3.16386358E-05
        9921   1.98440030E-02   1.72507335E-02   1.72501896E-02  -3.15296456E-05
        9922   1.98460016E-02   1.72512829E-02   1.72507390E-02  -3.15286416E-05
        9923   1.98480021E-02   1.72518324E-02   1.72512885E-02  -3.15276375E-05
        9924   1.98500026E-02   1.72523819E-02   1.72518380E-02  -3.15266334E-05
        9925   1.98520031E-02   1.72529314E-02   1.72523875E-02  -3.15256293E-05
        9926   1.98540017E-02   1.72534809E-02   1.72529388E-02  -3.14166609E-05
        9927   1.98560022E-02   1.72540303E-02   1.72534864E-02  -3.15236211E-05
        9928   1.98580027E-02   1.72545798E-02   1.72540359E-02  -3.15226171E-05
        9929   1.98600013E-02   1.72551293E-02   1.72545854E-02  -3.15216130E-05
        9930   1.98620018E-02   1.72556788E-02   1.72551349E-02  -3.15206089E-05
        9931   1.98640022E-02   1.72562283E-02   1.72556825E-02  -3.16275546E-05
        9932   1.98660027E-02   1.72567777E-02   1.72562320E-02  -3.16265468E-05
        9933   1.98680013E-02   1.72573272E-02   1.72567796E-02  -3.17334816E-05
        9934   1.98700018E-02   1.72578748E-02   1.72573291E-02  -3.16245350E-05
        9935   1.98720023E-02   1.72584224E-02   1.72578786E-02  -3.15155994E-05
        9936   1.98740028E-02   1.72589701E-02   1.72584262E-02  -3.15145990E-05
        9937   1.98760014E-02   1.72595177E-02   1.72589757E-02  -3.14056742E-05
        9938   1.98780019E-02   1.72600653E-02   1.72595214E-02  -3.15125981E-05
        9939   1.98800024E-02   1.72606129E-02   1.72600709E-02  -3.14036806E-05
        9940   1.98820028E-02   1.72611605E-02   1.72606185E-02  -3.14026838E-05
        9941   1.98840015E-02   1.72617082E-02   1.72611661E-02  -3.14016870E-05
        9942   1.98860019E-02   1.72622558E-02   1.72617137E-02  -3.14006902E-05
        9943   1.98880024E-02   1.72628034E-02   1.72622614E-02  -3.13996934E-05
        9944   1.98900029E-02   1.72633510E-02   1.72628090E-02  -3.13987002E-05
        9945   1.98920015E-02   1.72638986E-02   1.72633566E-02  -3.13977034E-05
        9946   1.98940020E-02   1.72644462E-02   1.72639024E-02  -3.15046018E-05
        9947   1.98960025E-02   1.72649939E-02   1.72644518E-02  -3.13957098E-05
        9948   1.98980030E-02   1.72655415E-02   1.72649976E-02  -3.15026045E-05
        9949   1.99000016E-02   1.72660891E-02   1.72655452E-02  -3.15016041E-05
        9950   1.99020021E-02   1.72666367E-02   1.72660928E-02  -3.15006073E-05
        9951   1.99040025E-02   1.72671825E-02   1.72666386E-02  -3.14996105E-05
        9952   1.99060030E-02   1.72677282E-02   1.72671843E-02  -3.14986137E-05
        9953   1.99080016E-02   1.72682740E-02   1.72677319E-02  -3.13897472E-05
        9954   1.99100021E-02   1.72688197E-02   1.72682777E-02  -3.13887540E-05
        9955   1.99120026E-02   1.72693655E-02   1.72688235E-02  -3.13877645E-05
        9956   1.99140031E-02   1.72699112E-02   1.72693711E-02  -3.12789089E-05
        9957   1.99160017E-02   1.72704570E-02   1.72699168E-02  -3.12779193E-05
        9958   1.99180022E-02   1.72710028E-02   1.72704626E-02  -3.12769334E-05
        9959   1.99200027E-02   1.72715485E-02   1.72710083E-02  -3.12759439E-05
        9960   1.99220013E-02   1.72720943E-02   1.72715541E-02  -3.12749544E-05
        9961   1.99240018E-02   1.72726400E-02   1.72720999E-02  -3.12739685E-05
        9962   1.99260022E-02   1.72731858E-02   1.72726456E-02  -3.12729790E-05
        9963   1.99280027E-02   1.72737315E-02   1.72731914E-02  -3.12719931E-05
        9964   1.99300013E-02   1.72742773E-02   1.72737353E-02  -3.13788369E-05
        9965   1.99320018E-02   1.72748230E-02   1.72742810E-02  -3.13778473E-05
        9966   1.99340023E-02   1.72753688E-02   1.72748268E-02  -3.13768542E-05
        9967   1.99360028E-02   1.72759145E-02   1.72753707E-02  -3.14836871E-05
        9968   1.99380014E-02   1.72764584E-02   1.72759164E-02  -3.13748751E-05
        9969   1.99400019E-02   1.72770023E-02   1.72764603E-02  -3.13738892E-05
        9970   1.99420024E-02   1.72775462E-02   1.72770061E-02  -3.12650882E-05
        9971   1.99440029E-02   1.72780901E-02   1.72775500E-02  -3.12641023E-05
        9972   1.99460015E-02   1.72786340E-02   1.72780957E-02  -3.11553122E-05
        9973   1.99480020E-02   1.72791779E-02   1.72786396E-02  -3.11543299E-05
        9974   1.99500024E-02   1.72797218E-02   1.72791835E-02  -3.11533513E-05
        9975   1.99520029E-02   1.72802657E-02   1.72797274E-02  -3.11523690E-05
        9976   1.99540015E-02   1.72808096E-02   1.72802713E-02  -3.11513904E-05
        9977   1.99560020E-02   1.72813535E-02   1.72808152E-02  -3.11504082E-05
        9978   1.99580025E-02   1.72818974E-02   1.72813591E-02  -3.11494296E-05
        9979   1.99600030E-02   1.72824413E-02   1.72819030E-02  -3.11484473E-05
        9980   1.99620016E-02   1.72829852E-02   1.72824468E-02  -3.11474687E-05
        9981   1.99640021E-02   1.72835290E-02   1.72829907E-02  -3.11464864E-05
        9982   1.99660026E-02   1.72840729E-02   1.72835328E-02  -3.12532793E-05
        9983   1.99680030E-02   1.72846168E-02   1.72840767E-02  -3.12522970E-05
        9984   1.99700017E-02   1.72851607E-02   1.72846187E-02  -3.13590790E-05
        9985   1.99720021E-02   1.72857046E-02   1.72851626E-02  -3.13580931E-05
        9986   1.99740026E-02   1.72862466E-02   1.72857046E-02  -3.13571109E-05
        9987   1.99760031E-02   1.72867887E-02   1.72862485E-02  -3.12483717E-05
        9988   1.99780017E-02   1.72873307E-02   1.72867905E-02  -3.12473894E-05
        9989   1.99800022E-02   1.72878727E-02   1.72873326E-02  -3.12464108E-05
        9990   1.99820027E-02   1.72884148E-02   1.72878765E-02  -3.11376862E-05
        9991   1.99840013E-02   1.72889568E-02   1.72884185E-02  -3.11367075E-05
        9992   1.99860018E-02   1.72894988E-02   1.72889605E-02  -3.11357326E-05
        9993   1.99880023E-02   1.72900409E-02   1.72895025E-02  -3.11347576E-05
        9994   1.99900027E-02   1.72905829E-02   1.72900446E-02  -3.11337790E-05
        9995   1.99920014E-02   1.72911249E-02   1.72905866E-02  -3.11328040E-05
        9996   1.99940018E-02   1.72916669E-02   1.72911286E-02  -3.11318290E-05
        9997   1.99960023E-02   1.72922090E-02   1.72916688E-02  -3.12385746E-05
        9998   1.99980028E-02   1.72927510E-02   1.72922127E-02  -3.11298754E-05
        9999   2.00000014E-02   1.72932930E-02   1.72927529E-02  -3.12366174E-05
       10000   2.00020019E-02   1.72938351E-02   1.72932949E-02  -3.12356387E-05
