   0.0000000000000000       -65.000000000000000       0.32000000000000001        5.0000000000000003E-002  0.59999999999999998        0.0000000000000000     
   1.0000000000000000E-003  -65.000314848320002       0.31999957441606713        5.0012385538355401E-002  0.59999954447609338        0.0000000000000000     
   2.0000000000000000E-003  -65.000628687855198       0.31999914802754120        5.0024710656356844E-002  0.59999909029988363        0.0000000000000000     
   3.0000000000000001E-003  -65.000941522623236       0.31999872083740644        5.0036975633598872E-002  0.59999863746704818        0.0000000000000000     
   4.0000000000000001E-003  -65.001253356627288       0.31999829284863507        5.0049180748410783E-002  0.59999818597328169        0.0000000000000000     
   5.0000000000000001E-003  -65.001564193856083       0.31999786406418751        5.0061326277862139E-002  0.59999773581429605        0.0000000000000000     
   6.0000000000000001E-003  -65.001874038283916       0.31999743448701240        5.0073412497768297E-002  0.59999728698582000        0.0000000000000000     
   7.0000000000000001E-003  -65.002182893870696       0.31999700412004650        5.0085439682695881E-002  0.59999683948359950        0.0000000000000000     
   8.0000000000000002E-003  -65.002490764561983       0.31999657296621498        5.0097408105968265E-002  0.59999639330339727        0.0000000000000000     
   9.0000000000000011E-003  -65.002797654288997       0.31999614102843127        5.0109318039670989E-002  0.59999594844099302        0.0000000000000000     
   1.0000000000000000E-002  -65.003103566968662       0.31999570830959712        5.0121169754657198E-002  0.59999550489218323        0.0000000000000000     
   1.0999999999999999E-002  -65.003408506503618       0.31999527481260276        5.0132963520553048E-002  0.59999506265278113        0.0000000000000000     
   1.2000000000000000E-002  -65.003712476782269       0.31999484054032679        5.0144699605763059E-002  0.59999462171861673        0.0000000000000000     
   1.3000000000000001E-002  -65.004015481678834       0.31999440549563635        5.0156378277475488E-002  0.59999418208553656        0.0000000000000000     
   1.4000000000000000E-002  -65.004317525053324       0.31999396968138716        5.0167999801667654E-002  0.59999374374940384        0.0000000000000000     
   1.4999999999999999E-002  -65.004618610751606       0.31999353310042339        5.0179564443111252E-002  0.59999330670609818        0.0000000000000000     
   1.6000000000000000E-002  -65.004918742605454       0.31999309575557788        5.0191072465377629E-002  0.59999287095151566        0.0000000000000000     
   1.7000000000000001E-002  -65.005217924432529       0.31999265764967216        5.0202524130843071E-002  0.59999243648156875        0.0000000000000000     
   1.8000000000000002E-002  -65.005516160036464       0.31999221878551648        5.0213919700694047E-002  0.59999200329218627        0.0000000000000000     
   1.9000000000000000E-002  -65.005813453206841       0.31999177916590976        5.0225259434932411E-002  0.59999157137931336        0.0000000000000000     
   2.0000000000000000E-002  -65.006109807719284       0.31999133879363972        5.0236543592380625E-002  0.59999114073891124        0.0000000000000000     
   2.1000000000000001E-002  -65.006405227335435       0.31999089767148298        5.0247772430686934E-002  0.59999071136695725        0.0000000000000000     
   2.1999999999999999E-002  -65.006699715803009       0.31999045580220492        5.0258946206330535E-002  0.59999028325944492        0.0000000000000000     
   2.3000000000000000E-002  -65.006993276855852       0.31999001318855996        5.0270065174626705E-002  0.59998985641238378        0.0000000000000000     
   2.4000000000000000E-002  -65.007285914213924       0.31998956983329135        5.0281129589731910E-002  0.59998943082179923        0.0000000000000000     
   2.5000000000000001E-002  -65.007577631583374       0.31998912573913141        5.0292139704648936E-002  0.59998900648373277        0.0000000000000000     
   2.6000000000000002E-002  -65.007868432656537       0.31998868090880150        5.0303095771231925E-002  0.59998858339424144        0.0000000000000000     
   2.7000000000000000E-002  -65.008158321111992       0.31998823534501203        5.0313998040191453E-002  0.59998816154939838        0.0000000000000000     
   2.8000000000000001E-002  -65.008447300614591       0.31998778905046249        5.0324846761099558E-002  0.59998774094529217        0.0000000000000000     
   2.9000000000000001E-002  -65.008735374815487       0.31998734202784157        5.0335642182394759E-002  0.59998732157802726        0.0000000000000000     
   2.9999999999999999E-002  -65.009022547352160       0.31998689427982724        5.0346384551387041E-002  0.59998690344372352        0.0000000000000000     
   3.1000000000000000E-002  -65.009308821848464       0.31998644580908653        5.0357074114262823E-002  0.59998648653851661        0.0000000000000000     
   3.2000000000000001E-002  -65.009594201914666       0.31998599661827593        5.0367711116089932E-002  0.59998607085855737        0.0000000000000000     
   3.3000000000000002E-002  -65.009878691147449       0.31998554671004115        5.0378295800822495E-002  0.59998565640001233        0.0000000000000000     
   3.4000000000000002E-002  -65.010162293129980       0.31998509608701731        5.0388828411305889E-002  0.59998524315906321        0.0000000000000000     
   3.5000000000000003E-002  -65.010445011431912       0.31998464475182892        5.0399309189281614E-002  0.59998483113190704        0.0000000000000000     
   3.6000000000000004E-002  -65.010726849609455       0.31998419270708994        5.0409738375392157E-002  0.59998442031475618        0.0000000000000000     
   3.6999999999999998E-002  -65.011007811205374       0.31998373995540380        5.0420116209185857E-002  0.59998401070383822        0.0000000000000000     
   3.7999999999999999E-002  -65.011287899749036       0.31998328649936342        5.0430442929121716E-002  0.59998360229539582        0.0000000000000000     
   3.9000000000000000E-002  -65.011567118756460       0.31998283234155139        5.0440718772574229E-002  0.59998319508568665        0.0000000000000000     
   4.0000000000000001E-002  -65.011845471730325       0.31998237748453984        5.0450943975838158E-002  0.59998278907098346        0.0000000000000000     
   4.1000000000000002E-002  -65.012122962160021       0.31998192193089048        5.0461118774133312E-002  0.59998238424757400        0.0000000000000000     
   4.2000000000000003E-002  -65.012399593521678       0.31998146568315483        5.0471243401609286E-002  0.59998198061176089        0.0000000000000000     
   4.3000000000000003E-002  -65.012675369278199       0.31998100874387408        5.0481318091350202E-002  0.59998157815986153        0.0000000000000000     
   4.3999999999999997E-002  -65.012950292879296       0.31998055111557916        5.0491343075379412E-002  0.59998117688820818        0.0000000000000000     
   4.4999999999999998E-002  -65.013224367761538       0.31998009280079087        5.0501318584664202E-002  0.59998077679314787        0.0000000000000000     
   4.5999999999999999E-002  -65.013497597348348       0.31997963380201977        5.0511244849120444E-002  0.59998037787104219        0.0000000000000000     
   4.7000000000000000E-002  -65.013769985050075       0.31997917412176635        5.0521122097617263E-002  0.59997998011826736        0.0000000000000000     
   4.8000000000000001E-002  -65.014041534264024       0.31997871376252102        5.0530950557981659E-002  0.59997958353121417        0.0000000000000000     
   4.9000000000000002E-002  -65.014312248374480       0.31997825272676411        5.0540730457003129E-002  0.59997918810628803        0.0000000000000000     
   5.0000000000000003E-002  -65.014582130752729       0.31997779101696605        5.0550462020438260E-002  0.59997879383990860        0.0000000000000000     
   5.1000000000000004E-002  -65.014851184757134       0.31997732863558714        5.0560145473015301E-002  0.59997840072851016        0.0000000000000000     
   5.2000000000000005E-002  -65.015119413733117       0.31997686558507793        5.0569781038438719E-002  0.59997800876854113        0.0000000000000000     
   5.2999999999999999E-002  -65.015386821013252       0.31997640186787901        5.0579368939393729E-002  0.59997761795646432        0.0000000000000000     
   5.3999999999999999E-002  -65.015653409917263       0.31997593748642106        5.0588909397550827E-002  0.59997722828875666        0.0000000000000000     
   5.5000000000000000E-002  -65.015919183752047       0.31997547244312508        5.0598402633570280E-002  0.59997683976190941        0.0000000000000000     
   5.6000000000000001E-002  -65.016184145811764       0.31997500674040219        5.0607848867106599E-002  0.59997645237242769        0.0000000000000000     
   5.7000000000000002E-002  -65.016448299377814       0.31997454038065382        5.0617248316813010E-002  0.59997606611683096        0.0000000000000000     
   5.8000000000000003E-002  -65.016711647718893       0.31997407336627176        5.0626601200345900E-002  0.59997568099165255        0.0000000000000000     
   5.9000000000000004E-002  -65.016974194091048       0.31997360569963806        5.0635907734369233E-002  0.59997529699343977        0.0000000000000000     
   5.9999999999999998E-002  -65.017235941737681       0.31997313738312516        5.0645168134558952E-002  0.59997491411875370        0.0000000000000000     
   6.0999999999999999E-002  -65.017496893889614       0.31997266841909594        5.0654382615607375E-002  0.59997453236416942        0.0000000000000000     
   6.2000000000000000E-002  -65.017757053765095       0.31997219880990380        5.0663551391227551E-002  0.59997415172627566        0.0000000000000000     
   6.3000000000000000E-002  -65.018016424569865       0.31997172855789252        5.0672674674157633E-002  0.59997377220167503        0.0000000000000000     
   6.4000000000000001E-002  -65.018275009497160       0.31997125766539647        5.0681752676165183E-002  0.59997339378698378        0.0000000000000000     
   6.5000000000000002E-002  -65.018532811727781       0.31997078613474056        5.0690785608051500E-002  0.59997301647883161        0.0000000000000000     
   6.6000000000000003E-002  -65.018789834430095       0.31997031396824038        5.0699773679655918E-002  0.59997264027386199        0.0000000000000000     
   6.7000000000000004E-002  -65.019046080760106       0.31996984116820210        5.0708717099860072E-002  0.59997226516873192        0.0000000000000000     
   6.8000000000000005E-002  -65.019301553861467       0.31996936773692253        5.0717616076592163E-002  0.59997189116011163        0.0000000000000000     
   6.9000000000000006E-002  -65.019556256865513       0.31996889367668929        5.0726470816831203E-002  0.59997151824468498        0.0000000000000000     
   7.0000000000000007E-002  -65.019810192891313       0.31996841898978073        5.0735281526611234E-002  0.59997114641914917        0.0000000000000000     
   7.1000000000000008E-002  -65.020063365045701       0.31996794367846593        5.0744048411025533E-002  0.59997077568021451        0.0000000000000000     
   7.2000000000000008E-002  -65.020315776423317       0.31996746774500484        5.0752771674230805E-002  0.59997040602460483        0.0000000000000000     
   7.2999999999999995E-002  -65.020567430106610       0.31996699119164829        5.0761451519451342E-002  0.59997003744905697        0.0000000000000000     
   7.3999999999999996E-002  -65.020818329165920       0.31996651402063797        5.0770088148983192E-002  0.59996966995032097        0.0000000000000000     
   7.4999999999999997E-002  -65.021068476659494       0.31996603623420655        5.0778681764198280E-002  0.59996930352515998        0.0000000000000000     
   7.5999999999999998E-002  -65.021317875633514       0.31996555783457764        5.0787232565548533E-002  0.59996893817035013        0.0000000000000000     
   7.6999999999999999E-002  -65.021566529122140       0.31996507882396585        5.0795740752569971E-002  0.59996857388268066        0.0000000000000000     
   7.8000000000000000E-002  -65.021814440147537       0.31996459920457682        5.0804206523886800E-002  0.59996821065895356        0.0000000000000000     
   7.9000000000000001E-002  -65.022061611719948       0.31996411897860733        5.0812630077215482E-002  0.59996784849598395        0.0000000000000000     
   8.0000000000000002E-002  -65.022308046837679       0.31996363814824519        5.0821011609368763E-002  0.59996748739059957        0.0000000000000000     
   8.1000000000000003E-002  -65.022553748487155       0.31996315671566944        5.0829351316259722E-002  0.59996712733964108        0.0000000000000000     
   8.2000000000000003E-002  -65.022798719642978       0.31996267468305029        5.0837649392905776E-002  0.59996676833996176        0.0000000000000000     
   8.3000000000000004E-002  -65.023042963267940       0.31996219205254911        5.0845906033432677E-002  0.59996641038842768        0.0000000000000000     
   8.4000000000000005E-002  -65.023286482313040       0.31996170882631852        5.0854121431078501E-002  0.59996605348191745        0.0000000000000000     
   8.5000000000000006E-002  -65.023529279717579       0.31996122500650254        5.0862295778197605E-002  0.59996569761732232        0.0000000000000000     
   8.6000000000000007E-002  -65.023771358409135       0.31996074059523644        5.0870429266264568E-002  0.59996534279154601        0.0000000000000000     
   8.7000000000000008E-002  -65.024012721303635       0.31996025559464680        5.0878522085878126E-002  0.59996498900150474        0.0000000000000000     
   8.7999999999999995E-002  -65.024253371305363       0.31995977000685172        5.0886574426765085E-002  0.59996463624412733        0.0000000000000000     
   8.8999999999999996E-002  -65.024493311307040       0.31995928383396061        5.0894586477784221E-002  0.59996428451635464        0.0000000000000000     
   8.9999999999999997E-002  -65.024732544189817       0.31995879707807440        5.0902558426930145E-002  0.59996393381514013        0.0000000000000000     
   9.0999999999999998E-002  -65.024971072823334       0.31995830974128553        5.0910490461337179E-002  0.59996358413744943        0.0000000000000000     
   9.1999999999999998E-002  -65.025208900065749       0.31995782182567795        5.0918382767283200E-002  0.59996323548026054        0.0000000000000000     
   9.2999999999999999E-002  -65.025446028763767       0.31995733333332715        5.0926235530193466E-002  0.59996288784056340        0.0000000000000000     
   9.4000000000000000E-002  -65.025682461752695       0.31995684426630028        5.0934048934644441E-002  0.59996254121536019        0.0000000000000000     
   9.5000000000000001E-002  -65.025918201856456       0.31995635462665606        5.0941823164367572E-002  0.59996219560166530        0.0000000000000000     
   9.6000000000000002E-002  -65.026153251887635       0.31995586441644497        5.0949558402253091E-002  0.59996185099650501        0.0000000000000000     
   9.7000000000000003E-002  -65.026387614647518       0.31995537363770904        5.0957254830353772E-002  0.59996150739691756        0.0000000000000000     
   9.8000000000000004E-002  -65.026621292926137       0.31995488229248220        5.0964912629888677E-002  0.59996116479995321        0.0000000000000000     
   9.9000000000000005E-002  -65.026854289502268       0.31995439038279005        5.0972531981246891E-002  0.59996082320267408        0.0000000000000000     
  0.10000000000000001       -65.027086607143517       0.31995389791064999        5.0980113063991243E-002  0.59996048260215418        0.0000000000000000     
  0.10100000000000001       -65.027318248606335       0.31995340487807128        5.0987656056862000E-002  0.59996014299547928        0.0000000000000000     
  0.10200000000000001       -65.027549216636032       0.31995291128705505        5.0995161137780555E-002  0.59995980437974683        0.0000000000000000     
  0.10300000000000001       -65.027779513966834       0.31995241713959433        5.1002628483853105E-002  0.59995946675206602        0.0000000000000000     
  0.10400000000000001       -65.028009143321924       0.31995192243767406        5.1010058271374295E-002  0.59995913010955770        0.0000000000000000     
  0.10500000000000000       -65.028238107413472       0.31995142718327124        5.1017450675830855E-002  0.59995879444935429        0.0000000000000000     
  0.10600000000000000       -65.028466408942663       0.31995093137835473        5.1024805871905228E-002  0.59995845976859985        0.0000000000000000     
  0.10700000000000000       -65.028694050599739       0.31995043502488552        5.1032124033479176E-002  0.59995812606444976        0.0000000000000000     
  0.10800000000000000       -65.028921035064030       0.31994993812481659        5.1039405333637378E-002  0.59995779333407107        0.0000000000000000     
  0.10900000000000000       -65.029147365004022       0.31994944068009307        5.1046649944670987E-002  0.59995746157464225        0.0000000000000000     
  0.11000000000000000       -65.029373043077328       0.31994894269265223        5.1053858038081212E-002  0.59995713078335289        0.0000000000000000     
  0.11100000000000000       -65.029598071930778       0.31994844416442347        5.1061029784582851E-002  0.59995680095740411        0.0000000000000000     
  0.11200000000000000       -65.029822454200442       0.31994794509732843        5.1068165354107825E-002  0.59995647209400826        0.0000000000000000     
  0.11300000000000000       -65.030046192511648       0.31994744549328091        5.1075264915808695E-002  0.59995614419038890        0.0000000000000000     
  0.11400000000000000       -65.030269289479037       0.31994694535418700        5.1082328638062162E-002  0.59995581724378078        0.0000000000000000     
  0.11500000000000000       -65.030491747706591       0.31994644468194500        5.1089356688472545E-002  0.59995549125142977        0.0000000000000000     
  0.11600000000000001       -65.030713569787665       0.31994594347844568        5.1096349233875259E-002  0.59995516621059286        0.0000000000000000     
  0.11700000000000001       -65.030934758305037       0.31994544174557210        5.1103306440340265E-002  0.59995484211853800        0.0000000000000000     
  0.11800000000000001       -65.031155315830929       0.31994493948519964        5.1110228473175513E-002  0.59995451897254426        0.0000000000000000     
  0.11900000000000001       -65.031375244927048       0.31994443669919614        5.1117115496930370E-002  0.59995419676990169        0.0000000000000000     
  0.12000000000000000       -65.031594548144611       0.31994393338942190        5.1123967675399021E-002  0.59995387550791102        0.0000000000000000     
  0.12100000000000000       -65.031813228024404       0.31994342955772970        5.1130785171623873E-002  0.59995355518388405        0.0000000000000000     
  0.12200000000000000       -65.032031287096785       0.31994292520596479        5.1137568147898931E-002  0.59995323579514337        0.0000000000000000     
  0.12300000000000000       -65.032248727881750       0.31994242033596498        5.1144316765773176E-002  0.59995291733902223        0.0000000000000000     
  0.12400000000000000       -65.032465552888937       0.31994191494956070        5.1151031186053901E-002  0.59995259981286475        0.0000000000000000     
  0.12500000000000000       -65.032681764617692       0.31994140904857488        5.1157711568810063E-002  0.59995228321402572        0.0000000000000000     
  0.12600000000000000       -65.032897365557105       0.31994090263482311        5.1164358073375597E-002  0.59995196753987046        0.0000000000000000     
  0.12700000000000000       -65.033112358186003       0.31994039571011368        5.1170970858352718E-002  0.59995165278777496        0.0000000000000000     
  0.12800000000000000       -65.033326744973039       0.31993988827624753        5.1177550081615238E-002  0.59995133895512576        0.0000000000000000     
  0.12900000000000000       -65.033540528376676       0.31993938033501840        5.1184095900311824E-002  0.59995102603931993        0.0000000000000000     
  0.13000000000000000       -65.033753710845261       0.31993887188821268        5.1190608470869280E-002  0.59995071403776501        0.0000000000000000     
  0.13100000000000001       -65.033966294817034       0.31993836293760958        5.1197087948995787E-002  0.59995040294787882        0.0000000000000000     
  0.13200000000000001       -65.034178282720191       0.31993785348498116        5.1203534489684149E-002  0.59995009276708977        0.0000000000000000     
  0.13300000000000001       -65.034389676972893       0.31993734353209224        5.1209948247215011E-002  0.59994978349283656        0.0000000000000000     
  0.13400000000000001       -65.034600479983311       0.31993683308070059        5.1216329375160068E-002  0.59994947512256802        0.0000000000000000     
  0.13500000000000001       -65.034810694149670       0.31993632213255679        5.1222678026385277E-002  0.59994916765374351        0.0000000000000000     
  0.13600000000000001       -65.035020321860245       0.31993581068940447        5.1228994353054010E-002  0.59994886108383227        0.0000000000000000     
  0.13700000000000001       -65.035229365493450       0.31993529875298016        5.1235278506630254E-002  0.59994855541031400        0.0000000000000000     
  0.13800000000000001       -65.035437827417837       0.31993478632501332        5.1241530637881741E-002  0.59994825063067836        0.0000000000000000     
  0.13900000000000001       -65.035645709992139       0.31993427340722652        5.1247750896883097E-002  0.59994794674242513        0.0000000000000000     
  0.14000000000000001       -65.035853015565294       0.31993376000133533        5.1253939433018973E-002  0.59994764374306409        0.0000000000000000     
  0.14100000000000001       -65.036059746476511       0.31993324610904844        5.1260096394987166E-002  0.59994734163011509        0.0000000000000000     
  0.14200000000000002       -65.036265905055274       0.31993273173206754        5.1266221930801693E-002  0.59994704040110780        0.0000000000000000     
  0.14300000000000002       -65.036471493621377       0.31993221687208756        5.1272316187795895E-002  0.59994674005358206        0.0000000000000000     
  0.14400000000000002       -65.036676514484981       0.31993170153079653        5.1278379312625522E-002  0.59994644058508739        0.0000000000000000     
  0.14499999999999999       -65.036880969946623       0.31993118570987572        5.1284411451271772E-002  0.59994614199318308        0.0000000000000000     
  0.14599999999999999       -65.037084862297277       0.31993066941099957        5.1290412749044341E-002  0.59994584427543840        0.0000000000000000     
  0.14699999999999999       -65.037288193818355       0.31993015263583580        5.1296383350584465E-002  0.59994554742943229        0.0000000000000000     
  0.14799999999999999       -65.037490966781746       0.31992963538604541        5.1302323399867934E-002  0.59994525145275335        0.0000000000000000     
  0.14899999999999999       -65.037693183449903       0.31992911766328264        5.1308233040208095E-002  0.59994495634299982        0.0000000000000000     
  0.14999999999999999       -65.037894846075787       0.31992859946919511        5.1314112414258865E-002  0.59994466209777975        0.0000000000000000     
  0.15100000000000000       -65.038095956902993       0.31992808080542384        5.1319961664017685E-002  0.59994436871471057        0.0000000000000000     
  0.15200000000000000       -65.038296518165708       0.31992756167360320        5.1325780930828506E-002  0.59994407619141943        0.0000000000000000     
  0.15300000000000000       -65.038496532088786       0.31992704207536093        5.1331570355384736E-002  0.59994378452554287        0.0000000000000000     
  0.15400000000000000       -65.038696000887782       0.31992652201231825        5.1337330077732189E-002  0.59994349371472688        0.0000000000000000     
  0.15500000000000000       -65.038894926768961       0.31992600148608991        5.1343060237272004E-002  0.59994320375662702        0.0000000000000000     
  0.15600000000000000       -65.039093311929349       0.31992548049828406        5.1348760972763564E-002  0.59994291464890803        0.0000000000000000     
  0.15700000000000000       -65.039291158556765       0.31992495905050239        5.1354432422327408E-002  0.59994262638924423        0.0000000000000000     
  0.15800000000000000       -65.039488468829859       0.31992443714434021        5.1360074723448113E-002  0.59994233897531901        0.0000000000000000     
  0.15900000000000000       -65.039685244918132       0.31992391478138632        5.1365688012977175E-002  0.59994205240482523        0.0000000000000000     
  0.16000000000000000       -65.039881488981976       0.31992339196322322        5.1371272427135871E-002  0.59994176667546484        0.0000000000000000     
  0.16100000000000000       -65.040077203172700       0.31992286869142694        5.1376828101518120E-002  0.59994148178494910        0.0000000000000000     
  0.16200000000000001       -65.040272389632591       0.31992234496756727        5.1382355171093325E-002  0.59994119773099830        0.0000000000000000     
  0.16300000000000001       -65.040467050494897       0.31992182079320763        5.1387853770209185E-002  0.59994091451134202        0.0000000000000000     
  0.16400000000000001       -65.040661187883913       0.31992129616990517        5.1393324032594528E-002  0.59994063212371873        0.0000000000000000     
  0.16500000000000001       -65.040854803914982       0.31992077109921074        5.1398766091362104E-002  0.59994035056587602        0.0000000000000000     
  0.16600000000000001       -65.041047900694522       0.31992024558266902        5.1404180079011381E-002  0.59994006983557036        0.0000000000000000     
  0.16700000000000001       -65.041240480320084       0.31991971962181848        5.1409566127431319E-002  0.59993978993056740        0.0000000000000000     
  0.16800000000000001       -65.041432544880379       0.31991919321819134        5.1414924367903153E-002  0.59993951084864161        0.0000000000000000     
  0.16900000000000001       -65.041624096455294       0.31991866637331368        5.1420254931103124E-002  0.59993923258757631        0.0000000000000000     
  0.17000000000000001       -65.041815137115933       0.31991813908870553        5.1425557947105231E-002  0.59993895514516371        0.0000000000000000     
  0.17100000000000001       -65.042005668924659       0.31991761136588071        5.1430833545383976E-002  0.59993867851920479        0.0000000000000000     
  0.17200000000000001       -65.042195693935113       0.31991708320634704        5.1436081854817059E-002  0.59993840270750931        0.0000000000000000     
  0.17300000000000001       -65.042385214192251       0.31991655461160629        5.1441303003688092E-002  0.59993812770789579        0.0000000000000000     
  0.17400000000000002       -65.042574231732374       0.31991602558315413        5.1446497119689315E-002  0.59993785351819151        0.0000000000000000     
  0.17500000000000002       -65.042762748583172       0.31991549612248033        5.1451664329924242E-002  0.59993758013623222        0.0000000000000000     
  0.17599999999999999       -65.042950766763738       0.31991496623106858        5.1456804760910364E-002  0.59993730755986252        0.0000000000000000     
  0.17699999999999999       -65.043138288284624       0.31991443591039670        5.1461918538581793E-002  0.59993703578693547        0.0000000000000000     
  0.17799999999999999       -65.043325315147825       0.31991390516193657        5.1467005788291907E-002  0.59993676481531266        0.0000000000000000     
  0.17899999999999999       -65.043511849346885       0.31991337398715414        5.1472066634815995E-002  0.59993649464286425        0.0000000000000000     
  0.17999999999999999       -65.043697892866845       0.31991284238750950        5.1477101202353881E-002  0.59993622526746893        0.0000000000000000     
  0.18099999999999999       -65.043883447684351       0.31991231036445694        5.1482109614532527E-002  0.59993595668701372        0.0000000000000000     
  0.18200000000000000       -65.044068515767634       0.31991177791944481        5.1487091994408651E-002  0.59993568889939408        0.0000000000000000     
  0.18300000000000000       -65.044253099076570       0.31991124505391577        5.1492048464471300E-002  0.59993542190251381        0.0000000000000000     
  0.18400000000000000       -65.044437199562680       0.31991071176930663        5.1496979146644431E-002  0.59993515569428524        0.0000000000000000     
  0.18500000000000000       -65.044620819169197       0.31991017806704852        5.1501884162289492E-002  0.59993489027262870        0.0000000000000000     
  0.18600000000000000       -65.044803959831086       0.31990964394856680        5.1506763632207971E-002  0.59993462563547306        0.0000000000000000     
  0.18700000000000000       -65.044986623475069       0.31990910941528117        5.1511617676643924E-002  0.59993436178075521        0.0000000000000000     
  0.18800000000000000       -65.045168812019639       0.31990857446860560        5.1516446415286535E-002  0.59993409870642034        0.0000000000000000     
  0.18900000000000000       -65.045350527375135       0.31990803910994842        5.1521249967272628E-002  0.59993383641042175        0.0000000000000000     
  0.19000000000000000       -65.045531771443734       0.31990750334071233        5.1526028451189164E-002  0.59993357489072097        0.0000000000000000     
  0.19100000000000000       -65.045712546119503       0.31990696716229444        5.1530781985075762E-002  0.59993331414528750        0.0000000000000000     
  0.19200000000000000       -65.045892853288422       0.31990643057608625        5.1535510686427172E-002  0.59993305417209897        0.0000000000000000     
  0.19300000000000000       -65.046072694828410       0.31990589358347377        5.1540214672195772E-002  0.59993279496914087        0.0000000000000000     
  0.19400000000000001       -65.046252072609363       0.31990535618583743        5.1544894058794012E-002  0.59993253653440692        0.0000000000000000     
  0.19500000000000001       -65.046430988493185       0.31990481838455215        5.1549548962096882E-002  0.59993227886589862        0.0000000000000000     
  0.19600000000000001       -65.046609444333825       0.31990428018098732        5.1554179497444362E-002  0.59993202196162554        0.0000000000000000     
  0.19700000000000001       -65.046787441977287       0.31990374157650697        5.1558785779643852E-002  0.59993176581960495        0.0000000000000000     
  0.19800000000000001       -65.046964983261674       0.31990320257246962        5.1563367922972586E-002  0.59993151043786197        0.0000000000000000     
  0.19900000000000001       -65.047142070017216       0.31990266317022836        5.1567926041180059E-002  0.59993125581442974        0.0000000000000000     
  0.20000000000000001       -65.047318704066313       0.31990212337113094        5.1572460247490425E-002  0.59993100194734905        0.0000000000000000     
  0.20100000000000001       -65.047494887223536       0.31990158317651973        5.1576970654604891E-002  0.59993074883466835        0.0000000000000000     
  0.20200000000000001       -65.047670621295680       0.31990104258773178        5.1581457374704084E-002  0.59993049647444396        0.0000000000000000     
  0.20300000000000001       -65.047845908081783       0.31990050160609868        5.1585920519450441E-002  0.59993024486473989        0.0000000000000000     
  0.20400000000000001       -65.048020749373165       0.31989996023294687        5.1590360199990561E-002  0.59992999400362768        0.0000000000000000     
  0.20500000000000002       -65.048195146953475       0.31989941846959746        5.1594776526957542E-002  0.59992974388918652        0.0000000000000000     
  0.20600000000000002       -65.048369102598656       0.31989887631736635        5.1599169610473353E-002  0.59992949451950328        0.0000000000000000     
  0.20700000000000002       -65.048542618077050       0.31989833377756410        5.1603539560151124E-002  0.59992924589267227        0.0000000000000000     
  0.20800000000000002       -65.048715695149383       0.31989779085149611        5.1607886485097489E-002  0.59992899800679533        0.0000000000000000     
  0.20899999999999999       -65.048888335568805       0.31989724754046267        5.1612210493914894E-002  0.59992875085998187        0.0000000000000000     
  0.20999999999999999       -65.049060541080934       0.31989670384575875        5.1616511694703882E-002  0.59992850445034862        0.0000000000000000     
  0.21099999999999999       -65.049232313423857       0.31989615976867430        5.1620790195065387E-002  0.59992825877601985        0.0000000000000000     
  0.21199999999999999       -65.049403654328188       0.31989561531049415        5.1625046102103021E-002  0.59992801383512717        0.0000000000000000     
  0.21299999999999999       -65.049574565517077       0.31989507047249799        5.1629279522425325E-002  0.59992776962580951        0.0000000000000000     
  0.21400000000000000       -65.049745048706242       0.31989452525596040        5.1633490562148034E-002  0.59992752614621325        0.0000000000000000     
  0.21500000000000000       -65.049915105604015       0.31989397966215094        5.1637679326896328E-002  0.59992728339449186        0.0000000000000000     
  0.21600000000000000       -65.050084737911334       0.31989343369233419        5.1641845921807067E-002  0.59992704136880637        0.0000000000000000     
  0.21700000000000000       -65.050253947321821       0.31989288734776961        5.1645990451531024E-002  0.59992680006732479        0.0000000000000000     
  0.21800000000000000       -65.050422735521764       0.31989234062971172        5.1650113020235082E-002  0.59992655948822238        0.0000000000000000     
  0.21900000000000000       -65.050591104190190       0.31989179353941016        5.1654213731604469E-002  0.59992631962968157        0.0000000000000000     
  0.22000000000000000       -65.050759054998849       0.31989124607810948        5.1658292688844934E-002  0.59992608048989204        0.0000000000000000     
  0.22100000000000000       -65.050926589612274       0.31989069824704935        5.1662349994684956E-002  0.59992584206705046        0.0000000000000000     
  0.22200000000000000       -65.051093709687805       0.31989015004746457        5.1666385751377900E-002  0.59992560435936060        0.0000000000000000     
  0.22300000000000000       -65.051260416875607       0.31988960148058504        5.1670400060704204E-002  0.59992536736503332        0.0000000000000000     
  0.22400000000000000       -65.051426712818696       0.31988905254763583        5.1674393023973531E-002  0.59992513108228640        0.0000000000000000     
  0.22500000000000001       -65.051592599152983       0.31988850324983709        5.1678364742026910E-002  0.59992489550934469        0.0000000000000000     
  0.22600000000000001       -65.051758077507287       0.31988795358840422        5.1682315315238897E-002  0.59992466064444006        0.0000000000000000     
  0.22700000000000001       -65.051923149503367       0.31988740356454776        5.1686244843519691E-002  0.59992442648581112        0.0000000000000000     
  0.22800000000000001       -65.052087816755957       0.31988685317947357        5.1690153426317248E-002  0.59992419303170341        0.0000000000000000     
  0.22900000000000001       -65.052252080872790       0.31988630243438265        5.1694041162619407E-002  0.59992396028036954        0.0000000000000000     
  0.23000000000000001       -65.052415943454633       0.31988575133047126        5.1697908150955985E-002  0.59992372823006868        0.0000000000000000     
  0.23100000000000001       -65.052579406095290       0.31988519986893105        5.1701754489400877E-002  0.59992349687906699        0.0000000000000000     
  0.23200000000000001       -65.052742470381659       0.31988464805094885        5.1705580275574120E-002  0.59992326622563741        0.0000000000000000     
  0.23300000000000001       -65.052905137893731       0.31988409587770694        5.1709385606643996E-002  0.59992303626805943        0.0000000000000000     
  0.23400000000000001       -65.053067410204648       0.31988354335038283        5.1713170579329074E-002  0.59992280700461953        0.0000000000000000     
  0.23500000000000001       -65.053229288880701       0.31988299047014945        5.1716935289900276E-002  0.59992257843361063        0.0000000000000000     
  0.23600000000000002       -65.053390775481390       0.31988243723817511        5.1720679834182916E-002  0.59992235055333243        0.0000000000000000     
  0.23700000000000002       -65.053551871559421       0.31988188365562353        5.1724404307558744E-002  0.59992212336209128        0.0000000000000000     
  0.23800000000000002       -65.053712578660736       0.31988132972365385        5.1728108804967969E-002  0.59992189685820008        0.0000000000000000     
  0.23900000000000002       -65.053872898324570       0.31988077544342064        5.1731793420911290E-002  0.59992167103997840        0.0000000000000000     
  0.23999999999999999       -65.054032832083436       0.31988022081607392        5.1735458249451888E-002  0.59992144590575214        0.0000000000000000     
  0.24099999999999999       -65.054192381463182       0.31987966584275929        5.1739103384217444E-002  0.59992122145385396        0.0000000000000000     
  0.24199999999999999       -65.054351547983018       0.31987911052461770        5.1742728918402113E-002  0.59992099768262275        0.0000000000000000     
  0.24299999999999999       -65.054510333155505       0.31987855486278577        5.1746334944768532E-002  0.59992077459040416        0.0000000000000000     
  0.24399999999999999       -65.054668738486640       0.31987799885839557        5.1749921555649774E-002  0.59992055217554996        0.0000000000000000     
  0.24500000000000000       -65.054826765475838       0.31987744251257477        5.1753488842951313E-002  0.59992033043641857        0.0000000000000000     
  0.24600000000000000       -65.054984415615976       0.31987688582644658        5.1757036898153003E-002  0.59992010937137463        0.0000000000000000     
  0.24700000000000000       -65.055141690393398       0.31987632880112987        5.1760565812310998E-002  0.59991988897878923        0.0000000000000000     
  0.24800000000000000       -65.055298591287993       0.31987577143773910        5.1764075676059708E-002  0.59991966925703977        0.0000000000000000     
  0.24900000000000000       -65.055455119773157       0.31987521373738437        5.1767566579613733E-002  0.59991945020450976        0.0000000000000000     
  0.25000000000000000       -65.055611277315862       0.31987465570117146        5.1771038612769764E-002  0.59991923181958928        0.0000000000000000     
  0.25100000000000000       -65.055767065376656       0.31987409733020178        5.1774491864908526E-002  0.59991901410067439        0.0000000000000000     
  0.25200000000000000       -65.055922485409724       0.31987353862557250        5.1777926424996658E-002  0.59991879704616746        0.0000000000000000     
  0.25300000000000000       -65.056077538862880       0.31987297958837640        5.1781342381588616E-002  0.59991858065447701        0.0000000000000000     
  0.25400000000000000       -65.056232227177617       0.31987242021970214        5.1784739822828572E-002  0.59991836492401773        0.0000000000000000     
  0.25500000000000000       -65.056386551789089       0.31987186052063399        5.1788118836452283E-002  0.59991814985321046        0.0000000000000000     
  0.25600000000000001       -65.056540514126198       0.31987130049225210        5.1791479509788962E-002  0.59991793544048211        0.0000000000000000     
  0.25700000000000001       -65.056694115611577       0.31987074013563233        5.1794821929763146E-002  0.59991772168426560        0.0000000000000000     
  0.25800000000000001       -65.056847357661638       0.31987017945184643        5.1798146182896541E-002  0.59991750858300008        0.0000000000000000     
  0.25900000000000001       -65.057000241686566       0.31986961844196188        5.1801452355309877E-002  0.59991729613513067        0.0000000000000000     
  0.26000000000000001       -65.057152769090393       0.31986905710704205        5.1804740532724741E-002  0.59991708433910829        0.0000000000000000     
  0.26100000000000001       -65.057304941270971       0.31986849544814616        5.1808010800465411E-002  0.59991687319339004        0.0000000000000000     
  0.26200000000000001       -65.057456759620038       0.31986793346632936        5.1811263243460665E-002  0.59991666269643884        0.0000000000000000     
  0.26300000000000001       -65.057608225523211       0.31986737116264263        5.1814497946245618E-002  0.59991645284672357        0.0000000000000000     
  0.26400000000000001       -65.057759340360050       0.31986680853813293        5.1817714992963497E-002  0.59991624364271912        0.0000000000000000     
  0.26500000000000001       -65.057910105504035       0.31986624559384308        5.1820914467367460E-002  0.59991603508290603        0.0000000000000000     
  0.26600000000000001       -65.058060522322634       0.31986568233081192        5.1824096452822377E-002  0.59991582716577074        0.0000000000000000     
  0.26700000000000002       -65.058210592177304       0.31986511875007417        5.1827261032306608E-002  0.59991561988980557        0.0000000000000000     
  0.26800000000000002       -65.058360316423503       0.31986455485266069        5.1830408288413787E-002  0.59991541325350872        0.0000000000000000     
  0.26900000000000002       -65.058509696410766       0.31986399063959819        5.1833538303354562E-002  0.59991520725538383        0.0000000000000000     
  0.27000000000000002       -65.058658733482659       0.31986342611190949        5.1836651158958386E-002  0.59991500189394065        0.0000000000000000     
  0.27100000000000002       -65.058807428976877       0.31986286127061342        5.1839746936675236E-002  0.59991479716769436        0.0000000000000000     
  0.27200000000000002       -65.058955784225191       0.31986229611672484        5.1842825717577368E-002  0.59991459307516593        0.0000000000000000     
  0.27300000000000002       -65.059103800553544       0.31986173065125478        5.1845887582361048E-002  0.59991438961488208        0.0000000000000000     
  0.27400000000000002       -65.059251479282040       0.31986116487521027        5.1848932611348285E-002  0.59991418678537500        0.0000000000000000     
  0.27500000000000002       -65.059398821724955       0.31986059878959444        5.1851960884488534E-002  0.59991398458518264        0.0000000000000000     
  0.27600000000000002       -65.059545829190782       0.31986003239540661        5.1854972481360409E-002  0.59991378301284837        0.0000000000000000     
  0.27700000000000002       -65.059692502982259       0.31985946569364221        5.1857967481173398E-002  0.59991358206692136        0.0000000000000000     
  0.27800000000000002       -65.059838844396381       0.31985889868529283        5.1860945962769543E-002  0.59991338174595610        0.0000000000000000     
  0.27900000000000003       -65.059984854724433       0.31985833137134628        5.1863908004625134E-002  0.59991318204851263        0.0000000000000000     
  0.28000000000000003       -65.060130535251986       0.31985776375278646        5.1866853684852395E-002  0.59991298297315654        0.0000000000000000     
  0.28100000000000003       -65.060275887258967       0.31985719583059363        5.1869783081201132E-002  0.59991278451845897        0.0000000000000000     
  0.28200000000000003       -65.060420912019637       0.31985662760574413        5.1872696271060427E-002  0.59991258668299630        0.0000000000000000     
  0.28300000000000003       -65.060565610802655       0.31985605907921061        5.1875593331460274E-002  0.59991238946535042        0.0000000000000000     
  0.28400000000000003       -65.060709984871067       0.31985549025196197        5.1878474339073236E-002  0.59991219286410868        0.0000000000000000     
  0.28500000000000003       -65.060854035482336       0.31985492112496339        5.1881339370216085E-002  0.59991199687786367        0.0000000000000000     
  0.28600000000000003       -65.060997763888395       0.31985435169917636        5.1884188500851441E-002  0.59991180150521339        0.0000000000000000     
  0.28700000000000003       -65.061141171335635       0.31985378197555869        5.1887021806589391E-002  0.59991160674476129        0.0000000000000000     
  0.28800000000000003       -65.061284259064948       0.31985321195506444        5.1889839362689115E-002  0.59991141259511582        0.0000000000000000     
  0.28899999999999998       -65.061427028311726       0.31985264163864408        5.1892641244060497E-002  0.59991121905489098        0.0000000000000000     
  0.28999999999999998       -65.061569480305906       0.31985207102724439        5.1895427525265728E-002  0.59991102612270597        0.0000000000000000     
  0.29099999999999998       -65.061711616271992       0.31985150012180857        5.1898198280520905E-002  0.59991083379718513        0.0000000000000000     
  0.29199999999999998       -65.061853437429079       0.31985092892327621        5.1900953583697625E-002  0.59991064207695799        0.0000000000000000     
  0.29299999999999998       -65.061994944990857       0.31985035743258328        5.1903693508324571E-002  0.59991045096065931        0.0000000000000000     
  0.29399999999999998       -65.062136140165649       0.31984978565066213        5.1906418127589067E-002  0.59991026044692908        0.0000000000000000     
  0.29499999999999998       -65.062277024156444       0.31984921357844165        5.1909127514338682E-002  0.59991007053441237        0.0000000000000000     
  0.29599999999999999       -65.062417598160877       0.31984864121684714        5.1911821741082761E-002  0.59990988122175937        0.0000000000000000     
  0.29699999999999999       -65.062557863371310       0.31984806856680031        5.1914500879993997E-002  0.59990969250762527        0.0000000000000000     
  0.29799999999999999       -65.062697820974805       0.31984749562921938        5.1917165002909972E-002  0.59990950439067048        0.0000000000000000     
  0.29899999999999999       -65.062837472153163       0.31984692240501911        5.1919814181334706E-002  0.59990931686956039        0.0000000000000000     
  0.29999999999999999       -65.062976818082959       0.31984634889511077        5.1922448486440190E-002  0.59990912994296530        0.0000000000000000     
  0.30099999999999999       -65.063115859935550       0.31984577510040213        5.1925067989067895E-002  0.59990894360956071        0.0000000000000000     
  0.30199999999999999       -65.063254598877108       0.31984520102179753        5.1927672759730314E-002  0.59990875786802700        0.0000000000000000     
  0.30299999999999999       -65.063393036068618       0.31984462666019786        5.1930262868612478E-002  0.59990857271704956        0.0000000000000000     
  0.30399999999999999       -65.063531172665918       0.31984405201650057        5.1932838385573436E-002  0.59990838815531866        0.0000000000000000     
  0.30499999999999999       -65.063669009819719       0.31984347709159971        5.1935399380147781E-002  0.59990820418152957        0.0000000000000000     
  0.30599999999999999       -65.063806548675643       0.31984290188638598        5.1937945921547130E-002  0.59990802079438221        0.0000000000000000     
  0.30700000000000000       -65.063943790374196       0.31984232640174665        5.1940478078661617E-002  0.59990783799258174        0.0000000000000000     
  0.30800000000000000       -65.064080736050855       0.31984175063856563        5.1942995920061366E-002  0.59990765577483784        0.0000000000000000     
  0.30900000000000000       -65.064217386836035       0.31984117459772349        5.1945499513997975E-002  0.59990747413986523        0.0000000000000000     
  0.31000000000000000       -65.064353743855122       0.31984059828009742        5.1947988928405964E-002  0.59990729308638324        0.0000000000000000     
  0.31100000000000000       -65.064489808228515       0.31984002168656139        5.1950464230904242E-002  0.59990711261311624        0.0000000000000000     
  0.31200000000000000       -65.064625581071638       0.31983944481798604        5.1952925488797576E-002  0.59990693271879314        0.0000000000000000     
  0.31300000000000000       -65.064761063494956       0.31983886767523867        5.1955372769078016E-002  0.59990675340214772        0.0000000000000000     
  0.31400000000000000       -65.064896256603987       0.31983829025918331        5.1957806138426349E-002  0.59990657466191843        0.0000000000000000     
  0.31500000000000000       -65.065031161499334       0.31983771257068072        5.1960225663213518E-002  0.59990639649684840        0.0000000000000000     
  0.31600000000000000       -65.065165779276725       0.31983713461058849        5.1962631409502059E-002  0.59990621890568552        0.0000000000000000     
  0.31700000000000000       -65.065300111026986       0.31983655637976088        5.1965023443047521E-002  0.59990604188718233        0.0000000000000000     
  0.31800000000000000       -65.065434157836108       0.31983597787904905        5.1967401829299875E-002  0.59990586544009594        0.0000000000000000     
  0.31900000000000001       -65.065567920785242       0.31983539910930081        5.1969766633404933E-002  0.59990568956318813        0.0000000000000000     
  0.32000000000000001       -65.065701400950729       0.31983482007136088        5.1972117920205729E-002  0.59990551425522520        0.0000000000000000     
  0.32100000000000001       -65.065834599404127       0.31983424076607081        5.1974455754243934E-002  0.59990533951497804        0.0000000000000000     
  0.32200000000000001       -65.065967517212201       0.31983366119426893        5.1976780199761236E-002  0.59990516534122218        0.0000000000000000     
  0.32300000000000001       -65.066100155436970       0.31983308135679039        5.1979091320700714E-002  0.59990499173273770        0.0000000000000000     
  0.32400000000000001       -65.066232515135738       0.31983250125446738        5.1981389180708229E-002  0.59990481868830914        0.0000000000000000     
  0.32500000000000001       -65.066364597361087       0.31983192088812878        5.1983673843133786E-002  0.59990464620672546        0.0000000000000000     
  0.32600000000000001       -65.066496403160897       0.31983134025860049        5.1985945371032898E-002  0.59990447428678029        0.0000000000000000     
  0.32700000000000001       -65.066627933578403       0.31983075936670524        5.1988203827167935E-002  0.59990430292727148        0.0000000000000000     
  0.32800000000000001       -65.066759189652160       0.31983017821326271        5.1990449274009497E-002  0.59990413212700155        0.0000000000000000     
  0.32900000000000001       -65.066890172416109       0.31982959679908951        5.1992681773737733E-002  0.59990396188477724        0.0000000000000000     
  0.33000000000000002       -65.067020882899584       0.31982901512499917        5.1994901388243697E-002  0.59990379219940981        0.0000000000000000     
  0.33100000000000002       -65.067151322127316       0.31982843319180226        5.1997108179130683E-002  0.59990362306971479        0.0000000000000000     
  0.33200000000000002       -65.067281491119459       0.31982785100030631        5.1999302207715530E-002  0.59990345449451221        0.0000000000000000     
  0.33300000000000002       -65.067411390891621       0.31982726855131577        5.2001483535029959E-002  0.59990328647262636        0.0000000000000000     
  0.33400000000000002       -65.067541022454876       0.31982668584563217        5.2003652221821899E-002  0.59990311900288584        0.0000000000000000     
  0.33500000000000002       -65.067670386815792       0.31982610288405400        5.2005808328556773E-002  0.59990295208412359        0.0000000000000000     
  0.33600000000000002       -65.067799484976419       0.31982551966737677        5.2007951915418807E-002  0.59990278571517675        0.0000000000000000     
  0.33700000000000002       -65.067928317934360       0.31982493619639313        5.2010083042312340E-002  0.59990261989488680        0.0000000000000000     
  0.33800000000000002       -65.068056886682740       0.31982435247189267        5.2012201768863092E-002  0.59990245462209946        0.0000000000000000     
  0.33900000000000002       -65.068185192210265       0.31982376849466210        5.2014308154419479E-002  0.59990228989566463        0.0000000000000000     
  0.34000000000000002       -65.068313235501208       0.31982318426548517        5.2016402258053859E-002  0.59990212571443646        0.0000000000000000     
  0.34100000000000003       -65.068441017535449       0.31982259978514282        5.2018484138563824E-002  0.59990196207727331        0.0000000000000000     
  0.34200000000000003       -65.068568539288478       0.31982201505441304        5.2020553854473475E-002  0.59990179898303753        0.0000000000000000     
  0.34300000000000003       -65.068695801731437       0.31982143007407093        5.2022611464034668E-002  0.59990163643059591        0.0000000000000000     
  0.34400000000000003       -65.068822805831118       0.31982084484488871        5.2024657025228280E-002  0.59990147441881914        0.0000000000000000     
  0.34500000000000003       -65.068949552549995       0.31982025936763581        5.2026690595765451E-002  0.59990131294658211        0.0000000000000000     
  0.34600000000000003       -65.069076042846234       0.31981967364307873        5.2028712233088838E-002  0.59990115201276373        0.0000000000000000     
  0.34700000000000003       -65.069202277673696       0.31981908767198119        5.2030721994373842E-002  0.59990099161624710        0.0000000000000000     
  0.34800000000000003       -65.069328257981994       0.31981850145510415        5.2032719936529852E-002  0.59990083175591935        0.0000000000000000     
  0.34900000000000003       -65.069453984716489       0.31981791499320567        5.2034706116201479E-002  0.59990067243067169        0.0000000000000000     
  0.35000000000000003       -65.069579458818311       0.31981732828704101        5.2036680589769756E-002  0.59990051363939911        0.0000000000000000     
  0.35100000000000003       -65.069704681224366       0.31981674133736276        5.2038643413353382E-002  0.59990035538100095        0.0000000000000000     
  0.35199999999999998       -65.069829652867369       0.31981615414492071        5.2040594642809898E-002  0.59990019765438030        0.0000000000000000     
  0.35299999999999998       -65.069954374675845       0.31981556671046180        5.2042534333736935E-002  0.59990004045844425        0.0000000000000000     
  0.35399999999999998       -65.070078847574194       0.31981497903473027        5.2044462541473380E-002  0.59989988379210391        0.0000000000000000     
  0.35499999999999998       -65.070203072482641       0.31981439111846771        5.2046379321100587E-002  0.59989972765427424        0.0000000000000000     
  0.35599999999999998       -65.070327050317303       0.31981380296241296        5.2048284727443564E-002  0.59989957204387423        0.0000000000000000     
  0.35699999999999998       -65.070450781990175       0.31981321456730211        5.2050178815072151E-002  0.59989941695982674        0.0000000000000000     
  0.35799999999999998       -65.070574268409189       0.31981262593386856        5.2052061638302206E-002  0.59989926240105840        0.0000000000000000     
  0.35899999999999999       -65.070697510478183       0.31981203706284306        5.2053933251196768E-002  0.59989910836649973        0.0000000000000000     
  0.35999999999999999       -65.070820509096961       0.31981144795495364        5.2055793707567244E-002  0.59989895485508515        0.0000000000000000     
  0.36099999999999999       -65.070943265161290       0.31981085861092573        5.2057643060974546E-002  0.59989880186575295        0.0000000000000000     
  0.36199999999999999       -65.071065779562900       0.31981026903148213        5.2059481364730271E-002  0.59989864939744519        0.0000000000000000     
  0.36299999999999999       -65.071188053189545       0.31980967921734293        5.2061308671897837E-002  0.59989849744910773        0.0000000000000000     
  0.36399999999999999       -65.071310086924967       0.31980908916922568        5.2063125035293631E-002  0.59989834601969017        0.0000000000000000     
  0.36499999999999999       -65.071431881648977       0.31980849888784524        5.2064930507488165E-002  0.59989819510814579        0.0000000000000000     
  0.36599999999999999       -65.071553438237402       0.31980790837391387        5.2066725140807193E-002  0.59989804471343189        0.0000000000000000     
  0.36699999999999999       -65.071674757562164       0.31980731762814135        5.2068508987332854E-002  0.59989789483450917        0.0000000000000000     
  0.36799999999999999       -65.071795840491262       0.31980672665123477        5.2070282098904790E-002  0.59989774547034225        0.0000000000000000     
  0.36899999999999999       -65.071916687888802       0.31980613544389869        5.2072044527121275E-002  0.59989759661989950        0.0000000000000000     
  0.37000000000000000       -65.072037300614994       0.31980554400683514        5.2073796323340325E-002  0.59989744828215275        0.0000000000000000     
  0.37100000000000000       -65.072157679526200       0.31980495234074363        5.2075537538680813E-002  0.59989730045607759        0.0000000000000000     
  0.37200000000000000       -65.072277825474941       0.31980436044632105        5.2077268224023567E-002  0.59989715314065328        0.0000000000000000     
  0.37300000000000000       -65.072397739309878       0.31980376832426183        5.2078988430012477E-002  0.59989700633486265        0.0000000000000000     
  0.37400000000000000       -65.072517421875887       0.31980317597525793        5.2080698207055583E-002  0.59989686003769216        0.0000000000000000     
  0.37500000000000000       -65.072636874014052       0.31980258339999873        5.2082397605326181E-002  0.59989671424813196        0.0000000000000000     
  0.37600000000000000       -65.072756096561648       0.31980199059917119        5.2084086674763878E-002  0.59989656896517574        0.0000000000000000     
  0.37700000000000000       -65.072875090352198       0.31980139757345977        5.2085765465075713E-002  0.59989642418782063        0.0000000000000000     
  0.37800000000000000       -65.072993856215490       0.31980080432354641        5.2087434025737199E-002  0.59989627991506744        0.0000000000000000     
  0.37900000000000000       -65.073112394977571       0.31980021085011068        5.2089092405993402E-002  0.59989613614592041        0.0000000000000000     
  0.38000000000000000       -65.073230707460780       0.31979961715382971        5.2090740654860024E-002  0.59989599287938744        0.0000000000000000     
  0.38100000000000001       -65.073348794483749       0.31979902323537812        5.2092378821124441E-002  0.59989585011447988        0.0000000000000000     
  0.38200000000000001       -65.073466656861427       0.31979842909542822        5.2094006953346761E-002  0.59989570785021240        0.0000000000000000     
  0.38300000000000001       -65.073584295405098       0.31979783473464979        5.2095625099860897E-002  0.59989556608560335        0.0000000000000000     
  0.38400000000000001       -65.073701710922407       0.31979724015371030        5.2097233308775588E-002  0.59989542481967451        0.0000000000000000     
  0.38500000000000001       -65.073818904217347       0.31979664535327484        5.2098831627975455E-002  0.59989528405145098        0.0000000000000000     
  0.38600000000000001       -65.073935876090303       0.31979605033400604        5.2100420105122031E-002  0.59989514377996134        0.0000000000000000     
  0.38700000000000001       -65.074052627338062       0.31979545509656426        5.2101998787654799E-002  0.59989500400423756        0.0000000000000000     
  0.38800000000000001       -65.074169158753818       0.31979485964160742        5.2103567722792211E-002  0.59989486472331499        0.0000000000000000     
  0.38900000000000001       -65.074285471127183       0.31979426396979110        5.2105126957532714E-002  0.59989472593623250        0.0000000000000000     
  0.39000000000000001       -65.074401565244244       0.31979366808176862        5.2106676538655777E-002  0.59989458764203218        0.0000000000000000     
  0.39100000000000001       -65.074517441887522       0.31979307197819096        5.2108216512722891E-002  0.59989444983975948        0.0000000000000000     
  0.39200000000000002       -65.074633101836014       0.31979247565970670        5.2109746926078580E-002  0.59989431252846326        0.0000000000000000     
  0.39300000000000002       -65.074748545865219       0.31979187912696216        5.2111267824851412E-002  0.59989417570719561        0.0000000000000000     
  0.39400000000000002       -65.074863774747143       0.31979128238060145        5.2112779254955000E-002  0.59989403937501184        0.0000000000000000     
  0.39500000000000002       -65.074978789250309       0.31979068542126626        5.2114281262088981E-002  0.59989390353097083        0.0000000000000000     
  0.39600000000000002       -65.075093590139772       0.31979008824959609        5.2115773891740019E-002  0.59989376817413442        0.0000000000000000     
  0.39700000000000002       -65.075208178177149       0.31978949086622821        5.2117257189182795E-002  0.59989363330356793        0.0000000000000000     
  0.39800000000000002       -65.075322554120618       0.31978889327179749        5.2118731199480968E-002  0.59989349891833987        0.0000000000000000     
  0.39900000000000002       -65.075436718724944       0.31978829546693677        5.2120195967488181E-002  0.59989336501752188        0.0000000000000000     
  0.40000000000000002       -65.075550672741500       0.31978769745227648        5.2121651537849006E-002  0.59989323160018893        0.0000000000000000     
  0.40100000000000002       -65.075664416918244       0.31978709922844484        5.2123097954999927E-002  0.59989309866541918        0.0000000000000000     
  0.40200000000000002       -65.075777951999783       0.31978650079606796        5.2124535263170298E-002  0.59989296621229393        0.0000000000000000     
  0.40300000000000002       -65.075891278727369       0.31978590215576974        5.2125963506383308E-002  0.59989283423989759        0.0000000000000000     
  0.40400000000000003       -65.076004397838901       0.31978530330817179        5.2127382728456934E-002  0.59989270274731787        0.0000000000000000     
  0.40500000000000003       -65.076117310068938       0.31978470425389355        5.2128792973004871E-002  0.59989257173364552        0.0000000000000000     
  0.40600000000000003       -65.076230016148756       0.31978410499355236        5.2130194283437514E-002  0.59989244119797447        0.0000000000000000     
  0.40700000000000003       -65.076342516806307       0.31978350552776336        5.2131586702962876E-002  0.59989231113940178        0.0000000000000000     
  0.40800000000000003       -65.076454812766272       0.31978290585713953        5.2132970274587520E-002  0.59989218155702750        0.0000000000000000     
  0.40900000000000003       -65.076566904750052       0.31978230598229174        5.2134345041117518E-002  0.59989205244995492        0.0000000000000000     
  0.41000000000000003       -65.076678793475807       0.31978170590382865        5.2135711045159350E-002  0.59989192381729028        0.0000000000000000     
  0.41100000000000003       -65.076790479658442       0.31978110562235684        5.2137068329120850E-002  0.59989179565814288        0.0000000000000000     
  0.41200000000000003       -65.076901964009636       0.31978050513848083        5.2138416935212109E-002  0.59989166797162519        0.0000000000000000     
  0.41300000000000003       -65.077013247237872       0.31977990445280291        5.2139756905446415E-002  0.59989154075685269        0.0000000000000000     
  0.41400000000000003       -65.077124330048406       0.31977930356592338        5.2141088281641129E-002  0.59989141401294366        0.0000000000000000     
  0.41500000000000004       -65.077235213143339       0.31977870247844037        5.2142411105418632E-002  0.59989128773901967        0.0000000000000000     
  0.41600000000000004       -65.077345897221591       0.31977810119095001        5.2143725418207200E-002  0.59989116193420522        0.0000000000000000     
  0.41699999999999998       -65.077456382978923       0.31977749970404634        5.2145031261241918E-002  0.59989103659762755        0.0000000000000000     
  0.41799999999999998       -65.077566671107959       0.31977689801832127        5.2146328675565568E-002  0.59989091172841713        0.0000000000000000     
  0.41899999999999998       -65.077676762298196       0.31977629613436476        5.2147617702029518E-002  0.59989078732570733        0.0000000000000000     
  0.41999999999999998       -65.077786657236004       0.31977569405276463        5.2148898381294620E-002  0.59989066338863439        0.0000000000000000     
  0.42099999999999999       -65.077896356604668       0.31977509177410673        5.2150170753832076E-002  0.59989053991633756        0.0000000000000000     
  0.42199999999999999       -65.078005861084378       0.31977448929897495        5.2151434859924337E-002  0.59989041690795886        0.0000000000000000     
  0.42299999999999999       -65.078115171352252       0.31977388662795103        5.2152690739665955E-002  0.59989029436264341        0.0000000000000000     
  0.42399999999999999       -65.078224288082353       0.31977328376161473        5.2153938432964481E-002  0.59989017227953900        0.0000000000000000     
  0.42499999999999999       -65.078333211945690       0.31977268070054393        5.2155177979541306E-002  0.59989005065779644        0.0000000000000000     
  0.42599999999999999       -65.078441943610244       0.31977207744531438        5.2156409418932542E-002  0.59988992949656939        0.0000000000000000     
  0.42699999999999999       -65.078550483740983       0.31977147399649997        5.2157632790489863E-002  0.59988980879501419        0.0000000000000000     
  0.42799999999999999       -65.078658832999864       0.31977087035467250        5.2158848133381383E-002  0.59988968855229030        0.0000000000000000     
  0.42899999999999999       -65.078766992045857       0.31977026652040191        5.2160055486592485E-002  0.59988956876755983        0.0000000000000000     
  0.42999999999999999       -65.078874961534936       0.31976966249425615        5.2161254888926679E-002  0.59988944943998768        0.0000000000000000     
  0.43099999999999999       -65.078982742120132       0.31976905827680119        5.2162446379006452E-002  0.59988933056874150        0.0000000000000000     
  0.43200000000000000       -65.079090334451507       0.31976845386860114        5.2163629995274088E-002  0.59988921215299196        0.0000000000000000     
  0.43300000000000000       -65.079197739176195       0.31976784927021817        5.2164805775992515E-002  0.59988909419191228        0.0000000000000000     
  0.43400000000000000       -65.079304956938401       0.31976724448221244        5.2165973759246136E-002  0.59988897668467844        0.0000000000000000     
  0.43500000000000000       -65.079411988379405       0.31976663950514234        5.2167133982941663E-002  0.59988885963046934        0.0000000000000000     
  0.43600000000000000       -65.079518834137616       0.31976603433956424        5.2168286484808937E-002  0.59988874302846651        0.0000000000000000     
  0.43700000000000000       -65.079625494848514       0.31976542898603266        5.2169431302401731E-002  0.59988862687785416        0.0000000000000000     
  0.43800000000000000       -65.079731971144739       0.31976482344510027        5.2170568473098596E-002  0.59988851117781927        0.0000000000000000     
  0.43900000000000000       -65.079838263656058       0.31976421771731783        5.2171698034103646E-002  0.59988839592755150        0.0000000000000000     
  0.44000000000000000       -65.079944373009397       0.31976361180323426        5.2172820022447386E-002  0.59988828112624315        0.0000000000000000     
  0.44100000000000000       -65.080050299828827       0.31976300570339655        5.2173934474987520E-002  0.59988816677308932        0.0000000000000000     
  0.44200000000000000       -65.080156044735602       0.31976239941834994        5.2175041428409723E-002  0.59988805286728764        0.0000000000000000     
  0.44300000000000000       -65.080261608348181       0.31976179294863777        5.2176140919228481E-002  0.59988793940803842        0.0000000000000000     
  0.44400000000000001       -65.080366991282204       0.31976118629480155        5.2177232983787847E-002  0.59988782639454463        0.0000000000000000     
  0.44500000000000001       -65.080472194150545       0.31976057945738101        5.2178317658262259E-002  0.59988771382601191        0.0000000000000000     
  0.44600000000000001       -65.080577217563274       0.31975997243691395        5.2179394978657305E-002  0.59988760170164845        0.0000000000000000     
  0.44700000000000001       -65.080682062127735       0.31975936523393650        5.2180464980810526E-002  0.59988749002066499        0.0000000000000000     
  0.44800000000000001       -65.080786728448501       0.31975875784898289        5.2181527700392187E-002  0.59988737878227505        0.0000000000000000     
  0.44900000000000001       -65.080891217127430       0.31975815028258558        5.2182583172906048E-002  0.59988726798569447        0.0000000000000000     
  0.45000000000000001       -65.080995528763623       0.31975754253527533        5.2183631433690141E-002  0.59988715763014189        0.0000000000000000     
  0.45100000000000001       -65.081099663953495       0.31975693460758098        5.2184672517917544E-002  0.59988704771483836        0.0000000000000000     
  0.45200000000000001       -65.081203623290762       0.31975632650002966        5.2185706460597142E-002  0.59988693823900763        0.0000000000000000     
  0.45300000000000001       -65.081307407366438       0.31975571821314680        5.2186733296574382E-002  0.59988682920187575        0.0000000000000000     
  0.45400000000000001       -65.081411016768854       0.31975510974745602        5.2187753060532041E-002  0.59988672060267145        0.0000000000000000     
  0.45500000000000002       -65.081514452083709       0.31975450110347919        5.2188765786990977E-002  0.59988661244062591        0.0000000000000000     
  0.45600000000000002       -65.081617713894019       0.31975389228173645        5.2189771510310887E-002  0.59988650471497296        0.0000000000000000     
  0.45700000000000002       -65.081720802780183       0.31975328328274616        5.2190770264691044E-002  0.59988639742494865        0.0000000000000000     
  0.45800000000000002       -65.081823719319942       0.31975267410702507        5.2191762084171048E-002  0.59988629056979170        0.0000000000000000     
  0.45900000000000002       -65.081926464088454       0.31975206475508816        5.2192747002631566E-002  0.59988618414874328        0.0000000000000000     
  0.46000000000000002       -65.082029037658259       0.31975145522744869        5.2193725053795069E-002  0.59988607816104700        0.0000000000000000     
  0.46100000000000002       -65.082131440599298       0.31975084552461819        5.2194696271226568E-002  0.59988597260594889        0.0000000000000000     
  0.46200000000000002       -65.082233673478939       0.31975023564710658        5.2195660688334339E-002  0.59988586748269734        0.0000000000000000     
  0.46300000000000002       -65.082335736861978       0.31974962559542208        5.2196618338370665E-002  0.59988576279054340        0.0000000000000000     
  0.46400000000000002       -65.082437631310640       0.31974901537007117        5.2197569254432537E-002  0.59988565852874021        0.0000000000000000     
  0.46500000000000002       -65.082539357384633       0.31974840497155871        5.2198513469462401E-002  0.59988555469654348        0.0000000000000000     
  0.46600000000000003       -65.082640915641093       0.31974779440038786        5.2199451016248857E-002  0.59988545129321136        0.0000000000000000     
  0.46700000000000003       -65.082742306634657       0.31974718365706017        5.2200381927427375E-002  0.59988534831800433        0.0000000000000000     
  0.46800000000000003       -65.082843530917444       0.31974657274207552        5.2201306235481020E-002  0.59988524577018520        0.0000000000000000     
  0.46900000000000003       -65.082944589039073       0.31974596165593216        5.2202223972741144E-002  0.59988514364901913        0.0000000000000000     
  0.47000000000000003       -65.083045481546677       0.31974535039912672        5.2203135171388096E-002  0.59988504195377368        0.0000000000000000     
  0.47100000000000003       -65.083146208984886       0.31974473897215416        5.2204039863451922E-002  0.59988494068371878        0.0000000000000000     
  0.47200000000000003       -65.083246771895887       0.31974412737550789        5.2204938080813071E-002  0.59988483983812657        0.0000000000000000     
  0.47300000000000003       -65.083347170819408       0.31974351560967967        5.2205829855203070E-002  0.59988473941627152        0.0000000000000000     
  0.47400000000000003       -65.083447406292720       0.31974290367515962        5.2206715218205239E-002  0.59988463941743053        0.0000000000000000     
  0.47500000000000003       -65.083547478850676       0.31974229157243633        5.2207594201255370E-002  0.59988453984088275        0.0000000000000000     
  0.47600000000000003       -65.083647389025685       0.31974167930199676        5.2208466835642404E-002  0.59988444068590951        0.0000000000000000     
  0.47700000000000004       -65.083747137347757       0.31974106686432630        5.2209333152509120E-002  0.59988434195179441        0.0000000000000000     
  0.47800000000000004       -65.083846724344482       0.31974045425990877        5.2210193182852818E-002  0.59988424363782356        0.0000000000000000     
  0.47900000000000004       -65.083946150541095       0.31973984148922646        5.2211046957525993E-002  0.59988414574328497        0.0000000000000000     
  0.47999999999999998       -65.084045416460413       0.31973922855275999        5.2211894507236997E-002  0.59988404826746922        0.0000000000000000     
  0.48099999999999998       -65.084144522622907       0.31973861545098853        5.2212735862550722E-002  0.59988395120966886        0.0000000000000000     
  0.48199999999999998       -65.084243469546678       0.31973800218438969        5.2213571053889261E-002  0.59988385456917881        0.0000000000000000     
  0.48299999999999998       -65.084342257747480       0.31973738875343949        5.2214400111532569E-002  0.59988375834529617        0.0000000000000000     
  0.48399999999999999       -65.084440887738737       0.31973677515861243        5.2215223065619126E-002  0.59988366253732028        0.0000000000000000     
  0.48499999999999999       -65.084539360031542       0.31973616140038152        5.2216039946146597E-002  0.59988356714455271        0.0000000000000000     
  0.48599999999999999       -65.084637675134672       0.31973554747921823        5.2216850782972481E-002  0.59988347216629700        0.0000000000000000     
  0.48699999999999999       -65.084735833554589       0.31973493339559256        5.2217655605814761E-002  0.59988337760185906        0.0000000000000000     
  0.48799999999999999       -65.084833835795465       0.31973431914997291        5.2218454444252556E-002  0.59988328345054687        0.0000000000000000     
  0.48899999999999999       -65.084931682359198       0.31973370474282620        5.2219247327726773E-002  0.59988318971167065        0.0000000000000000     
  0.48999999999999999       -65.085029373745385       0.31973309017461793        5.2220034285540735E-002  0.59988309638454274        0.0000000000000000     
  0.49099999999999999       -65.085126910451379       0.31973247544581207        5.2220815346860835E-002  0.59988300346847756        0.0000000000000000     
  0.49199999999999999       -65.085224292972271       0.31973186055687114        5.2221590540717150E-002  0.59988291096279167        0.0000000000000000     
  0.49299999999999999       -65.085321521800921       0.31973124550825616        5.2222359896004107E-002  0.59988281886680384        0.0000000000000000     
  0.49399999999999999       -65.085418597427932       0.31973063030042664        5.2223123441481077E-002  0.59988272717983482        0.0000000000000000     
  0.49500000000000000       -65.085515520341701       0.31973001493384068        5.2223881205773037E-002  0.59988263590120749        0.0000000000000000     
  0.49600000000000000       -65.085612291028397       0.31972939940895495        5.2224633217371169E-002  0.59988254503024685        0.0000000000000000     
  0.49700000000000000       -65.085708909971999       0.31972878372622465        5.2225379504633497E-002  0.59988245456627998        0.0000000000000000     
  0.49800000000000000       -65.085805377654282       0.31972816788610353        5.2226120095785492E-002  0.59988236450863597        0.0000000000000000     
  0.49900000000000000       -65.085901694554835       0.31972755188904389        5.2226855018920701E-002  0.59988227485664603        0.0000000000000000     
  0.50000000000000000       -65.085997861151085       0.31972693573549665        5.2227584302001362E-002  0.59988218560964335        0.0000000000000000     
  0.50100000000000000       -65.086093877918287       0.31972631942591129        5.2228307972858996E-002  0.59988209676696336        0.0000000000000000     
  0.50200000000000000       -65.086189745329534       0.31972570296073588        5.2229026059195036E-002  0.59988200832794325        0.0000000000000000     
  0.50300000000000000       -65.086285463855788       0.31972508634041702        5.2229738588581417E-002  0.59988192029192244        0.0000000000000000     
  0.50400000000000000       -65.086381033965864       0.31972446956540002        5.2230445588461183E-002  0.59988183265824224        0.0000000000000000     
  0.50500000000000000       -65.086476456126462       0.31972385263612868        5.2231147086149086E-002  0.59988174542624595        0.0000000000000000     
  0.50600000000000001       -65.086571730802149       0.31972323555304555        5.2231843108832186E-002  0.59988165859527898        0.0000000000000000     
  0.50700000000000001       -65.086666858455402       0.31972261831659166        5.2232533683570441E-002  0.59988157216468874        0.0000000000000000     
  0.50800000000000001       -65.086761839546611       0.31972200092720671        5.2233218837297292E-002  0.59988148613382453        0.0000000000000000     
  0.50900000000000001       -65.086856674534047       0.31972138338532902        5.2233898596820268E-002  0.59988140050203753        0.0000000000000000     
  0.51000000000000001       -65.086951363873936       0.31972076569139557        5.2234572988821552E-002  0.59988131526868105        0.0000000000000000     
  0.51100000000000001       -65.087045908020414       0.31972014784584196        5.2235242039858576E-002  0.59988123043311026        0.0000000000000000     
  0.51200000000000001       -65.087140307425557       0.31971952984910246        5.2235905776364597E-002  0.59988114599468234        0.0000000000000000     
  0.51300000000000001       -65.087234562539408       0.31971891170160999        5.2236564224649271E-002  0.59988106195275637        0.0000000000000000     
  0.51400000000000001       -65.087328673809964       0.31971829340379615        5.2237217410899241E-002  0.59988097830669340        0.0000000000000000     
  0.51500000000000001       -65.087422641683176       0.31971767495609110        5.2237865361178693E-002  0.59988089505585629        0.0000000000000000     
  0.51600000000000001       -65.087516466602992       0.31971705635892383        5.2238508101429930E-002  0.59988081219960987        0.0000000000000000     
  0.51700000000000002       -65.087610149011340       0.31971643761272184        5.2239145657473951E-002  0.59988072973732087        0.0000000000000000     
  0.51800000000000002       -65.087703689348146       0.31971581871791144        5.2239778055010996E-002  0.59988064766835791        0.0000000000000000     
  0.51900000000000002       -65.087797088051346       0.31971519967491757        5.2240405319621125E-002  0.59988056599209150        0.0000000000000000     
  0.52000000000000002       -65.087890345556872       0.31971458048416390        5.2241027476764755E-002  0.59988048470789401        0.0000000000000000     
  0.52100000000000002       -65.087983462298695       0.31971396114607281        5.2241644551783248E-002  0.59988040381513963        0.0000000000000000     
  0.52200000000000002       -65.088076438708825       0.31971334166106530        5.2242256569899427E-002  0.59988032331320451        0.0000000000000000     
  0.52300000000000002       -65.088169275217297       0.31971272202956114        5.2242863556218169E-002  0.59988024320146660        0.0000000000000000     
  0.52400000000000002       -65.088261972252212       0.31971210225197882        5.2243465535726917E-002  0.59988016347930573        0.0000000000000000     
  0.52500000000000002       -65.088354530239712       0.31971148232873559        5.2244062533296241E-002  0.59988008414610350        0.0000000000000000     
  0.52600000000000002       -65.088446949604034       0.31971086226024736        5.2244654573680389E-002  0.59988000520124329        0.0000000000000000     
  0.52700000000000002       -65.088539230767466       0.31971024204692883        5.2245241681517812E-002  0.59987992664411049        0.0000000000000000     
  0.52800000000000002       -65.088631374150395       0.31970962168919337        5.2245823881331720E-002  0.59987984847409204        0.0000000000000000     
  0.52900000000000003       -65.088723380171302       0.31970900118745316        5.2246401197530608E-002  0.59987977069057685        0.0000000000000000     
  0.53000000000000003       -65.088815249246764       0.31970838054211914        5.2246973654408786E-002  0.59987969329295565        0.0000000000000000     
  0.53100000000000003       -65.088906981791482       0.31970775975360094        5.2247541276146919E-002  0.59987961628062081        0.0000000000000000     
  0.53200000000000003       -65.088998578218266       0.31970713882230700        5.2248104086812554E-002  0.59987953965296659        0.0000000000000000     
  0.53300000000000003       -65.089090038938053       0.31970651774864456        5.2248662110360639E-002  0.59987946340938891        0.0000000000000000     
  0.53400000000000003       -65.089181364359931       0.31970589653301956        5.2249215370634060E-002  0.59987938754928560        0.0000000000000000     
  0.53500000000000003       -65.089272554891124       0.31970527517583675        5.2249763891364147E-002  0.59987931207205625        0.0000000000000000     
  0.53600000000000003       -65.089363610937014       0.31970465367749967        5.2250307696171207E-002  0.59987923697710199        0.0000000000000000     
  0.53700000000000003       -65.089454532901144       0.31970403203841063        5.2250846808565031E-002  0.59987916226382576        0.0000000000000000     
  0.53800000000000003       -65.089545321185241       0.31970341025897075        5.2251381251945409E-002  0.59987908793163236        0.0000000000000000     
  0.53900000000000003       -65.089635976189186       0.31970278833957999        5.2251911049602646E-002  0.59987901397992827        0.0000000000000000     
  0.54000000000000004       -65.089726498311066       0.31970216628063708        5.2252436224718077E-002  0.59987894040812151        0.0000000000000000     
  0.54100000000000004       -65.089816887947165       0.31970154408253953        5.2252956800364549E-002  0.59987886721562200        0.0000000000000000     
  0.54200000000000004       -65.089907145491964       0.31970092174568371        5.2253472799506963E-002  0.59987879440184133        0.0000000000000000     
  0.54300000000000004       -65.089997271338149       0.31970029927046478        5.2253984245002751E-002  0.59987872196619274        0.0000000000000000     
  0.54400000000000004       -65.090087265876647       0.31969967665727678        5.2254491159602380E-002  0.59987864990809114        0.0000000000000000     
  0.54500000000000004       -65.090177129496595       0.31969905390651254        5.2254993565949856E-002  0.59987857822695312        0.0000000000000000     
  0.54600000000000004       -65.090266862585395       0.31969843101856371        5.2255491486583205E-002  0.59987850692219691        0.0000000000000000     
  0.54700000000000004       -65.090356465528657       0.31969780799382080        5.2255984943934991E-002  0.59987843599324253        0.0000000000000000     
  0.54800000000000004       -65.090445938710275       0.31969718483267323        5.2256473960332783E-002  0.59987836543951156        0.0000000000000000     
  0.54900000000000004       -65.090535282512377       0.31969656153550918        5.2256958557999653E-002  0.59987829526042724        0.0000000000000000     
  0.55000000000000004       -65.090624497315389       0.31969593810271574        5.2257438759054670E-002  0.59987822545541436        0.0000000000000000     
  0.55100000000000005       -65.090713583497987       0.31969531453467881        5.2257914585513369E-002  0.59987815602389949        0.0000000000000000     
  0.55200000000000005       -65.090802541437142       0.31969469083178326        5.2258386059288252E-002  0.59987808696531075        0.0000000000000000     
  0.55300000000000005       -65.090891371508135       0.31969406699441272        5.2258853202189239E-002  0.59987801827907783        0.0000000000000000     
  0.55400000000000005       -65.090980074084513       0.31969344302294977        5.2259316035924180E-002  0.59987794996463217        0.0000000000000000     
  0.55500000000000005       -65.091068649538158       0.31969281891777585        5.2259774582099301E-002  0.59987788202140668        0.0000000000000000     
  0.55600000000000005       -65.091157098239265       0.31969219467927129        5.2260228862219697E-002  0.59987781444883592        0.0000000000000000     
  0.55700000000000005       -65.091245420556348       0.31969157030781531        5.2260678897689788E-002  0.59987774724635601        0.0000000000000000     
  0.55800000000000005       -65.091333616856247       0.31969094580378604        5.2261124709813797E-002  0.59987768041340461        0.0000000000000000     
  0.55900000000000005       -65.091421687504152       0.31969032116756047        5.2261566319796213E-002  0.59987761394942107        0.0000000000000000     
  0.56000000000000005       -65.091509632863577       0.31968969639951456        5.2262003748742264E-002  0.59987754785384628        0.0000000000000000     
  0.56100000000000005       -65.091597453296430       0.31968907150002313        5.2262437017658363E-002  0.59987748212612269        0.0000000000000000     
  0.56200000000000006       -65.091685149162942       0.31968844646945999        5.2262866147452576E-002  0.59987741676569417        0.0000000000000000     
  0.56300000000000006       -65.091772720821737       0.31968782130819778        5.2263291158935084E-002  0.59987735177200630        0.0000000000000000     
  0.56400000000000006       -65.091860168629793       0.31968719601660811        5.2263712072818637E-002  0.59987728714450617        0.0000000000000000     
  0.56500000000000006       -65.091947492942509       0.31968657059506150        5.2264128909719001E-002  0.59987722288264234        0.0000000000000000     
  0.56600000000000006       -65.092034694113636       0.31968594504392744        5.2264541690155417E-002  0.59987715898586491        0.0000000000000000     
  0.56700000000000006       -65.092121772495346       0.31968531936357436        5.2264950434551045E-002  0.59987709545362555        0.0000000000000000     
  0.56800000000000006       -65.092208728438209       0.31968469355436963        5.2265355163233419E-002  0.59987703228537737        0.0000000000000000     
  0.56900000000000006       -65.092295562291213       0.31968406761667956        5.2265755896434889E-002  0.59987696948057501        0.0000000000000000     
  0.57000000000000006       -65.092382274401771       0.31968344155086936        5.2266152654293047E-002  0.59987690703867469        0.0000000000000000     
  0.57100000000000006       -65.092468865115720       0.31968281535730331        5.2266545456851207E-002  0.59987684495913396        0.0000000000000000     
  0.57200000000000006       -65.092555334777316       0.31968218903634460        5.2266934324058802E-002  0.59987678324141203        0.0000000000000000     
  0.57300000000000006       -65.092641683729283       0.31968156258835539        5.2267319275771856E-002  0.59987672188496954        0.0000000000000000     
  0.57400000000000007       -65.092727912312796       0.31968093601369679        5.2267700331753389E-002  0.59987666088926850        0.0000000000000000     
  0.57500000000000007       -65.092814020867451       0.31968030931272895        5.2268077511673873E-002  0.59987660025377243        0.0000000000000000     
  0.57600000000000007       -65.092900009731352       0.31967968248581091        5.2268450835111654E-002  0.59987653997794632        0.0000000000000000     
  0.57699999999999996       -65.092985879241041       0.31967905553330078        5.2268820321553375E-002  0.59987648006125671        0.0000000000000000     
  0.57799999999999996       -65.093071629731554       0.31967842845555561        5.2269185990394415E-002  0.59987642050317147        0.0000000000000000     
  0.57899999999999996       -65.093157261536405       0.31967780125293149        5.2269547860939312E-002  0.59987636130315991        0.0000000000000000     
  0.57999999999999996       -65.093242774987601       0.31967717392578349        5.2269905952402176E-002  0.59987630246069290        0.0000000000000000     
  0.58099999999999996       -65.093328170415660       0.31967654647446569        5.2270260283907119E-002  0.59987624397524253        0.0000000000000000     
  0.58199999999999996       -65.093413448149590       0.31967591889933111        5.2270610874488671E-002  0.59987618584628244        0.0000000000000000     
  0.58299999999999996       -65.093498608516910       0.31967529120073190        5.2270957743092206E-002  0.59987612807328772        0.0000000000000000     
  0.58399999999999996       -65.093583651843673       0.31967466337901917        5.2271300908574334E-002  0.59987607065573478        0.0000000000000000     
  0.58499999999999996       -65.093668578454455       0.31967403543454304        5.2271640389703347E-002  0.59987601359310150        0.0000000000000000     
  0.58599999999999997       -65.093753388672354       0.31967340736765265        5.2271976205159609E-002  0.59987595688486706        0.0000000000000000     
  0.58699999999999997       -65.093838082819019       0.31967277917869619        5.2272308373535963E-002  0.59987590053051210        0.0000000000000000     
  0.58799999999999997       -65.093922661214634       0.31967215086802092        5.2272636913338152E-002  0.59987584452951870        0.0000000000000000     
  0.58899999999999997       -65.094007124177949       0.31967152243597308        5.2272961842985223E-002  0.59987578888137016        0.0000000000000000     
  0.58999999999999997       -65.094091472026264       0.31967089388289799        5.2273283180809919E-002  0.59987573358555135        0.0000000000000000     
  0.59099999999999997       -65.094175705075443       0.31967026520913999        5.2273600945059090E-002  0.59987567864154834        0.0000000000000000     
  0.59199999999999997       -65.094259823639931       0.31966963641504248        5.2273915153894089E-002  0.59987562404884853        0.0000000000000000     
  0.59299999999999997       -65.094343828032763       0.31966900750094795        5.2274225825391180E-002  0.59987556980694090        0.0000000000000000     
  0.59399999999999997       -65.094427718565541       0.31966837846719792        5.2274532977541928E-002  0.59987551591531552        0.0000000000000000     
  0.59499999999999997       -65.094511495548460       0.31966774931413294        5.2274836628253586E-002  0.59987546237346401        0.0000000000000000     
  0.59599999999999997       -65.094595159290321       0.31966712004209269        5.2275136795349494E-002  0.59987540918087912        0.0000000000000000     
  0.59699999999999998       -65.094678710098535       0.31966649065141589        5.2275433496569483E-002  0.59987535633705513        0.0000000000000000     
  0.59799999999999998       -65.094762148279116       0.31966586114244039        5.2275726749570241E-002  0.59987530384148757        0.0000000000000000     
  0.59899999999999998       -65.094845474136704       0.31966523151550302        5.2276016571925717E-002  0.59987525169367317        0.0000000000000000     
  0.59999999999999998       -65.094928687974559       0.31966460177093975        5.2276302981127502E-002  0.59987519989311011        0.0000000000000000     
  0.60099999999999998       -65.095011790094574       0.31966397190908569        5.2276585994585206E-002  0.59987514843929790        0.0000000000000000     
  0.60199999999999998       -65.095094780797268       0.31966334193027496        5.2276865629626849E-002  0.59987509733173716        0.0000000000000000     
  0.60299999999999998       -65.095177660381822       0.31966271183484080        5.2277141903499240E-002  0.59987504656993007        0.0000000000000000     
  0.60399999999999998       -65.095260429146066       0.31966208162311555        5.2277414833368355E-002  0.59987499615337980        0.0000000000000000     
  0.60499999999999998       -65.095343087386468       0.31966145129543067        5.2277684436319700E-002  0.59987494608159109        0.0000000000000000     
  0.60599999999999998       -65.095425635398172       0.31966082085211672        5.2277950729358716E-002  0.59987489635406976        0.0000000000000000     
  0.60699999999999998       -65.095508073474988       0.31966019029350334        5.2278213729411119E-002  0.59987484697032301        0.0000000000000000     
  0.60799999999999998       -65.095590401909405       0.31965955961991938        5.2278473453323294E-002  0.59987479792985920        0.0000000000000000     
  0.60899999999999999       -65.095672620992573       0.31965892883169272        5.2278729917862657E-002  0.59987474923218809        0.0000000000000000     
  0.60999999999999999       -65.095754731014367       0.31965829792915040        5.2278983139718016E-002  0.59987470087682049        0.0000000000000000     
  0.61099999999999999       -65.095836732263308       0.31965766691261860        5.2279233135499960E-002  0.59987465286326869        0.0000000000000000     
  0.61199999999999999       -65.095918625026655       0.31965703578242255        5.2279479921741201E-002  0.59987460519104607        0.0000000000000000     
  0.61299999999999999       -65.096000409590360       0.31965640453888677        5.2279723514896938E-002  0.59987455785966737        0.0000000000000000     
  0.61399999999999999       -65.096082086239079       0.31965577318233473        5.2279963931345236E-002  0.59987451086864840        0.0000000000000000     
  0.61499999999999999       -65.096163655256177       0.31965514171308923        5.2280201187387361E-002  0.59987446421750634        0.0000000000000000     
  0.61599999999999999       -65.096245116923768       0.31965451013147206        5.2280435299248168E-002  0.59987441790575946        0.0000000000000000     
  0.61699999999999999       -65.096326471522673       0.31965387843780430        5.2280666283076427E-002  0.59987437193292747        0.0000000000000000     
  0.61799999999999999       -65.096407719332461       0.31965324663240602        5.2280894154945190E-002  0.59987432629853099        0.0000000000000000     
  0.61899999999999999       -65.096488860631425       0.31965261471559664        5.2281118930852154E-002  0.59987428100209206        0.0000000000000000     
  0.62000000000000000       -65.096569895696618       0.31965198268769457        5.2281340626719998E-002  0.59987423604313383        0.0000000000000000     
  0.62100000000000000       -65.096650824803845       0.31965135054901750        5.2281559258396740E-002  0.59987419142118070        0.0000000000000000     
  0.62200000000000000       -65.096731648227660       0.31965071829988223        5.2281774841656081E-002  0.59987414713575826        0.0000000000000000     
  0.62300000000000000       -65.096812366241394       0.31965008594060473        5.2281987392197755E-002  0.59987410318639323        0.0000000000000000     
  0.62400000000000000       -65.096892979117129       0.31964945347150020        5.2282196925647867E-002  0.59987405957261353        0.0000000000000000     
  0.62500000000000000       -65.096973487125737       0.31964882089288293        5.2282403457559246E-002  0.59987401629394832        0.0000000000000000     
  0.62600000000000000       -65.097053890536870       0.31964818820506652        5.2282607003411780E-002  0.59987397334992776        0.0000000000000000     
  0.62700000000000000       -65.097134189618956       0.31964755540836365        5.2282807578612762E-002  0.59987393074008333        0.0000000000000000     
  0.62800000000000000       -65.097214384639216       0.31964692250308618        5.2283005198497226E-002  0.59987388846394762        0.0000000000000000     
  0.62900000000000000       -65.097294475863677       0.31964628948954527        5.2283199878328267E-002  0.59987384652105435        0.0000000000000000     
  0.63000000000000000       -65.097374463557173       0.31964565636805120        5.2283391633297406E-002  0.59987380491093845        0.0000000000000000     
  0.63100000000000001       -65.097454347983330       0.31964502313891352        5.2283580478524910E-002  0.59987376363313594        0.0000000000000000     
  0.63200000000000001       -65.097534129404593       0.31964438980244086        5.2283766429060116E-002  0.59987372268718397        0.0000000000000000     
  0.63300000000000001       -65.097613808082244       0.31964375635894116        5.2283949499881771E-002  0.59987368207262093        0.0000000000000000     
  0.63400000000000001       -65.097693384276369       0.31964312280872154        5.2284129705898366E-002  0.59987364178898617        0.0000000000000000     
  0.63500000000000001       -65.097772858245889       0.31964248915208837        5.2284307061948442E-002  0.59987360183582017        0.0000000000000000     
  0.63600000000000001       -65.097852230248563       0.31964185538934714        5.2284481582800947E-002  0.59987356221266475        0.0000000000000000     
  0.63700000000000001       -65.097931500540994       0.31964122152080271        5.2284653283155541E-002  0.59987352291906260        0.0000000000000000     
  0.63800000000000001       -65.098010669378624       0.31964058754675900        5.2284822177642916E-002  0.59987348395455775        0.0000000000000000     
  0.63900000000000001       -65.098089737015769       0.31963995346751933        5.2284988280825125E-002  0.59987344531869502        0.0000000000000000     
  0.64000000000000001       -65.098168703705568       0.31963931928338607        5.2285151607195907E-002  0.59987340701102065        0.0000000000000000     
  0.64100000000000001       -65.098247569700050       0.31963868499466097        5.2285312171180993E-002  0.59987336903108179        0.0000000000000000     
  0.64200000000000002       -65.098326335250093       0.31963805060164496        5.2285469987138442E-002  0.59987333137842669        0.0000000000000000     
  0.64300000000000002       -65.098405000605467       0.31963741610463825        5.2285625069358931E-002  0.59987329405260470        0.0000000000000000     
  0.64400000000000002       -65.098483566014806       0.31963678150394020        5.2285777432066083E-002  0.59987325705316630        0.0000000000000000     
  0.64500000000000002       -65.098562031725635       0.31963614679984953        5.2285927089416789E-002  0.59987322037966295        0.0000000000000000     
  0.64600000000000002       -65.098640397984369       0.31963551199266416        5.2286074055501508E-002  0.59987318403164736        0.0000000000000000     
  0.64700000000000002       -65.098718665036301       0.31963487708268129        5.2286218344344569E-002  0.59987314800867308        0.0000000000000000     
  0.64800000000000002       -65.098796833125647       0.31963424207019731        5.2286359969904495E-002  0.59987311231029483        0.0000000000000000     
  0.64900000000000002       -65.098874902495510       0.31963360695550797        5.2286498946074310E-002  0.59987307693606851        0.0000000000000000     
  0.65000000000000002       -65.098952873387901       0.31963297173890820        5.2286635286681822E-002  0.59987304188555080        0.0000000000000000     
  0.65100000000000002       -65.099030746043766       0.31963233642069222        5.2286769005489959E-002  0.59987300715829961        0.0000000000000000     
  0.65200000000000002       -65.099108520702941       0.31963170100115357        5.2286900116197042E-002  0.59987297275387386        0.0000000000000000     
  0.65300000000000002       -65.099186197604197       0.31963106548058501        5.2287028632437116E-002  0.59987293867183344        0.0000000000000000     
  0.65400000000000003       -65.099263776985254       0.31963042985927859        5.2287154567780221E-002  0.59987290491173939        0.0000000000000000     
  0.65500000000000003       -65.099341259082735       0.31962979413752562        5.2287277935732707E-002  0.59987287147315371        0.0000000000000000     
  0.65600000000000003       -65.099418644132228       0.31962915831561678        5.2287398749737528E-002  0.59987283835563943        0.0000000000000000     
  0.65700000000000003       -65.099495932368256       0.31962852239384193        5.2287517023174537E-002  0.59987280555876066        0.0000000000000000     
  0.65800000000000003       -65.099573124024289       0.31962788637249023        5.2287632769360777E-002  0.59987277308208242        0.0000000000000000     
  0.65900000000000003       -65.099650219332744       0.31962725025185024        5.2287746001550783E-002  0.59987274092517073        0.0000000000000000     
  0.66000000000000003       -65.099727218525004       0.31962661403220971        5.2287856732936865E-002  0.59987270908759271        0.0000000000000000     
  0.66100000000000003       -65.099804121831426       0.31962597771385570        5.2287964976649406E-002  0.59987267756891649        0.0000000000000000     
  0.66200000000000003       -65.099880929481316       0.31962534129707465        5.2288070745757136E-002  0.59987264636871118        0.0000000000000000     
  0.66300000000000003       -65.099957641702957       0.31962470478215221        5.2288174053267439E-002  0.59987261548654680        0.0000000000000000     
  0.66400000000000003       -65.100034258723625       0.31962406816937339        5.2288274912126620E-002  0.59987258492199436        0.0000000000000000     
  0.66500000000000004       -65.100110780769569       0.31962343145902250        5.2288373335220212E-002  0.59987255467462597        0.0000000000000000     
  0.66600000000000004       -65.100187208066032       0.31962279465138316        5.2288469335373233E-002  0.59987252474401465        0.0000000000000000     
  0.66700000000000004       -65.100263540837233       0.31962215774673830        5.2288562925350494E-002  0.59987249512973440        0.0000000000000000     
  0.66800000000000004       -65.100339779306395       0.31962152074537020        5.2288654117856860E-002  0.59987246583136022        0.0000000000000000     
  0.66900000000000004       -65.100415923695749       0.31962088364756042        5.2288742925537549E-002  0.59987243684846814        0.0000000000000000     
  0.67000000000000004       -65.100491974226529       0.31962024645358988        5.2288829360978388E-002  0.59987240818063492        0.0000000000000000     
  0.67100000000000004       -65.100567931118974       0.31961960916373883        5.2288913436706101E-002  0.59987237982743857        0.0000000000000000     
  0.67200000000000004       -65.100643794592358       0.31961897177828680        5.2288995165188590E-002  0.59987235178845777        0.0000000000000000     
  0.67300000000000004       -65.100719564864946       0.31961833429751274        5.2289074558835205E-002  0.59987232406327240        0.0000000000000000     
  0.67400000000000004       -65.100795242154049       0.31961769672169488        5.2289151629997012E-002  0.59987229665146313        0.0000000000000000     
  0.67500000000000004       -65.100870826675987       0.31961705905111076        5.2289226390967072E-002  0.59987226955261164        0.0000000000000000     
  0.67600000000000005       -65.100946318646137       0.31961642128603734        5.2289298853980710E-002  0.59987224276630047        0.0000000000000000     
  0.67700000000000005       -65.101021718278901       0.31961578342675084        5.2289369031215782E-002  0.59987221629211318        0.0000000000000000     
  0.67800000000000005       -65.101097025787723       0.31961514547352693        5.2289436934792939E-002  0.59987219012963433        0.0000000000000000     
  0.67900000000000005       -65.101172241385100       0.31961450742664055        5.2289502576775906E-002  0.59987216427844914        0.0000000000000000     
  0.68000000000000005       -65.101247365282575       0.31961386928636604        5.2289565969171739E-002  0.59987213873814405        0.0000000000000000     
  0.68100000000000005       -65.101322397690751       0.31961323105297706        5.2289627123931093E-002  0.59987211350830627        0.0000000000000000     
  0.68200000000000005       -65.101397338819297       0.31961259272674669        5.2289686052948481E-002  0.59987208858852392        0.0000000000000000     
  0.68300000000000005       -65.101472188876926       0.31961195430794731        5.2289742768062537E-002  0.59987206397838611        0.0000000000000000     
  0.68400000000000005       -65.101546948071444       0.31961131579685070        5.2289797281056281E-002  0.59987203967748270        0.0000000000000000     
  0.68500000000000005       -65.101621616609705       0.31961067719372799        5.2289849603657367E-002  0.59987201568540460        0.0000000000000000     
  0.68600000000000005       -65.101696194697666       0.31961003849884967        5.2289899747538365E-002  0.59987199200174368        0.0000000000000000     
  0.68700000000000006       -65.101770682540348       0.31960939971248559        5.2289947724316992E-002  0.59987196862609249        0.0000000000000000     
  0.68800000000000006       -65.101845080341874       0.31960876083490503        5.2289993545556378E-002  0.59987194555804457        0.0000000000000000     
  0.68900000000000006       -65.101919388305433       0.31960812186637666        5.2290037222765332E-002  0.59987192279719437        0.0000000000000000     
  0.69000000000000006       -65.101993606633329       0.31960748280716850        5.2290078767398572E-002  0.59987190034313720        0.0000000000000000     
  0.69100000000000006       -65.102067735526973       0.31960684365754788        5.2290118190856993E-002  0.59987187819546928        0.0000000000000000     
  0.69200000000000006       -65.102141775186851       0.31960620441778165        5.2290155504487928E-002  0.59987185635378759        0.0000000000000000     
  0.69300000000000006       -65.102215725812570       0.31960556508813592        5.2290190719585364E-002  0.59987183481769013        0.0000000000000000     
  0.69400000000000006       -65.102289587602854       0.31960492566887633        5.2290223847390231E-002  0.59987181358677577        0.0000000000000000     
  0.69500000000000006       -65.102363360755547       0.31960428616026781        5.2290254899090623E-002  0.59987179266064405        0.0000000000000000     
  0.69600000000000006       -65.102437045467596       0.31960364656257473        5.2290283885822054E-002  0.59987177203889563        0.0000000000000000     
  0.69700000000000006       -65.102510641935069       0.31960300687606086        5.2290310818667696E-002  0.59987175172113183        0.0000000000000000     
  0.69800000000000006       -65.102584150353195       0.31960236710098933        5.2290335708658639E-002  0.59987173170695496        0.0000000000000000     
  0.69900000000000007       -65.102657570916293       0.31960172723762270        5.2290358566774116E-002  0.59987171199596800        0.0000000000000000     
  0.70000000000000007       -65.102730903817843       0.31960108728622300        5.2290379403941753E-002  0.59987169258777495        0.0000000000000000     
  0.70100000000000007       -65.102804149250460       0.31960044724705156        5.2290398231037816E-002  0.59987167348198067        0.0000000000000000     
  0.70200000000000007       -65.102877307405905       0.31959980712036917        5.2290415058887443E-002  0.59987165467819059        0.0000000000000000     
  0.70300000000000007       -65.102950378475072       0.31959916690643608        5.2290429898264879E-002  0.59987163617601136        0.0000000000000000     
  0.70399999999999996       -65.103023362648031       0.31959852660551191        5.2290442759893717E-002  0.59987161797505006        0.0000000000000000     
  0.70499999999999996       -65.103096260114000       0.31959788621785568        5.2290453654447150E-002  0.59987160007491491        0.0000000000000000     
  0.70599999999999996       -65.103169071061345       0.31959724574372589        5.2290462592548180E-002  0.59987158247521488        0.0000000000000000     
  0.70699999999999996       -65.103241795677604       0.31959660518338046        5.2290469584769864E-002  0.59987156517555973        0.0000000000000000     
  0.70799999999999996       -65.103314434149482       0.31959596453707667        5.2290474641635554E-002  0.59987154817555988        0.0000000000000000     
  0.70899999999999996       -65.103386986662855       0.31959532380507127        5.2290477773619122E-002  0.59987153147482686        0.0000000000000000     
  0.70999999999999996       -65.103459453402792       0.31959468298762045        5.2290478991145188E-002  0.59987151507297276        0.0000000000000000     
  0.71099999999999997       -65.103531834553507       0.31959404208497982        5.2290478304589348E-002  0.59987149896961067        0.0000000000000000     
  0.71199999999999997       -65.103604130298422       0.31959340109740447        5.2290475724278418E-002  0.59987148316435435        0.0000000000000000     
  0.71299999999999997       -65.103676340820144       0.31959276002514891        5.2290471260490648E-002  0.59987146765681842        0.0000000000000000     
  0.71399999999999997       -65.103748466300459       0.31959211886846700        5.2290464923455952E-002  0.59987145244661821        0.0000000000000000     
  0.71499999999999997       -65.103820506920357       0.31959147762761220        5.2290456723356138E-002  0.59987143753337002        0.0000000000000000     
  0.71599999999999997       -65.103892462860017       0.31959083630283730        5.2290446670325119E-002  0.59987142291669071        0.0000000000000000     
  0.71699999999999997       -65.103964334298837       0.31959019489439455        5.2290434774449161E-002  0.59987140859619803        0.0000000000000000     
  0.71799999999999997       -65.104036121415405       0.31958955340253575        5.2290421045767074E-002  0.59987139457151062        0.0000000000000000     
  0.71899999999999997       -65.104107824387526       0.31958891182751203        5.2290405494270456E-002  0.59987138084224778        0.0000000000000000     
  0.71999999999999997       -65.104179443392212       0.31958827016957403        5.2290388129903914E-002  0.59987136740802960        0.0000000000000000     
  0.72099999999999997       -65.104250978605705       0.31958762842897187        5.2290368962565267E-002  0.59987135426847693        0.0000000000000000     
  0.72199999999999998       -65.104322430203453       0.31958698660595508        5.2290348002105781E-002  0.59987134142321141        0.0000000000000000     
  0.72299999999999998       -65.104393798360135       0.31958634470077268        5.2290325258330377E-002  0.59987132887185546        0.0000000000000000     
  0.72399999999999998       -65.104465083249650       0.31958570271367315        5.2290300740997844E-002  0.59987131661403226        0.0000000000000000     
  0.72499999999999998       -65.104536285045143       0.31958506064490444        5.2290274459821075E-002  0.59987130464936578        0.0000000000000000     
  0.72599999999999998       -65.104607403918976       0.31958441849471403        5.2290246424467252E-002  0.59987129297748065        0.0000000000000000     
  0.72699999999999998       -65.104678440042775       0.31958377626334872        5.2290216644558074E-002  0.59987128159800229        0.0000000000000000     
  0.72799999999999998       -65.104749393587383       0.31958313395105492        5.2290185129669979E-002  0.59987127051055689        0.0000000000000000     
  0.72899999999999998       -65.104820264722903       0.31958249155807850        5.2290151889334335E-002  0.59987125971477140        0.0000000000000000     
  0.72999999999999998       -65.104891053618687       0.31958184908466475        5.2290116933037666E-002  0.59987124921027346        0.0000000000000000     
  0.73099999999999998       -65.104961760443331       0.31958120653105843        5.2290080270221855E-002  0.59987123899669148        0.0000000000000000     
  0.73199999999999998       -65.105032385364680       0.31958056389750389        5.2290041910284350E-002  0.59987122907365464        0.0000000000000000     
  0.73299999999999998       -65.105102928549869       0.31957992118424489        5.2290001862578379E-002  0.59987121944079280        0.0000000000000000     
  0.73399999999999999       -65.105173390165263       0.31957927839152461        5.2289960136413148E-002  0.59987121009773670        0.0000000000000000     
  0.73499999999999999       -65.105243770376518       0.31957863551958587        5.2289916741054057E-002  0.59987120104411751        0.0000000000000000     
  0.73599999999999999       -65.105314069348537       0.31957799256867092        5.2289871685722890E-002  0.59987119227956731        0.0000000000000000     
  0.73699999999999999       -65.105384287245528       0.31957734953902145        5.2289824979598033E-002  0.59987118380371895        0.0000000000000000     
  0.73799999999999999       -65.105454424230942       0.31957670643087865        5.2289776631814673E-002  0.59987117561620595        0.0000000000000000     
  0.73899999999999999       -65.105524480467537       0.31957606324448329        5.2289726651464981E-002  0.59987116771666249        0.0000000000000000     
  0.73999999999999999       -65.105594456117331       0.31957541998007560        5.2289675047598350E-002  0.59987116010472352        0.0000000000000000     
  0.74099999999999999       -65.105664351341645       0.31957477663789530        5.2289621829221554E-002  0.59987115278002467        0.0000000000000000     
  0.74199999999999999       -65.105734166301090       0.31957413321818162        5.2289567005298986E-002  0.59987114574220235        0.0000000000000000     
  0.74299999999999999       -65.105803901155568       0.31957348972117328        5.2289510584752813E-002  0.59987113899089350        0.0000000000000000     
  0.74399999999999999       -65.105873556064282       0.31957284614710851        5.2289452576463218E-002  0.59987113252573587        0.0000000000000000     
  0.74500000000000000       -65.105943131185725       0.31957220249622509        5.2289392989268567E-002  0.59987112634636797        0.0000000000000000     
  0.74600000000000000       -65.106012626677696       0.31957155876876026        5.2289331831965602E-002  0.59987112045242896        0.0000000000000000     
  0.74700000000000000       -65.106082042697295       0.31957091496495083        5.2289269113309660E-002  0.59987111484355859        0.0000000000000000     
  0.74800000000000000       -65.106151379400956       0.31957027108503311        5.2289204842014839E-002  0.59987110951939748        0.0000000000000000     
  0.74900000000000000       -65.106220636944414       0.31956962712924286        5.2289139026754215E-002  0.59987110447958680        0.0000000000000000     
  0.75000000000000000       -65.106289815482697       0.31956898309781545        5.2289071676160009E-002  0.59987109972376840        0.0000000000000000     
  0.75100000000000000       -65.106358915170190       0.31956833899098575        5.2289002798823800E-002  0.59987109525158477        0.0000000000000000     
  0.75200000000000000       -65.106427936160586       0.31956769480898811        5.2288932403296698E-002  0.59987109106267933        0.0000000000000000     
  0.75300000000000000       -65.106496878606890       0.31956705055205648        5.2288860498089534E-002  0.59987108715669590        0.0000000000000000     
  0.75400000000000000       -65.106565742661445       0.31956640622042426        5.2288787091673075E-002  0.59987108353327900        0.0000000000000000     
  0.75500000000000000       -65.106634528475951       0.31956576181432444        5.2288712192478166E-002  0.59987108019207402        0.0000000000000000     
  0.75600000000000001       -65.106703236201398       0.31956511733398951        5.2288635808895957E-002  0.59987107713272680        0.0000000000000000     
  0.75700000000000001       -65.106771865988151       0.31956447277965150        5.2288557949278065E-002  0.59987107435488396        0.0000000000000000     
  0.75800000000000001       -65.106840417985907       0.31956382815154194        5.2288478621936765E-002  0.59987107185819266        0.0000000000000000     
  0.75900000000000001       -65.106908892343696       0.31956318344989199        5.2288397835145169E-002  0.59987106964230086        0.0000000000000000     
  0.76000000000000001       -65.106977289209908       0.31956253867493228        5.2288315597137425E-002  0.59987106770685705        0.0000000000000000     
  0.76100000000000001       -65.107045608732278       0.31956189382689304        5.2288231916108881E-002  0.59987106605151053        0.0000000000000000     
  0.76200000000000001       -65.107113851057903       0.31956124890600396        5.2288146800216269E-002  0.59987106467591111        0.0000000000000000     
  0.76300000000000001       -65.107182016333226       0.31956060391249436        5.2288060257577894E-002  0.59987106357970932        0.0000000000000000     
  0.76400000000000001       -65.107250104704065       0.31955995884659300        5.2287972296273813E-002  0.59987106276255620        0.0000000000000000     
  0.76500000000000001       -65.107318116315582       0.31955931370852830        5.2287882924346003E-002  0.59987106222410369        0.0000000000000000     
  0.76600000000000001       -65.107386051312318       0.31955866849852821        5.2287792149798541E-002  0.59987106196400408        0.0000000000000000     
  0.76700000000000002       -65.107453909838185       0.31955802321682020        5.2287699980597790E-002  0.59987106198191043        0.0000000000000000     
  0.76800000000000002       -65.107521692036457       0.31955737786363131        5.2287606424672575E-002  0.59987106227747644        0.0000000000000000     
  0.76900000000000002       -65.107589398049782       0.31955673243918808        5.2287511489914340E-002  0.59987106285035652        0.0000000000000000     
  0.77000000000000002       -65.107657028020199       0.31955608694371673        5.2287415184177351E-002  0.59987106370020549        0.0000000000000000     
  0.77100000000000002       -65.107724582089119       0.31955544137744296        5.2287317515278840E-002  0.59987106482667896        0.0000000000000000     
  0.77200000000000002       -65.107792060397330       0.31955479574059203        5.2287218490999203E-002  0.59987106622943309        0.0000000000000000     
  0.77300000000000002       -65.107859463085020       0.31955415003338877        5.2287118119082161E-002  0.59987106790812472        0.0000000000000000     
  0.77400000000000002       -65.107926790291756       0.31955350425605761        5.2287016407234925E-002  0.59987106986241134        0.0000000000000000     
  0.77500000000000002       -65.107994042156506       0.31955285840882247        5.2286913363128372E-002  0.59987107209195090        0.0000000000000000     
  0.77600000000000002       -65.108061218817639       0.31955221249190696        5.2286808994397221E-002  0.59987107459640210        0.0000000000000000     
  0.77700000000000002       -65.108128320412888       0.31955156650553418        5.2286703308640201E-002  0.59987107737542411        0.0000000000000000     
  0.77800000000000002       -65.108195347079430       0.31955092044992678        5.2286596313420204E-002  0.59987108042867687        0.0000000000000000     
  0.77900000000000003       -65.108262298953818       0.31955027432530708        5.2286488016264468E-002  0.59987108375582088        0.0000000000000000     
  0.78000000000000003       -65.108329176172020       0.31954962813189686        5.2286378424664742E-002  0.59987108735651717        0.0000000000000000     
  0.78100000000000003       -65.108395978869424       0.31954898186991759        5.2286267546077438E-002  0.59987109123042737        0.0000000000000000     
  0.78200000000000003       -65.108462707180806       0.31954833553959022        5.2286155387923819E-002  0.59987109537721373        0.0000000000000000     
  0.78300000000000003       -65.108529361240372       0.31954768914113535        5.2286041957590138E-002  0.59987109979653919        0.0000000000000000     
  0.78400000000000003       -65.108595941181747       0.31954704267477319        5.2285927262427818E-002  0.59987110448806713        0.0000000000000000     
  0.78500000000000003       -65.108662447137974       0.31954639614072339        5.2285811309753620E-002  0.59987110945146171        0.0000000000000000     
  0.78600000000000003       -65.108728879241511       0.31954574953920539        5.2285694106849780E-002  0.59987111468638743        0.0000000000000000     
  0.78700000000000003       -65.108795237624250       0.31954510287043802        5.2285575660964194E-002  0.59987112019250954        0.0000000000000000     
  0.78800000000000003       -65.108861522417513       0.31954445613463989        5.2285455979310572E-002  0.59987112596949388        0.0000000000000000     
  0.78900000000000003       -65.108927733752040       0.31954380933202903        5.2285335069068593E-002  0.59987113201700670        0.0000000000000000     
  0.79000000000000004       -65.108993871758017       0.31954316246282316        5.2285212937384064E-002  0.59987113833471506        0.0000000000000000     
  0.79100000000000004       -65.109059936565075       0.31954251552723956        5.2285089591369079E-002  0.59987114492228644        0.0000000000000000     
  0.79200000000000004       -65.109125928302262       0.31954186852549515        5.2284965038102184E-002  0.59987115177938888        0.0000000000000000     
  0.79300000000000004       -65.109191847098089       0.31954122145780645        5.2284839284628522E-002  0.59987115890569109        0.0000000000000000     
  0.79400000000000004       -65.109257693080494       0.31954057432438948        5.2284712337960004E-002  0.59987116630086235        0.0000000000000000     
  0.79500000000000004       -65.109323466376864       0.31953992712545998        5.2284584205075445E-002  0.59987117396457235        0.0000000000000000     
  0.79600000000000004       -65.109389167114045       0.31953927986123321        5.2284454892920731E-002  0.59987118189649147        0.0000000000000000     
  0.79700000000000004       -65.109454795418330       0.31953863253192410        5.2284324408408973E-002  0.59987119009629064        0.0000000000000000     
  0.79800000000000004       -65.109520351415455       0.31953798513774717        5.2284192758420660E-002  0.59987119856364135        0.0000000000000000     
  0.79900000000000004       -65.109585835230646       0.31953733767891651        5.2284059949803799E-002  0.59987120729821564        0.0000000000000000     
  0.80000000000000004       -65.109651246988548       0.31953669015564584        5.2283925989374078E-002  0.59987121629968609        0.0000000000000000     
  0.80100000000000005       -65.109716586813306       0.31953604256814855        5.2283790883915028E-002  0.59987122556772587        0.0000000000000000     
  0.80200000000000005       -65.109781854828498       0.31953539491663752        5.2283654640178145E-002  0.59987123510200857        0.0000000000000000     
  0.80300000000000005       -65.109847051157203       0.31953474720132535        5.2283517264883068E-002  0.59987124490220856        0.0000000000000000     
  0.80400000000000005       -65.109912175921934       0.31953409942242428        5.2283378764717704E-002  0.59987125496800053        0.0000000000000000     
  0.80500000000000005       -65.109977229244691       0.31953345158014601        5.2283239146338395E-002  0.59987126529905976        0.0000000000000000     
  0.80600000000000005       -65.110042211246963       0.31953280367470199        5.2283098416370057E-002  0.59987127589506217        0.0000000000000000     
  0.80700000000000005       -65.110107122049698       0.31953215570630328        5.2282956581406317E-002  0.59987128675568402        0.0000000000000000     
  0.80800000000000005       -65.110171961773332       0.31953150767516053        5.2282813648009685E-002  0.59987129788060234        0.0000000000000000     
  0.80900000000000005       -65.110236730537778       0.31953085958148408        5.2282669622711671E-002  0.59987130926949461        0.0000000000000000     
  0.81000000000000005       -65.110301428462435       0.31953021142548377        5.2282524512012943E-002  0.59987132092203888        0.0000000000000000     
  0.81100000000000005       -65.110366055666205       0.31952956320736914        5.2282378322383485E-002  0.59987133283791350        0.0000000000000000     
  0.81200000000000006       -65.110430612267450       0.31952891492734942        5.2282231060262710E-002  0.59987134501679762        0.0000000000000000     
  0.81300000000000006       -65.110495098384050       0.31952826658563332        5.2282082732059622E-002  0.59987135745837084        0.0000000000000000     
  0.81400000000000006       -65.110559514133371       0.31952761818242936        5.2281933344152959E-002  0.59987137016231318        0.0000000000000000     
  0.81500000000000006       -65.110623859632270       0.31952696971794553        5.2281782902891330E-002  0.59987138312830535        0.0000000000000000     
  0.81600000000000006       -65.110688134997105       0.31952632119238955        5.2281631414593355E-002  0.59987139635602837        0.0000000000000000     
  0.81700000000000006       -65.110752340343737       0.31952567260596876        5.2281478885547801E-002  0.59987140984516396        0.0000000000000000     
  0.81800000000000006       -65.110816475787530       0.31952502395889015        5.2281325322013732E-002  0.59987142359539425        0.0000000000000000     
  0.81900000000000006       -65.110880541443365       0.31952437525136029        5.2281170730220636E-002  0.59987143760640194        0.0000000000000000     
  0.82000000000000006       -65.110944537425610       0.31952372648358546        5.2281015116368575E-002  0.59987145187787017        0.0000000000000000     
  0.82100000000000006       -65.111008463848165       0.31952307765577148        5.2280858486628320E-002  0.59987146640948263        0.0000000000000000     
  0.82200000000000006       -65.111072320824434       0.31952242876812398        5.2280700847141474E-002  0.59987148120092360        0.0000000000000000     
  0.82300000000000006       -65.111136108467321       0.31952177982084806        5.2280542204020626E-002  0.59987149625187763        0.0000000000000000     
  0.82400000000000007       -65.111199826889276       0.31952113081414857        5.2280382563349471E-002  0.59987151156203011        0.0000000000000000     
  0.82500000000000007       -65.111263476202254       0.31952048174823000        5.2280221931182966E-002  0.59987152713106662        0.0000000000000000     
  0.82600000000000007       -65.111327056517737       0.31951983262329647        5.2280060313547441E-002  0.59987154295867340        0.0000000000000000     
  0.82700000000000007       -65.111390567946728       0.31951918343955171        5.2279897716440746E-002  0.59987155904453704        0.0000000000000000     
  0.82800000000000007       -65.111454010599758       0.31951853419719917        5.2279734145832375E-002  0.59987157538834479        0.0000000000000000     
  0.82900000000000007       -65.111517384586890       0.31951788489644195        5.2279569607663619E-002  0.59987159198978435        0.0000000000000000     
  0.83000000000000007       -65.111580690017703       0.31951723553748274        5.2279404107847670E-002  0.59987160884854396        0.0000000000000000     
  0.83100000000000007       -65.111643927001339       0.31951658612052392        5.2279237652269772E-002  0.59987162596431209        0.0000000000000000     
  0.83200000000000007       -65.111707095646437       0.31951593664576755        5.2279070246787344E-002  0.59987164333677800        0.0000000000000000     
  0.83299999999999996       -65.111770196061215       0.31951528711341537        5.2278901897230105E-002  0.59987166096563138        0.0000000000000000     
  0.83399999999999996       -65.111833228353390       0.31951463752366865        5.2278732609400219E-002  0.59987167885056214        0.0000000000000000     
  0.83499999999999996       -65.111896192630255       0.31951398787672847        5.2278562389072407E-002  0.59987169699126097        0.0000000000000000     
  0.83599999999999997       -65.111959088998631       0.31951333817279554        5.2278391241994092E-002  0.59987171538741901        0.0000000000000000     
  0.83699999999999997       -65.112021917564888       0.31951268841207014        5.2278219173885497E-002  0.59987173403872762        0.0000000000000000     
  0.83799999999999997       -65.112084678434940       0.31951203859475230        5.2278046190439811E-002  0.59987175294487893        0.0000000000000000     
  0.83899999999999997       -65.112147371714258       0.31951138872104173        5.2277872297323294E-002  0.59987177210556542        0.0000000000000000     
  0.83999999999999997       -65.112209997507875       0.31951073879113778        5.2277697500175392E-002  0.59987179152047998        0.0000000000000000     
  0.84099999999999997       -65.112272555920356       0.31951008880523946        5.2277521804608887E-002  0.59987181118931610        0.0000000000000000     
  0.84199999999999997       -65.112335047055851       0.31950943876354543        5.2277345216210004E-002  0.59987183111176756        0.0000000000000000     
  0.84299999999999997       -65.112397471018042       0.31950878866625404        5.2277167740538540E-002  0.59987185128752885        0.0000000000000000     
  0.84399999999999997       -65.112459827910186       0.31950813851356336        5.2276989383127997E-002  0.59987187171629464        0.0000000000000000     
  0.84499999999999997       -65.112522117835098       0.31950748830567111        5.2276810149485688E-002  0.59987189239776029        0.0000000000000000     
  0.84599999999999997       -65.112584340895168       0.31950683804277463        5.2276630045092864E-002  0.59987191333162149        0.0000000000000000     
  0.84699999999999998       -65.112646497192344       0.31950618772507100        5.2276449075404845E-002  0.59987193451757448        0.0000000000000000     
  0.84799999999999998       -65.112708586828148       0.31950553735275694        5.2276267245851132E-002  0.59987195595531584        0.0000000000000000     
  0.84899999999999998       -65.112770609903663       0.31950488692602885        5.2276084561835537E-002  0.59987197764454270        0.0000000000000000     
  0.84999999999999998       -65.112832566519558       0.31950423644508286        5.2275901028736291E-002  0.59987199958495252        0.0000000000000000     
  0.85099999999999998       -65.112894456776090       0.31950358591011474        5.2275716651906175E-002  0.59987202177624344        0.0000000000000000     
  0.85199999999999998       -65.112956280773062       0.31950293532131996        5.2275531436672622E-002  0.59987204421811380        0.0000000000000000     
  0.85299999999999998       -65.113018038609880       0.31950228467889369        5.2275345388337856E-002  0.59987206691026251        0.0000000000000000     
  0.85399999999999998       -65.113079730385522       0.31950163398303072        5.2275158512178996E-002  0.59987208985238893        0.0000000000000000     
  0.85499999999999998       -65.113141356198540       0.31950098323392556        5.2274970813448181E-002  0.59987211304419286        0.0000000000000000     
  0.85599999999999998       -65.113202916147088       0.31950033243177245        5.2274782297372681E-002  0.59987213648537441        0.0000000000000000     
  0.85699999999999998       -65.113264410328910       0.31949968157676528        5.2274592969155015E-002  0.59987216017563427        0.0000000000000000     
  0.85799999999999998       -65.113325838841334       0.31949903066909763        5.2274402833973069E-002  0.59987218411467358        0.0000000000000000     
  0.85899999999999999       -65.113387201781265       0.31949837970896278        5.2274211896980199E-002  0.59987220830219390        0.0000000000000000     
  0.85999999999999999       -65.113448499245223       0.31949772869655374        5.2274020163305374E-002  0.59987223273789714        0.0000000000000000     
  0.86099999999999999       -65.113509731329302       0.31949707763206314        5.2273827638053258E-002  0.59987225742148564        0.0000000000000000     
  0.86199999999999999       -65.113570898129211       0.31949642651568333        5.2273634326304344E-002  0.59987228235266232        0.0000000000000000     
  0.86299999999999999       -65.113631999740264       0.31949577534760637        5.2273440233115052E-002  0.59987230753113030        0.0000000000000000     
  0.86399999999999999       -65.113693036257345       0.31949512412802406        5.2273245363517858E-002  0.59987233295659337        0.0000000000000000     
  0.86499999999999999       -65.113754007774972       0.31949447285712779        5.2273049722521392E-002  0.59987235862875565        0.0000000000000000     
  0.86599999999999999       -65.113814914387248       0.31949382153510875        5.2272853315110557E-002  0.59987238454732161        0.0000000000000000     
  0.86699999999999999       -65.113875756187895       0.31949317016215784        5.2272656146246640E-002  0.59987241071199615        0.0000000000000000     
  0.86799999999999999       -65.113936533270234       0.31949251873846557        5.2272458220867409E-002  0.59987243712248473        0.0000000000000000     
  0.86899999999999999       -65.113997245727191       0.31949186726422218        5.2272259543887249E-002  0.59987246377849313        0.0000000000000000     
  0.87000000000000000       -65.114057893651321       0.31949121573961770        5.2272060120197243E-002  0.59987249067972748        0.0000000000000000     
  0.87100000000000000       -65.114118477134795       0.31949056416484173        5.2271859954665302E-002  0.59987251782589446        0.0000000000000000     
  0.87200000000000000       -65.114178996269374       0.31948991254008369        5.2271659052136266E-002  0.59987254521670108        0.0000000000000000     
  0.87300000000000000       -65.114239451146460       0.31948926086553264        5.2271457417431999E-002  0.59987257285185480        0.0000000000000000     
  0.87400000000000000       -65.114299841857061       0.31948860914137744        5.2271255055351518E-002  0.59987260073106341        0.0000000000000000     
  0.87500000000000000       -65.114360168491828       0.31948795736780655        5.2271051970671091E-002  0.59987262885403525        0.0000000000000000     
  0.87600000000000000       -65.114420431140999       0.31948730554500820        5.2270848168144340E-002  0.59987265722047900        0.0000000000000000     
  0.87700000000000000       -65.114480629894473       0.31948665367317031        5.2270643652502349E-002  0.59987268583010367        0.0000000000000000     
  0.87800000000000000       -65.114540764841749       0.31948600175248054        5.2270438428453761E-002  0.59987271468261882        0.0000000000000000     
  0.87900000000000000       -65.114600836071972       0.31948534978312626        5.2270232500684903E-002  0.59987274377773425        0.0000000000000000     
  0.88000000000000000       -65.114660843673903       0.31948469776529448        5.2270025873859871E-002  0.59987277311516030        0.0000000000000000     
  0.88100000000000001       -65.114720787735948       0.31948404569917205        5.2269818552620646E-002  0.59987280269460763        0.0000000000000000     
  0.88200000000000001       -65.114780668346128       0.31948339358494549        5.2269610541587193E-002  0.59987283251578727        0.0000000000000000     
  0.88300000000000001       -65.114840485592126       0.31948274142280098        5.2269401845357555E-002  0.59987286257841077        0.0000000000000000     
  0.88400000000000001       -65.114900239561251       0.31948208921292454        5.2269192468507975E-002  0.59987289288218992        0.0000000000000000     
  0.88500000000000001       -65.114959930340433       0.31948143695550180        5.2268982415592975E-002  0.59987292342683707        0.0000000000000000     
  0.88600000000000001       -65.115019558016257       0.31948078465071816        5.2268771691145473E-002  0.59987295421206488        0.0000000000000000     
  0.88700000000000001       -65.115079122674956       0.31948013229875871        5.2268560299676886E-002  0.59987298523758625        0.0000000000000000     
  0.88800000000000001       -65.115138624402405       0.31947947989980829        5.2268348245677221E-002  0.59987301650311475        0.0000000000000000     
  0.88900000000000001       -65.115198063284112       0.31947882745405154        5.2268135533615173E-002  0.59987304800836416        0.0000000000000000     
  0.89000000000000001       -65.115257439405255       0.31947817496167269        5.2267922167938234E-002  0.59987307975304871        0.0000000000000000     
  0.89100000000000001       -65.115316752850632       0.31947752242285576        5.2267708153072794E-002  0.59987311173688296        0.0000000000000000     
  0.89200000000000002       -65.115376003704711       0.31947686983778451        5.2267493493424223E-002  0.59987314395958180        0.0000000000000000     
  0.89300000000000002       -65.115435192051606       0.31947621720664243        5.2267278193376981E-002  0.59987317642086069        0.0000000000000000     
  0.89400000000000002       -65.115494317975092       0.31947556452961273        5.2267062257294723E-002  0.59987320912043529        0.0000000000000000     
  0.89500000000000002       -65.115553381558584       0.31947491180687831        5.2266845689520378E-002  0.59987324205802184        0.0000000000000000     
  0.89600000000000002       -65.115612382885175       0.31947425903862192        5.2266628494376265E-002  0.59987327523333667        0.0000000000000000     
  0.89700000000000002       -65.115671322037599       0.31947360622502591        5.2266410676164173E-002  0.59987330864609678        0.0000000000000000     
  0.89800000000000002       -65.115730199098266       0.31947295336627241        5.2266192239165461E-002  0.59987334229601930        0.0000000000000000     
  0.89900000000000002       -65.115789014149229       0.31947230046254332        5.2265973187641160E-002  0.59987337618282188        0.0000000000000000     
  0.90000000000000002       -65.115847767272214       0.31947164751402030        5.2265753525832070E-002  0.59987341030622243        0.0000000000000000     
  0.90100000000000002       -65.115906458548622       0.31947099452088462        5.2265533257958838E-002  0.59987344466593939        0.0000000000000000     
  0.90200000000000002       -65.115965088059497       0.31947034148331743        5.2265312388222067E-002  0.59987347926169143        0.0000000000000000     
  0.90300000000000002       -65.116023655885584       0.31946968840149953        5.2265090920802407E-002  0.59987351409319756        0.0000000000000000     
  0.90400000000000003       -65.116082162107276       0.31946903527561149        5.2264868859860647E-002  0.59987354916017732        0.0000000000000000     
  0.90500000000000003       -65.116140606804635       0.31946838210583367        5.2264646209537802E-002  0.59987358446235051        0.0000000000000000     
  0.90600000000000003       -65.116198990057399       0.31946772889234609        5.2264422973955213E-002  0.59987361999943722        0.0000000000000000     
  0.90700000000000003       -65.116257311944992       0.31946707563532850        5.2264199157214641E-002  0.59987365577115814        0.0000000000000000     
  0.90800000000000003       -65.116315572546512       0.31946642233496053        5.2263974763398349E-002  0.59987369177723404        0.0000000000000000     
  0.90900000000000003       -65.116373771940729       0.31946576899142143        5.2263749796569198E-002  0.59987372801738614        0.0000000000000000     
  0.91000000000000003       -65.116431910206089       0.31946511560489022        5.2263524260770744E-002  0.59987376449133611        0.0000000000000000     
  0.91100000000000003       -65.116489987420721       0.31946446217554569        5.2263298160027311E-002  0.59987380119880596        0.0000000000000000     
  0.91200000000000003       -65.116548003662430       0.31946380870356639        5.2263071498344103E-002  0.59987383813951789        0.0000000000000000     
  0.91300000000000003       -65.116605959008723       0.31946315518913060        5.2262844279707274E-002  0.59987387531319469        0.0000000000000000     
  0.91400000000000003       -65.116663853536778       0.31946250163241630        5.2262616508084031E-002  0.59987391271955925        0.0000000000000000     
  0.91500000000000004       -65.116721687323462       0.31946184803360134        5.2262388187422716E-002  0.59987395035833502        0.0000000000000000     
  0.91600000000000004       -65.116779460445343       0.31946119439286319        5.2262159321652887E-002  0.59987398822924576        0.0000000000000000     
  0.91700000000000004       -65.116837172978663       0.31946054071037916        5.2261929914685423E-002  0.59987402633201548        0.0000000000000000     
  0.91800000000000004       -65.116894824999349       0.31945988698632632        5.2261699970412592E-002  0.59987406466636861        0.0000000000000000     
  0.91900000000000004       -65.116952416583032       0.31945923322088143        5.2261469492708157E-002  0.59987410323202983        0.0000000000000000     
  0.92000000000000004       -65.117009947805045       0.31945857941422107        5.2261238485427450E-002  0.59987414202872436        0.0000000000000000     
  0.92100000000000004       -65.117067418740419       0.31945792556652153        5.2261006952407457E-002  0.59987418105617751        0.0000000000000000     
  0.92200000000000004       -65.117124829463847       0.31945727167795884        5.2260774897466916E-002  0.59987422031411519        0.0000000000000000     
  0.92300000000000004       -65.117182180049767       0.31945661774870887        5.2260542324406391E-002  0.59987425980226350        0.0000000000000000     
  0.92400000000000004       -65.117239470572287       0.31945596377894719        5.2260309237008355E-002  0.59987429952034887        0.0000000000000000     
  0.92500000000000004       -65.117296701105218       0.31945530976884912        5.2260075639037284E-002  0.59987433946809809        0.0000000000000000     
  0.92600000000000005       -65.117353871722088       0.31945465571858978        5.2259841534239737E-002  0.59987437964523826        0.0000000000000000     
  0.92700000000000005       -65.117410982496111       0.31945400162834403        5.2259606926344439E-002  0.59987442005149694        0.0000000000000000     
  0.92800000000000005       -65.117468033500231       0.31945334749828647        5.2259371819062359E-002  0.59987446068660188        0.0000000000000000     
  0.92900000000000005       -65.117525024807080       0.31945269332859155        5.2259136216086806E-002  0.59987450155028121        0.0000000000000000     
  0.93000000000000005       -65.117581956488991       0.31945203911943337        5.2258900121093507E-002  0.59987454264226348        0.0000000000000000     
  0.93100000000000005       -65.117638828618027       0.31945138487098590        5.2258663537740675E-002  0.59987458396227733        0.0000000000000000     
  0.93200000000000005       -65.117695641265968       0.31945073058342277        5.2258426469669106E-002  0.59987462551005200        0.0000000000000000     
  0.93300000000000005       -65.117752394504279       0.31945007625691746        5.2258188920502262E-002  0.59987466728531691        0.0000000000000000     
  0.93400000000000005       -65.117809088404144       0.31944942189164321        5.2257950893846342E-002  0.59987470928780184        0.0000000000000000     
  0.93500000000000005       -65.117865723036488       0.31944876748777301        5.2257712393290370E-002  0.59987475151723690        0.0000000000000000     
  0.93600000000000005       -65.117922298471925       0.31944811304547960        5.2257473422406268E-002  0.59987479397335242        0.0000000000000000     
  0.93700000000000006       -65.117978814780798       0.31944745856493550        5.2257233984748942E-002  0.59987483665587926        0.0000000000000000     
  0.93800000000000006       -65.118035272033183       0.31944680404631304        5.2256994083856360E-002  0.59987487956454844        0.0000000000000000     
  0.93900000000000006       -65.118091670298853       0.31944614948978423        5.2256753723249630E-002  0.59987492269909137        0.0000000000000000     
  0.94000000000000006       -65.118148009647300       0.31944549489552099        5.2256512906433079E-002  0.59987496605923973        0.0000000000000000     
  0.94100000000000006       -65.118204290147773       0.31944484026369491        5.2256271636894329E-002  0.59987500964472551        0.0000000000000000     
  0.94200000000000006       -65.118260511869209       0.31944418559447740        5.2256029918104387E-002  0.59987505345528114        0.0000000000000000     
  0.94300000000000006       -65.118316674880290       0.31944353088803962        5.2255787753517705E-002  0.59987509749063916        0.0000000000000000     
  0.94400000000000006       -65.118372779249427       0.31944287614455247        5.2255545146572276E-002  0.59987514175053269        0.0000000000000000     
  0.94500000000000006       -65.118428825044745       0.31944222136418671        5.2255302100689689E-002  0.59987518623469493        0.0000000000000000     
  0.94600000000000006       -65.118484812334117       0.31944156654711287        5.2255058619275221E-002  0.59987523094285944        0.0000000000000000     
  0.94700000000000006       -65.118540741185129       0.31944091169350119        5.2254814705717911E-002  0.59987527587476008        0.0000000000000000     
  0.94800000000000006       -65.118596611665112       0.31944025680352173        5.2254570363390637E-002  0.59987532103013119        0.0000000000000000     
  0.94900000000000007       -65.118652423841127       0.31943960187734433        5.2254325595650186E-002  0.59987536640870720        0.0000000000000000     
  0.95000000000000007       -65.118708177779979       0.31943894691513863        5.2254080405837330E-002  0.59987541201022299        0.0000000000000000     
  0.95100000000000007       -65.118763873548190       0.31943829191707401        5.2253834797276903E-002  0.59987545783441365        0.0000000000000000     
  0.95200000000000007       -65.118819511212024       0.31943763688331966        5.2253588773277883E-002  0.59987550388101474        0.0000000000000000     
  0.95300000000000007       -65.118875090837506       0.31943698181404456        5.2253342337133447E-002  0.59987555014976190        0.0000000000000000     
  0.95400000000000007       -65.118930612490374       0.31943632670941746        5.2253095492121066E-002  0.59987559664039114        0.0000000000000000     
  0.95500000000000007       -65.118986076236112       0.31943567156960689        5.2252848241502566E-002  0.59987564335263888        0.0000000000000000     
  0.95600000000000007       -65.119041482139963       0.31943501639478117        5.2252600588524198E-002  0.59987569028624177        0.0000000000000000     
  0.95700000000000007       -65.119096830266898       0.31943436118510837        5.2252352536416725E-002  0.59987573744093670        0.0000000000000000     
  0.95800000000000007       -65.119152120681633       0.31943370594075643        5.2252104088395486E-002  0.59987578481646098        0.0000000000000000     
  0.95900000000000007       -65.119207353448644       0.31943305066189304        5.2251855247660454E-002  0.59987583241255205        0.0000000000000000     
  0.95999999999999996       -65.119262528632134       0.31943239534868562        5.2251606017396340E-002  0.59987588022894789        0.0000000000000000     
  0.96099999999999997       -65.119317646296068       0.31943174000130148        5.2251356400772629E-002  0.59987592826538649        0.0000000000000000     
  0.96199999999999997       -65.119372706504166       0.31943108461990766        5.2251106400943680E-002  0.59987597652160640        0.0000000000000000     
  0.96299999999999997       -65.119427709319879       0.31943042920467096        5.2250856021048786E-002  0.59987602499734627        0.0000000000000000     
  0.96399999999999997       -65.119482654806433       0.31942977375575804        5.2250605264212227E-002  0.59987607369234508        0.0000000000000000     
  0.96499999999999997       -65.119537543026794       0.31942911827333531        5.2250354133543377E-002  0.59987612260634227        0.0000000000000000     
  0.96599999999999997       -65.119592374043677       0.31942846275756903        5.2250102632136738E-002  0.59987617173907726        0.0000000000000000     
  0.96699999999999997       -65.119647147919565       0.31942780720862518        5.2249850763072030E-002  0.59987622109029004        0.0000000000000000     
  0.96799999999999997       -65.119701864716703       0.31942715162666957        5.2249598529414257E-002  0.59987627065972082        0.0000000000000000     
  0.96899999999999997       -65.119756524497063       0.31942649601186779        5.2249345934213764E-002  0.59987632044710992        0.0000000000000000     
  0.96999999999999997       -65.119811127322421       0.31942584036438526        5.2249092980506326E-002  0.59987637045219822        0.0000000000000000     
  0.97099999999999997       -65.119865673254267       0.31942518468438713        5.2248839671313191E-002  0.59987642067472668        0.0000000000000000     
  0.97199999999999998       -65.119920162353893       0.31942452897203844        5.2248586009641176E-002  0.59987647111443665        0.0000000000000000     
  0.97299999999999998       -65.119974594682319       0.31942387322750393        5.2248331998482715E-002  0.59987652177106965        0.0000000000000000     
  0.97399999999999998       -65.120028970300353       0.31942321745094820        5.2248077640815925E-002  0.59987657264436756        0.0000000000000000     
  0.97499999999999998       -65.120083289268564       0.31942256164253569        5.2247822939604678E-002  0.59987662373407258        0.0000000000000000     
  0.97599999999999998       -65.120137551647275       0.31942190580243052        5.2247567897798684E-002  0.59987667503992714        0.0000000000000000     
  0.97699999999999998       -65.120191757496599       0.31942124993079674        5.2247312518333526E-002  0.59987672656167390        0.0000000000000000     
  0.97799999999999998       -65.120245906876377       0.31942059402779810        5.2247056804130748E-002  0.59987677829905595        0.0000000000000000     
  0.97899999999999998       -65.120299999846267       0.31941993809359820        5.2246800758097914E-002  0.59987683025181648        0.0000000000000000     
  0.97999999999999998       -65.120354036465656       0.31941928212836040        5.2246544383128667E-002  0.59987688241969905        0.0000000000000000     
  0.98099999999999998       -65.120408016793732       0.31941862613224792        5.2246287682102814E-002  0.59987693480244741        0.0000000000000000     
  0.98199999999999998       -65.120461940889442       0.31941797010542378        5.2246030657886362E-002  0.59987698739980577        0.0000000000000000     
  0.98299999999999998       -65.120515808811504       0.31941731404805074        5.2245773313331613E-002  0.59987704021151844        0.0000000000000000     
  0.98399999999999999       -65.120569620618426       0.31941665796029145        5.2245515651277198E-002  0.59987709323733007        0.0000000000000000     
  0.98499999999999999       -65.120623376368471       0.31941600184230834        5.2245257674548164E-002  0.59987714647698553        0.0000000000000000     
  0.98599999999999999       -65.120677076119705       0.31941534569426361        5.2244999385956024E-002  0.59987719993023003        0.0000000000000000     
  0.98699999999999999       -65.120730719929938       0.31941468951631929        5.2244740788298834E-002  0.59987725359680899        0.0000000000000000     
  0.98799999999999999       -65.120784307856795       0.31941403330863727        5.2244481884361239E-002  0.59987730747646817        0.0000000000000000     
  0.98899999999999999       -65.120837839957645       0.31941337707137912        5.2244222676914545E-002  0.59987736156895355        0.0000000000000000     
  0.98999999999999999       -65.120891316289672       0.31941272080470634        5.2243963168716781E-002  0.59987741587401133        0.0000000000000000     
  0.99099999999999999       -65.120944736909820       0.31941206450878024        5.2243703362512758E-002  0.59987747039138806        0.0000000000000000     
  0.99199999999999999       -65.120998101874818       0.31941140818376185        5.2243443261034132E-002  0.59987752512083048        0.0000000000000000     
  0.99299999999999999       -65.121051411241183       0.31941075182981205        5.2243182866999471E-002  0.59987758006208558        0.0000000000000000     
  0.99399999999999999       -65.121104665065232       0.31941009544709159        5.2242922183114313E-002  0.59987763521490067        0.0000000000000000     
  0.99500000000000000       -65.121157863403042       0.31940943903576097        5.2242661212071217E-002  0.59987769057902340        0.0000000000000000     
  0.99600000000000000       -65.121211006310489       0.31940878259598049        5.2242399956549834E-002  0.59987774615420153        0.0000000000000000     
  0.99700000000000000       -65.121264093843237       0.31940812612791031        5.2242138419216967E-002  0.59987780194018325        0.0000000000000000     
  0.99800000000000000       -65.121317126056752       0.31940746963171035        5.2241876602726632E-002  0.59987785793671677        0.0000000000000000     
  0.99900000000000000       -65.121370103006271       0.31940681310754043        5.2241614509720105E-002  0.59987791414355074        0.0000000000000000     
   1.0000000000000000       -65.121423024746832       0.31940615655556015        5.2241352142826006E-002  0.59987797056043402        0.0000000000000000     
   1.0010000000000001       -65.121475891333262       0.31940549997592887        5.2241089504660332E-002  0.59987802718711569        0.0000000000000000     
   1.0020000000000000       -65.121528702820186       0.31940484336880587        5.2240826597826528E-002  0.59987808402334519        0.0000000000000000     
   1.0030000000000001       -65.121581459262018       0.31940418673435017        5.2240563424915551E-002  0.59987814106887205        0.0000000000000000     
   1.0040000000000000       -65.121634160712972       0.31940353007272060        5.2240299988505913E-002  0.59987819832344613        0.0000000000000000     
   1.0050000000000001       -65.121686807227050       0.31940287338407586        5.2240036291163756E-002  0.59987825578681764        0.0000000000000000     
   1.0060000000000000       -65.121739398858068       0.31940221666857443        5.2239772335442906E-002  0.59987831345873699        0.0000000000000000     
   1.0070000000000001       -65.121791935659616       0.31940155992637465        5.2239508123884913E-002  0.59987837133895472        0.0000000000000000     
   1.0080000000000000       -65.121844417685097       0.31940090315763464        5.2239243659019136E-002  0.59987842942722169        0.0000000000000000     
   1.0090000000000001       -65.121896844987717       0.31940024636251241        5.2238978943362782E-002  0.59987848772328911        0.0000000000000000     
   1.0100000000000000       -65.121949217620482       0.31939958954116565        5.2238713979420960E-002  0.59987854622690839        0.0000000000000000     
   1.0110000000000001       -65.122001535636201       0.31939893269375202        5.2238448769686752E-002  0.59987860493783107        0.0000000000000000     
   1.0120000000000000       -65.122053799087482       0.31939827582042896        5.2238183316641255E-002  0.59987866385580901        0.0000000000000000     
   1.0130000000000001       -65.122106008026719       0.31939761892135371        5.2237917622753649E-002  0.59987872298059441        0.0000000000000000     
   1.0140000000000000       -65.122158162506153       0.31939696199668333        5.2237651690481245E-002  0.59987878231193958        0.0000000000000000     
   1.0150000000000001       -65.122210262577795       0.31939630504657468        5.2237385522269544E-002  0.59987884184959717        0.0000000000000000     
   1.0160000000000000       -65.122262308293486       0.31939564807118453        5.2237119120552289E-002  0.59987890159331991        0.0000000000000000     
   1.0170000000000001       -65.122314299704854       0.31939499107066943        5.2236852487751513E-002  0.59987896154286102        0.0000000000000000     
   1.0180000000000000       -65.122366236863343       0.31939433404518575        5.2236585626277622E-002  0.59987902169797380        0.0000000000000000     
   1.0190000000000001       -65.122418119820210       0.31939367699488969        5.2236318538529412E-002  0.59987908205841178        0.0000000000000000     
   1.0200000000000000       -65.122469948626531       0.31939301991993729        5.2236051226894155E-002  0.59987914262392883        0.0000000000000000     
   1.0210000000000001       -65.122521723333179       0.31939236282048444        5.2235783693747623E-002  0.59987920339427891        0.0000000000000000     
   1.0220000000000000       -65.122573443990845       0.31939170569668679        5.2235515941454168E-002  0.59987926436921635        0.0000000000000000     
   1.0230000000000001       -65.122625110650020       0.31939104854869987        5.2235247972366762E-002  0.59987932554849577        0.0000000000000000     
   1.0240000000000000       -65.122676723361039       0.31939039137667902        5.2234979788827053E-002  0.59987938693187182        0.0000000000000000     
   1.0249999999999999       -65.122728282174023       0.31938973418077943        5.2234711393165420E-002  0.59987944851909958        0.0000000000000000     
   1.0260000000000000       -65.122779787138924       0.31938907696115609        5.2234442787701021E-002  0.59987951030993425        0.0000000000000000     
   1.0269999999999999       -65.122831238305508       0.31938841971796383        5.2234173974741845E-002  0.59987957230413136        0.0000000000000000     
   1.0280000000000000       -65.122882635723343       0.31938776245135736        5.2233904956584767E-002  0.59987963450144655        0.0000000000000000     
   1.0289999999999999       -65.122933979441854       0.31938710516149116        5.2233635735515600E-002  0.59987969690163578        0.0000000000000000     
   1.0300000000000000       -65.122985269510238       0.31938644784851961        5.2233366313809156E-002  0.59987975950445516        0.0000000000000000     
   1.0309999999999999       -65.123036505977552       0.31938579051259686        5.2233096693729275E-002  0.59987982230966119        0.0000000000000000     
   1.0320000000000000       -65.123087688892653       0.31938513315387690        5.2232826877528893E-002  0.59987988531701042        0.0000000000000000     
   1.0329999999999999       -65.123138818304213       0.31938447577251355        5.2232556867450097E-002  0.59987994852625981        0.0000000000000000     
   1.0340000000000000       -65.123189894260747       0.31938381836866053        5.2232286665724152E-002  0.59988001193716634        0.0000000000000000     
   1.0349999999999999       -65.123240916810587       0.31938316094247138        5.2232016274571587E-002  0.59988007554948741        0.0000000000000000     
   1.0360000000000000       -65.123291886001894       0.31938250349409936        5.2231745696202203E-002  0.59988013936298057        0.0000000000000000     
   1.0369999999999999       -65.123342801882629       0.31938184602369774        5.2231474932815165E-002  0.59988020337740355        0.0000000000000000     
   1.0380000000000000       -65.123393664500611       0.31938118853141950        5.2231203986599022E-002  0.59988026759251434        0.0000000000000000     
   1.0389999999999999       -65.123444473903461       0.31938053101741753        5.2230932859731766E-002  0.59988033200807123        0.0000000000000000     
   1.0400000000000000       -65.123495230138658       0.31937987348184449        5.2230661554380886E-002  0.59988039662383263        0.0000000000000000     
   1.0409999999999999       -65.123545933253482       0.31937921592485291        5.2230390072703414E-002  0.59988046143955720        0.0000000000000000     
   1.0420000000000000       -65.123596583295040       0.31937855834659523        5.2230118416845966E-002  0.59988052645500378        0.0000000000000000     
   1.0429999999999999       -65.123647180310286       0.31937790074722361        5.2229846588944799E-002  0.59988059166993157        0.0000000000000000     
   1.0440000000000000       -65.123697724346016       0.31937724312689014        5.2229574591125864E-002  0.59988065708409988        0.0000000000000000     
   1.0449999999999999       -65.123748215448828       0.31937658548574671        5.2229302425504852E-002  0.59988072269726833        0.0000000000000000     
   1.0460000000000000       -65.123798653665162       0.31937592782394508        5.2229030094187223E-002  0.59988078850919668        0.0000000000000000     
   1.0469999999999999       -65.123849039041303       0.31937527014163680        5.2228757599268275E-002  0.59988085451964490        0.0000000000000000     
   1.0480000000000000       -65.123899371623367       0.31937461243897330        5.2228484942833185E-002  0.59988092072837318        0.0000000000000000     
   1.0489999999999999       -65.123949651457295       0.31937395471610591        5.2228212126957059E-002  0.59988098713514204        0.0000000000000000     
   1.0500000000000000       -65.123999878588876       0.31937329697318567        5.2227939153704980E-002  0.59988105373971201        0.0000000000000000     
   1.0509999999999999       -65.124050053063726       0.31937263921036357        5.2227666025132041E-002  0.59988112054184406        0.0000000000000000     
   1.0520000000000000       -65.124100174927307       0.31937198142779039        5.2227392743283411E-002  0.59988118754129927        0.0000000000000000     
   1.0529999999999999       -65.124150244224907       0.31937132362561677        5.2227119310194366E-002  0.59988125473783893        0.0000000000000000     
   1.0540000000000000       -65.124200261001661       0.31937066580399320        5.2226845727890339E-002  0.59988132213122458        0.0000000000000000     
   1.0549999999999999       -65.124250225302546       0.31937000796307002        5.2226571998386977E-002  0.59988138972121796        0.0000000000000000     
   1.0560000000000000       -65.124300137172384       0.31936935010299744        5.2226298123690174E-002  0.59988145750758093        0.0000000000000000     
   1.0569999999999999       -65.124349996655823       0.31936869222392550        5.2226024105796125E-002  0.59988152549007567        0.0000000000000000     
   1.0580000000000001       -65.124399803797374       0.31936803432600402        5.2225749946691352E-002  0.59988159366846461        0.0000000000000000     
   1.0589999999999999       -65.124449558641359       0.31936737640938279        5.2225475648352782E-002  0.59988166204251026        0.0000000000000000     
   1.0600000000000001       -65.124499261231975       0.31936671847421133        5.2225201212747763E-002  0.59988173061197547        0.0000000000000000     
   1.0609999999999999       -65.124548911613260       0.31936606052063904        5.2224926641834125E-002  0.59988179937662323        0.0000000000000000     
   1.0620000000000001       -65.124598509829084       0.31936540254881524        5.2224651937560221E-002  0.59988186833621682        0.0000000000000000     
   1.0629999999999999       -65.124648055923160       0.31936474455888902        5.2224377101864956E-002  0.59988193749051955        0.0000000000000000     
   1.0640000000000001       -65.124697549939057       0.31936408655100940        5.2224102136677858E-002  0.59988200683929505        0.0000000000000000     
   1.0649999999999999       -65.124746991920190       0.31936342852532512        5.2223827043919105E-002  0.59988207638230717        0.0000000000000000     
   1.0660000000000001       -65.124796381909832       0.31936277048198491        5.2223551825499565E-002  0.59988214611932000        0.0000000000000000     
   1.0669999999999999       -65.124845719951082       0.31936211242113732        5.2223276483320855E-002  0.59988221605009773        0.0000000000000000     
   1.0680000000000001       -65.124895006086902       0.31936145434293067        5.2223001019275371E-002  0.59988228617440487        0.0000000000000000     
   1.0690000000000000       -65.124944240360108       0.31936079624751318        5.2222725435246337E-002  0.59988235649200594        0.0000000000000000     
   1.0700000000000001       -65.124993422813361       0.31936013813503294        5.2222449733107849E-002  0.59988242700266592        0.0000000000000000     
   1.0710000000000000       -65.125042553489180       0.31935948000563791        5.2222173914724911E-002  0.59988249770614988        0.0000000000000000     
   1.0720000000000001       -65.125091632429928       0.31935882185947589        5.2221897981953480E-002  0.59988256860222300        0.0000000000000000     
   1.0730000000000000       -65.125140659677825       0.31935816369669451        5.2221621936640511E-002  0.59988263969065081        0.0000000000000000     
   1.0740000000000001       -65.125189635274950       0.31935750551744124        5.2221345780623998E-002  0.59988271097119905        0.0000000000000000     
   1.0750000000000000       -65.125238559263224       0.31935684732186342        5.2221069515733021E-002  0.59988278244363347        0.0000000000000000     
   1.0760000000000001       -65.125287431684427       0.31935618911010827        5.2220793143787775E-002  0.59988285410772024        0.0000000000000000     
   1.0770000000000000       -65.125336252580212       0.31935553088232288        5.2220516666599624E-002  0.59988292596322557        0.0000000000000000     
   1.0780000000000001       -65.125385021992059       0.31935487263865414        5.2220240085971127E-002  0.59988299800991585        0.0000000000000000     
   1.0790000000000000       -65.125433739961338       0.31935421437924882        5.2219963403696099E-002  0.59988307024755783        0.0000000000000000     
   1.0800000000000001       -65.125482406529244       0.31935355610425359        5.2219686621559638E-002  0.59988314267591847        0.0000000000000000     
   1.0810000000000000       -65.125531021736862       0.31935289781381487        5.2219409741338173E-002  0.59988321529476474        0.0000000000000000     
   1.0820000000000001       -65.125579585625118       0.31935223950807906        5.2219132764799496E-002  0.59988328810386382        0.0000000000000000     
   1.0830000000000000       -65.125628098234799       0.31935158118719237        5.2218855693702805E-002  0.59988336110298324        0.0000000000000000     
   1.0840000000000001       -65.125676559606546       0.31935092285130084        5.2218578529798755E-002  0.59988343429189073        0.0000000000000000     
   1.0850000000000000       -65.125724969780876       0.31935026450055043        5.2218301274829487E-002  0.59988350767035403        0.0000000000000000     
   1.0860000000000001       -65.125773328798175       0.31934960613508689        5.2218023930528663E-002  0.59988358123814123        0.0000000000000000     
   1.0870000000000000       -65.125821636698674       0.31934894775505585        5.2217746498621521E-002  0.59988365499502050        0.0000000000000000     
   1.0880000000000001       -65.125869893522463       0.31934828936060283        5.2217468980824903E-002  0.59988372894076025        0.0000000000000000     
   1.0890000000000000       -65.125918099309516       0.31934763095187324        5.2217191378847297E-002  0.59988380307512923        0.0000000000000000     
   1.0900000000000001       -65.125966254099666       0.31934697252901223        5.2216913694388870E-002  0.59988387739789617        0.0000000000000000     
   1.0910000000000000       -65.126014357932590       0.31934631409216491        5.2216635929141518E-002  0.59988395190883004        0.0000000000000000     
   1.0920000000000001       -65.126062410847865       0.31934565564147627        5.2216358084788909E-002  0.59988402660770013        0.0000000000000000     
   1.0930000000000000       -65.126110412884913       0.31934499717709108        5.2216080163006495E-002  0.59988410149427573        0.0000000000000000     
   1.0940000000000001       -65.126158364083025       0.31934433869915407        5.2215802165461581E-002  0.59988417656832649        0.0000000000000000     
   1.0950000000000000       -65.126206264481368       0.31934368020780973        5.2215524093813338E-002  0.59988425182962202        0.0000000000000000     
   1.0960000000000001       -65.126254114118979       0.31934302170320245        5.2215245949712864E-002  0.59988432727793239        0.0000000000000000     
   1.0970000000000000       -65.126301913034737       0.31934236318547654        5.2214967734803205E-002  0.59988440291302780        0.0000000000000000     
   1.0980000000000001       -65.126349661267426       0.31934170465477613        5.2214689450719394E-002  0.59988447873467843        0.0000000000000000     
   1.0990000000000000       -65.126397358855698       0.31934104611124514        5.2214411099088497E-002  0.59988455474265490        0.0000000000000000     
   1.1000000000000001       -65.126445005838050       0.31934038755502753        5.2214132681529642E-002  0.59988463093672784        0.0000000000000000     
   1.1010000000000000       -65.126492602252867       0.31933972898626695        5.2213854199654054E-002  0.59988470731666810        0.0000000000000000     
   1.1020000000000001       -65.126540148138403       0.31933907040510706        5.2213575655065111E-002  0.59988478388224686        0.0000000000000000     
   1.1030000000000000       -65.126587643532787       0.31933841181169126        5.2213297049358356E-002  0.59988486063323532        0.0000000000000000     
   1.1040000000000001       -65.126635088474032       0.31933775320616292        5.2213018384121554E-002  0.59988493756940486        0.0000000000000000     
   1.1050000000000000       -65.126682482999996       0.31933709458866522        5.2212739660934704E-002  0.59988501469052724        0.0000000000000000     
   1.1060000000000001       -65.126729827148452       0.31933643595934119        5.2212460881370104E-002  0.59988509199637408        0.0000000000000000     
   1.1070000000000000       -65.126777120957016       0.31933577731833379        5.2212182046992364E-002  0.59988516948671755        0.0000000000000000     
   1.1080000000000001       -65.126824364463189       0.31933511866578579        5.2211903159358454E-002  0.59988524716132963        0.0000000000000000     
   1.1090000000000000       -65.126871557704348       0.31933446000183990        5.2211624220017738E-002  0.59988532501998282        0.0000000000000000     
   1.1100000000000001       -65.126918700717752       0.31933380132663863        5.2211345230512012E-002  0.59988540306244953        0.0000000000000000     
   1.1110000000000000       -65.126965793540535       0.31933314264032436        5.2211066192375519E-002  0.59988548128850261        0.0000000000000000     
   1.1120000000000001       -65.127012836209715       0.31933248394303937        5.2210787107135018E-002  0.59988555969791479        0.0000000000000000     
   1.1130000000000000       -65.127059828762185       0.31933182523492581        5.2210507976309786E-002  0.59988563829045927        0.0000000000000000     
   1.1140000000000001       -65.127106771234708       0.31933116651612575        5.2210228801411684E-002  0.59988571706590921        0.0000000000000000     
   1.1150000000000000       -65.127153663663947       0.31933050778678101        5.2209949583945169E-002  0.59988579602403813        0.0000000000000000     
   1.1160000000000001       -65.127200506086425       0.31932984904703338        5.2209670325407333E-002  0.59988587516461955        0.0000000000000000     
   1.1170000000000000       -65.127247298538563       0.31932919029702445        5.2209391027287937E-002  0.59988595448742732        0.0000000000000000     
   1.1180000000000001       -65.127294041056643       0.31932853153689572        5.2209111691069461E-002  0.59988603399223528        0.0000000000000000     
   1.1190000000000000       -65.127340733676860       0.31932787276678859        5.2208832318227115E-002  0.59988611367881761        0.0000000000000000     
   1.1200000000000001       -65.127387376435266       0.31932721398684433        5.2208552910228884E-002  0.59988619354694872        0.0000000000000000     
   1.1210000000000000       -65.127433969367800       0.31932655519720399        5.2208273468535564E-002  0.59988627359640301        0.0000000000000000     
   1.1220000000000001       -65.127480512510303       0.31932589639800862        5.2207993994600785E-002  0.59988635382695510        0.0000000000000000     
   1.1230000000000000       -65.127527005898486       0.31932523758939907        5.2207714489871063E-002  0.59988643423837984        0.0000000000000000     
   1.1240000000000001       -65.127573449567947       0.31932457877151604        5.2207434955785809E-002  0.59988651483045230        0.0000000000000000     
   1.1250000000000000       -65.127619843554172       0.31932391994450021        5.2207155393777391E-002  0.59988659560294766        0.0000000000000000     
   1.1260000000000001       -65.127666187892530       0.31932326110849202        5.2206875805271134E-002  0.59988667655564121        0.0000000000000000     
   1.1270000000000000       -65.127712482618279       0.31932260226363185        5.2206596191685384E-002  0.59988675768830846        0.0000000000000000     
   1.1280000000000001       -65.127758727766562       0.31932194341005993        5.2206316554431517E-002  0.59988683900072515        0.0000000000000000     
   1.1290000000000000       -65.127804923372409       0.31932128454791636        5.2206036894913981E-002  0.59988692049266712        0.0000000000000000     
   1.1300000000000001       -65.127851069470751       0.31932062567734115        5.2205757214530336E-002  0.59988700216391044        0.0000000000000000     
   1.1310000000000000       -65.127897166096403       0.31931996679847413        5.2205477514671271E-002  0.59988708401423130        0.0000000000000000     
   1.1320000000000001       -65.127943213284055       0.31931930791145507        5.2205197796720650E-002  0.59988716604340608        0.0000000000000000     
   1.1330000000000000       -65.127989211068311       0.31931864901642359        5.2204918062055523E-002  0.59988724825121131        0.0000000000000000     
   1.1340000000000001       -65.128035159483630       0.31931799011351919        5.2204638312046192E-002  0.59988733063742372        0.0000000000000000     
   1.1350000000000000       -65.128081058564405       0.31931733120288125        5.2204358548056211E-002  0.59988741320182015        0.0000000000000000     
   1.1360000000000001       -65.128126908344896       0.31931667228464905        5.2204078771442432E-002  0.59988749594417778        0.0000000000000000     
   1.1370000000000000       -65.128172708859267       0.31931601335896165        5.2203798983555032E-002  0.59988757886427369        0.0000000000000000     
   1.1380000000000001       -65.128218460141554       0.31931535442595810        5.2203519185737547E-002  0.59988766196188537        0.0000000000000000     
   1.1390000000000000       -65.128264162225719       0.31931469548577729        5.2203239379326902E-002  0.59988774523679023        0.0000000000000000     
   1.1400000000000001       -65.128309815145585       0.31931403653855800        5.2202959565653434E-002  0.59988782868876611        0.0000000000000000     
   1.1410000000000000       -65.128355418934888       0.31931337758443884        5.2202679746040939E-002  0.59988791231759087        0.0000000000000000     
   1.1420000000000001       -65.128400973627251       0.31931271862355837        5.2202399921806690E-002  0.59988799612304256        0.0000000000000000     
   1.1430000000000000       -65.128446479256198       0.31931205965605503        5.2202120094261478E-002  0.59988808010489936        0.0000000000000000     
   1.1440000000000001       -65.128491935855152       0.31931140068206704        5.2201840264709622E-002  0.59988816426293967        0.0000000000000000     
   1.1450000000000000       -65.128537343457424       0.31931074170173263        5.2201560434449019E-002  0.59988824859694212        0.0000000000000000     
   1.1460000000000001       -65.128582702096224       0.31931008271518979        5.2201280604771173E-002  0.59988833310668532        0.0000000000000000     
   1.1470000000000000       -65.128628011804665       0.31930942372257648        5.2201000776961208E-002  0.59988841779194813        0.0000000000000000     
   1.1480000000000001       -65.128673272615742       0.31930876472403052        5.2200720952297920E-002  0.59988850265250959        0.0000000000000000     
   1.1490000000000000       -65.128718484562370       0.31930810571968959        5.2200441132053792E-002  0.59988858768814890        0.0000000000000000     
   1.1500000000000001       -65.128763647677346       0.31930744670969130        5.2200161317495018E-002  0.59988867289864545        0.0000000000000000     
   1.1510000000000000       -65.128808761993383       0.31930678769417309        5.2199881509881557E-002  0.59988875828377863        0.0000000000000000     
   1.1520000000000001       -65.128853827543082       0.31930612867327229        5.2199601710467135E-002  0.59988884384332830        0.0000000000000000     
   1.1530000000000000       -65.128898844358943       0.31930546964712619        5.2199321920499288E-002  0.59988892957707418        0.0000000000000000     
   1.1539999999999999       -65.128943812473381       0.31930481061587185        5.2199042141219398E-002  0.59988901548479634        0.0000000000000000     
   1.1550000000000000       -65.128988731918682       0.31930415157964626        5.2198762373862694E-002  0.59988910156627484        0.0000000000000000     
   1.1559999999999999       -65.129033602727077       0.31930349253858631        5.2198482619658315E-002  0.59988918782129008        0.0000000000000000     
   1.1570000000000000       -65.129078424930654       0.31930283349282879        5.2198202879829313E-002  0.59988927424962246        0.0000000000000000     
   1.1579999999999999       -65.129123198561444       0.31930217444251036        5.2197923155592692E-002  0.59988936085105260        0.0000000000000000     
   1.1590000000000000       -65.129167923651352       0.31930151538776752        5.2197643448159442E-002  0.59988944762536134        0.0000000000000000     
   1.1599999999999999       -65.129212600232194       0.31930085632873667        5.2197363758734551E-002  0.59988953457232963        0.0000000000000000     
   1.1610000000000000       -65.129257228335703       0.31930019726555414        5.2197084088517046E-002  0.59988962169173854        0.0000000000000000     
   1.1619999999999999       -65.129301807993514       0.31929953819835616        5.2196804438700013E-002  0.59988970898336935        0.0000000000000000     
   1.1630000000000000       -65.129346339237145       0.31929887912727878        5.2196524810470636E-002  0.59988979644700358        0.0000000000000000     
   1.1639999999999999       -65.129390822098046       0.31929822005245795        5.2196245205010205E-002  0.59988988408242261        0.0000000000000000     
   1.1650000000000000       -65.129435256607564       0.31929756097402956        5.2195965623494170E-002  0.59988997188940829        0.0000000000000000     
   1.1659999999999999       -65.129479642796952       0.31929690189212928        5.2195686067092149E-002  0.59989005986774246        0.0000000000000000     
   1.1670000000000000       -65.129523980697357       0.31929624280689278        5.2195406536967949E-002  0.59989014801720719        0.0000000000000000     
   1.1679999999999999       -65.129568270339860       0.31929558371845557        5.2195127034279622E-002  0.59989023633758465        0.0000000000000000     
   1.1690000000000000       -65.129612511755425       0.31929492462695308        5.2194847560179461E-002  0.59989032482865712        0.0000000000000000     
   1.1699999999999999       -65.129656704974934       0.31929426553252055        5.2194568115814043E-002  0.59989041349020722        0.0000000000000000     
   1.1710000000000000       -65.129700850029181       0.31929360643529320        5.2194288702324246E-002  0.59989050232201757        0.0000000000000000     
   1.1719999999999999       -65.129744946948861       0.31929294733540609        5.2194009320845294E-002  0.59989059132387090        0.0000000000000000     
   1.1730000000000000       -65.129788995764599       0.31929228823299416        5.2193729972506771E-002  0.59989068049555017        0.0000000000000000     
   1.1739999999999999       -65.129832996506906       0.31929162912819226        5.2193450658432637E-002  0.59989076983683853        0.0000000000000000     
   1.1750000000000000       -65.129876949206206       0.31929097002113516        5.2193171379741277E-002  0.59989085934751929        0.0000000000000000     
   1.1759999999999999       -65.129920853892855       0.31929031091195748        5.2192892137545500E-002  0.59989094902737572        0.0000000000000000     
   1.1770000000000000       -65.129964710597093       0.31928965180079372        5.2192612932952596E-002  0.59989103887619144        0.0000000000000000     
   1.1779999999999999       -65.130008519349090       0.31928899268777827        5.2192333767064336E-002  0.59989112889375018        0.0000000000000000     
   1.1790000000000000       -65.130052280178930       0.31928833357304542        5.2192054640977009E-002  0.59989121907983578        0.0000000000000000     
   1.1799999999999999       -65.130095993116598       0.31928767445672940        5.2191775555781444E-002  0.59989130943423230        0.0000000000000000     
   1.1810000000000000       -65.130139658191993       0.31928701533896425        5.2191496512563045E-002  0.59989139995672391        0.0000000000000000     
   1.1819999999999999       -65.130183275434931       0.31928635621988399        5.2191217512401800E-002  0.59989149064709479        0.0000000000000000     
   1.1830000000000001       -65.130226844875153       0.31928569709962246        5.2190938556372322E-002  0.59989158150512956        0.0000000000000000     
   1.1839999999999999       -65.130270366542291       0.31928503797831342        5.2190659645543862E-002  0.59989167253061271        0.0000000000000000     
   1.1850000000000001       -65.130313840465917       0.31928437885609051        5.2190380780980344E-002  0.59989176372332897        0.0000000000000000     
   1.1859999999999999       -65.130357266675503       0.31928371973308728        5.2190101963740382E-002  0.59989185508306331        0.0000000000000000     
   1.1870000000000001       -65.130400645200439       0.31928306060943712        5.2189823194877305E-002  0.59989194660960077        0.0000000000000000     
   1.1879999999999999       -65.130443976070026       0.31928240148527337        5.2189544475439185E-002  0.59989203830272642        0.0000000000000000     
   1.1890000000000001       -65.130487259313497       0.31928174236072931        5.2189265806468869E-002  0.59989213016222576        0.0000000000000000     
   1.1899999999999999       -65.130530494959984       0.31928108323593801        5.2188987189003985E-002  0.59989222218788418        0.0000000000000000     
   1.1910000000000001       -65.130573683038534       0.31928042411103247        5.2188708624076985E-002  0.59989231437948731        0.0000000000000000     
   1.1919999999999999       -65.130616823578137       0.31927976498614558        5.2188430112715151E-002  0.59989240673682098        0.0000000000000000     
   1.1930000000000001       -65.130659916607684       0.31927910586141017        5.2188151655940637E-002  0.59989249925967103        0.0000000000000000     
   1.1940000000000000       -65.130702962155993       0.31927844673695893        5.2187873254770478E-002  0.59989259194782363        0.0000000000000000     
   1.1950000000000001       -65.130745960251787       0.31927778761292441        5.2187594910216628E-002  0.59989268480106483        0.0000000000000000     
   1.1960000000000000       -65.130788910923712       0.31927712848943912        5.2187316623285976E-002  0.59989277781918116        0.0000000000000000     
   1.1970000000000001       -65.130831814200334       0.31927646936663545        5.2187038394980366E-002  0.59989287100195898        0.0000000000000000     
   1.1980000000000000       -65.130874670110146       0.31927581024464563        5.2186760226296619E-002  0.59989296434918493        0.0000000000000000     
   1.1990000000000001       -65.130917478681567       0.31927515112360189        5.2186482118226574E-002  0.59989305786064584        0.0000000000000000     
   1.2000000000000000       -65.130960239942922       0.31927449200363622        5.2186204071757093E-002  0.59989315153612854        0.0000000000000000     
   1.2010000000000001       -65.131002953922462       0.31927383288488065        5.2185926087870094E-002  0.59989324537542021        0.0000000000000000     
   1.2020000000000000       -65.131045620648351       0.31927317376746694        5.2185648167542557E-002  0.59989333937830802        0.0000000000000000     
   1.2030000000000001       -65.131088240148699       0.31927251465152695        5.2185370311746582E-002  0.59989343354457925        0.0000000000000000     
   1.2040000000000000       -65.131130812451516       0.31927185553719228        5.2185092521449372E-002  0.59989352787402150        0.0000000000000000     
   1.2050000000000001       -65.131173337584755       0.31927119642459445        5.2184814797613277E-002  0.59989362236642230        0.0000000000000000     
   1.2060000000000000       -65.131215815576269       0.31927053731386495        5.2184537141195822E-002  0.59989371702156946        0.0000000000000000     
   1.2070000000000001       -65.131258246453839       0.31926987820513508        5.2184259553149717E-002  0.59989381183925083        0.0000000000000000     
   1.2080000000000000       -65.131300630245192       0.31926921909853612        5.2183982034422885E-002  0.59989390681925447        0.0000000000000000     
   1.2090000000000001       -65.131342966977954       0.31926855999419917        5.2183704585958474E-002  0.59989400196136866        0.0000000000000000     
   1.2100000000000000       -65.131385256679678       0.31926790089225532        5.2183427208694899E-002  0.59989409726538157        0.0000000000000000     
   1.2110000000000001       -65.131427499377864       0.31926724179283550        5.2183149903565845E-002  0.59989419273108180        0.0000000000000000     
   1.2120000000000000       -65.131469695099909       0.31926658269607050        5.2182872671500305E-002  0.59989428835825787        0.0000000000000000     
   1.2130000000000001       -65.131511843873156       0.31926592360209105        5.2182595513422587E-002  0.59989438414669849        0.0000000000000000     
   1.2140000000000000       -65.131553945724860       0.31926526451102782        5.2182318430252353E-002  0.59989448009619262        0.0000000000000000     
   1.2150000000000001       -65.131596000682222       0.31926460542301133        5.2182041422904619E-002  0.59989457620652920        0.0000000000000000     
   1.2160000000000000       -65.131638008772356       0.31926394633817201        5.2181764492289798E-002  0.59989467247749750        0.0000000000000000     
   1.2170000000000001       -65.131679970022290       0.31926328725664022        5.2181487639313698E-002  0.59989476890888671        0.0000000000000000     
   1.2180000000000000       -65.131721884459012       0.31926262817854617        5.2181210864877578E-002  0.59989486550048621        0.0000000000000000     
   1.2190000000000001       -65.131763752109407       0.31926196910401999        5.2180934169878131E-002  0.59989496225208561        0.0000000000000000     
   1.2200000000000000       -65.131805573000307       0.31926131003319175        5.2180657555207524E-002  0.59989505916347463        0.0000000000000000     
   1.2210000000000001       -65.131847347158470       0.31926065096619133        5.2180381021753430E-002  0.59989515623444312        0.0000000000000000     
   1.2220000000000000       -65.131889074610584       0.31925999190314858        5.2180104570399025E-002  0.59989525346478101        0.0000000000000000     
   1.2230000000000001       -65.131930755383252       0.31925933284419328        5.2179828202023021E-002  0.59989535085427836        0.0000000000000000     
   1.2240000000000000       -65.131972389503019       0.31925867378945499        5.2179551917499699E-002  0.59989544840272546        0.0000000000000000     
   1.2250000000000001       -65.132013976996362       0.31925801473906334        5.2179275717698904E-002  0.59989554610991258        0.0000000000000000     
   1.2260000000000000       -65.132055517889668       0.31925735569314773        5.2178999603486084E-002  0.59989564397563033        0.0000000000000000     
   1.2270000000000001       -65.132097012209286       0.31925669665183748        5.2178723575722306E-002  0.59989574199966933        0.0000000000000000     
   1.2280000000000000       -65.132138459981476       0.31925603761526189        5.2178447635264268E-002  0.59989584018182029        0.0000000000000000     
   1.2290000000000001       -65.132179861232444       0.31925537858355008        5.2178171782964342E-002  0.59989593852187417        0.0000000000000000     
   1.2300000000000000       -65.132221215988309       0.31925471955683110        5.2177896019670565E-002  0.59989603701962191        0.0000000000000000     
   1.2310000000000001       -65.132262524275134       0.31925406053523392        5.2177620346226687E-002  0.59989613567485478        0.0000000000000000     
   1.2320000000000000       -65.132303786118911       0.31925340151888737        5.2177344763472161E-002  0.59989623448736407        0.0000000000000000     
   1.2330000000000001       -65.132345001545559       0.31925274250792024        5.2177069272242194E-002  0.59989633345694116        0.0000000000000000     
   1.2340000000000000       -65.132386170580943       0.31925208350246120        5.2176793873367745E-002  0.59989643258337766        0.0000000000000000     
   1.2350000000000001       -65.132427293250856       0.31925142450263877        5.2176518567675557E-002  0.59989653186646519        0.0000000000000000     
   1.2360000000000000       -65.132468369581019       0.31925076550858150        5.2176243355988167E-002  0.59989663130599569        0.0000000000000000     
   1.2370000000000001       -65.132509399597097       0.31925010652041774        5.2175968239123932E-002  0.59989673090176099        0.0000000000000000     
   1.2380000000000000       -65.132550383324670       0.31924944753827578        5.2175693217897050E-002  0.59989683065355326        0.0000000000000000     
   1.2390000000000001       -65.132591320789274       0.31924878856228378        5.2175418293117566E-002  0.59989693056116467        0.0000000000000000     
   1.2400000000000000       -65.132632212016375       0.31924812959256982        5.2175143465591420E-002  0.59989703062438759        0.0000000000000000     
   1.2410000000000001       -65.132673057031369       0.31924747062926195        5.2174868736120428E-002  0.59989713084301444        0.0000000000000000     
   1.2420000000000000       -65.132713855859592       0.31924681167248803        5.2174594105502334E-002  0.59989723121683791        0.0000000000000000     
   1.2430000000000001       -65.132754608526312       0.31924615272237589        5.2174319574530809E-002  0.59989733174565063        0.0000000000000000     
   1.2440000000000000       -65.132795315056740       0.31924549377905326        5.2174045143995477E-002  0.59989743242924554        0.0000000000000000     
   1.2450000000000001       -65.132835975476013       0.31924483484264771        5.2173770814681941E-002  0.59989753326741557        0.0000000000000000     
   1.2460000000000000       -65.132876589809214       0.31924417591328680        5.2173496587371790E-002  0.59989763425995390        0.0000000000000000     
   1.2470000000000001       -65.132917158081355       0.31924351699109799        5.2173222462842617E-002  0.59989773540665370        0.0000000000000000     
   1.2480000000000000       -65.132957680317404       0.31924285807620856        5.2172948441868053E-002  0.59989783670730834        0.0000000000000000     
   1.2490000000000001       -65.132998156542229       0.31924219916874580        5.2172674525217767E-002  0.59989793816171144        0.0000000000000000     
   1.2500000000000000       -65.133038586780685       0.31924154026883689        5.2172400713657495E-002  0.59989803976965650        0.0000000000000000     
   1.2510000000000001       -65.133078971057529       0.31924088137660883        5.2172127007949057E-002  0.59989814153093735        0.0000000000000000     
   1.2520000000000000       -65.133119309397472       0.31924022249218859        5.2171853408850374E-002  0.59989824344534781        0.0000000000000000     
   1.2530000000000001       -65.133159601825156       0.31923956361570305        5.2171579917115490E-002  0.59989834551268184        0.0000000000000000     
   1.2540000000000000       -65.133199848365166       0.31923890474727901        5.2171306533494582E-002  0.59989844773273371        0.0000000000000000     
   1.2550000000000001       -65.133240049042030       0.31923824588704314        5.2171033258733984E-002  0.59989855010529758        0.0000000000000000     
   1.2560000000000000       -65.133280203880219       0.31923758703512206        5.2170760093576199E-002  0.59989865263016784        0.0000000000000000     
   1.2570000000000001       -65.133320312904132       0.31923692819164229        5.2170487038759927E-002  0.59989875530713899        0.0000000000000000     
   1.2580000000000000       -65.133360376138114       0.31923626935673022        5.2170214095020082E-002  0.59989885813600574        0.0000000000000000     
   1.2590000000000001       -65.133400393606451       0.31923561053051214        5.2169941263087792E-002  0.59989896111656271        0.0000000000000000     
   1.2600000000000000       -65.133440365333371       0.31923495171311433        5.2169668543690442E-002  0.59989906424860495        0.0000000000000000     
   1.2610000000000001       -65.133480291343048       0.31923429290466293        5.2169395937551669E-002  0.59989916753192729        0.0000000000000000     
   1.2620000000000000       -65.133520171659598       0.31923363410528399        5.2169123445391388E-002  0.59989927096632500        0.0000000000000000     
   1.2630000000000001       -65.133560006307064       0.31923297531510342        5.2168851067925820E-002  0.59989937455159326        0.0000000000000000     
   1.2640000000000000       -65.133599795309451       0.31923231653424711        5.2168578805867498E-002  0.59989947828752743        0.0000000000000000     
   1.2650000000000001       -65.133639538690687       0.31923165776284085        5.2168306659925279E-002  0.59989958217392303        0.0000000000000000     
   1.2660000000000000       -65.133679236474663       0.31923099900101037        5.2168034630804369E-002  0.59989968621057566        0.0000000000000000     
   1.2670000000000001       -65.133718888685195       0.31923034024888119        5.2167762719206347E-002  0.59989979039728114        0.0000000000000000     
   1.2680000000000000       -65.133758495346058       0.31922968150657888        5.2167490925829167E-002  0.59989989473383531        0.0000000000000000     
   1.2690000000000001       -65.133798056480956       0.31922902277422882        5.2167219251367185E-002  0.59989999922003412        0.0000000000000000     
   1.2700000000000000       -65.133837572113549       0.31922836405195637        5.2166947696511173E-002  0.59990010385567361        0.0000000000000000     
   1.2710000000000001       -65.133877042267429       0.31922770533988670        5.2166676261948333E-002  0.59990020864055016        0.0000000000000000     
   1.2720000000000000       -65.133916466966141       0.31922704663814505        5.2166404948362319E-002  0.59990031357446005        0.0000000000000000     
   1.2730000000000001       -65.133955846233178       0.31922638794685643        5.2166133756433246E-002  0.59990041865719967        0.0000000000000000     
   1.2740000000000000       -65.133995180091972       0.31922572926614584        5.2165862686837712E-002  0.59990052388856574        0.0000000000000000     
   1.2750000000000001       -65.134034468565901       0.31922507059613814        5.2165591740248818E-002  0.59990062926835497        0.0000000000000000     
   1.2760000000000000       -65.134073711678298       0.31922441193695811        5.2165320917336173E-002  0.59990073479636408        0.0000000000000000     
   1.2770000000000001       -65.134112909452426       0.31922375328873048        5.2165050218765927E-002  0.59990084047239012        0.0000000000000000     
   1.2780000000000000       -65.134152061911493       0.31922309465157989        5.2164779645200762E-002  0.59990094629623014        0.0000000000000000     
   1.2790000000000001       -65.134191169078676       0.31922243602563083        5.2164509197299938E-002  0.59990105226768142        0.0000000000000000     
   1.2800000000000000       -65.134230230977082       0.31922177741100777        5.2164238875719283E-002  0.59990115838654112        0.0000000000000000     
   1.2809999999999999       -65.134269247629760       0.31922111880783505        5.2163968681111228E-002  0.59990126465260674        0.0000000000000000     
   1.2820000000000000       -65.134308219059719       0.31922046021623696        5.2163698614124808E-002  0.59990137106567587        0.0000000000000000     
   1.2829999999999999       -65.134347145289908       0.31921980163633767        5.2163428675405688E-002  0.59990147762554613        0.0000000000000000     
   1.2840000000000000       -65.134386026343222       0.31921914306826127        5.2163158865596179E-002  0.59990158433201535        0.0000000000000000     
   1.2849999999999999       -65.134424862242511       0.31921848451213175        5.2162889185335251E-002  0.59990169118488135        0.0000000000000000     
   1.2860000000000000       -65.134463653010570       0.31921782596807308        5.2162619635258534E-002  0.59990179818394229        0.0000000000000000     
   1.2869999999999999       -65.134502398670151       0.31921716743620904        5.2162350215998361E-002  0.59990190532899623        0.0000000000000000     
   1.2880000000000000       -65.134541099243933       0.31921650891666337        5.2162080928183766E-002  0.59990201261984144        0.0000000000000000     
   1.2889999999999999       -65.134579754754569       0.31921585040955980        5.2161811772440503E-002  0.59990212005627630        0.0000000000000000     
   1.2900000000000000       -65.134618365224640       0.31921519191502185        5.2161542749391061E-002  0.59990222763809931        0.0000000000000000     
   1.2909999999999999       -65.134656930676698       0.31921453343317302        5.2161273859654675E-002  0.59990233536510906        0.0000000000000000     
   1.2920000000000000       -65.134695451133226       0.31921387496413672        5.2161005103847351E-002  0.59990244323710429        0.0000000000000000     
   1.2929999999999999       -65.134733926616661       0.31921321650803625        5.2160736482581870E-002  0.59990255125388381        0.0000000000000000     
   1.2940000000000000       -65.134772357149387       0.31921255806499482        5.2160467996467813E-002  0.59990265941524668        0.0000000000000000     
   1.2949999999999999       -65.134810742753757       0.31921189963513563        5.2160199646111571E-002  0.59990276772099183        0.0000000000000000     
   1.2960000000000000       -65.134849083452067       0.31921124121858169        5.2159931432116363E-002  0.59990287617091853        0.0000000000000000     
   1.2969999999999999       -65.134887379266544       0.31921058281545600        5.2159663355082243E-002  0.59990298476482617        0.0000000000000000     
   1.2980000000000000       -65.134925630219385       0.31920992442588147        5.2159395415606123E-002  0.59990309350251403        0.0000000000000000     
   1.2989999999999999       -65.134963836332744       0.31920926604998090        5.2159127614281778E-002  0.59990320238378181        0.0000000000000000     
   1.3000000000000000       -65.135001997628720       0.31920860768787701        5.2158859951699874E-002  0.59990331140842901        0.0000000000000000     
   1.3009999999999999       -65.135040114129353       0.31920794933969238        5.2158592428447975E-002  0.59990342057625545        0.0000000000000000     
   1.3020000000000000       -65.135078185856642       0.31920729100554962        5.2158325045110560E-002  0.59990352988706108        0.0000000000000000     
   1.3029999999999999       -65.135116212832543       0.31920663268557120        5.2158057802269030E-002  0.59990363934064583        0.0000000000000000     
   1.3040000000000000       -65.135154195078968       0.31920597437987946        5.2157790700501722E-002  0.59990374893680976        0.0000000000000000     
   1.3049999999999999       -65.135192132617760       0.31920531608859676        5.2157523740383946E-002  0.59990385867535323        0.0000000000000000     
   1.3060000000000000       -65.135230025470747       0.31920465781184526        5.2157256922487967E-002  0.59990396855607642        0.0000000000000000     
   1.3069999999999999       -65.135267873659700       0.31920399954974715        5.2156990247383045E-002  0.59990407857877992        0.0000000000000000     
   1.3080000000000001       -65.135305677206318       0.31920334130242445        5.2156723715635428E-002  0.59990418874326423        0.0000000000000000     
   1.3089999999999999       -65.135343436132288       0.31920268306999910        5.2156457327808381E-002  0.59990429904933007        0.0000000000000000     
   1.3100000000000001       -65.135381150459239       0.31920202485259302        5.2156191084462199E-002  0.59990440949677815        0.0000000000000000     
   1.3109999999999999       -65.135418820208741       0.31920136665032800        5.2155924986154213E-002  0.59990452008540940        0.0000000000000000     
   1.3120000000000001       -65.135456445402340       0.31920070846332577        5.2155659033438800E-002  0.59990463081502488        0.0000000000000000     
   1.3129999999999999       -65.135494026061522       0.31920005029170795        5.2155393226867422E-002  0.59990474168542574        0.0000000000000000     
   1.3140000000000001       -65.135531562207731       0.31919939213559606        5.2155127566988604E-002  0.59990485269641314        0.0000000000000000     
   1.3149999999999999       -65.135569053862383       0.31919873399511162        5.2154862054347981E-002  0.59990496384778846        0.0000000000000000     
   1.3160000000000001       -65.135606501046823       0.31919807587037596        5.2154596689488283E-002  0.59990507513935321        0.0000000000000000     
   1.3169999999999999       -65.135643903782352       0.31919741776151045        5.2154331472949372E-002  0.59990518657090885        0.0000000000000000     
   1.3180000000000001       -65.135681262090259       0.31919675966863631        5.2154066405268242E-002  0.59990529814225724        0.0000000000000000     
   1.3190000000000000       -65.135718575991746       0.31919610159187461        5.2153801486979026E-002  0.59990540985320007        0.0000000000000000     
   1.3200000000000001       -65.135755845508015       0.31919544353134649        5.2153536718613031E-002  0.59990552170353917        0.0000000000000000     
   1.3210000000000000       -65.135793070660185       0.31919478548717289        5.2153272100698735E-002  0.59990563369307670        0.0000000000000000     
   1.3220000000000001       -65.135830251469358       0.31919412745947473        5.2153007633761808E-002  0.59990574582161471        0.0000000000000000     
   1.3230000000000000       -65.135867387956594       0.31919346944837279        5.2152743318325111E-002  0.59990585808895547        0.0000000000000000     
   1.3240000000000001       -65.135904480142884       0.31919281145398781        5.2152479154908726E-002  0.59990597049490135        0.0000000000000000     
   1.3250000000000000       -65.135941528049202       0.31919215347644048        5.2152215144029956E-002  0.59990608303925486        0.0000000000000000     
   1.3260000000000001       -65.135978531696466       0.31919149551585130        5.2151951286203355E-002  0.59990619572181847        0.0000000000000000     
   1.3270000000000000       -65.136015491105567       0.31919083757234085        5.2151687581940720E-002  0.59990630854239491        0.0000000000000000     
   1.3280000000000001       -65.136052406297338       0.31919017964602947        5.2151424031751117E-002  0.59990642150078688        0.0000000000000000     
   1.3290000000000000       -65.136089277292569       0.31918952173703752        5.2151160636140892E-002  0.59990653459679733        0.0000000000000000     
   1.3300000000000001       -65.136126104112023       0.31918886384548523        5.2150897395613682E-002  0.59990664783022929        0.0000000000000000     
   1.3310000000000000       -65.136162886776418       0.31918820597149283        5.2150634310670421E-002  0.59990676120088593        0.0000000000000000     
   1.3320000000000001       -65.136199625306418       0.31918754811518035        5.2150371381809370E-002  0.59990687470857040        0.0000000000000000     
   1.3330000000000000       -65.136236319722670       0.31918689027666780        5.2150108609526111E-002  0.59990698835308598        0.0000000000000000     
   1.3340000000000001       -65.136272970045752       0.31918623245607514        5.2149845994313562E-002  0.59990710213423615        0.0000000000000000     
   1.3350000000000000       -65.136309576296213       0.31918557465352221        5.2149583536662013E-002  0.59990721605182451        0.0000000000000000     
   1.3360000000000001       -65.136346138494574       0.31918491686912875        5.2149321237059100E-002  0.59990733010565467        0.0000000000000000     
   1.3370000000000000       -65.136382656661297       0.31918425910301451        5.2149059095989846E-002  0.59990744429553045        0.0000000000000000     
   1.3380000000000001       -65.136419130816819       0.31918360135529905        5.2148797113936662E-002  0.59990755862125567        0.0000000000000000     
   1.3390000000000000       -65.136455560981517       0.31918294362610189        5.2148535291379361E-002  0.59990767308263426        0.0000000000000000     
   1.3400000000000001       -65.136491947175756       0.31918228591554254        5.2148273628795171E-002  0.59990778767947039        0.0000000000000000     
   1.3410000000000000       -65.136528289419843       0.31918162822374035        5.2148012126658753E-002  0.59990790241156822        0.0000000000000000     
   1.3420000000000001       -65.136564587734057       0.31918097055081462        5.2147750785442197E-002  0.59990801727873211        0.0000000000000000     
   1.3430000000000000       -65.136600842138634       0.31918031289688453        5.2147489605615049E-002  0.59990813228076645        0.0000000000000000     
   1.3440000000000001       -65.136637052653754       0.31917965526206926        5.2147228587644312E-002  0.59990824741747562        0.0000000000000000     
   1.3450000000000000       -65.136673219299581       0.31917899764648783        5.2146967731994467E-002  0.59990836268866432        0.0000000000000000     
   1.3460000000000001       -65.136709342096239       0.31917834005025925        5.2146707039127480E-002  0.59990847809413739        0.0000000000000000     
   1.3470000000000000       -65.136745421063807       0.31917768247350242        5.2146446509502814E-002  0.59990859363369953        0.0000000000000000     
   1.3480000000000001       -65.136781456222323       0.31917702491633620        5.2146186143577446E-002  0.59990870930715567        0.0000000000000000     
   1.3490000000000000       -65.136817447591795       0.31917636737887928        5.2145925941805858E-002  0.59990882511431098        0.0000000000000000     
   1.3500000000000001       -65.136853395192190       0.31917570986125032        5.2145665904640086E-002  0.59990894105497050        0.0000000000000000     
   1.3510000000000000       -65.136889299043432       0.31917505236356797        5.2145406032529693E-002  0.59990905712893949        0.0000000000000000     
   1.3520000000000001       -65.136925159165429       0.31917439488595073        5.2145146325921807E-002  0.59990917333602334        0.0000000000000000     
   1.3530000000000000       -65.136960975578020       0.31917373742851701        5.2144886785261114E-002  0.59990928967602741        0.0000000000000000     
   1.3540000000000001       -65.136996748301030       0.31917307999138517        5.2144627410989887E-002  0.59990940614875743        0.0000000000000000     
   1.3550000000000000       -65.137032477354239       0.31917242257467349        5.2144368203547974E-002  0.59990952275401899        0.0000000000000000     
   1.3560000000000001       -65.137068162757402       0.31917176517850021        5.2144109163372837E-002  0.59990963949161780        0.0000000000000000     
   1.3570000000000000       -65.137103804530213       0.31917110780298341        5.2143850290899546E-002  0.59990975636135990        0.0000000000000000     
   1.3580000000000001       -65.137139402692355       0.31917045044824116        5.2143591586560796E-002  0.59990987336305113        0.0000000000000000     
   1.3590000000000000       -65.137174957263468       0.31916979311439142        5.2143333050786909E-002  0.59990999049649762        0.0000000000000000     
   1.3600000000000001       -65.137210468263149       0.31916913580155210        5.2143074684005850E-002  0.59991010776150566        0.0000000000000000     
   1.3610000000000000       -65.137245935710951       0.31916847850984104        5.2142816486643248E-002  0.59991022515788139        0.0000000000000000     
   1.3620000000000001       -65.137281359626428       0.31916782123937598        5.2142558459122398E-002  0.59991034268543131        0.0000000000000000     
   1.3630000000000000       -65.137316740029064       0.31916716399027456        5.2142300601864262E-002  0.59991046034396189        0.0000000000000000     
   1.3640000000000001       -65.137352076938313       0.31916650676265440        5.2142042915287505E-002  0.59991057813327975        0.0000000000000000     
   1.3650000000000000       -65.137387370373617       0.31916584955663296        5.2141785399808474E-002  0.59991069605319169        0.0000000000000000     
   1.3660000000000001       -65.137422620354357       0.31916519237232777        5.2141528055841241E-002  0.59991081410350444        0.0000000000000000     
   1.3670000000000000       -65.137457826899890       0.31916453520985610        5.2141270883797587E-002  0.59991093228402481        0.0000000000000000     
   1.3680000000000001       -65.137492990029543       0.31916387806933527        5.2141013884087026E-002  0.59991105059455996        0.0000000000000000     
   1.3690000000000000       -65.137528109762599       0.31916322095088251        5.2140757057116821E-002  0.59991116903491692        0.0000000000000000     
   1.3700000000000001       -65.137563186118314       0.31916256385461494        5.2140500403291976E-002  0.59991128760490298        0.0000000000000000     
   1.3710000000000000       -65.137598219115915       0.31916190678064965        5.2140243923015264E-002  0.59991140630432549        0.0000000000000000     
   1.3720000000000001       -65.137633208774588       0.31916124972910359        5.2139987616687235E-002  0.59991152513299184        0.0000000000000000     
   1.3730000000000000       -65.137668155113474       0.31916059270009367        5.2139731484706214E-002  0.59991164409070952        0.0000000000000000     
   1.3740000000000001       -65.137703058151700       0.31915993569373674        5.2139475527468317E-002  0.59991176317728623        0.0000000000000000     
   1.3750000000000000       -65.137737917908353       0.31915927871014954        5.2139219745367470E-002  0.59991188239252968        0.0000000000000000     
   1.3760000000000001       -65.137772734402489       0.31915862174944881        5.2138964138795416E-002  0.59991200173624759        0.0000000000000000     
   1.3770000000000000       -65.137807507653136       0.31915796481175113        5.2138708708141711E-002  0.59991212120824799        0.0000000000000000     
   1.3780000000000001       -65.137842237679280       0.31915730789717300        5.2138453453793754E-002  0.59991224080833894        0.0000000000000000     
   1.3790000000000000       -65.137876924499864       0.31915665100583090        5.2138198376136785E-002  0.59991236053632857        0.0000000000000000     
   1.3800000000000001       -65.137911568133831       0.31915599413784124        5.2137943475553894E-002  0.59991248039202505        0.0000000000000000     
   1.3810000000000000       -65.137946168600052       0.31915533729332030        5.2137688752426047E-002  0.59991260037523675        0.0000000000000000     
   1.3820000000000001       -65.137980725917402       0.31915468047238432        5.2137434207132072E-002  0.59991272048577216        0.0000000000000000     
   1.3830000000000000       -65.138015240104707       0.31915402367514950        5.2137179840048682E-002  0.59991284072343976        0.0000000000000000     
   1.3840000000000001       -65.138049711180770       0.31915336690173191        5.2136925651550495E-002  0.59991296108804826        0.0000000000000000     
   1.3850000000000000       -65.138084139164349       0.31915271015224755        5.2136671642010024E-002  0.59991308157940637        0.0000000000000000     
   1.3860000000000001       -65.138118524074173       0.31915205342681241        5.2136417811797689E-002  0.59991320219732291        0.0000000000000000     
   1.3870000000000000       -65.138152865928944       0.31915139672554232        5.2136164161281848E-002  0.59991332294160682        0.0000000000000000     
   1.3880000000000001       -65.138187164747336       0.31915074004855304        5.2135910690828784E-002  0.59991344381206702        0.0000000000000000     
   1.3890000000000000       -65.138221420548007       0.31915008339596035        5.2135657400802719E-002  0.59991356480851277        0.0000000000000000     
   1.3900000000000001       -65.138255633349544       0.31914942676787988        5.2135404291565830E-002  0.59991368593075334        0.0000000000000000     
   1.3910000000000000       -65.138289803170537       0.31914877016442716        5.2135151363478252E-002  0.59991380717859799        0.0000000000000000     
   1.3920000000000001       -65.138323930029543       0.31914811358571776        5.2134898616898101E-002  0.59991392855185621        0.0000000000000000     
   1.3930000000000000       -65.138358013945066       0.31914745703186709        5.2134646052181460E-002  0.59991405005033749        0.0000000000000000     
   1.3940000000000001       -65.138392054935608       0.31914680050299049        5.2134393669682415E-002  0.59991417167385153        0.0000000000000000     
   1.3950000000000000       -65.138426053019614       0.31914614399920321        5.2134141469753037E-002  0.59991429342220792        0.0000000000000000     
   1.3960000000000001       -65.138460008215532       0.31914548752062050        5.2133889452743422E-002  0.59991441529521661        0.0000000000000000     
   1.3970000000000000       -65.138493920541748       0.31914483106735747        5.2133637619001666E-002  0.59991453729268751        0.0000000000000000     
   1.3980000000000001       -65.138527790016639       0.31914417463952921        5.2133385968873902E-002  0.59991465941443067        0.0000000000000000     
   1.3990000000000000       -65.138561616658535       0.31914351823725068        5.2133134502704293E-002  0.59991478166025614        0.0000000000000000     
   1.4000000000000001       -65.138595400485755       0.31914286186063684        5.2132883220835050E-002  0.59991490402997416        0.0000000000000000     
   1.4010000000000000       -65.138629141516589       0.31914220550980249        5.2132632123606443E-002  0.59991502652339512        0.0000000000000000     
   1.4020000000000001       -65.138662839769282       0.31914154918486243        5.2132381211356799E-002  0.59991514914032940        0.0000000000000000     
   1.4030000000000000       -65.138696495262067       0.31914089288593134        5.2132130484422522E-002  0.59991527188058746        0.0000000000000000     
   1.4040000000000001       -65.138730108013135       0.31914023661312385        5.2131879943138094E-002  0.59991539474397992        0.0000000000000000     
   1.4050000000000000       -65.138763678040661       0.31913958036655454        5.2131629587836084E-002  0.59991551773031748        0.0000000000000000     
   1.4060000000000001       -65.138797205362778       0.31913892414633793        5.2131379418847164E-002  0.59991564083941107        0.0000000000000000     
   1.4070000000000000       -65.138830689997604       0.31913826795258837        5.2131129436500105E-002  0.59991576407107150        0.0000000000000000     
   1.4079999999999999       -65.138864131963217       0.31913761178542022        5.2130879641121813E-002  0.59991588742510982        0.0000000000000000     
   1.4090000000000000       -65.138897531277678       0.31913695564494771        5.2130630033037306E-002  0.59991601090133706        0.0000000000000000     
   1.4099999999999999       -65.138930887959006       0.31913629953128508        5.2130380612569735E-002  0.59991613449956438        0.0000000000000000     
   1.4110000000000000       -65.138964202025221       0.31913564344454648        5.2130131380040398E-002  0.59991625821960315        0.0000000000000000     
   1.4119999999999999       -65.138997473494285       0.31913498738484591        5.2129882335768742E-002  0.59991638206126474        0.0000000000000000     
   1.4130000000000000       -65.139030702384147       0.31913433135229741        5.2129633480072379E-002  0.59991650602436064        0.0000000000000000     
   1.4139999999999999       -65.139063888712712       0.31913367534701487        5.2129384813267080E-002  0.59991663010870244        0.0000000000000000     
   1.4150000000000000       -65.139097032497887       0.31913301936911209        5.2129136335666799E-002  0.59991675431410185        0.0000000000000000     
   1.4159999999999999       -65.139130133757533       0.31913236341870288        5.2128888047583678E-002  0.59991687864037058        0.0000000000000000     
   1.4170000000000000       -65.139163192509500       0.31913170749590097        5.2128639949328051E-002  0.59991700308732054        0.0000000000000000     
   1.4179999999999999       -65.139196208771594       0.31913105160081995        5.2128392041208449E-002  0.59991712765476368        0.0000000000000000     
   1.4190000000000000       -65.139229182561593       0.31913039573357338        5.2128144323531612E-002  0.59991725234251203        0.0000000000000000     
   1.4199999999999999       -65.139262113897260       0.31912973989427473        5.2127896796602513E-002  0.59991737715037774        0.0000000000000000     
   1.4210000000000000       -65.139295002796331       0.31912908408303742        5.2127649460724339E-002  0.59991750207817307        0.0000000000000000     
   1.4219999999999999       -65.139327849276512       0.31912842829997484        5.2127402316198515E-002  0.59991762712571040        0.0000000000000000     
   1.4230000000000000       -65.139360653355482       0.31912777254520025        5.2127155363324712E-002  0.59991775229280209        0.0000000000000000     
   1.4239999999999999       -65.139393415050890       0.31912711681882683        5.2126908602400851E-002  0.59991787757926074        0.0000000000000000     
   1.4250000000000000       -65.139426134380386       0.31912646112096771        5.2126662033723112E-002  0.59991800298489906        0.0000000000000000     
   1.4259999999999999       -65.139458811361550       0.31912580545173597        5.2126415657585946E-002  0.59991812850952964        0.0000000000000000     
   1.4270000000000000       -65.139491446011974       0.31912514981124462        5.2126169474282079E-002  0.59991825415296529        0.0000000000000000     
   1.4279999999999999       -65.139524038349222       0.31912449419960659        5.2125923484102520E-002  0.59991837991501906        0.0000000000000000     
   1.4290000000000000       -65.139556588390803       0.31912383861693472        5.2125677687336565E-002  0.59991850579550388        0.0000000000000000     
   1.4299999999999999       -65.139589096154225       0.31912318306334175        5.2125432084271818E-002  0.59991863179423277        0.0000000000000000     
   1.4310000000000000       -65.139621561656980       0.31912252753894049        5.2125186675194189E-002  0.59991875791101901        0.0000000000000000     
   1.4319999999999999       -65.139653984916507       0.31912187204384351        5.2124941460387895E-002  0.59991888414567596        0.0000000000000000     
   1.4330000000000001       -65.139686365950240       0.31912121657816339        5.2124696440135489E-002  0.59991901049801688        0.0000000000000000     
   1.4339999999999999       -65.139718704775589       0.31912056114201270        5.2124451614717848E-002  0.59991913696785526        0.0000000000000000     
   1.4350000000000001       -65.139751001409934       0.31911990573550381        5.2124206984414188E-002  0.59991926355500480        0.0000000000000000     
   1.4359999999999999       -65.139783255870626       0.31911925035874911        5.2123962549502072E-002  0.59991939025927910        0.0000000000000000     
   1.4370000000000001       -65.139815468174987       0.31911859501186091        5.2123718310257423E-002  0.59991951708049185        0.0000000000000000     
   1.4379999999999999       -65.139847638340342       0.31911793969495145        5.2123474266954517E-002  0.59991964401845699        0.0000000000000000     
   1.4390000000000001       -65.139879766383970       0.31911728440813286        5.2123230419866003E-002  0.59991977107298833        0.0000000000000000     
   1.4399999999999999       -65.139911852323138       0.31911662915151723        5.2122986769262906E-002  0.59991989824390002        0.0000000000000000     
   1.4410000000000001       -65.139943896175069       0.31911597392521662        5.2122743315414638E-002  0.59992002553100621        0.0000000000000000     
   1.4419999999999999       -65.139975897956987       0.31911531872934296        5.2122500058589004E-002  0.59992015293412104        0.0000000000000000     
   1.4430000000000001       -65.140007857686086       0.31911466356400814        5.2122256999052208E-002  0.59992028045305890        0.0000000000000000     
   1.4440000000000000       -65.140039775379520       0.31911400842932397        5.2122014137068857E-002  0.59992040808763414        0.0000000000000000     
   1.4450000000000001       -65.140071651054441       0.31911335332540219        5.2121771472901979E-002  0.59992053583766136        0.0000000000000000     
   1.4460000000000000       -65.140103484727973       0.31911269825235450        5.2121529006813015E-002  0.59992066370295505        0.0000000000000000     
   1.4470000000000001       -65.140135276417197       0.31911204321029252        5.2121286739061842E-002  0.59992079168333001        0.0000000000000000     
   1.4480000000000000       -65.140167026139210       0.31911138819932777        5.2121044669906774E-002  0.59992091977860096        0.0000000000000000     
   1.4490000000000001       -65.140198733911049       0.31911073321957173        5.2120802799604557E-002  0.59992104798858270        0.0000000000000000     
   1.4500000000000000       -65.140230399749754       0.31911007827113580        5.2120561128410403E-002  0.59992117631309028        0.0000000000000000     
   1.4510000000000001       -65.140262023672321       0.31910942335413128        5.2120319656577978E-002  0.59992130475193872        0.0000000000000000     
   1.4520000000000000       -65.140293605695746       0.31910876846866953        5.2120078384359406E-002  0.59992143330494319        0.0000000000000000     
   1.4530000000000001       -65.140325145836982       0.31910811361486169        5.2119837312005292E-002  0.59992156197191893        0.0000000000000000     
   1.4540000000000000       -65.140356644112984       0.31910745879281888        5.2119596439764715E-002  0.59992169075268131        0.0000000000000000     
   1.4550000000000001       -65.140388100540662       0.31910680400265223        5.2119355767885241E-002  0.59992181964704572        0.0000000000000000     
   1.4560000000000000       -65.140419515136912       0.31910614924447267        5.2119115296612929E-002  0.59992194865482762        0.0000000000000000     
   1.4570000000000001       -65.140450887918604       0.31910549451839115        5.2118875026192342E-002  0.59992207777584261        0.0000000000000000     
   1.4580000000000000       -65.140482218902605       0.31910483982451859        5.2118634956866548E-002  0.59992220700990651        0.0000000000000000     
   1.4590000000000001       -65.140513508105741       0.31910418516296574        5.2118395088877133E-002  0.59992233635683501        0.0000000000000000     
   1.4600000000000000       -65.140544755544823       0.31910353053384333        5.2118155422464195E-002  0.59992246581644404        0.0000000000000000     
   1.4610000000000001       -65.140575961236635       0.31910287593726200        5.2117915957866370E-002  0.59992259538854953        0.0000000000000000     
   1.4620000000000000       -65.140607125197945       0.31910222137333233        5.2117676695320823E-002  0.59992272507296751        0.0000000000000000     
   1.4630000000000001       -65.140638247445509       0.31910156684216490        5.2117437635063261E-002  0.59992285486951424        0.0000000000000000     
   1.4640000000000000       -65.140669327996051       0.31910091234387017        5.2117198777327942E-002  0.59992298477800587        0.0000000000000000     
   1.4650000000000001       -65.140700366866270       0.31910025787855850        5.2116960122347677E-002  0.59992311479825877        0.0000000000000000     
   1.4660000000000000       -65.140731364072863       0.31909960344634020        5.2116721670353840E-002  0.59992324493008931        0.0000000000000000     
   1.4670000000000001       -65.140762319632486       0.31909894904732555        5.2116483421576369E-002  0.59992337517331407        0.0000000000000000     
   1.4680000000000000       -65.140793233561780       0.31909829468162476        5.2116245376243785E-002  0.59992350552774965        0.0000000000000000     
   1.4690000000000001       -65.140824105877371       0.31909764034934790        5.2116007534583189E-002  0.59992363599321274        0.0000000000000000     
   1.4700000000000000       -65.140854936595858       0.31909698605060510        5.2115769896820270E-002  0.59992376656952007        0.0000000000000000     
   1.4710000000000001       -65.140885725733838       0.31909633178550628        5.2115532463179307E-002  0.59992389725648865        0.0000000000000000     
   1.4720000000000000       -65.140916473307854       0.31909567755416141        5.2115295233883183E-002  0.59992402805393530        0.0000000000000000     
   1.4730000000000001       -65.140947179334461       0.31909502335668033        5.2115058209153395E-002  0.59992415896167717        0.0000000000000000     
   1.4740000000000000       -65.140977843830186       0.31909436919317286        5.2114821389210045E-002  0.59992428997953129        0.0000000000000000     
   1.4750000000000001       -65.141008466811513       0.31909371506374867        5.2114584774271860E-002  0.59992442110731503        0.0000000000000000     
   1.4760000000000000       -65.141039048294942       0.31909306096851747        5.2114348364556196E-002  0.59992455234484565        0.0000000000000000     
   1.4770000000000001       -65.141069588296929       0.31909240690758878        5.2114112160279037E-002  0.59992468369194052        0.0000000000000000     
   1.4780000000000000       -65.141100086833916       0.31909175288107217        5.2113876161655012E-002  0.59992481514841722        0.0000000000000000     
   1.4790000000000001       -65.141130543922344       0.31909109888907711        5.2113640368897401E-002  0.59992494671409324        0.0000000000000000     
   1.4800000000000000       -65.141160959578599       0.31909044493171301        5.2113404782218126E-002  0.59992507838878639        0.0000000000000000     
   1.4810000000000001       -65.141191333819080       0.31908979100908919        5.2113169401827766E-002  0.59992521017231437        0.0000000000000000     
   1.4820000000000000       -65.141221666660144       0.31908913712131487        5.2112934227935573E-002  0.59992534206449499        0.0000000000000000     
   1.4830000000000001       -65.141251958118147       0.31908848326849926        5.2112699260749469E-002  0.59992547406514629        0.0000000000000000     
   1.4840000000000000       -65.141282208209404       0.31908782945075148        5.2112464500476054E-002  0.59992560617408630        0.0000000000000000     
   1.4850000000000001       -65.141312416950242       0.31908717566818062        5.2112229947320607E-002  0.59992573839113306        0.0000000000000000     
   1.4860000000000000       -65.141342584356948       0.31908652192089570        5.2111995601487104E-002  0.59992587071610481        0.0000000000000000     
   1.4870000000000001       -65.141372710445793       0.31908586820900559        5.2111761463178204E-002  0.59992600314881994        0.0000000000000000     
   1.4880000000000000       -65.141402795233034       0.31908521453261918        5.2111527532595278E-002  0.59992613568909681        0.0000000000000000     
   1.4890000000000001       -65.141432838734900       0.31908456089184528        5.2111293809938404E-002  0.59992626833675378        0.0000000000000000     
   1.4900000000000000       -65.141462840967620       0.31908390728679265        5.2111060295406367E-002  0.59992640109160955        0.0000000000000000     
   1.4910000000000001       -65.141492801947393       0.31908325371756996        5.2110826989196682E-002  0.59992653395348272        0.0000000000000000     
   1.4920000000000000       -65.141522721690393       0.31908260018428575        5.2110593891505574E-002  0.59992666692219199        0.0000000000000000     
   1.4930000000000001       -65.141552600212790       0.31908194668704865        5.2110361002528013E-002  0.59992679999755627        0.0000000000000000     
   1.4940000000000000       -65.141582437530715       0.31908129322596707        5.2110128322457705E-002  0.59992693317939449        0.0000000000000000     
   1.4950000000000001       -65.141612233660311       0.31908063980114942        5.2109895851487092E-002  0.59992706646752558        0.0000000000000000     
   1.4960000000000000       -65.141641988617693       0.31907998641270408        5.2109663589807370E-002  0.59992719986176868        0.0000000000000000     
   1.4970000000000001       -65.141671702418947       0.31907933306073932        5.2109431537608490E-002  0.59992733336194293        0.0000000000000000     
   1.4980000000000000       -65.141701375080146       0.31907867974536330        5.2109199695079163E-002  0.59992746696786770        0.0000000000000000     
   1.4990000000000001       -65.141731006617348       0.31907802646668426        5.2108968062406863E-002  0.59992760067936224        0.0000000000000000     
   1.5000000000000000       -65.141760597046584       0.31907737322481022        5.2108736639777838E-002  0.59992773449624603        0.0000000000000000     
   1.5010000000000001       -65.141790146383883       0.31907672001984921        5.2108505427377119E-002  0.59992786841833867        0.0000000000000000     
   1.5020000000000000       -65.141819654645261       0.31907606685190920        5.2108274425388512E-002  0.59992800244545963        0.0000000000000000     
   1.5030000000000001       -65.141849121846704       0.31907541372109810        5.2108043633994613E-002  0.59992813657742872        0.0000000000000000     
   1.5040000000000000       -65.141878548004172       0.31907476062752371        5.2107813053376820E-002  0.59992827081406574        0.0000000000000000     
   1.5050000000000001       -65.141907933133623       0.31907410757129379        5.2107582683715320E-002  0.59992840515519053        0.0000000000000000     
   1.5060000000000000       -65.141937277251003       0.31907345455251607        5.2107352525189117E-002  0.59992853960062309        0.0000000000000000     
   1.5070000000000001       -65.141966580372227       0.31907280157129814        5.2107122577976020E-002  0.59992867415018347        0.0000000000000000     
   1.5080000000000000       -65.141995842513211       0.31907214862774758        5.2106892842252651E-002  0.59992880880369182        0.0000000000000000     
   1.5090000000000001       -65.142025063689829       0.31907149572197191        5.2106663318194468E-002  0.59992894356096838        0.0000000000000000     
   1.5100000000000000       -65.142054243917954       0.31907084285407855        5.2106434005975741E-002  0.59992907842183341        0.0000000000000000     
   1.5110000000000001       -65.142083383213446       0.31907019002417492        5.2106204905769581E-002  0.59992921338610727        0.0000000000000000     
   1.5120000000000000       -65.142112481592136       0.31906953723236825        5.2105976017747933E-002  0.59992934845361057        0.0000000000000000     
   1.5130000000000001       -65.142141539069854       0.31906888447876586        5.2105747342081593E-002  0.59992948362416387        0.0000000000000000     
   1.5140000000000000       -65.142170555662403       0.31906823176347493        5.2105518878940202E-002  0.59992961889758778        0.0000000000000000     
   1.5150000000000001       -65.142199531385586       0.31906757908660255        5.2105290628492257E-002  0.59992975427370299        0.0000000000000000     
   1.5160000000000000       -65.142228466255162       0.31906692644825579        5.2105062590905110E-002  0.59992988975233041        0.0000000000000000     
   1.5170000000000001       -65.142257360286891       0.31906627384854164        5.2104834766344983E-002  0.59993002533329098        0.0000000000000000     
   1.5180000000000000       -65.142286213496519       0.31906562128756705        5.2104607154976973E-002  0.59993016101640562        0.0000000000000000     
   1.5190000000000001       -65.142315025899777       0.31906496876543883        5.2104379756965039E-002  0.59993029680149546        0.0000000000000000     
   1.5200000000000000       -65.142343797512368       0.31906431628226384        5.2104152572472029E-002  0.59993043268838175        0.0000000000000000     
   1.5210000000000001       -65.142372528349995       0.31906366383814877        5.2103925601659683E-002  0.59993056867688566        0.0000000000000000     
   1.5220000000000000       -65.142401218428347       0.31906301143320032        5.2103698844688622E-002  0.59993070476682853        0.0000000000000000     
   1.5230000000000001       -65.142429867763070       0.31906235906752511        5.2103472301718363E-002  0.59993084095803184        0.0000000000000000     
   1.5240000000000000       -65.142458476369825       0.31906170674122969        5.2103245972907337E-002  0.59993097725031719        0.0000000000000000     
   1.5250000000000001       -65.142487044264243       0.31906105445442051        5.2103019858412869E-002  0.59993111364350604        0.0000000000000000     
   1.5260000000000000       -65.142515571461942       0.31906040220720405        5.2102793958391194E-002  0.59993125013742010        0.0000000000000000     
   1.5270000000000001       -65.142544057978540       0.31905974999968661        5.2102568272997474E-002  0.59993138673188118        0.0000000000000000     
   1.5280000000000000       -65.142572503829612       0.31905909783197450        5.2102342802385793E-002  0.59993152342671119        0.0000000000000000     
   1.5290000000000001       -65.142600909030733       0.31905844570417397        5.2102117546709147E-002  0.59993166022173205        0.0000000000000000     
   1.5300000000000000       -65.142629273597464       0.31905779361639114        5.2101892506119477E-002  0.59993179711676570        0.0000000000000000     
   1.5310000000000001       -65.142657597545352       0.31905714156873216        5.2101667680767655E-002  0.59993193411163437        0.0000000000000000     
   1.5320000000000000       -65.142685880889928       0.31905648956130306        5.2101443070803499E-002  0.59993207120616021        0.0000000000000000     
   1.5330000000000001       -65.142714123646712       0.31905583759420986        5.2101218676375766E-002  0.59993220840016548        0.0000000000000000     
   1.5340000000000000       -65.142742325831193       0.31905518566755842        5.2100994497632169E-002  0.59993234569347265        0.0000000000000000     
   1.5350000000000001       -65.142770487458861       0.31905453378145460        5.2100770534719378E-002  0.59993248308590408        0.0000000000000000     
   1.5360000000000000       -65.142798608545206       0.31905388193600420        5.2100546787783017E-002  0.59993262057728236        0.0000000000000000     
   1.5369999999999999       -65.142826689105661       0.31905323013131298        5.2100323256967687E-002  0.59993275816743008        0.0000000000000000     
   1.5380000000000000       -65.142854729155687       0.31905257836748657        5.2100099942416947E-002  0.59993289585616993        0.0000000000000000     
   1.5389999999999999       -65.142882728710703       0.31905192664463056        5.2099876844273342E-002  0.59993303364332473        0.0000000000000000     
   1.5400000000000000       -65.142910687786141       0.31905127496285052        5.2099653962678391E-002  0.59993317152871739        0.0000000000000000     
   1.5409999999999999       -65.142938606397394       0.31905062332225193        5.2099431297772600E-002  0.59993330951217083        0.0000000000000000     
   1.5420000000000000       -65.142966484559850       0.31904997172294014        5.2099208849695461E-002  0.59993344759350808        0.0000000000000000     
   1.5429999999999999       -65.142994322288871       0.31904932016502058        5.2098986618585467E-002  0.59993358577255229        0.0000000000000000     
   1.5440000000000000       -65.143022119599834       0.31904866864859849        5.2098764604580100E-002  0.59993372404912670        0.0000000000000000     
   1.5449999999999999       -65.143049876508073       0.31904801717377912        5.2098542807815854E-002  0.59993386242305458        0.0000000000000000     
   1.5460000000000000       -65.143077593028934       0.31904736574066767        5.2098321228428224E-002  0.59993400089415938        0.0000000000000000     
   1.5469999999999999       -65.143105269177724       0.31904671434936921        5.2098099866551721E-002  0.59993413946226448        0.0000000000000000     
   1.5480000000000000       -65.143132904969761       0.31904606299998878        5.2097878722319878E-002  0.59993427812719347        0.0000000000000000     
   1.5489999999999999       -65.143160500420336       0.31904541169263134        5.2097657795865240E-002  0.59993441688877003        0.0000000000000000     
   1.5500000000000000       -65.143188055544726       0.31904476042740182        5.2097437087319384E-002  0.59993455574681775        0.0000000000000000     
   1.5509999999999999       -65.143215570358194       0.31904410920440512        5.2097216596812913E-002  0.59993469470116056        0.0000000000000000     
   1.5520000000000000       -65.143243044876002       0.31904345802374601        5.2096996324475474E-002  0.59993483375162227        0.0000000000000000     
   1.5529999999999999       -65.143270479113383       0.31904280688552916        5.2096776270435748E-002  0.59993497289802689        0.0000000000000000     
   1.5540000000000000       -65.143297873085558       0.31904215578985934        5.2096556434821459E-002  0.59993511214019846        0.0000000000000000     
   1.5549999999999999       -65.143325226807747       0.31904150473684106        5.2096336817759381E-002  0.59993525147796112        0.0000000000000000     
   1.5560000000000000       -65.143352540295155       0.31904085372657892        5.2096117419375337E-002  0.59993539091113912        0.0000000000000000     
   1.5569999999999999       -65.143379813562959       0.31904020275917738        5.2095898239794214E-002  0.59993553043955672        0.0000000000000000     
   1.5580000000000001       -65.143407046626351       0.31903955183474092        5.2095679279139953E-002  0.59993567006303827        0.0000000000000000     
   1.5589999999999999       -65.143434239500479       0.31903890095337384        5.2095460537535568E-002  0.59993580978140837        0.0000000000000000     
   1.5600000000000001       -65.143461392200507       0.31903825011518044        5.2095242015103141E-002  0.59993594959449148        0.0000000000000000     
   1.5609999999999999       -65.143488504741555       0.31903759932026499        5.2095023711963832E-002  0.59993608950211219        0.0000000000000000     
   1.5620000000000001       -65.143515577138757       0.31903694856873166        5.2094805628237872E-002  0.59993622950409531        0.0000000000000000     
   1.5629999999999999       -65.143542609407234       0.31903629786068455        5.2094587764044582E-002  0.59993636960026553        0.0000000000000000     
   1.5640000000000001       -65.143569601562078       0.31903564719622773        5.2094370119502360E-002  0.59993650979044777        0.0000000000000000     
   1.5649999999999999       -65.143596553618380       0.31903499657546519        5.2094152694728710E-002  0.59993665007446706        0.0000000000000000     
   1.5660000000000001       -65.143623465591205       0.31903434599850083        5.2093935489840218E-002  0.59993679045214843        0.0000000000000000     
   1.5669999999999999       -65.143650337495629       0.31903369546543858        5.2093718504952584E-002  0.59993693092331701        0.0000000000000000     
   1.5680000000000001       -65.143677169346702       0.31903304497638219        5.2093501740180598E-002  0.59993707148779796        0.0000000000000000     
   1.5690000000000000       -65.143703961159460       0.31903239453143545        5.2093285195638168E-002  0.59993721214541662        0.0000000000000000     
   1.5700000000000001       -65.143730712948937       0.31903174413070201        5.2093068871438317E-002  0.59993735289599837        0.0000000000000000     
   1.5710000000000000       -65.143757424730140       0.31903109377428551        5.2092852767693168E-002  0.59993749373936867        0.0000000000000000     
   1.5720000000000001       -65.143784096518075       0.31903044346228954        5.2092636884513981E-002  0.59993763467535310        0.0000000000000000     
   1.5730000000000000       -65.143810728327750       0.31902979319481756        5.2092421222011132E-002  0.59993777570377727        0.0000000000000000     
   1.5740000000000001       -65.143837320174129       0.31902914297197305        5.2092205780294130E-002  0.59993791682446684        0.0000000000000000     
   1.5750000000000000       -65.143863872072188       0.31902849279385936        5.2091990559471613E-002  0.59993805803724765        0.0000000000000000     
   1.5760000000000001       -65.143890384036879       0.31902784266057982        5.2091775559651360E-002  0.59993819934194559        0.0000000000000000     
   1.5770000000000000       -65.143916856083152       0.31902719257223772        5.2091560780940287E-002  0.59993834073838659        0.0000000000000000     
   1.5780000000000001       -65.143943288225927       0.31902654252893620        5.2091346223444454E-002  0.59993848222639667        0.0000000000000000     
   1.5790000000000000       -65.143969680480140       0.31902589253077840        5.2091131887269070E-002  0.59993862380580198        0.0000000000000000     
   1.5800000000000001       -65.143996032860699       0.31902524257786746        5.2090917772518501E-002  0.59993876547642866        0.0000000000000000     
   1.5810000000000000       -65.144022345382510       0.31902459267030636        5.2090703879296263E-002  0.59993890723810306        0.0000000000000000     
   1.5820000000000001       -65.144048618060467       0.31902394280819807        5.2090490207705044E-002  0.59993904909065154        0.0000000000000000     
   1.5830000000000000       -65.144074850909433       0.31902329299164545        5.2090276757846679E-002  0.59993919103390048        0.0000000000000000     
   1.5840000000000001       -65.144101043944289       0.31902264322075136        5.2090063529822178E-002  0.59993933306767644        0.0000000000000000     
   1.5850000000000000       -65.144127197179884       0.31902199349561861        5.2089850523731732E-002  0.59993947519180613        0.0000000000000000     
   1.5860000000000001       -65.144153310631054       0.31902134381634983        5.2089637739674698E-002  0.59993961740611612        0.0000000000000000     
   1.5870000000000000       -65.144179384312650       0.31902069418304774        5.2089425177749615E-002  0.59993975971043323        0.0000000000000000     
   1.5880000000000001       -65.144205418239480       0.31902004459581490        5.2089212838054198E-002  0.59993990210458426        0.0000000000000000     
   1.5890000000000000       -65.144231412426365       0.31901939505475385        5.2089000720685369E-002  0.59994004458839623        0.0000000000000000     
   1.5900000000000001       -65.144257366888112       0.31901874555996712        5.2088788825739217E-002  0.59994018716169606        0.0000000000000000     
   1.5910000000000000       -65.144283281639503       0.31901809611155707        5.2088577153311041E-002  0.59994032982431100        0.0000000000000000     
   1.5920000000000001       -65.144309156695314       0.31901744670962606        5.2088365703495336E-002  0.59994047257606808        0.0000000000000000     
   1.5930000000000000       -65.144334992070327       0.31901679735427635        5.2088154476385790E-002  0.59994061541679466        0.0000000000000000     
   1.5940000000000001       -65.144360787779291       0.31901614804561018        5.2087943472075307E-002  0.59994075834631799        0.0000000000000000     
   1.5950000000000000       -65.144386543836958       0.31901549878372976        5.2087732690655995E-002  0.59994090136446554        0.0000000000000000     
   1.5960000000000001       -65.144412260258079       0.31901484956873721        5.2087522132219184E-002  0.59994104447106478        0.0000000000000000     
   1.5970000000000000       -65.144437937057361       0.31901420040073453        5.2087311796855405E-002  0.59994118766594340        0.0000000000000000     
   1.5980000000000001       -65.144463574249542       0.31901355127982378        5.2087101684654420E-002  0.59994133094892899        0.0000000000000000     
   1.5990000000000000       -65.144489171849315       0.31901290220610684        5.2086891795705213E-002  0.59994147431984923        0.0000000000000000     
   1.6000000000000001       -65.144514729871389       0.31901225317968557        5.2086682130095992E-002  0.59994161777853205        0.0000000000000000     
   1.6010000000000000       -65.144540248330443       0.31901160420066182        5.2086472687914200E-002  0.59994176132480537        0.0000000000000000     
   1.6020000000000001       -65.144565727241158       0.31901095526913736        5.2086263469246517E-002  0.59994190495849709        0.0000000000000000     
   1.6030000000000000       -65.144591166618198       0.31901030638521383        5.2086054474178856E-002  0.59994204867943535        0.0000000000000000     
   1.6040000000000001       -65.144616566476216       0.31900965754899291        5.2085845702796368E-002  0.59994219248744829        0.0000000000000000     
   1.6050000000000000       -65.144641926829877       0.31900900876057614        5.2085637155183460E-002  0.59994233638236416        0.0000000000000000     
   1.6060000000000001       -65.144667247693803       0.31900836002006505        5.2085428831423780E-002  0.59994248036401121        0.0000000000000000     
   1.6070000000000000       -65.144692529082633       0.31900771132756112        5.2085220731600226E-002  0.59994262443221791        0.0000000000000000     
   1.6080000000000001       -65.144717771010974       0.31900706268316570        5.2085012855794956E-002  0.59994276858681261        0.0000000000000000     
   1.6090000000000000       -65.144742973493436       0.31900641408698011        5.2084805204089382E-002  0.59994291282762402        0.0000000000000000     
   1.6100000000000001       -65.144768136544627       0.31900576553910570        5.2084597776564191E-002  0.59994305715448060        0.0000000000000000     
   1.6110000000000000       -65.144793260179128       0.31900511703964363        5.2084390573299319E-002  0.59994320156721115        0.0000000000000000     
   1.6120000000000001       -65.144818344411533       0.31900446858869508        5.2084183594373987E-002  0.59994334606564448        0.0000000000000000     
   1.6130000000000000       -65.144843389256394       0.31900382018636114        5.2083976839866673E-002  0.59994349064960950        0.0000000000000000     
   1.6140000000000001       -65.144868394728292       0.31900317183274285        5.2083770309855136E-002  0.59994363531893513        0.0000000000000000     
   1.6150000000000000       -65.144893360841763       0.31900252352794117        5.2083564004416424E-002  0.59994378007345028        0.0000000000000000     
   1.6160000000000001       -65.144918287611347       0.31900187527205709        5.2083357923626852E-002  0.59994392491298421        0.0000000000000000     
   1.6170000000000000       -65.144943175051594       0.31900122706519141        5.2083152067562033E-002  0.59994406983736603        0.0000000000000000     
   1.6180000000000001       -65.144968023177015       0.31900057890744493        5.2082946436296865E-002  0.59994421484642513        0.0000000000000000     
   1.6190000000000000       -65.144992832002131       0.31899993079891842        5.2082741029905538E-002  0.59994435993999073        0.0000000000000000     
   1.6200000000000001       -65.145017601541440       0.31899928273971256        5.2082535848461536E-002  0.59994450511789232        0.0000000000000000     
   1.6210000000000000       -65.145042331809449       0.31899863472992795        5.2082330892037648E-002  0.59994465037995948        0.0000000000000000     
   1.6220000000000001       -65.145067022820641       0.31899798676966518        5.2082126160705955E-002  0.59994479572602177        0.0000000000000000     
   1.6230000000000000       -65.145091674589494       0.31899733885902476        5.2081921654537851E-002  0.59994494115590880        0.0000000000000000     
   1.6240000000000001       -65.145116287130477       0.31899669099810712        5.2081717373604036E-002  0.59994508666945034        0.0000000000000000     
   1.6250000000000000       -65.145140860458042       0.31899604318701263        5.2081513317974525E-002  0.59994523226647622        0.0000000000000000     
   1.6260000000000001       -65.145165394586655       0.31899539542584165        5.2081309487718642E-002  0.59994537794681635        0.0000000000000000     
   1.6270000000000000       -65.145189889530755       0.31899474771469449        5.2081105882905036E-002  0.59994552371030074        0.0000000000000000     
   1.6280000000000001       -65.145214345304780       0.31899410005367129        5.2080902503601673E-002  0.59994566955675943        0.0000000000000000     
   1.6290000000000000       -65.145238761923153       0.31899345244287225        5.2080699349875838E-002  0.59994581548602266        0.0000000000000000     
   1.6300000000000001       -65.145263139400299       0.31899280488239745        5.2080496421794152E-002  0.59994596149792057        0.0000000000000000     
   1.6310000000000000       -65.145287477750614       0.31899215737234693        5.2080293719422563E-002  0.59994610759228351        0.0000000000000000     
   1.6320000000000001       -65.145311776988507       0.31899150991282066        5.2080091242826358E-002  0.59994625376894184        0.0000000000000000     
   1.6330000000000000       -65.145336037128359       0.31899086250391856        5.2079888992070153E-002  0.59994640002772603        0.0000000000000000     
   1.6340000000000001       -65.145360258184567       0.31899021514574050        5.2079686967217903E-002  0.59994654636846667        0.0000000000000000     
   1.6350000000000000       -65.145384440171497       0.31898956783838628        5.2079485168332912E-002  0.59994669279099433        0.0000000000000000     
   1.6360000000000001       -65.145408583103531       0.31898892058195566        5.2079283595477831E-002  0.59994683929513970        0.0000000000000000     
   1.6370000000000000       -65.145432686995008       0.31898827337654828        5.2079082248714652E-002  0.59994698588073359        0.0000000000000000     
   1.6380000000000001       -65.145456751860294       0.31898762622226379        5.2078881128104722E-002  0.59994713254760690        0.0000000000000000     
   1.6390000000000000       -65.145480777713729       0.31898697911920176        5.2078680233708742E-002  0.59994727929559044        0.0000000000000000     
   1.6400000000000001       -65.145504764569637       0.31898633206746174        5.2078479565586776E-002  0.59994742612451535        0.0000000000000000     
   1.6410000000000000       -65.145528712442342       0.31898568506714314        5.2078279123798248E-002  0.59994757303421276        0.0000000000000000     
   1.6420000000000001       -65.145552621346170       0.31898503811834533        5.2078078908401937E-002  0.59994772002451369        0.0000000000000000     
   1.6430000000000000       -65.145576491295429       0.31898439122116767        5.2077878919455999E-002  0.59994786709524950        0.0000000000000000     
   1.6440000000000001       -65.145600322304432       0.31898374437570942        5.2077679157017956E-002  0.59994801424625155        0.0000000000000000     
   1.6450000000000000       -65.145624114387459       0.31898309758206983        5.2077479621144701E-002  0.59994816147735119        0.0000000000000000     
   1.6460000000000001       -65.145647867558807       0.31898245084034804        5.2077280311892502E-002  0.59994830878838001        0.0000000000000000     
   1.6470000000000000       -65.145671581832744       0.31898180415064320        5.2077081229317000E-002  0.59994845617916948        0.0000000000000000     
   1.6480000000000001       -65.145695257223537       0.31898115751305428        5.2076882373473229E-002  0.59994860364955127        0.0000000000000000     
   1.6490000000000000       -65.145718893745453       0.31898051092768032        5.2076683744415604E-002  0.59994875119935720        0.0000000000000000     
   1.6500000000000001       -65.145742491412761       0.31897986439462023        5.2076485342197922E-002  0.59994889882841895        0.0000000000000000     
   1.6510000000000000       -65.145766050239686       0.31897921791397288        5.2076287166873368E-002  0.59994904653656844        0.0000000000000000     
   1.6520000000000001       -65.145789570240481       0.31897857148583708        5.2076089218494527E-002  0.59994919432363769        0.0000000000000000     
   1.6530000000000000       -65.145813051429386       0.31897792511031159        5.2075891497113370E-002  0.59994934218945861        0.0000000000000000     
   1.6540000000000001       -65.145836493820610       0.31897727878749504        5.2075694002781274E-002  0.59994949013386345        0.0000000000000000     
   1.6550000000000000       -65.145859897428380       0.31897663251748615        5.2075496735549016E-002  0.59994963815668434        0.0000000000000000     
   1.6560000000000001       -65.145883262266892       0.31897598630038348        5.2075299695466773E-002  0.59994978625775364        0.0000000000000000     
   1.6570000000000000       -65.145906588350357       0.31897534013628559        5.2075102882584129E-002  0.59994993443690359        0.0000000000000000     
   1.6580000000000001       -65.145929875692971       0.31897469402529088        5.2074906296950073E-002  0.59995008269396666        0.0000000000000000     
   1.6590000000000000       -65.145953124308932       0.31897404796749779        5.2074709938613017E-002  0.59995023102877543        0.0000000000000000     
   1.6600000000000001       -65.145976334212406       0.31897340196300467        5.2074513807620779E-002  0.59995037944116236        0.0000000000000000     
   1.6610000000000000       -65.145999505417564       0.31897275601190977        5.2074317904020589E-002  0.59995052793096026        0.0000000000000000     
   1.6620000000000001       -65.146022637938586       0.31897211011431137        5.2074122227859114E-002  0.59995067649800182        0.0000000000000000     
   1.6630000000000000       -65.146045731789613       0.31897146427030765        5.2073926779182426E-002  0.59995082514211984        0.0000000000000000     
   1.6640000000000001       -65.146068786984813       0.31897081847999670        5.2073731558036032E-002  0.59995097386314722        0.0000000000000000     
   1.6650000000000000       -65.146091803538326       0.31897017274347661        5.2073536564464860E-002  0.59995112266091688        0.0000000000000000     
   1.6659999999999999       -65.146114781464291       0.31896952706084536        5.2073341798513278E-002  0.59995127153526195        0.0000000000000000     
   1.6670000000000000       -65.146137720776835       0.31896888143220092        5.2073147260225078E-002  0.59995142048601557        0.0000000000000000     
   1.6679999999999999       -65.146160621490083       0.31896823585764117        5.2072952949643488E-002  0.59995156951301098        0.0000000000000000     
   1.6690000000000000       -65.146183483618145       0.31896759033726391        5.2072758866811182E-002  0.59995171861608143        0.0000000000000000     
   1.6699999999999999       -65.146206307175134       0.31896694487116695        5.2072565011770267E-002  0.59995186779506027        0.0000000000000000     
   1.6710000000000000       -65.146229092175162       0.31896629945944799        5.2072371384562298E-002  0.59995201704978096        0.0000000000000000     
   1.6719999999999999       -65.146251838632310       0.31896565410220468        5.2072177985228271E-002  0.59995216638007698        0.0000000000000000     
   1.6730000000000000       -65.146274546560676       0.31896500879953466        5.2071984813808640E-002  0.59995231578578201        0.0000000000000000     
   1.6739999999999999       -65.146297215974343       0.31896436355153546        5.2071791870343304E-002  0.59995246526672963        0.0000000000000000     
   1.6750000000000000       -65.146319846887394       0.31896371835830456        5.2071599154871605E-002  0.59995261482275364        0.0000000000000000     
   1.6759999999999999       -65.146342439313884       0.31896307321993939        5.2071406667432360E-002  0.59995276445368795        0.0000000000000000     
   1.6770000000000000       -65.146364993267881       0.31896242813653730        5.2071214408063830E-002  0.59995291415936636        0.0000000000000000     
   1.6779999999999999       -65.146387508763439       0.31896178310819562        5.2071022376803749E-002  0.59995306393962289        0.0000000000000000     
   1.6790000000000000       -65.146409985814614       0.31896113813501165        5.2070830573689310E-002  0.59995321379429167        0.0000000000000000     
   1.6799999999999999       -65.146432424435446       0.31896049321708253        5.2070638998757163E-002  0.59995336372320673        0.0000000000000000     
   1.6810000000000000       -65.146454824639974       0.31895984835450542        5.2070447652043439E-002  0.59995351372620231        0.0000000000000000     
   1.6819999999999999       -65.146477186442226       0.31895920354737745        5.2070256533583728E-002  0.59995366380311277        0.0000000000000000     
   1.6830000000000001       -65.146499509856227       0.31895855879579560        5.2070065643413106E-002  0.59995381395377245        0.0000000000000000     
   1.6839999999999999       -65.146521794895989       0.31895791409985685        5.2069874981566122E-002  0.59995396417801583        0.0000000000000000     
   1.6850000000000001       -65.146544041575538       0.31895726945965813        5.2069684548076797E-002  0.59995411447567737        0.0000000000000000     
   1.6859999999999999       -65.146566249908858       0.31895662487529630        5.2069494342978632E-002  0.59995426484659176        0.0000000000000000     
   1.6870000000000001       -65.146588419909961       0.31895598034686817        5.2069304366304615E-002  0.59995441529059357        0.0000000000000000     
   1.6879999999999999       -65.146610551592843       0.31895533587447050        5.2069114618087227E-002  0.59995456580751771        0.0000000000000000     
   1.6890000000000001       -65.146632644971476       0.31895469145819993        5.2068925098358421E-002  0.59995471639719888        0.0000000000000000     
   1.6899999999999999       -65.146654700059855       0.31895404709815317        5.2068735807149644E-002  0.59995486705947210        0.0000000000000000     
   1.6910000000000001       -65.146676716871937       0.31895340279442669        5.2068546744491850E-002  0.59995501779417226        0.0000000000000000     
   1.6919999999999999       -65.146698695421705       0.31895275854711708        5.2068357910415468E-002  0.59995516860113440        0.0000000000000000     
   1.6930000000000001       -65.146720635723113       0.31895211435632076        5.2068169304950437E-002  0.59995531948019376        0.0000000000000000     
   1.6940000000000000       -65.146742537790118       0.31895147022213421        5.2067980928126187E-002  0.59995547043118558        0.0000000000000000     
   1.6950000000000001       -65.146764401636673       0.31895082614465370        5.2067792779971658E-002  0.59995562145394510        0.0000000000000000     
   1.6960000000000000       -65.146786227276721       0.31895018212397558        5.2067604860515287E-002  0.59995577254830768        0.0000000000000000     
   1.6970000000000001       -65.146808014724201       0.31894953816019600        5.2067417169785024E-002  0.59995592371410877        0.0000000000000000     
   1.6980000000000000       -65.146829763993040       0.31894889425341122        5.2067229707808318E-002  0.59995607495118397        0.0000000000000000     
   1.6990000000000001       -65.146851475097165       0.31894825040371733        5.2067042474612142E-002  0.59995622625936884        0.0000000000000000     
   1.7000000000000000       -65.146873148050503       0.31894760661121041        5.2066855470222967E-002  0.59995637763849896        0.0000000000000000     
   1.7010000000000001       -65.146894782866966       0.31894696287598645        5.2066668694666793E-002  0.59995652908841024        0.0000000000000000     
   1.7020000000000000       -65.146916379560466       0.31894631919814143        5.2066482147969120E-002  0.59995668060893848        0.0000000000000000     
   1.7030000000000001       -65.146937938144902       0.31894567557777120        5.2066295830154992E-002  0.59995683219991947        0.0000000000000000     
   1.7040000000000000       -65.146959458634171       0.31894503201497165        5.2066109741248950E-002  0.59995698386118934        0.0000000000000000     
   1.7050000000000001       -65.146980941042173       0.31894438850983853        5.2065923881275074E-002  0.59995713559258412        0.0000000000000000     
   1.7060000000000000       -65.147002385382791       0.31894374506246759        5.2065738250256968E-002  0.59995728739393983        0.0000000000000000     
   1.7070000000000001       -65.147023791669895       0.31894310167295448        5.2065552848217768E-002  0.59995743926509282        0.0000000000000000     
   1.7080000000000000       -65.147045159917369       0.31894245834139479        5.2065367675180128E-002  0.59995759120587933        0.0000000000000000     
   1.7090000000000001       -65.147066490139082       0.31894181506788410        5.2065182731166247E-002  0.59995774321613571        0.0000000000000000     
   1.7100000000000000       -65.147087782348905       0.31894117185251791        5.2064998016197850E-002  0.59995789529569843        0.0000000000000000     
   1.7110000000000001       -65.147109036560693       0.31894052869539169        5.2064813530296211E-002  0.59995804744440406        0.0000000000000000     
   1.7120000000000000       -65.147130252788287       0.31893988559660080        5.2064629273482127E-002  0.59995819966208919        0.0000000000000000     
   1.7130000000000001       -65.147151431045558       0.31893924255624062        5.2064445245775949E-002  0.59995835194859037        0.0000000000000000     
   1.7140000000000000       -65.147172571346331       0.31893859957440635        5.2064261447197571E-002  0.59995850430374442        0.0000000000000000     
   1.7150000000000001       -65.147193673704450       0.31893795665119329        5.2064077877766429E-002  0.59995865672738824        0.0000000000000000     
   1.7160000000000000       -65.147214738133741       0.31893731378669654        5.2063894537501501E-002  0.59995880921935862        0.0000000000000000     
   1.7170000000000001       -65.147235764648045       0.31893667098101125        5.2063711426421320E-002  0.59995896177949259        0.0000000000000000     
   1.7180000000000000       -65.147256753261175       0.31893602823423245        5.2063528544543977E-002  0.59995911440762717        0.0000000000000000     
   1.7190000000000001       -65.147277703986944       0.31893538554645512        5.2063345891887103E-002  0.59995926710359959        0.0000000000000000     
   1.7200000000000000       -65.147298616839166       0.31893474291777424        5.2063163468467899E-002  0.59995941986724699        0.0000000000000000     
   1.7210000000000001       -65.147319491831652       0.31893410034828468        5.2062981274303116E-002  0.59995957269840661        0.0000000000000000     
   1.7220000000000000       -65.147340328978188       0.31893345783808125        5.2062799309409061E-002  0.59995972559691579        0.0000000000000000     
   1.7230000000000001       -65.147361128292587       0.31893281538725871        5.2062617573801616E-002  0.59995987856261201        0.0000000000000000     
   1.7240000000000000       -65.147381889788633       0.31893217299591181        5.2062436067496214E-002  0.59996003159533284        0.0000000000000000     
   1.7250000000000001       -65.147402613480111       0.31893153066413521        5.2062254790507856E-002  0.59996018469491574        0.0000000000000000     
   1.7260000000000000       -65.147423299380804       0.31893088839202349        5.2062073742851121E-002  0.59996033786119840        0.0000000000000000     
   1.7270000000000001       -65.147443947504499       0.31893024617967120        5.2061892924540144E-002  0.59996049109401861        0.0000000000000000     
   1.7280000000000000       -65.147464557864950       0.31892960402717285        5.2061712335588643E-002  0.59996064439321417        0.0000000000000000     
   1.7290000000000001       -65.147485130475928       0.31892896193462289        5.2061531976009906E-002  0.59996079775862299        0.0000000000000000     
   1.7300000000000000       -65.147505665351204       0.31892831990211568        5.2061351845816797E-002  0.59996095119008297        0.0000000000000000     
   1.7310000000000001       -65.147526162504519       0.31892767792974552        5.2061171945021752E-002  0.59996110468743213        0.0000000000000000     
   1.7320000000000000       -65.147546621949630       0.31892703601760669        5.2060992273636794E-002  0.59996125825050861        0.0000000000000000     
   1.7330000000000001       -65.147567043700292       0.31892639416579344        5.2060812831673527E-002  0.59996141187915064        0.0000000000000000     
   1.7340000000000000       -65.147587427770233       0.31892575237439991        5.2060633619143135E-002  0.59996156557319646        0.0000000000000000     
   1.7350000000000001       -65.147607774173210       0.31892511064352019        5.2060454636056394E-002  0.59996171933248443        0.0000000000000000     
   1.7360000000000000       -65.147628082922935       0.31892446897324833        5.2060275882423658E-002  0.59996187315685290        0.0000000000000000     
   1.7370000000000001       -65.147648354033151       0.31892382736367836        5.2060097358254877E-002  0.59996202704614043        0.0000000000000000     
   1.7380000000000000       -65.147668587517572       0.31892318581490414        5.2059919063559584E-002  0.59996218100018561        0.0000000000000000     
   1.7390000000000001       -65.147688783389924       0.31892254432701961        5.2059740998346919E-002  0.59996233501882701        0.0000000000000000     
   1.7400000000000000       -65.147708941663922       0.31892190290011857        5.2059563162625604E-002  0.59996248910190342        0.0000000000000000     
   1.7410000000000001       -65.147729062353264       0.31892126153429479        5.2059385556403964E-002  0.59996264324925352        0.0000000000000000     
   1.7420000000000000       -65.147749145471664       0.31892062022964202        5.2059208179689918E-002  0.59996279746071624        0.0000000000000000     
   1.7430000000000001       -65.147769191032822       0.31891997898625385        5.2059031032490988E-002  0.59996295173613057        0.0000000000000000     
   1.7440000000000000       -65.147789199050436       0.31891933780422393        5.2058854114814306E-002  0.59996310607533543        0.0000000000000000     
   1.7450000000000001       -65.147809169538192       0.31891869668364581        5.2058677426666596E-002  0.59996326047816995        0.0000000000000000     
   1.7460000000000000       -65.147829102509775       0.31891805562461295        5.2058500968054186E-002  0.59996341494447336        0.0000000000000000     
   1.7470000000000001       -65.147848997978883       0.31891741462721879        5.2058324738983031E-002  0.59996356947408480        0.0000000000000000     
   1.7480000000000000       -65.147868855959175       0.31891677369155674        5.2058148739458673E-002  0.59996372406684373        0.0000000000000000     
   1.7490000000000001       -65.147888676464333       0.31891613281772013        5.2057972969486277E-002  0.59996387872258938        0.0000000000000000     
   1.7500000000000000       -65.147908459508031       0.31891549200580221        5.2057797429070622E-002  0.59996403344116134        0.0000000000000000     
   1.7510000000000001       -65.147928205103938       0.31891485125589619        5.2057622118216094E-002  0.59996418822239916        0.0000000000000000     
   1.7520000000000000       -65.147947913265696       0.31891421056809521        5.2057447036926704E-002  0.59996434306614244        0.0000000000000000     
   1.7530000000000001       -65.147967584006977       0.31891356994249243        5.2057272185206074E-002  0.59996449797223084        0.0000000000000000     
   1.7540000000000000       -65.147987217341438       0.31891292937918087        5.2057097563057458E-002  0.59996465294050405        0.0000000000000000     
   1.7550000000000001       -65.148006813282720       0.31891228887825351        5.2056923170483715E-002  0.59996480797080198        0.0000000000000000     
   1.7560000000000000       -65.148026371844466       0.31891164843980330        5.2056749007487337E-002  0.59996496306296465        0.0000000000000000     
   1.7570000000000001       -65.148045893040319       0.31891100806392308        5.2056575074070445E-002  0.59996511821683196        0.0000000000000000     
   1.7580000000000000       -65.148065376883906       0.31891036775070575        5.2056401370234782E-002  0.59996527343224393        0.0000000000000000     
   1.7590000000000001       -65.148084823388871       0.31890972750024404        5.2056227895981716E-002  0.59996542870904079        0.0000000000000000     
   1.7600000000000000       -65.148104232568826       0.31890908731263073        5.2056054651312252E-002  0.59996558404706279        0.0000000000000000     
   1.7610000000000001       -65.148123604437416       0.31890844718795841        5.2055881636227021E-002  0.59996573944615017        0.0000000000000000     
   1.7620000000000000       -65.148142939008238       0.31890780712631972        5.2055708850726294E-002  0.59996589490614327        0.0000000000000000     
   1.7630000000000001       -65.148162236294922       0.31890716712780720        5.2055536294809981E-002  0.59996605042688256        0.0000000000000000     
   1.7640000000000000       -65.148181496311082       0.31890652719251333        5.2055363968477618E-002  0.59996620600820849        0.0000000000000000     
   1.7650000000000001       -65.148200719070317       0.31890588732053060        5.2055191871728385E-002  0.59996636164996175        0.0000000000000000     
   1.7660000000000000       -65.148219904586242       0.31890524751195137        5.2055020004561102E-002  0.59996651735198303        0.0000000000000000     
   1.7670000000000001       -65.148239052872441       0.31890460776686802        5.2054848366974230E-002  0.59996667311411300        0.0000000000000000     
   1.7680000000000000       -65.148258163942515       0.31890396808537275        5.2054676958965873E-002  0.59996682893619246        0.0000000000000000     
   1.7690000000000001       -65.148277237810063       0.31890332846755781        5.2054505780533791E-002  0.59996698481806232        0.0000000000000000     
   1.7700000000000000       -65.148296274488672       0.31890268891351542        5.2054334831675375E-002  0.59996714075956359        0.0000000000000000     
   1.7710000000000001       -65.148315273991926       0.31890204942333766        5.2054164112387676E-002  0.59996729676053728        0.0000000000000000     
   1.7720000000000000       -65.148334236333397       0.31890140999711658        5.2053993622667390E-002  0.59996745282082442        0.0000000000000000     
   1.7730000000000001       -65.148353161526671       0.31890077063494421        5.2053823362510861E-002  0.59996760894026635        0.0000000000000000     
   1.7740000000000000       -65.148372049585319       0.31890013133691247        5.2053653331914099E-002  0.59996776511870420        0.0000000000000000     
   1.7750000000000001       -65.148390900522912       0.31889949210311325        5.2053483530872760E-002  0.59996792135597943        0.0000000000000000     
   1.7760000000000000       -65.148409714353008       0.31889885293363840        5.2053313959382154E-002  0.59996807765193338        0.0000000000000000     
   1.7770000000000001       -65.148428491089177       0.31889821382857969        5.2053144617437257E-002  0.59996823400640753        0.0000000000000000     
   1.7780000000000000       -65.148447230744964       0.31889757478802888        5.2052975505032704E-002  0.59996839041924344        0.0000000000000000     
   1.7790000000000001       -65.148465933333938       0.31889693581207762        5.2052806622162780E-002  0.59996854689028278        0.0000000000000000     
   1.7800000000000000       -65.148484598869643       0.31889629690081756        5.2052637968821446E-002  0.59996870341936714        0.0000000000000000     
   1.7810000000000001       -65.148503227365637       0.31889565805434023        5.2052469545002325E-002  0.59996886000633842        0.0000000000000000     
   1.7820000000000000       -65.148521818835448       0.31889501927273717        5.2052301350698701E-002  0.59996901665103852        0.0000000000000000     
   1.7830000000000001       -65.148540373292619       0.31889438055609981        5.2052133385903525E-002  0.59996917335330924        0.0000000000000000     
   1.7840000000000000       -65.148558890750692       0.31889374190451958        5.2051965650609426E-002  0.59996933011299269        0.0000000000000000     
   1.7850000000000001       -65.148577371223197       0.31889310331808784        5.2051798144808689E-002  0.59996948692993091        0.0000000000000000     
   1.7860000000000000       -65.148595814723677       0.31889246479689587        5.2051630868493286E-002  0.59996964380396600        0.0000000000000000     
   1.7870000000000001       -65.148614221265646       0.31889182634103491        5.2051463821654854E-002  0.59996980073494033        0.0000000000000000     
   1.7880000000000000       -65.148632590862618       0.31889118795059612        5.2051297004284701E-002  0.59996995772269601        0.0000000000000000     
   1.7890000000000001       -65.148650923528123       0.31889054962567065        5.2051130416373825E-002  0.59997011476707562        0.0000000000000000     
   1.7900000000000000       -65.148669219275689       0.31888991136634959        5.2050964057912888E-002  0.59997027186792151        0.0000000000000000     
   1.7910000000000001       -65.148687478118802       0.31888927317272392        5.2050797928892244E-002  0.59997042902507614        0.0000000000000000     
   1.7920000000000000       -65.148705700070991       0.31888863504488463        5.2050632029301915E-002  0.59997058623838218        0.0000000000000000     
   1.7929999999999999       -65.148723885145756       0.31888799698292264        5.2050466359131617E-002  0.59997074350768231        0.0000000000000000     
   1.7940000000000000       -65.148742033356598       0.31888735898692877        5.2050300918370741E-002  0.59997090083281923        0.0000000000000000     
   1.7949999999999999       -65.148760144717016       0.31888672105699389        5.2050135707008366E-002  0.59997105821363583        0.0000000000000000     
   1.7960000000000000       -65.148778219240512       0.31888608319320871        5.2049970725033257E-002  0.59997121564997491        0.0000000000000000     
   1.7969999999999999       -65.148796256940571       0.31888544539566394        5.2049805972433874E-002  0.59997137314167959        0.0000000000000000     
   1.7980000000000000       -65.148814257830679       0.31888480766445015        5.2049641449198353E-002  0.59997153068859277        0.0000000000000000     
   1.7989999999999999       -65.148832221924337       0.31888416999965802        5.2049477155314536E-002  0.59997168829055758        0.0000000000000000     
   1.8000000000000000       -65.148850149235017       0.31888353240137801        5.2049313090769947E-002  0.59997184594741726        0.0000000000000000     
   1.8009999999999999       -65.148868039776204       0.31888289486970067        5.2049149255551812E-002  0.59997200365901504        0.0000000000000000     
   1.8020000000000000       -65.148885893561371       0.31888225740471637        5.2048985649647037E-002  0.59997216142519427        0.0000000000000000     
   1.8029999999999999       -65.148903710603989       0.31888162000651549        5.2048822273042243E-002  0.59997231924579841        0.0000000000000000     
   1.8040000000000000       -65.148921490917530       0.31888098267518833        5.2048659125723741E-002  0.59997247712067092        0.0000000000000000     
   1.8049999999999999       -65.148939234515453       0.31888034541082522        5.2048496207677535E-002  0.59997263504965526        0.0000000000000000     
   1.8060000000000000       -65.148956941411242       0.31887970821351630        5.2048333518889343E-002  0.59997279303259521        0.0000000000000000     
   1.8069999999999999       -65.148974611618343       0.31887907108335173        5.2048171059344575E-002  0.59997295106933435        0.0000000000000000     
   1.8080000000000001       -65.148992245150211       0.31887843402042160        5.2048008829028346E-002  0.59997310915971647        0.0000000000000000     
   1.8089999999999999       -65.149009842020305       0.31887779702481600        5.2047846827925473E-002  0.59997326730358547        0.0000000000000000     
   1.8100000000000001       -65.149027402242083       0.31887716009662487        5.2047685056020490E-002  0.59997342550078525        0.0000000000000000     
   1.8109999999999999       -65.149044925828989       0.31887652323593818        5.2047523513297632E-002  0.59997358375115983        0.0000000000000000     
   1.8120000000000001       -65.149062412794478       0.31887588644284581        5.2047362199740835E-002  0.59997374205455334        0.0000000000000000     
   1.8129999999999999       -65.149079863151982       0.31887524971743758        5.2047201115333758E-002  0.59997390041080989        0.0000000000000000     
   1.8140000000000001       -65.149097276914944       0.31887461305980325        5.2047040260059768E-002  0.59997405881977361        0.0000000000000000     
   1.8149999999999999       -65.149114654096792       0.31887397647003257        5.2046879633901935E-002  0.59997421728128886        0.0000000000000000     
   1.8160000000000001       -65.149131994710970       0.31887333994821521        5.2046719236843057E-002  0.59997437579520008        0.0000000000000000     
   1.8169999999999999       -65.149149298770908       0.31887270349444075        5.2046559068865642E-002  0.59997453436135162        0.0000000000000000     
   1.8180000000000001       -65.149166566290035       0.31887206710879873        5.2046399129951917E-002  0.59997469297958805        0.0000000000000000     
   1.8190000000000000       -65.149183797281779       0.31887143079137870        5.2046239420083816E-002  0.59997485164975384        0.0000000000000000     
   1.8200000000000001       -65.149200991759557       0.31887079454227013        5.2046079939243005E-002  0.59997501037169376        0.0000000000000000     
   1.8210000000000000       -65.149218149736782       0.31887015836156235        5.2045920687410867E-002  0.59997516914525251        0.0000000000000000     
   1.8220000000000001       -65.149235271226885       0.31886952224934473        5.2045761664568507E-002  0.59997532797027497        0.0000000000000000     
   1.8230000000000000       -65.149252356243281       0.31886888620570658        5.2045602870696747E-002  0.59997548684660595        0.0000000000000000     
   1.8240000000000001       -65.149269404799369       0.31886825023073712        5.2045444305776144E-002  0.59997564577409035        0.0000000000000000     
   1.8250000000000000       -65.149286416908566       0.31886761432452554        5.2045285969786970E-002  0.59997580475257328        0.0000000000000000     
   1.8260000000000001       -65.149303392584272       0.31886697848716095        5.2045127862709227E-002  0.59997596378189988        0.0000000000000000     
   1.8270000000000000       -65.149320331839903       0.31886634271873243        5.2044969984522654E-002  0.59997612286191526        0.0000000000000000     
   1.8280000000000001       -65.149337234688844       0.31886570701932904        5.2044812335206712E-002  0.59997628199246467        0.0000000000000000     
   1.8290000000000000       -65.149354101144496       0.31886507138903969        5.2044654914740592E-002  0.59997644117339344        0.0000000000000000     
   1.8300000000000001       -65.149370931220261       0.31886443582795332        5.2044497723103211E-002  0.59997660040454692        0.0000000000000000     
   1.8310000000000000       -65.149387724929525       0.31886380033615880        5.2044340760273235E-002  0.59997675968577058        0.0000000000000000     
   1.8320000000000001       -65.149404482285675       0.31886316491374489        5.2044184026229047E-002  0.59997691901690997        0.0000000000000000     
   1.8330000000000000       -65.149421203302111       0.31886252956080036        5.2044027520948784E-002  0.59997707839781078        0.0000000000000000     
   1.8340000000000001       -65.149437887992207       0.31886189427741390        5.2043871244410303E-002  0.59997723782831869        0.0000000000000000     
   1.8350000000000000       -65.149454536369348       0.31886125906367419        5.2043715196591206E-002  0.59997739730827937        0.0000000000000000     
   1.8360000000000001       -65.149471148446921       0.31886062391966979        5.2043559377468830E-002  0.59997755683753873        0.0000000000000000     
   1.8370000000000000       -65.149487724238284       0.31885998884548927        5.2043403787020263E-002  0.59997771641594255        0.0000000000000000     
   1.8380000000000001       -65.149504263756825       0.31885935384122110        5.2043248425222323E-002  0.59997787604333697        0.0000000000000000     
   1.8390000000000000       -65.149520767015915       0.31885871890695372        5.2043093292051576E-002  0.59997803571956798        0.0000000000000000     
   1.8400000000000001       -65.149537234028926       0.31885808404277544        5.2042938387484333E-002  0.59997819544448161        0.0000000000000000     
   1.8410000000000000       -65.149553664809218       0.31885744924877463        5.2042783711496649E-002  0.59997835521792420        0.0000000000000000     
   1.8420000000000001       -65.149570059370163       0.31885681452503956        5.2042629264064319E-002  0.59997851503974198        0.0000000000000000     
   1.8430000000000000       -65.149586417725118       0.31885617987165848        5.2042475045162892E-002  0.59997867490978118        0.0000000000000000     
   1.8440000000000001       -65.149602739887442       0.31885554528871951        5.2042321054767665E-002  0.59997883482788839        0.0000000000000000     
   1.8450000000000000       -65.149619025870479       0.31885491077631078        5.2042167292853679E-002  0.59997899479390993        0.0000000000000000     
   1.8460000000000001       -65.149635275687601       0.31885427633452035        5.2042013759395739E-002  0.59997915480769248        0.0000000000000000     
   1.8470000000000000       -65.149651489352152       0.31885364196343619        5.2041860454368385E-002  0.59997931486908262        0.0000000000000000     
   1.8480000000000001       -65.149667666877491       0.31885300766314623        5.2041707377745924E-002  0.59997947497792714        0.0000000000000000     
   1.8490000000000000       -65.149683808276961       0.31885237343373840        5.2041554529502411E-002  0.59997963513407271        0.0000000000000000     
   1.8500000000000001       -65.149699913563907       0.31885173927530058        5.2041401909611651E-002  0.59997979533736623        0.0000000000000000     
   1.8510000000000000       -65.149715982751673       0.31885110518792054        5.2041249518047214E-002  0.59997995558765471        0.0000000000000000     
   1.8520000000000001       -65.149732015853587       0.31885047117168597        5.2041097354782427E-002  0.59998011588478506        0.0000000000000000     
   1.8530000000000000       -65.149748012882995       0.31884983722668458        5.2040945419790374E-002  0.59998027622860428        0.0000000000000000     
   1.8540000000000001       -65.149763973853240       0.31884920335300398        5.2040793713043897E-002  0.59998043661895961        0.0000000000000000     
   1.8550000000000000       -65.149779898777652       0.31884856955073176        5.2040642234515599E-002  0.59998059705569828        0.0000000000000000     
   1.8560000000000001       -65.149795787669561       0.31884793581995546        5.2040490984177845E-002  0.59998075753866753        0.0000000000000000     
   1.8570000000000000       -65.149811640542282       0.31884730216076251        5.2040339962002767E-002  0.59998091806771481        0.0000000000000000     
   1.8580000000000001       -65.149827457409160       0.31884666857324040        5.2040189167962256E-002  0.59998107864268746        0.0000000000000000     
   1.8590000000000000       -65.149843238283509       0.31884603505747644        5.2040038602027966E-002  0.59998123926343294        0.0000000000000000     
   1.8600000000000001       -65.149858983178660       0.31884540161355790        5.2039888264171323E-002  0.59998139992979893        0.0000000000000000     
   1.8610000000000000       -65.149874692107929       0.31884476824157210        5.2039738154363524E-002  0.59998156064163310        0.0000000000000000     
   1.8620000000000001       -65.149890365084630       0.31884413494160624        5.2039588272575522E-002  0.59998172139878314        0.0000000000000000     
   1.8630000000000000       -65.149906002122080       0.31884350171374742        5.2039438618778050E-002  0.59998188220109683        0.0000000000000000     
   1.8640000000000001       -65.149921603233594       0.31884286855808280        5.2039289192941610E-002  0.59998204304842195        0.0000000000000000     
   1.8650000000000000       -65.149937168432487       0.31884223547469936        5.2039139995036468E-002  0.59998220394060664        0.0000000000000000     
   1.8660000000000001       -65.149952697732061       0.31884160246368415        5.2038991025032670E-002  0.59998236487749879        0.0000000000000000     
   1.8670000000000000       -65.149968191145632       0.31884096952512408        5.2038842282900039E-002  0.59998252585894651        0.0000000000000000     
   1.8680000000000001       -65.149983648686501       0.31884033665910605        5.2038693768608160E-002  0.59998268688479794        0.0000000000000000     
   1.8690000000000000       -65.149999070367969       0.31883970386571686        5.2038545482126400E-002  0.59998284795490131        0.0000000000000000     
   1.8700000000000001       -65.150014456203337       0.31883907114504328        5.2038397423423907E-002  0.59998300906910496        0.0000000000000000     
   1.8710000000000000       -65.150029806205893       0.31883843849717208        5.2038249592469603E-002  0.59998317022725722        0.0000000000000000     
   1.8720000000000001       -65.150045120388953       0.31883780592218991        5.2038101989232186E-002  0.59998333142920657        0.0000000000000000     
   1.8730000000000000       -65.150060398765802       0.31883717342018336        5.2037954613680139E-002  0.59998349267480156        0.0000000000000000     
   1.8740000000000001       -65.150075641349730       0.31883654099123904        5.2037807465781724E-002  0.59998365396389075        0.0000000000000000     
   1.8750000000000000       -65.150090848154036       0.31883590863544342        5.2037660545504981E-002  0.59998381529632283        0.0000000000000000     
   1.8760000000000001       -65.150106019191995       0.31883527635288300        5.2037513852817741E-002  0.59998397667194647        0.0000000000000000     
   1.8770000000000000       -65.150121154476906       0.31883464414364421        5.2037367387687605E-002  0.59998413809061057        0.0000000000000000     
   1.8780000000000001       -65.150136254022044       0.31883401200781336        5.2037221150081976E-002  0.59998429955216404        0.0000000000000000     
   1.8790000000000000       -65.150151317840709       0.31883337994547678        5.2037075139968025E-002  0.59998446105645575        0.0000000000000000     
   1.8800000000000001       -65.150166345946161       0.31883274795672067        5.2036929357312724E-002  0.59998462260333474        0.0000000000000000     
   1.8810000000000000       -65.150181338351686       0.31883211604163125        5.2036783802082827E-002  0.59998478419265011        0.0000000000000000     
   1.8820000000000001       -65.150196295070572       0.31883148420029467        5.2036638474244876E-002  0.59998494582425099        0.0000000000000000     
   1.8830000000000000       -65.150211216116077       0.31883085243279702        5.2036493373765196E-002  0.59998510749798672        0.0000000000000000     
   1.8840000000000001       -65.150226101501474       0.31883022073922435        5.2036348500609918E-002  0.59998526921370654        0.0000000000000000     
   1.8850000000000000       -65.150240951240050       0.31882958911966264        5.2036203854744952E-002  0.59998543097125989        0.0000000000000000     
   1.8860000000000001       -65.150255765345065       0.31882895757419782        5.2036059436136012E-002  0.59998559277049623        0.0000000000000000     
   1.8870000000000000       -65.150270543829777       0.31882832610291573        5.2035915244748591E-002  0.59998575461126502        0.0000000000000000     
   1.8880000000000001       -65.150285286707472       0.31882769470590222        5.2035771280547982E-002  0.59998591649341593        0.0000000000000000     
   1.8890000000000000       -65.150299993991396       0.31882706338324313        5.2035627543499274E-002  0.59998607841679863        0.0000000000000000     
   1.8900000000000001       -65.150314665694822       0.31882643213502410        5.2035484033567357E-002  0.59998624038126291        0.0000000000000000     
   1.8910000000000000       -65.150329301830993       0.31882580096133079        5.2035340750716912E-002  0.59998640238665846        0.0000000000000000     
   1.8920000000000001       -65.150343902413184       0.31882516986224885        5.2035197694912418E-002  0.59998656443283527        0.0000000000000000     
   1.8930000000000000       -65.150358467454652       0.31882453883786382        5.2035054866118154E-002  0.59998672651964335        0.0000000000000000     
   1.8940000000000001       -65.150372996968642       0.31882390788826126        5.2034912264298204E-002  0.59998688864693261        0.0000000000000000     
   1.8950000000000000       -65.150387490968413       0.31882327701352658        5.2034769889416445E-002  0.59998705081455328        0.0000000000000000     
   1.8960000000000001       -65.150401949467209       0.31882264621374523        5.2034627741436558E-002  0.59998721302235547        0.0000000000000000     
   1.8970000000000000       -65.150416372478276       0.31882201548900252        5.2034485820322031E-002  0.59998737527018942        0.0000000000000000     
   1.8980000000000001       -65.150430760014871       0.31882138483938377        5.2034344126036150E-002  0.59998753755790557        0.0000000000000000     
   1.8990000000000000       -65.150445112090239       0.31882075426497419        5.2034202658542007E-002  0.59998769988535416        0.0000000000000000     
   1.9000000000000001       -65.150459428717625       0.31882012376585900        5.2034061417802500E-002  0.59998786225238576        0.0000000000000000     
   1.9010000000000000       -65.150473709910273       0.31881949334212334        5.2033920403780333E-002  0.59998802465885093        0.0000000000000000     
   1.9020000000000001       -65.150487955681413       0.31881886299385231        5.2033779616438014E-002  0.59998818710460022        0.0000000000000000     
   1.9030000000000000       -65.150502166044291       0.31881823272113097        5.2033639055737858E-002  0.59998834958948433        0.0000000000000000     
   1.9040000000000001       -65.150516341012136       0.31881760252404423        5.2033498721642001E-002  0.59998851211335402        0.0000000000000000     
   1.9050000000000000       -65.150530480598192       0.31881697240267709        5.2033358614112374E-002  0.59998867467606010        0.0000000000000000     
   1.9060000000000001       -65.150544584815691       0.31881634235711442        5.2033218733110731E-002  0.59998883727745345        0.0000000000000000     
   1.9070000000000000       -65.150558653677862       0.31881571238744100        5.2033079078598631E-002  0.59998899991738508        0.0000000000000000     
   1.9080000000000001       -65.150572687197950       0.31881508249374163        5.2032939650537437E-002  0.59998916259570600        0.0000000000000000     
   1.9090000000000000       -65.150586685389172       0.31881445267610103        5.2032800448888340E-002  0.59998932531226734        0.0000000000000000     
   1.9100000000000001       -65.150600648264756       0.31881382293460392        5.2032661473612338E-002  0.59998948806692032        0.0000000000000000     
   1.9110000000000000       -65.150614575837920       0.31881319326933488        5.2032522724670238E-002  0.59998965085951617        0.0000000000000000     
   1.9120000000000001       -65.150628468121909       0.31881256368037847        5.2032384202022677E-002  0.59998981368990623        0.0000000000000000     
   1.9130000000000000       -65.150642325129922       0.31881193416781917        5.2032245905630096E-002  0.59998997655794195        0.0000000000000000     
   1.9140000000000001       -65.150656146875193       0.31881130473174146        5.2032107835452757E-002  0.59999013946347468        0.0000000000000000     
   1.9150000000000000       -65.150669933370935       0.31881067537222979        5.2031969991450738E-002  0.59999030240635609        0.0000000000000000     
   1.9160000000000001       -65.150683684630380       0.31881004608936847        5.2031832373583942E-002  0.59999046538643774        0.0000000000000000     
   1.9170000000000000       -65.150697400666729       0.31880941688324183        5.2031694981812086E-002  0.59999062840357131        0.0000000000000000     
   1.9180000000000001       -65.150711081493199       0.31880878775393406        5.2031557816094719E-002  0.59999079145760859        0.0000000000000000     
   1.9190000000000000       -65.150724727123006       0.31880815870152940        5.2031420876391191E-002  0.59999095454840135        0.0000000000000000     
   1.9199999999999999       -65.150738337569365       0.31880752972611198        5.2031284162660695E-002  0.59999111767580160        0.0000000000000000     
   1.9210000000000000       -65.150751912845479       0.31880690082776592        5.2031147674862228E-002  0.59999128083966125        0.0000000000000000     
   1.9219999999999999       -65.150765452964563       0.31880627200657524        5.2031011412954631E-002  0.59999144403983229        0.0000000000000000     
   1.9230000000000000       -65.150778957939821       0.31880564326262395        5.2030875376896553E-002  0.59999160727616696        0.0000000000000000     
   1.9239999999999999       -65.150792427784467       0.31880501459599597        5.2030739566646472E-002  0.59999177054851738        0.0000000000000000     
   1.9250000000000000       -65.150805862511689       0.31880438600677524        5.2030603982162700E-002  0.59999193385673577        0.0000000000000000     
   1.9259999999999999       -65.150819262134704       0.31880375749504553        5.2030468623403374E-002  0.59999209720067459        0.0000000000000000     
   1.9270000000000000       -65.150832626666713       0.31880312906089064        5.2030333490326451E-002  0.59999226058018607        0.0000000000000000     
   1.9279999999999999       -65.150845956120904       0.31880250070439425        5.2030198582889722E-002  0.59999242399512287        0.0000000000000000     
   1.9290000000000000       -65.150859250510479       0.31880187242564012        5.2030063901050805E-002  0.59999258744533734        0.0000000000000000     
   1.9299999999999999       -65.150872509848639       0.31880124422471179        5.2029929444767149E-002  0.59999275093068227        0.0000000000000000     
   1.9310000000000000       -65.150885734148588       0.31880061610169291        5.2029795213996040E-002  0.59999291445101033        0.0000000000000000     
   1.9319999999999999       -65.150898923423512       0.31879998805666693        5.2029661208694587E-002  0.59999307800617419        0.0000000000000000     
   1.9330000000000001       -65.150912077686598       0.31879936008971738        5.2029527428819736E-002  0.59999324159602674        0.0000000000000000     
   1.9339999999999999       -65.150925196951050       0.31879873220092764        5.2029393874328270E-002  0.59999340522042088        0.0000000000000000     
   1.9350000000000001       -65.150938281230040       0.31879810439038103        5.2029260545176793E-002  0.59999356887920952        0.0000000000000000     
   1.9359999999999999       -65.150951330536770       0.31879747665816094        5.2029127441321758E-002  0.59999373257224575        0.0000000000000000     
   1.9370000000000001       -65.150964344884429       0.31879684900435057        5.2028994562719449E-002  0.59999389629938271        0.0000000000000000     
   1.9379999999999999       -65.150977324286202       0.31879622142903319        5.2028861909325978E-002  0.59999406006047362        0.0000000000000000     
   1.9390000000000001       -65.150990268755265       0.31879559393229190        5.2028729481097311E-002  0.59999422385537171        0.0000000000000000     
   1.9399999999999999       -65.151003178304805       0.31879496651420980        5.2028597277989232E-002  0.59999438768393021        0.0000000000000000     
   1.9410000000000001       -65.151016052948009       0.31879433917486999        5.2028465299957374E-002  0.59999455154600267        0.0000000000000000     
   1.9419999999999999       -65.151028892698051       0.31879371191435540        5.2028333546957212E-002  0.59999471544144245        0.0000000000000000     
   1.9430000000000001       -65.151041697568118       0.31879308473274903        5.2028202018944057E-002  0.59999487937010321        0.0000000000000000     
   1.9440000000000000       -65.151054467571385       0.31879245763013375        5.2028070715873058E-002  0.59999504333183851        0.0000000000000000     
   1.9450000000000001       -65.151067202721023       0.31879183060659244        5.2027939637699215E-002  0.59999520732650202        0.0000000000000000     
   1.9460000000000000       -65.151079903030222       0.31879120366220787        5.2027808784377357E-002  0.59999537135394754        0.0000000000000000     
   1.9470000000000001       -65.151092568512141       0.31879057679706274        5.2027678155862164E-002  0.59999553541402884        0.0000000000000000     
   1.9480000000000000       -65.151105199179952       0.31878995001123978        5.2027547752108161E-002  0.59999569950659992        0.0000000000000000     
   1.9490000000000001       -65.151117795046844       0.31878932330482163        5.2027417573069709E-002  0.59999586363151469        0.0000000000000000     
   1.9500000000000000       -65.151130356125975       0.31878869667789084        5.2027287618701019E-002  0.59999602778862715        0.0000000000000000     
   1.9510000000000001       -65.151142882430506       0.31878807013053001        5.2027157888956149E-002  0.59999619197779142        0.0000000000000000     
   1.9520000000000000       -65.151155373973623       0.31878744366282152        5.2027028383789004E-002  0.59999635619886171        0.0000000000000000     
   1.9530000000000001       -65.151167830768486       0.31878681727484787        5.2026899103153335E-002  0.59999652045169238        0.0000000000000000     
   1.9540000000000000       -65.151180252828254       0.31878619096669142        5.2026770047002735E-002  0.59999668473613765        0.0000000000000000     
   1.9550000000000001       -65.151192640166101       0.31878556473843450        5.2026641215290652E-002  0.59999684905205197        0.0000000000000000     
   1.9560000000000000       -65.151204992795186       0.31878493859015938        5.2026512607970386E-002  0.59999701339928968        0.0000000000000000     
   1.9570000000000001       -65.151217310728669       0.31878431252194828        5.2026384224995080E-002  0.59999717777770545        0.0000000000000000     
   1.9580000000000000       -65.151229593979707       0.31878368653388334        5.2026256066317729E-002  0.59999734218715384        0.0000000000000000     
   1.9590000000000001       -65.151241842561461       0.31878306062604667        5.2026128131891176E-002  0.59999750662748963        0.0000000000000000     
   1.9600000000000000       -65.151254056487090       0.31878243479852036        5.2026000421668127E-002  0.59999767109856750        0.0000000000000000     
   1.9610000000000001       -65.151266235769754       0.31878180905138648        5.2025872935601132E-002  0.59999783560024222        0.0000000000000000     
   1.9620000000000000       -65.151278380422610       0.31878118338472688        5.2025745673642598E-002  0.59999800013236870        0.0000000000000000     
   1.9630000000000001       -65.151290490458820       0.31878055779862358        5.2025618635744779E-002  0.59999816469480205        0.0000000000000000     
   1.9640000000000000       -65.151302565891527       0.31877993229315837        5.2025491821859789E-002  0.59999832928739716        0.0000000000000000     
   1.9650000000000001       -65.151314606733891       0.31877930686841305        5.2025365231939596E-002  0.59999849391000915        0.0000000000000000     
   1.9660000000000000       -65.151326612999057       0.31877868152446942        5.2025238865936026E-002  0.59999865856249324        0.0000000000000000     
   1.9670000000000001       -65.151338584700170       0.31877805626140915        5.2025112723800761E-002  0.59999882324470466        0.0000000000000000     
   1.9680000000000000       -65.151350521850389       0.31877743107931389        5.2024986805485333E-002  0.59999898795649875        0.0000000000000000     
   1.9690000000000001       -65.151362424462860       0.31877680597826530        5.2024861110941144E-002  0.59999915269773096        0.0000000000000000     
   1.9700000000000000       -65.151374292550727       0.31877618095834487        5.2024735640119446E-002  0.59999931746825663        0.0000000000000000     
   1.9710000000000001       -65.151386126127136       0.31877555601963409        5.2024610392971349E-002  0.59999948226793143        0.0000000000000000     
   1.9720000000000000       -65.151397925205231       0.31877493116221445        5.2024485369447829E-002  0.59999964709661080        0.0000000000000000     
   1.9730000000000001       -65.151409689798157       0.31877430638616727        5.2024360569499724E-002  0.59999981195415053        0.0000000000000000     
   1.9740000000000000       -65.151421419919060       0.31877368169157400        5.2024235993077726E-002  0.59999997684040640        0.0000000000000000     
   1.9750000000000001       -65.151433115581085       0.31877305707851583        5.2024111640132389E-002  0.60000014175523420        0.0000000000000000     
   1.9760000000000000       -65.151444776797362       0.31877243254707405        5.2023987510614135E-002  0.60000030669848969        0.0000000000000000     
   1.9770000000000001       -65.151456403581037       0.31877180809732986        5.2023863604473239E-002  0.60000047167002901        0.0000000000000000     
   1.9780000000000000       -65.151467995945254       0.31877118372936436        5.2023739921659852E-002  0.60000063666970804        0.0000000000000000     
   1.9790000000000001       -65.151479553903130       0.31877055944325866        5.2023616462123980E-002  0.60000080169738301        0.0000000000000000     
   1.9800000000000000       -65.151491077467824       0.31876993523909375        5.2023493225815502E-002  0.60000096675291004        0.0000000000000000     
   1.9810000000000001       -65.151502566652454       0.31876931111695067        5.2023370212684154E-002  0.60000113183614534        0.0000000000000000     
   1.9820000000000000       -65.151514021470163       0.31876868707691031        5.2023247422679539E-002  0.60000129694694526        0.0000000000000000     
   1.9830000000000001       -65.151525441934083       0.31876806311905359        5.2023124855751134E-002  0.60000146208516614        0.0000000000000000     
   1.9840000000000000       -65.151536828057345       0.31876743924346129        5.2023002511848271E-002  0.60000162725066442        0.0000000000000000     
   1.9850000000000001       -65.151548179853094       0.31876681545021418        5.2022880390920165E-002  0.60000179244329666        0.0000000000000000     
   1.9860000000000000       -65.151559497334446       0.31876619173939302        5.2022758492915884E-002  0.60000195766291953        0.0000000000000000     
   1.9870000000000001       -65.151570780514533       0.31876556811107848        5.2022636817784379E-002  0.60000212290938959        0.0000000000000000     
   1.9880000000000000       -65.151582029406484       0.31876494456535120        5.2022515365474462E-002  0.60000228818256363        0.0000000000000000     
   1.9890000000000001       -65.151593244023417       0.31876432110229169        5.2022394135934812E-002  0.60000245348229841        0.0000000000000000     
   1.9900000000000000       -65.151604424378476       0.31876369772198054        5.2022273129113991E-002  0.60000261880845085        0.0000000000000000     
   1.9910000000000001       -65.151615570484765       0.31876307442449814        5.2022152344960423E-002  0.60000278416087793        0.0000000000000000     
   1.9920000000000000       -65.151626682355428       0.31876245120992497        5.2022031783422407E-002  0.60000294953943656        0.0000000000000000     
   1.9930000000000001       -65.151637760003581       0.31876182807834136        5.2021911444448114E-002  0.60000311494398395        0.0000000000000000     
   1.9940000000000000       -65.151648803442342       0.31876120502982763        5.2021791327985588E-002  0.60000328037437722        0.0000000000000000     
   1.9950000000000001       -65.151659812684841       0.31876058206446406        5.2021671433982744E-002  0.60000344583047360        0.0000000000000000     
   1.9960000000000000       -65.151670787744195       0.31875995918233085        5.2021551762387382E-002  0.60000361131213031        0.0000000000000000     
   1.9970000000000001       -65.151681728633520       0.31875933638350817        5.2021432313147160E-002  0.60000377681920480        0.0000000000000000     
   1.9980000000000000       -65.151692635365933       0.31875871366807612        5.2021313086209629E-002  0.60000394235155452        0.0000000000000000     
   1.9990000000000001       -65.151703507954565       0.31875809103611474        5.2021194081522198E-002  0.60000410790903691        0.0000000000000000     
   2.0000000000000000       -65.151714346412518       0.31875746848770403        5.2021075299032174E-002  0.60000427349150964        0.0000000000000000     
   2.0009999999999999       -65.151725150752924       0.31875684602292398        5.2020956738686716E-002  0.60000443909883039        0.0000000000000000     
   2.0020000000000002       -65.151735920988884       0.31875622364185446        5.2020838400432881E-002  0.60000460473085682        0.0000000000000000     
   2.0030000000000001       -65.151746657133515       0.31875560134457537        5.2020720284217600E-002  0.60000477038744671        0.0000000000000000     
   2.0040000000000000       -65.151757359199934       0.31875497913116646        5.2020602389987673E-002  0.60000493606845795        0.0000000000000000     
   2.0049999999999999       -65.151768027201257       0.31875435700170751        5.2020484717689788E-002  0.60000510177374844        0.0000000000000000     
   2.0060000000000002       -65.151778661150587       0.31875373495627823        5.2020367267270516E-002  0.60000526750317618        0.0000000000000000     
   2.0070000000000001       -65.151789261061040       0.31875311299495823        5.2020250038676295E-002  0.60000543325659927        0.0000000000000000     
   2.0080000000000000       -65.151799826945719       0.31875249111782711        5.2020133031853460E-002  0.60000559903387596        0.0000000000000000     
   2.0089999999999999       -65.151810358817741       0.31875186932496447        5.2020016246748214E-002  0.60000576483486434        0.0000000000000000     
   2.0100000000000002       -65.151820856690208       0.31875124761644974        5.2019899683306656E-002  0.60000593065942276        0.0000000000000000     
   2.0110000000000001       -65.151831320576235       0.31875062599236237        5.2019783341474751E-002  0.60000609650740944        0.0000000000000000     
   2.0120000000000000       -65.151841750488927       0.31875000445278179        5.2019667221198364E-002  0.60000626237868293        0.0000000000000000     
   2.0129999999999999       -65.151852146441385       0.31874938299778732        5.2019551322423231E-002  0.60000642827310180        0.0000000000000000     
   2.0140000000000002       -65.151862508446712       0.31874876162745824        5.2019435645094973E-002  0.60000659419052449        0.0000000000000000     
   2.0150000000000001       -65.151872836518010       0.31874814034187382        5.2019320189159106E-002  0.60000676013080967        0.0000000000000000     
   2.0160000000000000       -65.151883130668395       0.31874751914111321        5.2019204954561020E-002  0.60000692609381601        0.0000000000000000     
   2.0169999999999999       -65.151893390910956       0.31874689802525558        5.2019089941246002E-002  0.60000709207940239        0.0000000000000000     
   2.0180000000000002       -65.151903617258796       0.31874627699437996        5.2018975149159215E-002  0.60000725808742761        0.0000000000000000     
   2.0190000000000001       -65.151913809725016       0.31874565604856542        5.2018860578245708E-002  0.60000742411775054        0.0000000000000000     
   2.0200000000000000       -65.151923968322734       0.31874503518789093        5.2018746228450423E-002  0.60000759017023020        0.0000000000000000     
   2.0209999999999999       -65.151934093065023       0.31874441441243545        5.2018632099718194E-002  0.60000775624472569        0.0000000000000000     
   2.0220000000000002       -65.151944183965000       0.31874379372227785        5.2018518191993733E-002  0.60000792234109612        0.0000000000000000     
   2.0230000000000001       -65.151954241035753       0.31874317311749700        5.2018404505221646E-002  0.60000808845920073        0.0000000000000000     
   2.0240000000000000       -65.151964264290385       0.31874255259817164        5.2018291039346430E-002  0.60000825459889873        0.0000000000000000     
   2.0249999999999999       -65.151974253741983       0.31874193216438046        5.2018177794312469E-002  0.60000842076004945        0.0000000000000000     
   2.0260000000000002       -65.151984209403651       0.31874131181620219        5.2018064770064043E-002  0.60000858694251236        0.0000000000000000     
   2.0270000000000001       -65.151994131288475       0.31874069155371543        5.2017951966545316E-002  0.60000875314614688        0.0000000000000000     
   2.0280000000000000       -65.152004019409546       0.31874007137699878        5.2017839383700339E-002  0.60000891937081258        0.0000000000000000     
   2.0289999999999999       -65.152013873779964       0.31873945128613079        5.2017727021473066E-002  0.60000908561636912        0.0000000000000000     
   2.0300000000000002       -65.152023694412819       0.31873883128118990        5.2017614879807342E-002  0.60000925188267618        0.0000000000000000     
   2.0310000000000001       -65.152033481321212       0.31873821136225450        5.2017502958646898E-002  0.60000941816959341        0.0000000000000000     
   2.0320000000000000       -65.152043234518217       0.31873759152940301        5.2017391257935364E-002  0.60000958447698072        0.0000000000000000     
   2.0329999999999999       -65.152052954016938       0.31873697178271376        5.2017279777616256E-002  0.60000975080469809        0.0000000000000000     
   2.0340000000000003       -65.152062639830461       0.31873635212226498        5.2017168517632995E-002  0.60000991715260543        0.0000000000000000     
   2.0350000000000001       -65.152072291971862       0.31873573254813492        5.2017057477928889E-002  0.60001008352056273        0.0000000000000000     
   2.0360000000000000       -65.152081910454243       0.31873511306040170        5.2016946658447145E-002  0.60001024990843022        0.0000000000000000     
   2.0369999999999999       -65.152091495290691       0.31873449365914347        5.2016836059130871E-002  0.60001041631606800        0.0000000000000000     
   2.0380000000000003       -65.152101046494280       0.31873387434443834        5.2016725679923055E-002  0.60001058274333630        0.0000000000000000     
   2.0390000000000001       -65.152110564078100       0.31873325511636430        5.2016615520766599E-002  0.60001074919009545        0.0000000000000000     
   2.0400000000000000       -65.152120048055238       0.31873263597499929        5.2016505581604290E-002  0.60001091565620590        0.0000000000000000     
   2.0409999999999999       -65.152129498438782       0.31873201692042125        5.2016395862378821E-002  0.60001108214152810        0.0000000000000000     
   2.0420000000000003       -65.152138915241807       0.31873139795270805        5.2016286363032772E-002  0.60001124864592248        0.0000000000000000     
   2.0430000000000001       -65.152148298477400       0.31873077907193748        5.2016177083508634E-002  0.60001141516924972        0.0000000000000000     
   2.0440000000000000       -65.152157648158649       0.31873016027818729        5.2016068023748793E-002  0.60001158171137048        0.0000000000000000     
   2.0449999999999999       -65.152166964298630       0.31872954157153521        5.2015959183695532E-002  0.60001174827214554        0.0000000000000000     
   2.0460000000000003       -65.152176246910415       0.31872892295205890        5.2015850563291034E-002  0.60001191485143568        0.0000000000000000     
   2.0470000000000002       -65.152185496007093       0.31872830441983602        5.2015742162477389E-002  0.60001208144910179        0.0000000000000000     
   2.0480000000000000       -65.152194711601737       0.31872768597494405        5.2015633981196581E-002  0.60001224806500475        0.0000000000000000     
   2.0489999999999999       -65.152203893707437       0.31872706761746056        5.2015526019390489E-002  0.60001241469900568        0.0000000000000000     
   2.0499999999999998       -65.152213042337252       0.31872644934746297        5.2015418277000909E-002  0.60001258135096569        0.0000000000000000     
   2.0510000000000002       -65.152222157504269       0.31872583116502873        5.2015310753969528E-002  0.60001274802074578        0.0000000000000000     
   2.0520000000000000       -65.152231239221578       0.31872521307023516        5.2015203450237940E-002  0.60001291470820739        0.0000000000000000     
   2.0529999999999999       -65.152240287502238       0.31872459506315959        5.2015096365747644E-002  0.60001308141321164        0.0000000000000000     
   2.0539999999999998       -65.152249302359323       0.31872397714387929        5.2014989500440041E-002  0.60001324813561996        0.0000000000000000     
   2.0550000000000002       -65.152258283805921       0.31872335931247142        5.2014882854256428E-002  0.60001341487529380        0.0000000000000000     
   2.0560000000000000       -65.152267231855092       0.31872274156901315        5.2014776427138018E-002  0.60001358163209473        0.0000000000000000     
   2.0569999999999999       -65.152276146519910       0.31872212391358162        5.2014670219025921E-002  0.60001374840588428        0.0000000000000000     
   2.0579999999999998       -65.152285027813463       0.31872150634625385        5.2014564229861157E-002  0.60001391519652403        0.0000000000000000     
   2.0590000000000002       -65.152293875748811       0.31872088886710687        5.2014458459584648E-002  0.60001408200387574        0.0000000000000000     
   2.0600000000000001       -65.152302690339027       0.31872027147621762        5.2014352908137225E-002  0.60001424882780130        0.0000000000000000     
   2.0609999999999999       -65.152311471597173       0.31871965417366299        5.2014247575459631E-002  0.60001441566816249        0.0000000000000000     
   2.0619999999999998       -65.152320219536321       0.31871903695951981        5.2014142461492503E-002  0.60001458252482121        0.0000000000000000     
   2.0630000000000002       -65.152328934169546       0.31871841983386495        5.2014037566176390E-002  0.60001474939763944        0.0000000000000000     
   2.0640000000000001       -65.152337615509921       0.31871780279677508        5.2013932889451754E-002  0.60001491628647929        0.0000000000000000     
   2.0649999999999999       -65.152346263570507       0.31871718584832698        5.2013828431258964E-002  0.60001508319120289        0.0000000000000000     
   2.0659999999999998       -65.152354878364378       0.31871656898859724        5.2013724191538289E-002  0.60001525011167245        0.0000000000000000     
   2.0670000000000002       -65.152363459904592       0.31871595221766247        5.2013620170229924E-002  0.60001541704775030        0.0000000000000000     
   2.0680000000000001       -65.152372008204225       0.31871533553559928        5.2013516367273950E-002  0.60001558399929866        0.0000000000000000     
   2.0690000000000000       -65.152380523276335       0.31871471894248410        5.2013412782610381E-002  0.60001575096618009        0.0000000000000000     
   2.0699999999999998       -65.152389005133998       0.31871410243839338        5.2013309416179127E-002  0.60001591794825704        0.0000000000000000     
   2.0710000000000002       -65.152397453790257       0.31871348602340355        5.2013206267920012E-002  0.60001608494539194        0.0000000000000000     
   2.0720000000000001       -65.152405869258203       0.31871286969759094        5.2013103337772780E-002  0.60001625195744757        0.0000000000000000     
   2.0730000000000000       -65.152414251550880       0.31871225346103188        5.2013000625677069E-002  0.60001641898428648        0.0000000000000000     
   2.0739999999999998       -65.152422600681348       0.31871163731380259        5.2012898131572442E-002  0.60001658602577157        0.0000000000000000     
   2.0750000000000002       -65.152430916662681       0.31871102125597928        5.2012795855398378E-002  0.60001675308176561        0.0000000000000000     
   2.0760000000000001       -65.152439199507938       0.31871040528763805        5.2012693797094250E-002  0.60001692015213148        0.0000000000000000     
   2.0770000000000000       -65.152447449230181       0.31870978940885503        5.2012591956599366E-002  0.60001708723673219        0.0000000000000000     
   2.0779999999999998       -65.152455665842467       0.31870917361970630        5.2012490333852933E-002  0.60001725433543085        0.0000000000000000     
   2.0790000000000002       -65.152463849357858       0.31870855792026781        5.2012388928794069E-002  0.60001742144809045        0.0000000000000000     
   2.0800000000000001       -65.152471999789412       0.31870794231061550        5.2012287741361823E-002  0.60001758857457421        0.0000000000000000     
   2.0810000000000000       -65.152480117150176       0.31870732679082525        5.2012186771495147E-002  0.60001775571474536        0.0000000000000000     
   2.0819999999999999       -65.152488201453224       0.31870671136097295        5.2012086019132910E-002  0.60001792286846722        0.0000000000000000     
   2.0830000000000002       -65.152496252711600       0.31870609602113437        5.2011985484213895E-002  0.60001809003560325        0.0000000000000000     
   2.0840000000000001       -65.152504270938380       0.31870548077138527        5.2011885166676805E-002  0.60001825721601687        0.0000000000000000     
   2.0850000000000000       -65.152512256146608       0.31870486561180134        5.2011785066460259E-002  0.60001842440957154        0.0000000000000000     
   2.0859999999999999       -65.152520208349344       0.31870425054245821        5.2011685183502784E-002  0.60001859161613091        0.0000000000000000     
   2.0870000000000002       -65.152528127559634       0.31870363556343151        5.2011585517742834E-002  0.60001875883555877        0.0000000000000000     
   2.0880000000000001       -65.152536013790538       0.31870302067479672        5.2011486069118776E-002  0.60001892606771867        0.0000000000000000     
   2.0890000000000000       -65.152543867055115       0.31870240587662940        5.2011386837568903E-002  0.60001909331247449        0.0000000000000000     
   2.0899999999999999       -65.152551687366412       0.31870179116900493        5.2011287823031410E-002  0.60001926056969013        0.0000000000000000     
   2.0910000000000002       -65.152559474737487       0.31870117655199875        5.2011189025444424E-002  0.60001942783922946        0.0000000000000000     
   2.0920000000000001       -65.152567229181386       0.31870056202568620        5.2011090444745986E-002  0.60001959512095659        0.0000000000000000     
   2.0930000000000000       -65.152574950711170       0.31869994759014253        5.2010992080874056E-002  0.60001976241473554        0.0000000000000000     
   2.0939999999999999       -65.152582639339883       0.31869933324544303        5.2010893933766511E-002  0.60001992972043050        0.0000000000000000     
   2.0950000000000002       -65.152590295080572       0.31869871899166285        5.2010796003361157E-002  0.60002009703790571        0.0000000000000000     
   2.0960000000000001       -65.152597917946295       0.31869810482887712        5.2010698289595710E-002  0.60002026436702538        0.0000000000000000     
   2.0970000000000000       -65.152605507950099       0.31869749075716097        5.2010600792407810E-002  0.60002043170765396        0.0000000000000000     
   2.0979999999999999       -65.152613065105044       0.31869687677658942        5.2010503511735022E-002  0.60002059905965577        0.0000000000000000     
   2.0990000000000002       -65.152620589424160       0.31869626288723751        5.2010406447514833E-002  0.60002076642289537        0.0000000000000000     
   2.1000000000000001       -65.152628080920508       0.31869564908918013        5.2010309599684640E-002  0.60002093379723731        0.0000000000000000     
   2.1010000000000000       -65.152635539607132       0.31869503538249216        5.2010212968181778E-002  0.60002110118254626        0.0000000000000000     
   2.1019999999999999       -65.152642965497080       0.31869442176724849        5.2010116552943492E-002  0.60002126857868698        0.0000000000000000     
   2.1030000000000002       -65.152650358603395       0.31869380824352389        5.2010020353906963E-002  0.60002143598552415        0.0000000000000000     
   2.1040000000000001       -65.152657718939125       0.31869319481139308        5.2009924371009285E-002  0.60002160340292265        0.0000000000000000     
   2.1050000000000000       -65.152665046517328       0.31869258147093077        5.2009828604187472E-002  0.60002177083074748        0.0000000000000000     
   2.1059999999999999       -65.152672341351035       0.31869196822221157        5.2009733053378471E-002  0.60002193826886352        0.0000000000000000     
   2.1070000000000002       -65.152679603453294       0.31869135506531010        5.2009637718519151E-002  0.60002210571713577        0.0000000000000000     
   2.1080000000000001       -65.152686832837148       0.31869074200030090        5.2009542599546307E-002  0.60002227317542944        0.0000000000000000     
   2.1090000000000000       -65.152694029515644       0.31869012902725846        5.2009447696396656E-002  0.60002244064360977        0.0000000000000000     
   2.1099999999999999       -65.152701193501827       0.31868951614625723        5.2009353009006838E-002  0.60002260812154196        0.0000000000000000     
   2.1110000000000002       -65.152708324808728       0.31868890335737160        5.2009258537313426E-002  0.60002277560909134        0.0000000000000000     
   2.1120000000000001       -65.152715423449393       0.31868829066067589        5.2009164281252906E-002  0.60002294310612325        0.0000000000000000     
   2.1130000000000000       -65.152722489436869       0.31868767805624443        5.2009070240761707E-002  0.60002311061250324        0.0000000000000000     
   2.1139999999999999       -65.152729522784199       0.31868706554415138        5.2008976415776176E-002  0.60002327812809686        0.0000000000000000     
   2.1150000000000002       -65.152736523504430       0.31868645312447103        5.2008882806232587E-002  0.60002344565276966        0.0000000000000000     
   2.1160000000000001       -65.152743491610593       0.31868584079727746        5.2008789412067137E-002  0.60002361318638742        0.0000000000000000     
   2.1170000000000000       -65.152750427115720       0.31868522856264475        5.2008696233215961E-002  0.60002378072881579        0.0000000000000000     
   2.1179999999999999       -65.152757330032856       0.31868461642064699        5.2008603269615115E-002  0.60002394827992056        0.0000000000000000     
   2.1190000000000002       -65.152764200375046       0.31868400437135813        5.2008510521200590E-002  0.60002411583956772        0.0000000000000000     
   2.1200000000000001       -65.152771038155322       0.31868339241485211        5.2008417987908298E-002  0.60002428340762315        0.0000000000000000     
   2.1210000000000000       -65.152777843386730       0.31868278055120286        5.2008325669674081E-002  0.60002445098395285        0.0000000000000000     
   2.1219999999999999       -65.152784616082300       0.31868216878048422        5.2008233566433713E-002  0.60002461856842293        0.0000000000000000     
   2.1230000000000002       -65.152791356255079       0.31868155710276996        5.2008141678122892E-002  0.60002478616089960        0.0000000000000000     
   2.1240000000000001       -65.152798063918084       0.31868094551813381        5.2008050004677259E-002  0.60002495376124898        0.0000000000000000     
   2.1250000000000000       -65.152804739084374       0.31868033402664947        5.2007958546032372E-002  0.60002512136933750        0.0000000000000000     
   2.1259999999999999       -65.152811381766966       0.31867972262839062        5.2007867302123721E-002  0.60002528898503138        0.0000000000000000     
   2.1270000000000002       -65.152817991978907       0.31867911132343080        5.2007776272886740E-002  0.60002545660819717        0.0000000000000000     
   2.1280000000000001       -65.152824569733227       0.31867850011184357        5.2007685458256778E-002  0.60002562423870132        0.0000000000000000     
   2.1290000000000000       -65.152831115042957       0.31867788899370242        5.2007594858169123E-002  0.60002579187641047        0.0000000000000000     
   2.1299999999999999       -65.152837627921130       0.31867727796908080        5.2007504472558995E-002  0.60002595952119120        0.0000000000000000     
   2.1310000000000002       -65.152844108380791       0.31867666703805209        5.2007414301361542E-002  0.60002612717291026        0.0000000000000000     
   2.1320000000000001       -65.152850556434956       0.31867605620068967        5.2007324344511850E-002  0.60002629483143444        0.0000000000000000     
   2.1330000000000000       -65.152856972096671       0.31867544545706683        5.2007234601944938E-002  0.60002646249663050        0.0000000000000000     
   2.1339999999999999       -65.152863355378969       0.31867483480725678        5.2007145073595752E-002  0.60002663016836544        0.0000000000000000     
   2.1350000000000002       -65.152869706294865       0.31867422425133274        5.2007055759399179E-002  0.60002679784650625        0.0000000000000000     
   2.1360000000000001       -65.152876024857406       0.31867361378936782        5.2006966659290034E-002  0.60002696553091994        0.0000000000000000     
   2.1370000000000000       -65.152882311079622       0.31867300342143512        5.2006877773203071E-002  0.60002713322147372        0.0000000000000000     
   2.1379999999999999       -65.152888564974532       0.31867239314760770        5.2006789101072967E-002  0.60002730091803469        0.0000000000000000     
   2.1390000000000002       -65.152894786555180       0.31867178296795856        5.2006700642834351E-002  0.60002746862047018        0.0000000000000000     
   2.1400000000000001       -65.152900975834584       0.31867117288256069        5.2006612398421768E-002  0.60002763632864753        0.0000000000000000     
   2.1410000000000000       -65.152907132825774       0.31867056289148693        5.2006524367769716E-002  0.60002780404243405        0.0000000000000000     
   2.1419999999999999       -65.152913257541783       0.31866995299481016        5.2006436550812614E-002  0.60002797176169731        0.0000000000000000     
   2.1430000000000002       -65.152919349995642       0.31866934319260315        5.2006348947484828E-002  0.60002813948630473        0.0000000000000000     
   2.1440000000000001       -65.152925410200368       0.31866873348493863        5.2006261557720652E-002  0.60002830721612399        0.0000000000000000     
   2.1450000000000000       -65.152931438168991       0.31866812387188931        5.2006174381454322E-002  0.60002847495102274        0.0000000000000000     
   2.1459999999999999       -65.152937433914545       0.31866751435352786        5.2006087418620013E-002  0.60002864269086875        0.0000000000000000     
   2.1470000000000002       -65.152943397450045       0.31866690492992689        5.2006000669151828E-002  0.60002881043552991        0.0000000000000000     
   2.1480000000000001       -65.152949328788523       0.31866629560115889        5.2005914132983812E-002  0.60002897818487400        0.0000000000000000     
   2.1490000000000000       -65.152955227943011       0.31866568636729642        5.2005827810049948E-002  0.60002914593876899        0.0000000000000000     
   2.1499999999999999       -65.152961094926525       0.31866507722841192        5.2005741700284151E-002  0.60002931369708290        0.0000000000000000     
   2.1510000000000002       -65.152966929752097       0.31866446818457778        5.2005655803620286E-002  0.60002948145968382        0.0000000000000000     
   2.1520000000000001       -65.152972732432744       0.31866385923586632        5.2005570119992149E-002  0.60002964922643998        0.0000000000000000     
   2.1530000000000000       -65.152978502981497       0.31866325038234988        5.2005484649333474E-002  0.60002981699721947        0.0000000000000000     
   2.1539999999999999       -65.152984241411374       0.31866264162410068        5.2005399391577931E-002  0.60002998477189062        0.0000000000000000     
   2.1550000000000002       -65.152989947735392       0.31866203296119094        5.2005314346659143E-002  0.60003015255032188        0.0000000000000000     
   2.1560000000000001       -65.152995621966582       0.31866142439369283        5.2005229514510656E-002  0.60003032033238168        0.0000000000000000     
   2.1570000000000000       -65.153001264117961       0.31866081592167844        5.2005144895065969E-002  0.60003048811793847        0.0000000000000000     
   2.1579999999999999       -65.153006874202561       0.31866020754521984        5.2005060488258509E-002  0.60003065590686078        0.0000000000000000     
   2.1590000000000003       -65.153012452233398       0.31865959926438903        5.2004976294021656E-002  0.60003082369901728        0.0000000000000000     
   2.1600000000000001       -65.153017998223490       0.31865899107925794        5.2004892312288720E-002  0.60003099149427674        0.0000000000000000     
   2.1610000000000000       -65.153023512185854       0.31865838298989846        5.2004808542992956E-002  0.60003115929250783        0.0000000000000000     
   2.1619999999999999       -65.153028994133521       0.31865777499638248        5.2004724986067563E-002  0.60003132709357943        0.0000000000000000     
   2.1630000000000003       -65.153034444079495       0.31865716709878178        5.2004641641445679E-002  0.60003149489736052        0.0000000000000000     
   2.1640000000000001       -65.153039862036806       0.31865655929716818        5.2004558509060383E-002  0.60003166270371999        0.0000000000000000     
   2.1650000000000000       -65.153045248018472       0.31865595159161331        5.2004475588844697E-002  0.60003183051252695        0.0000000000000000     
   2.1659999999999999       -65.153050602037510       0.31865534398218887        5.2004392880731581E-002  0.60003199832365051        0.0000000000000000     
   2.1670000000000003       -65.153055924106937       0.31865473646896647        5.2004310384653946E-002  0.60003216613695987        0.0000000000000000     
   2.1680000000000001       -65.153061214239770       0.31865412905201768        5.2004228100544642E-002  0.60003233395232425        0.0000000000000000     
   2.1690000000000000       -65.153066472449041       0.31865352173141398        5.2004146028336459E-002  0.60003250176961298        0.0000000000000000     
   2.1699999999999999       -65.153071698747752       0.31865291450722683        5.2004064167962140E-002  0.60003266958869550        0.0000000000000000     
   2.1710000000000003       -65.153076893148921       0.31865230737952766        5.2003982519354355E-002  0.60003283740944124        0.0000000000000000     
   2.1720000000000002       -65.153082055665564       0.31865170034838786        5.2003901082445729E-002  0.60003300523171976        0.0000000000000000     
   2.1730000000000000       -65.153087186310700       0.31865109341387871        5.2003819857168836E-002  0.60003317305540060        0.0000000000000000     
   2.1739999999999999       -65.153092285097330       0.31865048657607142        5.2003738843456181E-002  0.60003334088035343        0.0000000000000000     
   2.1750000000000003       -65.153097352038486       0.31864987983503729        5.2003658041240221E-002  0.60003350870644800        0.0000000000000000     
   2.1760000000000002       -65.153102387147172       0.31864927319084746        5.2003577450453364E-002  0.60003367653355411        0.0000000000000000     
   2.1770000000000000       -65.153107390436404       0.31864866664357305        5.2003497071027950E-002  0.60003384436154172        0.0000000000000000     
   2.1779999999999999       -65.153112361919199       0.31864806019328512        5.2003416902896275E-002  0.60003401219028063        0.0000000000000000     
   2.1789999999999998       -65.153117301608575       0.31864745384005466        5.2003336945990575E-002  0.60003418001964093        0.0000000000000000     
   2.1800000000000002       -65.153122209517534       0.31864684758395267        5.2003257200243035E-002  0.60003434784949272        0.0000000000000000     
   2.1810000000000000       -65.153127085659094       0.31864624142505005        5.2003177665585779E-002  0.60003451567970612        0.0000000000000000     
   2.1819999999999999       -65.153131930046271       0.31864563536341767        5.2003098341950889E-002  0.60003468351015132        0.0000000000000000     
   2.1829999999999998       -65.153136742692070       0.31864502939912637        5.2003019229270385E-002  0.60003485134069867        0.0000000000000000     
   2.1840000000000002       -65.153141523609506       0.31864442353224692        5.2002940327476245E-002  0.60003501917121838        0.0000000000000000     
   2.1850000000000001       -65.153146272811583       0.31864381776285000        5.2002861636500378E-002  0.60003518700158098        0.0000000000000000     
   2.1859999999999999       -65.153150990311318       0.31864321209100632        5.2002783156274650E-002  0.60003535483165693        0.0000000000000000     
   2.1869999999999998       -65.153155676121727       0.31864260651678650        5.2002704886730873E-002  0.60003552266131688        0.0000000000000000     
   2.1880000000000002       -65.153160330255815       0.31864200104026114        5.2002626827800803E-002  0.60003569049043137        0.0000000000000000     
   2.1890000000000001       -65.153164952726584       0.31864139566150074        5.2002548979416155E-002  0.60003585831887107        0.0000000000000000     
   2.1899999999999999       -65.153169543547051       0.31864079038057574        5.2002471341508580E-002  0.60003602614650675        0.0000000000000000     
   2.1909999999999998       -65.153174102730219       0.31864018519755660        5.2002393914009681E-002  0.60003619397320929        0.0000000000000000     
   2.1920000000000002       -65.153178630289105       0.31863958011251370        5.2002316696851021E-002  0.60003636179884956        0.0000000000000000     
   2.1930000000000001       -65.153183126236712       0.31863897512551737        5.2002239689964098E-002  0.60003652962329856        0.0000000000000000     
   2.1940000000000000       -65.153187590586043       0.31863837023663788        5.2002162893280364E-002  0.60003669744642729        0.0000000000000000     
   2.1949999999999998       -65.153192023350115       0.31863776544594552        5.2002086306731220E-002  0.60003686526810684        0.0000000000000000     
   2.1960000000000002       -65.153196424541918       0.31863716075351040        5.2002009930248019E-002  0.60003703308820844        0.0000000000000000     
   2.1970000000000001       -65.153200794174467       0.31863655615940267        5.2001933763762061E-002  0.60003720090660329        0.0000000000000000     
   2.1980000000000000       -65.153205132260780       0.31863595166369241        5.2001857807204600E-002  0.60003736872316271        0.0000000000000000     
   2.1989999999999998       -65.153209438813846       0.31863534726644965        5.2001782060506839E-002  0.60003753653775804        0.0000000000000000     
   2.2000000000000002       -65.153213713846682       0.31863474296774441        5.2001706523599929E-002  0.60003770435026071        0.0000000000000000     
   2.2010000000000001       -65.153217957372277       0.31863413876764657        5.2001631196414974E-002  0.60003787216054227        0.0000000000000000     
   2.2020000000000000       -65.153222169403648       0.31863353466622607        5.2001556078883029E-002  0.60003803996847438        0.0000000000000000     
   2.2029999999999998       -65.153226349953798       0.31863293066355269        5.2001481170935109E-002  0.60003820777392858        0.0000000000000000     
   2.2040000000000002       -65.153230499035729       0.31863232675969627        5.2001406472502162E-002  0.60003837557677664        0.0000000000000000     
   2.2050000000000001       -65.153234616662445       0.31863172295472653        5.2001331983515101E-002  0.60003854337689033        0.0000000000000000     
   2.2060000000000000       -65.153238702846949       0.31863111924871318        5.2001257703904791E-002  0.60003871117414154        0.0000000000000000     
   2.2069999999999999       -65.153242757602243       0.31863051564172584        5.2001183633602045E-002  0.60003887896840213        0.0000000000000000     
   2.2080000000000002       -65.153246780941330       0.31862991213383413        5.2001109772537628E-002  0.60003904675954411        0.0000000000000000     
   2.2090000000000001       -65.153250772877215       0.31862930872510759        5.2001036120642261E-002  0.60003921454743958        0.0000000000000000     
   2.2100000000000000       -65.153254733422898       0.31862870541561567        5.2000962677846617E-002  0.60003938233196064        0.0000000000000000     
   2.2109999999999999       -65.153258662591369       0.31862810220542787        5.2000889444081322E-002  0.60003955011297949        0.0000000000000000     
   2.2120000000000002       -65.153262560395646       0.31862749909461358        5.2000816419276959E-002  0.60003971789036836        0.0000000000000000     
   2.2130000000000001       -65.153266426848717       0.31862689608324213        5.2000743603364062E-002  0.60003988566399968        0.0000000000000000     
   2.2140000000000000       -65.153270261963584       0.31862629317138280        5.2000670996273111E-002  0.60004005343374578        0.0000000000000000     
   2.2149999999999999       -65.153274065753251       0.31862569035910487        5.2000598597934551E-002  0.60004022119947908        0.0000000000000000     
   2.2160000000000002       -65.153277838230721       0.31862508764647757        5.2000526408278777E-002  0.60004038896107215        0.0000000000000000     
   2.2170000000000001       -65.153281579408983       0.31862448503356999        5.2000454427236144E-002  0.60004055671839762        0.0000000000000000     
   2.2180000000000000       -65.153285289301039       0.31862388252045126        5.2000382654736950E-002  0.60004072447132817        0.0000000000000000     
   2.2189999999999999       -65.153288967919877       0.31862328010719043        5.2000311090711453E-002  0.60004089221973655        0.0000000000000000     
   2.2200000000000002       -65.153292615278517       0.31862267779385650        5.2000239735089875E-002  0.60004105996349555        0.0000000000000000     
   2.2210000000000001       -65.153296231389945       0.31862207558051847        5.2000168587802376E-002  0.60004122770247803        0.0000000000000000     
   2.2220000000000000       -65.153299816267150       0.31862147346724523        5.2000097648779088E-002  0.60004139543655688        0.0000000000000000     
   2.2229999999999999       -65.153303369923137       0.31862087145410561        5.2000026917950096E-002  0.60004156316560520        0.0000000000000000     
   2.2240000000000002       -65.153306892370907       0.31862026954116845        5.1999956395245434E-002  0.60004173088949608        0.0000000000000000     
   2.2250000000000001       -65.153310383623449       0.31861966772850253        5.1999886080595088E-002  0.60004189860810264        0.0000000000000000     
   2.2260000000000000       -65.153313843693752       0.31861906601617651        5.1999815973929019E-002  0.60004206632129808        0.0000000000000000     
   2.2269999999999999       -65.153317272594819       0.31861846440425912        5.1999746075177128E-002  0.60004223402895562        0.0000000000000000     
   2.2280000000000002       -65.153320670339653       0.31861786289281890        5.1999676384269278E-002  0.60004240173094869        0.0000000000000000     
   2.2290000000000001       -65.153324036941243       0.31861726148192449        5.1999606901135288E-002  0.60004256942715073        0.0000000000000000     
   2.2300000000000000       -65.153327372412576       0.31861666017164436        5.1999537625704938E-002  0.60004273711743528        0.0000000000000000     
   2.2309999999999999       -65.153330676766643       0.31861605896204698        5.1999468557907963E-002  0.60004290480167577        0.0000000000000000     
   2.2320000000000002       -65.153333950016446       0.31861545785320083        5.1999399697674059E-002  0.60004307247974586        0.0000000000000000     
   2.2330000000000001       -65.153337192174973       0.31861485684517421        5.1999331044932873E-002  0.60004324015151933        0.0000000000000000     
   2.2340000000000000       -65.153340403255228       0.31861425593803550        5.1999262599614009E-002  0.60004340781686982        0.0000000000000000     
   2.2349999999999999       -65.153343583270200       0.31861365513185291        5.1999194361647037E-002  0.60004357547567122        0.0000000000000000     
   2.2360000000000002       -65.153346732232876       0.31861305442669474        5.1999126330961480E-002  0.60004374312779740        0.0000000000000000     
   2.2370000000000001       -65.153349850156246       0.31861245382262915        5.1999058507486824E-002  0.60004391077312236        0.0000000000000000     
   2.2380000000000000       -65.153352937053299       0.31861185331972425        5.1998990891152508E-002  0.60004407841152008        0.0000000000000000     
   2.2389999999999999       -65.153355992937023       0.31861125291804809        5.1998923481887935E-002  0.60004424604286466        0.0000000000000000     
   2.2400000000000002       -65.153359017820421       0.31861065261766874        5.1998856279622467E-002  0.60004441366703032        0.0000000000000000     
   2.2410000000000001       -65.153362011716482       0.31861005241865420        5.1998789284285425E-002  0.60004458128389127        0.0000000000000000     
   2.2420000000000000       -65.153364974638180       0.31860945232107235        5.1998722495806081E-002  0.60004474889332182        0.0000000000000000     
   2.2429999999999999       -65.153367906598518       0.31860885232499114        5.1998655914113678E-002  0.60004491649519631        0.0000000000000000     
   2.2440000000000002       -65.153370807610486       0.31860825243047836        5.1998589539137420E-002  0.60004508408938917        0.0000000000000000     
   2.2450000000000001       -65.153373677687071       0.31860765263760182        5.1998523370806460E-002  0.60004525167577494        0.0000000000000000     
   2.2460000000000000       -65.153376516841249       0.31860705294642927        5.1998457409049917E-002  0.60004541925422827        0.0000000000000000     
   2.2469999999999999       -65.153379325086021       0.31860645335702836        5.1998391653796876E-002  0.60004558682462372        0.0000000000000000     
   2.2480000000000002       -65.153382102434378       0.31860585386946677        5.1998326104976372E-002  0.60004575438683594        0.0000000000000000     
   2.2490000000000001       -65.153384848899293       0.31860525448381211        5.1998260762517408E-002  0.60004592194073980        0.0000000000000000     
   2.2500000000000000       -65.153387564493755       0.31860465520013187        5.1998195626348949E-002  0.60004608948621019        0.0000000000000000     
   2.2509999999999999       -65.153390249230753       0.31860405601849362        5.1998130696399913E-002  0.60004625702312187        0.0000000000000000     
   2.2520000000000002       -65.153392903123276       0.31860345693896475        5.1998065972599192E-002  0.60004642455134993        0.0000000000000000     
   2.2530000000000001       -65.153395526184312       0.31860285796161270        5.1998001454875632E-002  0.60004659207076938        0.0000000000000000     
   2.2540000000000000       -65.153398118426850       0.31860225908650480        5.1997937143158042E-002  0.60004675958125531        0.0000000000000000     
   2.2549999999999999       -65.153400679863864       0.31860166031370835        5.1997873037375186E-002  0.60004692708268303        0.0000000000000000     
   2.2560000000000002       -65.153403210508344       0.31860106164329061        5.1997809137455803E-002  0.60004709457492766        0.0000000000000000     
   2.2570000000000001       -65.153405710373278       0.31860046307531875        5.1997745443328587E-002  0.60004726205786452        0.0000000000000000     
   2.2580000000000000       -65.153408179471640       0.31859986460986001        5.1997681954922194E-002  0.60004742953136903        0.0000000000000000     
   2.2589999999999999       -65.153410617816419       0.31859926624698143        5.1997618672165249E-002  0.60004759699531673        0.0000000000000000     
   2.2600000000000002       -65.153413025420591       0.31859866798675013        5.1997555594986332E-002  0.60004776444958308        0.0000000000000000     
   2.2610000000000001       -65.153415402297142       0.31859806982923305        5.1997492723313984E-002  0.60004793189404360        0.0000000000000000     
   2.2620000000000000       -65.153417748459063       0.31859747177449721        5.1997430057076723E-002  0.60004809932857406        0.0000000000000000     
   2.2629999999999999       -65.153420063919327       0.31859687382260948        5.1997367596203020E-002  0.60004826675305012        0.0000000000000000     
   2.2640000000000002       -65.153422348690924       0.31859627597363677        5.1997305340621310E-002  0.60004843416734754        0.0000000000000000     
   2.2650000000000001       -65.153424602786828       0.31859567822764590        5.1997243290259995E-002  0.60004860157134221        0.0000000000000000     
   2.2660000000000000       -65.153426826220013       0.31859508058470365        5.1997181445047433E-002  0.60004876896491011        0.0000000000000000     
   2.2669999999999999       -65.153429019003468       0.31859448304487670        5.1997119804911958E-002  0.60004893634792722        0.0000000000000000     
   2.2680000000000002       -65.153431181150182       0.31859388560823176        5.1997058369781864E-002  0.60004910372026954        0.0000000000000000     
   2.2690000000000001       -65.153433312673130       0.31859328827483541        5.1996997139585402E-002  0.60004927108181327        0.0000000000000000     
   2.2700000000000000       -65.153435413585285       0.31859269104475429        5.1996936114250804E-002  0.60004943843243452        0.0000000000000000     
   2.2709999999999999       -65.153437483899623       0.31859209391805487        5.1996875293706245E-002  0.60004960577200961        0.0000000000000000     
   2.2720000000000002       -65.153439523629132       0.31859149689480365        5.1996814677879880E-002  0.60004977310041496        0.0000000000000000     
   2.2730000000000001       -65.153441532786786       0.31859089997506707        5.1996754266699828E-002  0.60004994041752679        0.0000000000000000     
   2.2740000000000000       -65.153443511385561       0.31859030315891151        5.1996694060094169E-002  0.60005010772322176        0.0000000000000000     
   2.2749999999999999       -65.153445459438430       0.31858970644640333        5.1996634057990952E-002  0.60005027501737629        0.0000000000000000     
   2.2760000000000002       -65.153447376958383       0.31858910983760880        5.1996574260318187E-002  0.60005044229986704        0.0000000000000000     
   2.2770000000000001       -65.153449263958393       0.31858851333259414        5.1996514667003856E-002  0.60005060957057055        0.0000000000000000     
   2.2780000000000000       -65.153451120451436       0.31858791693142557        5.1996455277975903E-002  0.60005077682936370        0.0000000000000000     
   2.2789999999999999       -65.153452946450486       0.31858732063416922        5.1996396093162235E-002  0.60005094407612325        0.0000000000000000     
   2.2800000000000002       -65.153454741968517       0.31858672444089120        5.1996337112490736E-002  0.60005111131072608        0.0000000000000000     
   2.2810000000000001       -65.153456507018504       0.31858612835165756        5.1996278335889240E-002  0.60005127853304918        0.0000000000000000     
   2.2820000000000000       -65.153458241613421       0.31858553236653425        5.1996219763285563E-002  0.60005144574296942        0.0000000000000000     
   2.2829999999999999       -65.153459945766244       0.31858493648558728        5.1996161394607485E-002  0.60005161294036402        0.0000000000000000     
   2.2840000000000003       -65.153461619489946       0.31858434070888253        5.1996103229782743E-002  0.60005178012511007        0.0000000000000000     
   2.2850000000000001       -65.153463262797501       0.31858374503648584        5.1996045268739050E-002  0.60005194729708478        0.0000000000000000     
   2.2860000000000000       -65.153464875701886       0.31858314946846306        5.1995987511404086E-002  0.60005211445616535        0.0000000000000000     
   2.2869999999999999       -65.153466458216073       0.31858255400487989        5.1995929957705495E-002  0.60005228160222923        0.0000000000000000     
   2.2880000000000003       -65.153468010353038       0.31858195864580208        5.1995872607570888E-002  0.60005244873515384        0.0000000000000000     
   2.2890000000000001       -65.153469532125740       0.31858136339129522        5.1995815460927852E-002  0.60005261585481662        0.0000000000000000     
   2.2900000000000000       -65.153471023547169       0.31858076824142501        5.1995758517703931E-002  0.60005278296109510        0.0000000000000000     
   2.2909999999999999       -65.153472484630285       0.31858017319625698        5.1995701777826642E-002  0.60005295005386694        0.0000000000000000     
   2.2920000000000003       -65.153473915388062       0.31857957825585664        5.1995645241223472E-002  0.60005311713300979        0.0000000000000000     
   2.2930000000000001       -65.153475315833461       0.31857898342028945        5.1995588907821869E-002  0.60005328419840143        0.0000000000000000     
   2.2940000000000000       -65.153476685979470       0.31857838868962085        5.1995532777549258E-002  0.60005345124991960        0.0000000000000000     
   2.2949999999999999       -65.153478025839050       0.31857779406391623        5.1995476850333032E-002  0.60005361828744219        0.0000000000000000     
   2.2960000000000003       -65.153479335425160       0.31857719954324087        5.1995421126100547E-002  0.60005378531084719        0.0000000000000000     
   2.2970000000000002       -65.153480614750791       0.31857660512766006        5.1995365604779131E-002  0.60005395232001268        0.0000000000000000     
   2.2980000000000000       -65.153481863828901       0.31857601081723907        5.1995310286296080E-002  0.60005411931481667        0.0000000000000000     
   2.2989999999999999       -65.153483082672452       0.31857541661204303        5.1995255170578666E-002  0.60005428629513735        0.0000000000000000     
   2.3000000000000003       -65.153484271294417       0.31857482251213709        5.1995200257554122E-002  0.60005445326085294        0.0000000000000000     
   2.3010000000000002       -65.153485429707771       0.31857422851758632        5.1995145547149652E-002  0.60005462021184164        0.0000000000000000     
   2.3020000000000000       -65.153486557925476       0.31857363462845578        5.1995091039292431E-002  0.60005478714798188        0.0000000000000000     
   2.3029999999999999       -65.153487655960490       0.31857304084481047        5.1995036733909601E-002  0.60005495406915210        0.0000000000000000     
   2.3040000000000003       -65.153488723825788       0.31857244716671529        5.1994982630928284E-002  0.60005512097523084        0.0000000000000000     
   2.3050000000000002       -65.153489761534331       0.31857185359423518        5.1994928730275558E-002  0.60005528786609652        0.0000000000000000     
   2.3060000000000000       -65.153490769099093       0.31857126012743492        5.1994875031878482E-002  0.60005545474162780        0.0000000000000000     
   2.3069999999999999       -65.153491746533035       0.31857066676637935        5.1994821535664086E-002  0.60005562160170345        0.0000000000000000     
   2.3079999999999998       -65.153492693849117       0.31857007351113326        5.1994768241559360E-002  0.60005578844620222        0.0000000000000000     
   2.3090000000000002       -65.153493611060313       0.31856948036176125        5.1994715149491270E-002  0.60005595527500288        0.0000000000000000     
   2.3100000000000001       -65.153494498179583       0.31856888731832805        5.1994662259386759E-002  0.60005612208798431        0.0000000000000000     
   2.3109999999999999       -65.153495355219889       0.31856829438089823        5.1994609571172738E-002  0.60005628888502549        0.0000000000000000     
   2.3119999999999998       -65.153496182194203       0.31856770154953634        5.1994557084776079E-002  0.60005645566600552        0.0000000000000000     
   2.3130000000000002       -65.153496979115474       0.31856710882430694        5.1994504800123638E-002  0.60005662243080338        0.0000000000000000     
   2.3140000000000001       -65.153497745996674       0.31856651620527443        5.1994452717142238E-002  0.60005678917929828        0.0000000000000000     
   2.3149999999999999       -65.153498482850765       0.31856592369250325        5.1994400835758674E-002  0.60005695591136943        0.0000000000000000     
   2.3159999999999998       -65.153499189690706       0.31856533128605780        5.1994349155899712E-002  0.60005712262689614        0.0000000000000000     
   2.3170000000000002       -65.153499866529458       0.31856473898600235        5.1994297677492092E-002  0.60005728932575775        0.0000000000000000     
   2.3180000000000001       -65.153500513379981       0.31856414679240119        5.1994246400462518E-002  0.60005745600783378        0.0000000000000000     
   2.3190000000000000       -65.153501130255236       0.31856355470531850        5.1994195324737674E-002  0.60005762267300367        0.0000000000000000     
   2.3199999999999998       -65.153501717168183       0.31856296272481849        5.1994144450244216E-002  0.60005778932114695        0.0000000000000000     
   2.3210000000000002       -65.153502274131782       0.31856237085096528        5.1994093776908772E-002  0.60005795595214328        0.0000000000000000     
   2.3220000000000001       -65.153502801158993       0.31856177908382294        5.1994043304657941E-002  0.60005812256587232        0.0000000000000000     
   2.3230000000000000       -65.153503298262777       0.31856118742345552        5.1993993033418291E-002  0.60005828916221382        0.0000000000000000     
   2.3239999999999998       -65.153503765456080       0.31856059586992702        5.1993942963116373E-002  0.60005845574104766        0.0000000000000000     
   2.3250000000000002       -65.153504202751876       0.31856000442330135        5.1993893093678696E-002  0.60005862230225382        0.0000000000000000     
   2.3260000000000001       -65.153504610163111       0.31855941308364238        5.1993843425031758E-002  0.60005878884571218        0.0000000000000000     
   2.3270000000000000       -65.153504987702760       0.31855882185101397        5.1993793957102026E-002  0.60005895537130272        0.0000000000000000     
   2.3279999999999998       -65.153505335383770       0.31855823072547990        5.1993744689815928E-002  0.60005912187890564        0.0000000000000000     
   2.3290000000000002       -65.153505653219085       0.31855763970710393        5.1993695623099884E-002  0.60005928836840106        0.0000000000000000     
   2.3300000000000001       -65.153505941221681       0.31855704879594976        5.1993646756880271E-002  0.60005945483966916        0.0000000000000000     
   2.3310000000000000       -65.153506199404504       0.31855645799208099        5.1993598091083455E-002  0.60005962129259027        0.0000000000000000     
   2.3319999999999999       -65.153506427780499       0.31855586729556129        5.1993549625635765E-002  0.60005978772704482        0.0000000000000000     
   2.3330000000000002       -65.153506626362642       0.31855527670645417        5.1993501360463504E-002  0.60005995414291324        0.0000000000000000     
   2.3340000000000001       -65.153506795163878       0.31855468622482314        5.1993453295492952E-002  0.60006012054007596        0.0000000000000000     
   2.3350000000000000       -65.153506934197154       0.31855409585073163        5.1993405430650369E-002  0.60006028691841362        0.0000000000000000     
   2.3359999999999999       -65.153507043475429       0.31855350558424311        5.1993357765861982E-002  0.60006045327780677        0.0000000000000000     
   2.3370000000000002       -65.153507123011664       0.31855291542542091        5.1993310301053995E-002  0.60006061961813617        0.0000000000000000     
   2.3380000000000001       -65.153507172818806       0.31855232537432837        5.1993263036152586E-002  0.60006078593928258        0.0000000000000000     
   2.3390000000000000       -65.153507192909800       0.31855173543102872        5.1993215971083903E-002  0.60006095224112688        0.0000000000000000     
   2.3399999999999999       -65.153507183297606       0.31855114559558517        5.1993169105774076E-002  0.60006111852354993        0.0000000000000000     
   2.3410000000000002       -65.153507143995171       0.31855055586806091        5.1993122440149211E-002  0.60006128478643272        0.0000000000000000     
   2.3420000000000001       -65.153507075015455       0.31854996624851911        5.1993075974135383E-002  0.60006145102965625        0.0000000000000000     
   2.3430000000000000       -65.153506976371403       0.31854937673702277        5.1993029707658650E-002  0.60006161725310159        0.0000000000000000     
   2.3439999999999999       -65.153506848075963       0.31854878733363495        5.1992983640645037E-002  0.60006178345664996        0.0000000000000000     
   2.3450000000000002       -65.153506690142081       0.31854819803841866        5.1992937773020553E-002  0.60006194964018267        0.0000000000000000     
   2.3460000000000001       -65.153506502582715       0.31854760885143679        5.1992892104711169E-002  0.60006211580358093        0.0000000000000000     
   2.3470000000000000       -65.153506285410813       0.31854701977275224        5.1992846635642846E-002  0.60006228194672606        0.0000000000000000     
   2.3479999999999999       -65.153506038639321       0.31854643080242789        5.1992801365741519E-002  0.60006244806949960        0.0000000000000000     
   2.3490000000000002       -65.153505762281185       0.31854584194052649        5.1992756294933093E-002  0.60006261417178308        0.0000000000000000     
   2.3500000000000001       -65.153505456349350       0.31854525318711080        5.1992711423143448E-002  0.60006278025345794        0.0000000000000000     
   2.3510000000000000       -65.153505120856778       0.31854466454224351        5.1992666750298448E-002  0.60006294631440593        0.0000000000000000     
   2.3519999999999999       -65.153504755816400       0.31854407600598722        5.1992622276323931E-002  0.60006311235450871        0.0000000000000000     
   2.3530000000000002       -65.153504361241176       0.31854348757840462        5.1992578001145706E-002  0.60006327837364803        0.0000000000000000     
   2.3540000000000001       -65.153503937144038       0.31854289925955820        5.1992533924689568E-002  0.60006344437170578        0.0000000000000000     
   2.3550000000000000       -65.153503483537946       0.31854231104951047        5.1992490046881279E-002  0.60006361034856381        0.0000000000000000     
   2.3559999999999999       -65.153503000435833       0.31854172294832395        5.1992446367646585E-002  0.60006377630410412        0.0000000000000000     
   2.3570000000000002       -65.153502487850659       0.31854113495606096        5.1992402886911204E-002  0.60006394223820880        0.0000000000000000     
   2.3580000000000001       -65.153501945795355       0.31854054707278390        5.1992359604600837E-002  0.60006410815075983        0.0000000000000000     
   2.3590000000000000       -65.153501374282868       0.31853995929855511        5.1992316520641152E-002  0.60006427404163942        0.0000000000000000     
   2.3599999999999999       -65.153500773326144       0.31853937163343687        5.1992273634957800E-002  0.60006443991072989        0.0000000000000000     
   2.3610000000000002       -65.153500142938114       0.31853878407749137        5.1992230947476417E-002  0.60006460575791354        0.0000000000000000     
   2.3620000000000001       -65.153499483131725       0.31853819663078076        5.1992188458122611E-002  0.60006477158307259        0.0000000000000000     
   2.3630000000000000       -65.153498793919937       0.31853760929336722        5.1992146166821962E-002  0.60006493738608968        0.0000000000000000     
   2.3639999999999999       -65.153498075315667       0.31853702206531281        5.1992104073500030E-002  0.60006510316684714        0.0000000000000000     
   2.3650000000000002       -65.153497327331877       0.31853643494667955        5.1992062178082360E-002  0.60006526892522760        0.0000000000000000     
   2.3660000000000001       -65.153496549981497       0.31853584793752943        5.1992020480494471E-002  0.60006543466111373        0.0000000000000000     
   2.3670000000000000       -65.153495743277460       0.31853526103792440        5.1991978980661858E-002  0.60006560037438827        0.0000000000000000     
   2.3679999999999999       -65.153494907232727       0.31853467424792631        5.1991937678509993E-002  0.60006576606493389        0.0000000000000000     
   2.3690000000000002       -65.153494041860213       0.31853408756759705        5.1991896573964337E-002  0.60006593173263345        0.0000000000000000     
   2.3700000000000001       -65.153493147172881       0.31853350099699840        5.1991855666950311E-002  0.60006609737736993        0.0000000000000000     
   2.3710000000000000       -65.153492223183648       0.31853291453619209        5.1991814957393336E-002  0.60006626299902621        0.0000000000000000     
   2.3719999999999999       -65.153491269905459       0.31853232818523985        5.1991774445218790E-002  0.60006642859748538        0.0000000000000000     
   2.3730000000000002       -65.153490287351261       0.31853174194420331        5.1991734130352046E-002  0.60006659417263053        0.0000000000000000     
   2.3740000000000001       -65.153489275533985       0.31853115581314412        5.1991694012718449E-002  0.60006675972434487        0.0000000000000000     
   2.3750000000000000       -65.153488234466565       0.31853056979212380        5.1991654092243329E-002  0.60006692525251160        0.0000000000000000     
   2.3759999999999999       -65.153487164161945       0.31852998388120385        5.1991614368851989E-002  0.60006709075701403        0.0000000000000000     
   2.3770000000000002       -65.153486064633057       0.31852939808044572        5.1991574842469711E-002  0.60006725623773549        0.0000000000000000     
   2.3780000000000001       -65.153484935892834       0.31852881238991088        5.1991535513021755E-002  0.60006742169455940        0.0000000000000000     
   2.3790000000000000       -65.153483777954207       0.31852822680966070        5.1991496380433370E-002  0.60006758712736930        0.0000000000000000     
   2.3799999999999999       -65.153482590830109       0.31852764133975647        5.1991457444629782E-002  0.60006775253604883        0.0000000000000000     
   2.3810000000000002       -65.153481374533484       0.31852705598025943        5.1991418705536183E-002  0.60006791792048153        0.0000000000000000     
   2.3820000000000001       -65.153480129077266       0.31852647073123086        5.1991380163077763E-002  0.60006808328055117        0.0000000000000000     
   2.3830000000000000       -65.153478854474386       0.31852588559273193        5.1991341817179682E-002  0.60006824861614150        0.0000000000000000     
   2.3839999999999999       -65.153477550737762       0.31852530056482381        5.1991303667767073E-002  0.60006841392713628        0.0000000000000000     
   2.3850000000000002       -65.153476217880339       0.31852471564756751        5.1991265714765068E-002  0.60006857921341950        0.0000000000000000     
   2.3860000000000001       -65.153474855915050       0.31852413084102416        5.1991227958098768E-002  0.60006874447487502        0.0000000000000000     
   2.3870000000000000       -65.153473464854827       0.31852354614525469        5.1991190397693253E-002  0.60006890971138704        0.0000000000000000     
   2.3879999999999999       -65.153472044712601       0.31852296156032006        5.1991153033473583E-002  0.60006907492283956        0.0000000000000000     
   2.3890000000000002       -65.153470595501290       0.31852237708628117        5.1991115865364805E-002  0.60006924010911666        0.0000000000000000     
   2.3900000000000001       -65.153469117233840       0.31852179272319886        5.1991078893291943E-002  0.60006940527010277        0.0000000000000000     
   2.3910000000000000       -65.153467609923169       0.31852120847113391        5.1991042117180003E-002  0.60006957040568210        0.0000000000000000     
   2.3919999999999999       -65.153466073582209       0.31852062433014716        5.1991005536953967E-002  0.60006973551573894        0.0000000000000000     
   2.3930000000000002       -65.153464508223891       0.31852004030029923        5.1990969152538806E-002  0.60006990060015775        0.0000000000000000     
   2.3940000000000001       -65.153462913861148       0.31851945638165086        5.1990932963859461E-002  0.60007006565882304        0.0000000000000000     
   2.3950000000000000       -65.153461290506897       0.31851887257426259        5.1990896970840868E-002  0.60007023069161947        0.0000000000000000     
   2.3959999999999999       -65.153459638174070       0.31851828887819505        5.1990861173407926E-002  0.60007039569843157        0.0000000000000000     
   2.3970000000000002       -65.153457956875585       0.31851770529350870        5.1990825571485537E-002  0.60007056067914410        0.0000000000000000     
   2.3980000000000001       -65.153456246624373       0.31851712182026404        5.1990790164998572E-002  0.60007072563364172        0.0000000000000000     
   2.3990000000000000       -65.153454507433366       0.31851653845852151        5.1990754953871877E-002  0.60007089056180940        0.0000000000000000     
   2.3999999999999999       -65.153452739315483       0.31851595520834153        5.1990719938030297E-002  0.60007105546353190        0.0000000000000000     
   2.4010000000000002       -65.153450942283655       0.31851537206978436        5.1990685117398648E-002  0.60007122033869431        0.0000000000000000     
   2.4020000000000001       -65.153449116350799       0.31851478904291031        5.1990650491901727E-002  0.60007138518718151        0.0000000000000000     
   2.4030000000000000       -65.153447261529834       0.31851420612777964        5.1990616061464316E-002  0.60007155000887868        0.0000000000000000     
   2.4039999999999999       -65.153445377833691       0.31851362332445249        5.1990581826011177E-002  0.60007171480367105        0.0000000000000000     
   2.4050000000000002       -65.153443465275302       0.31851304063298908        5.1990547785467058E-002  0.60007187957144370        0.0000000000000000     
   2.4060000000000001       -65.153441523867571       0.31851245805344947        5.1990513939756684E-002  0.60007204431208205        0.0000000000000000     
   2.4070000000000000       -65.153439553623429       0.31851187558589367        5.1990480288804763E-002  0.60007220902547143        0.0000000000000000     
   2.4079999999999999       -65.153437554555794       0.31851129323038174        5.1990446832535994E-002  0.60007237371149724        0.0000000000000000     
   2.4090000000000003       -65.153435526677583       0.31851071098697364        5.1990413570875048E-002  0.60007253837004493        0.0000000000000000     
   2.4100000000000001       -65.153433470001730       0.31851012885572927        5.1990380503746582E-002  0.60007270300100013        0.0000000000000000     
   2.4110000000000000       -65.153431384541136       0.31850954683670846        5.1990347631075233E-002  0.60007286760424838        0.0000000000000000     
   2.4119999999999999       -65.153429270308735       0.31850896492997105        5.1990314952785631E-002  0.60007303217967545        0.0000000000000000     
   2.4130000000000003       -65.153427127317443       0.31850838313557683        5.1990282468802378E-002  0.60007319672716708        0.0000000000000000     
   2.4140000000000001       -65.153424955580164       0.31850780145358548        5.1990250179050061E-002  0.60007336124660904        0.0000000000000000     
   2.4150000000000000       -65.153422755109830       0.31850721988405672        5.1990218083453256E-002  0.60007352573788730        0.0000000000000000     
   2.4159999999999999       -65.153420525919358       0.31850663842705013        5.1990186181936515E-002  0.60007369020088774        0.0000000000000000     
   2.4170000000000003       -65.153418268021653       0.31850605708262536        5.1990154474424378E-002  0.60007385463549645        0.0000000000000000     
   2.4180000000000001       -65.153415981429646       0.31850547585084188        5.1990122960841365E-002  0.60007401904159952        0.0000000000000000     
   2.4190000000000000       -65.153413666156240       0.31850489473175919        5.1990091641111985E-002  0.60007418341908303        0.0000000000000000     
   2.4199999999999999       -65.153411322214353       0.31850431372543675        5.1990060515160724E-002  0.60007434776783330        0.0000000000000000     
   2.4210000000000003       -65.153408949616903       0.31850373283193395        5.1990029582912052E-002  0.60007451208773654        0.0000000000000000     
   2.4220000000000002       -65.153406548376807       0.31850315205131013        5.1989998844290425E-002  0.60007467637867906        0.0000000000000000     
   2.4230000000000000       -65.153404118506984       0.31850257138362464        5.1989968299220285E-002  0.60007484064054739        0.0000000000000000     
   2.4239999999999999       -65.153401660020336       0.31850199082893671        5.1989937947626061E-002  0.60007500487322796        0.0000000000000000     
   2.4250000000000003       -65.153399172929767       0.31850141038730551        5.1989907789432153E-002  0.60007516907660730        0.0000000000000000     
   2.4260000000000002       -65.153396657248209       0.31850083005879021        5.1989877824562956E-002  0.60007533325057205        0.0000000000000000     
   2.4270000000000000       -65.153394112988565       0.31850024984344993        5.1989848052942843E-002  0.60007549739500887        0.0000000000000000     
   2.4279999999999999       -65.153391540163739       0.31849966974134375        5.1989818474496179E-002  0.60007566150980451        0.0000000000000000     
   2.4290000000000003       -65.153388938786648       0.31849908975253072        5.1989789089147302E-002  0.60007582559484574        0.0000000000000000     
   2.4300000000000002       -65.153386308870196       0.31849850987706974        5.1989759896820545E-002  0.60007598965001951        0.0000000000000000     
   2.4310000000000000       -65.153383650427301       0.31849793011501981        5.1989730897440217E-002  0.60007615367521272        0.0000000000000000     
   2.4319999999999999       -65.153380963470866       0.31849735046643979        5.1989702090930623E-002  0.60007631767031244        0.0000000000000000     
   2.4329999999999998       -65.153378248013809       0.31849677093138845        5.1989673477216045E-002  0.60007648163520566        0.0000000000000000     
   2.4340000000000002       -65.153375504069032       0.31849619150992464        5.1989645056220744E-002  0.60007664556977958        0.0000000000000000     
   2.4350000000000001       -65.153372731649441       0.31849561220210709        5.1989616827868977E-002  0.60007680947392139        0.0000000000000000     
   2.4359999999999999       -65.153369930767937       0.31849503300799453        5.1989588792084977E-002  0.60007697334751842        0.0000000000000000     
   2.4369999999999998       -65.153367101437425       0.31849445392764558        5.1989560948792972E-002  0.60007713719045797        0.0000000000000000     
   2.4380000000000002       -65.153364243670822       0.31849387496111881        5.1989533297917168E-002  0.60007730100262735        0.0000000000000000     
   2.4390000000000001       -65.153361357481032       0.31849329610847277        5.1989505839381757E-002  0.60007746478391422        0.0000000000000000     
   2.4399999999999999       -65.153358442880958       0.31849271736976603        5.1989478573110919E-002  0.60007762853420599        0.0000000000000000     
   2.4409999999999998       -65.153355499883489       0.31849213874505700        5.1989451499028810E-002  0.60007779225339031        0.0000000000000000     
   2.4420000000000002       -65.153352528501543       0.31849156023440411        5.1989424617059583E-002  0.60007795594135482        0.0000000000000000     
   2.4430000000000001       -65.153349528748024       0.31849098183786573        5.1989397927127375E-002  0.60007811959798729        0.0000000000000000     
   2.4440000000000000       -65.153346500635834       0.31849040355550018        5.1989371429156307E-002  0.60007828322317547        0.0000000000000000     
   2.4449999999999998       -65.153343444177878       0.31848982538736570        5.1989345123070484E-002  0.60007844681680722        0.0000000000000000     
   2.4460000000000002       -65.153340359387045       0.31848924733352058        5.1989319008793992E-002  0.60007861037877053        0.0000000000000000     
   2.4470000000000001       -65.153337246276237       0.31848866939402293        5.1989293086250908E-002  0.60007877390895337        0.0000000000000000     
   2.4480000000000000       -65.153334104858359       0.31848809156893093        5.1989267355365298E-002  0.60007893740724383        0.0000000000000000     
   2.4489999999999998       -65.153330935146315       0.31848751385830271        5.1989241816061217E-002  0.60007910087353000        0.0000000000000000     
   2.4500000000000002       -65.153327737153006       0.31848693626219626        5.1989216468262697E-002  0.60007926430770009        0.0000000000000000     
   2.4510000000000001       -65.153324510891323       0.31848635878066955        5.1989191311893758E-002  0.60007942770964240        0.0000000000000000     
   2.4520000000000000       -65.153321256374170       0.31848578141378059        5.1989166346878404E-002  0.60007959107924524        0.0000000000000000     
   2.4529999999999998       -65.153317973614435       0.31848520416158721        5.1989141573140635E-002  0.60007975441639694        0.0000000000000000     
   2.4540000000000002       -65.153314662625021       0.31848462702414732        5.1989116990604427E-002  0.60007991772098601        0.0000000000000000     
   2.4550000000000001       -65.153311323418819       0.31848405000151875        5.1989092599193751E-002  0.60008008099290100        0.0000000000000000     
   2.4560000000000000       -65.153307956008732       0.31848347309375918        5.1989068398832557E-002  0.60008024423203044        0.0000000000000000     
   2.4569999999999999       -65.153304560407648       0.31848289630092641        5.1989044389444787E-002  0.60008040743826296        0.0000000000000000     
   2.4580000000000002       -65.153301136628471       0.31848231962307805        5.1989020570954371E-002  0.60008057061148734        0.0000000000000000     
   2.4590000000000001       -65.153297684684091       0.31848174306027177        5.1988996943285223E-002  0.60008073375159243        0.0000000000000000     
   2.4600000000000000       -65.153294204587397       0.31848116661256515        5.1988973506361238E-002  0.60008089685846699        0.0000000000000000     
   2.4609999999999999       -65.153290696351291       0.31848059028001569        5.1988950260106311E-002  0.60008105993200000        0.0000000000000000     
   2.4620000000000002       -65.153287159988665       0.31848001406268084        5.1988927204444313E-002  0.60008122297208033        0.0000000000000000     
   2.4630000000000001       -65.153283595512406       0.31847943796061812        5.1988904339299105E-002  0.60008138597859717        0.0000000000000000     
   2.4640000000000000       -65.153280002935404       0.31847886197388486        5.1988881664594540E-002  0.60008154895143950        0.0000000000000000     
   2.4649999999999999       -65.153276382270548       0.31847828610253842        5.1988859180254456E-002  0.60008171189049664        0.0000000000000000     
   2.4660000000000002       -65.153272733530727       0.31847771034663613        5.1988836886202670E-002  0.60008187479565778        0.0000000000000000     
   2.4670000000000001       -65.153269056728831       0.31847713470623518        5.1988814782363002E-002  0.60008203766681223        0.0000000000000000     
   2.4680000000000000       -65.153265351877764       0.31847655918139284        5.1988792868659241E-002  0.60008220050384931        0.0000000000000000     
   2.4689999999999999       -65.153261618990399       0.31847598377216624        5.1988771145015183E-002  0.60008236330665854        0.0000000000000000     
   2.4700000000000002       -65.153257858079627       0.31847540847861250        5.1988749611354593E-002  0.60008252607512935        0.0000000000000000     
   2.4710000000000001       -65.153254069158336       0.31847483330078868        5.1988728267601238E-002  0.60008268880915139        0.0000000000000000     
   2.4720000000000000       -65.153250252239403       0.31847425823875181        5.1988707113678867E-002  0.60008285150861429        0.0000000000000000     
   2.4729999999999999       -65.153246407335729       0.31847368329255882        5.1988686149511222E-002  0.60008301417340770        0.0000000000000000     
   2.4740000000000002       -65.153242534460190       0.31847310846226673        5.1988665375022024E-002  0.60008317680342149        0.0000000000000000     
   2.4750000000000001       -65.153238633625676       0.31847253374793233        5.1988644790134986E-002  0.60008333939854541        0.0000000000000000     
   2.4760000000000000       -65.153234704845076       0.31847195914961252        5.1988624394773815E-002  0.60008350195866933        0.0000000000000000     
   2.4769999999999999       -65.153230748131264       0.31847138466736408        5.1988604188862197E-002  0.60008366448368333        0.0000000000000000     
   2.4780000000000002       -65.153226763497116       0.31847081030124369        5.1988584172323812E-002  0.60008382697347740        0.0000000000000000     
   2.4790000000000001       -65.153222750955536       0.31847023605130814        5.1988564345082325E-002  0.60008398942794161        0.0000000000000000     
   2.4800000000000000       -65.153218710519383       0.31846966191761400        5.1988544707061393E-002  0.60008415184696606        0.0000000000000000     
   2.4809999999999999       -65.153214642201561       0.31846908790021794        5.1988525258184655E-002  0.60008431423044106        0.0000000000000000     
   2.4820000000000002       -65.153210546014932       0.31846851399917647        5.1988505998375747E-002  0.60008447657825692        0.0000000000000000     
   2.4830000000000001       -65.153206421972385       0.31846794021454611        5.1988486927558288E-002  0.60008463889030395        0.0000000000000000     
   2.4840000000000000       -65.153202270086794       0.31846736654638336        5.1988468045655892E-002  0.60008480116647267        0.0000000000000000     
   2.4849999999999999       -65.153198090371049       0.31846679299474462        5.1988449352592149E-002  0.60008496340665352        0.0000000000000000     
   2.4860000000000002       -65.153193882838011       0.31846621955968624        5.1988430848290655E-002  0.60008512561073701        0.0000000000000000     
   2.4870000000000001       -65.153189647500568       0.31846564624126461        5.1988412532674978E-002  0.60008528777861381        0.0000000000000000     
   2.4880000000000000       -65.153185384371596       0.31846507303953597        5.1988394405668686E-002  0.60008544991017454        0.0000000000000000     
   2.4889999999999999       -65.153181093463971       0.31846449995455656        5.1988376467195334E-002  0.60008561200530997        0.0000000000000000     
   2.4900000000000002       -65.153176774790580       0.31846392698638254        5.1988358717178468E-002  0.60008577406391095        0.0000000000000000     
   2.4910000000000001       -65.153172428364286       0.31846335413507010        5.1988341155541615E-002  0.60008593608586835        0.0000000000000000     
   2.4920000000000000       -65.153168054197963       0.31846278140067530        5.1988323782208301E-002  0.60008609807107316        0.0000000000000000     
   2.4929999999999999       -65.153163652304485       0.31846220878325421        5.1988306597102033E-002  0.60008626001941634        0.0000000000000000     
   2.4940000000000002       -65.153159222696729       0.31846163628286284        5.1988289600146308E-002  0.60008642193078898        0.0000000000000000     
   2.4950000000000001       -65.153154765387569       0.31846106389955714        5.1988272791264618E-002  0.60008658380508217        0.0000000000000000     
   2.4960000000000000       -65.153150280389866       0.31846049163339302        5.1988256170380449E-002  0.60008674564218722        0.0000000000000000     
   2.4969999999999999       -65.153145767716509       0.31845991948442637        5.1988239737417265E-002  0.60008690744199533        0.0000000000000000     
   2.4980000000000002       -65.153141227380360       0.31845934745271298        5.1988223492298521E-002  0.60008706920439792        0.0000000000000000     
   2.4990000000000001       -65.153136659394278       0.31845877553830865        5.1988207434947670E-002  0.60008723092928629        0.0000000000000000     
   2.5000000000000000       -65.153132063771139       0.31845820374126910        5.1988191565288146E-002  0.60008739261655197        0.0000000000000000     
   2.5009999999999999       -65.153127440523818       0.31845763206165001        5.1988175883243379E-002  0.60008755426608651        0.0000000000000000     
   2.5020000000000002       -65.153122789665190       0.31845706049950701        5.1988160388736784E-002  0.60008771587778154        0.0000000000000000     
   2.5030000000000001       -65.153118111208116       0.31845648905489571        5.1988145081691778E-002  0.60008787745152858        0.0000000000000000     
   2.5040000000000000       -65.153113405165456       0.31845591772787163        5.1988129962031747E-002  0.60008803898721952        0.0000000000000000     
   2.5049999999999999       -65.153108671550086       0.31845534651849028        5.1988115029680086E-002  0.60008820048474609        0.0000000000000000     
   2.5060000000000002       -65.153103910374867       0.31845477542680711        5.1988100284560169E-002  0.60008836194400017        0.0000000000000000     
   2.5070000000000001       -65.153099121652659       0.31845420445287753        5.1988085726595371E-002  0.60008852336487362        0.0000000000000000     
   2.5080000000000000       -65.153094305396323       0.31845363359675688        5.1988071355709042E-002  0.60008868474725852        0.0000000000000000     
   2.5089999999999999       -65.153089461618734       0.31845306285850050        5.1988057171824538E-002  0.60008884609104685        0.0000000000000000     
   2.5100000000000002       -65.153084590332753       0.31845249223816369        5.1988043174865196E-002  0.60008900739613069        0.0000000000000000     
   2.5110000000000001       -65.153079691551241       0.31845192173580161        5.1988029364754350E-002  0.60008916866240236        0.0000000000000000     
   2.5120000000000000       -65.153074765287059       0.31845135135146951        5.1988015741415317E-002  0.60008932988975405        0.0000000000000000     
   2.5129999999999999       -65.153069811553081       0.31845078108522246        5.1988002304771408E-002  0.60008949107807807        0.0000000000000000     
   2.5140000000000002       -65.153064830362155       0.31845021093711556        5.1987989054745921E-002  0.60008965222726685        0.0000000000000000     
   2.5150000000000001       -65.153059821727140       0.31844964090720385        5.1987975991262154E-002  0.60008981333721279        0.0000000000000000     
   2.5160000000000000       -65.153054785660899       0.31844907099554232        5.1987963114243391E-002  0.60008997440780831        0.0000000000000000     
   2.5169999999999999       -65.153049722176291       0.31844850120218593        5.1987950423612907E-002  0.60009013543894618        0.0000000000000000     
   2.5180000000000002       -65.153044631286164       0.31844793152718959        5.1987937919293965E-002  0.60009029643051892        0.0000000000000000     
   2.5190000000000001       -65.153039513003392       0.31844736197060813        5.1987925601209822E-002  0.60009045738241928        0.0000000000000000     
   2.5200000000000000       -65.153034367340823       0.31844679253249641        5.1987913469283727E-002  0.60009061829454002        0.0000000000000000     
   2.5209999999999999       -65.153029194311301       0.31844622321290916        5.1987901523438920E-002  0.60009077916677389        0.0000000000000000     
   2.5220000000000002       -65.153023993927704       0.31844565401190111        5.1987889763598624E-002  0.60009093999901386        0.0000000000000000     
   2.5230000000000001       -65.153018766202877       0.31844508492952694        5.1987878189686067E-002  0.60009110079115291        0.0000000000000000     
   2.5240000000000000       -65.153013511149666       0.31844451596584122        5.1987866801624462E-002  0.60009126154308412        0.0000000000000000     
   2.5249999999999999       -65.153008228780934       0.31844394712089863        5.1987855599337010E-002  0.60009142225470058        0.0000000000000000     
   2.5260000000000002       -65.153002919109525       0.31844337839475362        5.1987844582746905E-002  0.60009158292589537        0.0000000000000000     
   2.5270000000000001       -65.152997582148302       0.31844280978746070        5.1987833751777339E-002  0.60009174355656170        0.0000000000000000     
   2.5280000000000000       -65.152992217910111       0.31844224129907434        5.1987823106351486E-002  0.60009190414659297        0.0000000000000000     
   2.5289999999999999       -65.152986826407798       0.31844167292964892        5.1987812646392517E-002  0.60009206469588250        0.0000000000000000     
   2.5300000000000002       -65.152981407654224       0.31844110467923881        5.1987802371823592E-002  0.60009222520432370        0.0000000000000000     
   2.5310000000000001       -65.152975961662221       0.31844053654789833        5.1987792282567870E-002  0.60009238567181000        0.0000000000000000     
   2.5320000000000000       -65.152970488444652       0.31843996853568168        5.1987782378548494E-002  0.60009254609823504        0.0000000000000000     
   2.5329999999999999       -65.152964988014361       0.31843940064264314        5.1987772659688597E-002  0.60009270648349233        0.0000000000000000     
   2.5340000000000003       -65.152959460384196       0.31843883286883684        5.1987763125911315E-002  0.60009286682747565        0.0000000000000000     
   2.5350000000000001       -65.152953905567003       0.31843826521431695        5.1987753777139767E-002  0.60009302713007873        0.0000000000000000     
   2.5360000000000000       -65.152948323575629       0.31843769767913749        5.1987744613297061E-002  0.60009318739119533        0.0000000000000000     
   2.5369999999999999       -65.152942714422920       0.31843713026335252        5.1987735634306309E-002  0.60009334761071942        0.0000000000000000     
   2.5380000000000003       -65.152937078121710       0.31843656296701606        5.1987726840090606E-002  0.60009350778854487        0.0000000000000000     
   2.5390000000000001       -65.152931414684858       0.31843599579018200        5.1987718230573042E-002  0.60009366792456564        0.0000000000000000     
   2.5400000000000000       -65.152925724125197       0.31843542873290431        5.1987709805676699E-002  0.60009382801867595        0.0000000000000000     
   2.5409999999999999       -65.152920006455574       0.31843486179523678        5.1987701565324652E-002  0.60009398807076975        0.0000000000000000     
   2.5420000000000003       -65.152914261688821       0.31843429497723325        5.1987693509439964E-002  0.60009414808074135        0.0000000000000000     
   2.5430000000000001       -65.152908489837785       0.31843372827894745        5.1987685637945695E-002  0.60009430804848507        0.0000000000000000     
   2.5440000000000000       -65.152902690915312       0.31843316170043312        5.1987677950764900E-002  0.60009446797389510        0.0000000000000000     
   2.5449999999999999       -65.152896864934235       0.31843259524174389        5.1987670447820621E-002  0.60009462785686585        0.0000000000000000     
   2.5460000000000003       -65.152891011907400       0.31843202890293343        5.1987663129035896E-002  0.60009478769729185        0.0000000000000000     
   2.5470000000000002       -65.152885131847640       0.31843146268405531        5.1987655994333755E-002  0.60009494749506764        0.0000000000000000     
   2.5480000000000000       -65.152879224767787       0.31843089658516305        5.1987649043637223E-002  0.60009510725008774        0.0000000000000000     
   2.5489999999999999       -65.152873290680688       0.31843033060631010        5.1987642276869313E-002  0.60009526696224680        0.0000000000000000     
   2.5500000000000003       -65.152867329599161       0.31842976474754997        5.1987635693953031E-002  0.60009542663143955        0.0000000000000000     
   2.5510000000000002       -65.152861341536067       0.31842919900893601        5.1987629294811377E-002  0.60009558625756088        0.0000000000000000     
   2.5520000000000000       -65.152855326504223       0.31842863339052158        5.1987623079367350E-002  0.60009574584050551        0.0000000000000000     
   2.5529999999999999       -65.152849284516464       0.31842806789236000        5.1987617047543927E-002  0.60009590538016833        0.0000000000000000     
   2.5540000000000003       -65.152843215585619       0.31842750251450452        5.1987611199264101E-002  0.60009606487644440        0.0000000000000000     
   2.5550000000000002       -65.152837119724538       0.31842693725700838        5.1987605534450837E-002  0.60009622432922871        0.0000000000000000     
   2.5560000000000000       -65.152830996946037       0.31842637211992469        5.1987600053027098E-002  0.60009638373841645        0.0000000000000000     
   2.5569999999999999       -65.152824847262949       0.31842580710330665        5.1987594754915850E-002  0.60009654310390270        0.0000000000000000     
   2.5580000000000003       -65.152818670688106       0.31842524220720725        5.1987589640040043E-002  0.60009670242558266        0.0000000000000000     
   2.5590000000000002       -65.152812467234341       0.31842467743167957        5.1987584708322626E-002  0.60009686170335175        0.0000000000000000     
   2.5600000000000001       -65.152806236914486       0.31842411277677662        5.1987579959686538E-002  0.60009702093710526        0.0000000000000000     
   2.5609999999999999       -65.152799979741360       0.31842354824255131        5.1987575394054707E-002  0.60009718012673863        0.0000000000000000     
   2.5619999999999998       -65.152793695727794       0.31842298382905654        5.1987571011350063E-002  0.60009733927214737        0.0000000000000000     
   2.5630000000000002       -65.152787384886622       0.31842241953634515        5.1987566811495523E-002  0.60009749837322701        0.0000000000000000     
   2.5640000000000001       -65.152781047230661       0.31842185536446999        5.1987562794414008E-002  0.60009765742987320        0.0000000000000000     
   2.5649999999999999       -65.152774682772730       0.31842129131348379        5.1987558960028414E-002  0.60009781644198157        0.0000000000000000     
   2.5659999999999998       -65.152768291525661       0.31842072738343929        5.1987555308261650E-002  0.60009797540944787        0.0000000000000000     
   2.5670000000000002       -65.152761873502286       0.31842016357438913        5.1987551839036611E-002  0.60009813433216797        0.0000000000000000     
   2.5680000000000001       -65.152755428715409       0.31841959988638591        5.1987548552276185E-002  0.60009829321003771        0.0000000000000000     
   2.5690000000000000       -65.152748957177863       0.31841903631948226        5.1987545447903245E-002  0.60009845204295309        0.0000000000000000     
   2.5699999999999998       -65.152742458902466       0.31841847287373071        5.1987542525840681E-002  0.60009861083081006        0.0000000000000000     
   2.5710000000000002       -65.152735933902051       0.31841790954918370        5.1987539786011353E-002  0.60009876957350472        0.0000000000000000     
   2.5720000000000001       -65.152729382189420       0.31841734634589375        5.1987537228338127E-002  0.60009892827093325        0.0000000000000000     
   2.5730000000000000       -65.152722803777408       0.31841678326391321        5.1987534852743864E-002  0.60009908692299174        0.0000000000000000     
   2.5739999999999998       -65.152716198678817       0.31841622030329442        5.1987532659151417E-002  0.60009924552957661        0.0000000000000000     
   2.5750000000000002       -65.152709566906481       0.31841565746408973        5.1987530647483633E-002  0.60009940409058404        0.0000000000000000     
   2.5760000000000001       -65.152702908473202       0.31841509474635138        5.1987528817663352E-002  0.60009956260591046        0.0000000000000000     
   2.5770000000000000       -65.152696223391800       0.31841453215013160        5.1987527169613405E-002  0.60009972107545240        0.0000000000000000     
   2.5779999999999998       -65.152689511675092       0.31841396967548252        5.1987525703256626E-002  0.60009987949910637        0.0000000000000000     
   2.5790000000000002       -65.152682773335897       0.31841340732245632        5.1987524418515840E-002  0.60010003787676891        0.0000000000000000     
   2.5800000000000001       -65.152676008387019       0.31841284509110507        5.1987523315313859E-002  0.60010019620833666        0.0000000000000000     
   2.5810000000000000       -65.152669216841275       0.31841228298148078        5.1987522393573501E-002  0.60010035449370636        0.0000000000000000     
   2.5819999999999999       -65.152662398711485       0.31841172099363546        5.1987521653217572E-002  0.60010051273277487        0.0000000000000000     
   2.5830000000000002       -65.152655554010451       0.31841115912762102        5.1987521094168876E-002  0.60010067092543895        0.0000000000000000     
   2.5840000000000001       -65.152648682750993       0.31841059738348942        5.1987520716350204E-002  0.60010082907159557        0.0000000000000000     
   2.5850000000000000       -65.152641784945914       0.31841003576129251        5.1987520519684347E-002  0.60010098717114158        0.0000000000000000     
   2.5859999999999999       -65.152634860608018       0.31840947426108207        5.1987520504094095E-002  0.60010114522397418        0.0000000000000000     
   2.5870000000000002       -65.152627909750123       0.31840891288290990        5.1987520669502227E-002  0.60010130322999033        0.0000000000000000     
   2.5880000000000001       -65.152620932385034       0.31840835162682768        5.1987521015831518E-002  0.60010146118908725        0.0000000000000000     
   2.5890000000000000       -65.152613928525554       0.31840779049288709        5.1987521543004740E-002  0.60010161910116222        0.0000000000000000     
   2.5899999999999999       -65.152606898184501       0.31840722948113981        5.1987522250944655E-002  0.60010177696611244        0.0000000000000000     
   2.5910000000000002       -65.152599841374666       0.31840666859163735        5.1987523139574027E-002  0.60010193478383533        0.0000000000000000     
   2.5920000000000001       -65.152592758108852       0.31840610782443129        5.1987524208815611E-002  0.60010209255422842        0.0000000000000000     
   2.5930000000000000       -65.152585648399878       0.31840554717957315        5.1987525458592157E-002  0.60010225027718900        0.0000000000000000     
   2.5939999999999999       -65.152578512260533       0.31840498665711436        5.1987526888826407E-002  0.60010240795261471        0.0000000000000000     
   2.5950000000000002       -65.152571349703621       0.31840442625710630        5.1987528499441105E-002  0.60010256558040320        0.0000000000000000     
   2.5960000000000001       -65.152564160741946       0.31840386597960035        5.1987530290358984E-002  0.60010272316045210        0.0000000000000000     
   2.5970000000000000       -65.152556945388312       0.31840330582464788        5.1987532261502774E-002  0.60010288069265916        0.0000000000000000     
   2.5979999999999999       -65.152549703655524       0.31840274579230010        5.1987534412795203E-002  0.60010303817692223        0.0000000000000000     
   2.5990000000000002       -65.152542435556370       0.31840218588260821        5.1987536744158992E-002  0.60010319561313918        0.0000000000000000     
   2.6000000000000001       -65.152535141103641       0.31840162609562345        5.1987539255516857E-002  0.60010335300120798        0.0000000000000000     
   2.6010000000000000       -65.152527820310155       0.31840106643139693        5.1987541946791511E-002  0.60010351034102649        0.0000000000000000     
   2.6019999999999999       -65.152520473188687       0.31840050688997973        5.1987544817905670E-002  0.60010366763249290        0.0000000000000000     
   2.6030000000000002       -65.152513099752042       0.31839994747142292        5.1987547868782027E-002  0.60010382487550529        0.0000000000000000     
   2.6040000000000001       -65.152505700013023       0.31839938817577751        5.1987551099343284E-002  0.60010398206996185        0.0000000000000000     
   2.6050000000000000       -65.152498273984421       0.31839882900309441        5.1987554509512132E-002  0.60010413921576089        0.0000000000000000     
   2.6059999999999999       -65.152490821679024       0.31839826995342457        5.1987558099211267E-002  0.60010429631280071        0.0000000000000000     
   2.6070000000000002       -65.152483343109623       0.31839771102681885        5.1987561868363376E-002  0.60010445336097973        0.0000000000000000     
   2.6080000000000001       -65.152475838289007       0.31839715222332804        5.1987565816891138E-002  0.60010461036019636        0.0000000000000000     
   2.6090000000000000       -65.152468307229981       0.31839659354300293        5.1987569944717225E-002  0.60010476731034901        0.0000000000000000     
   2.6099999999999999       -65.152460749945320       0.31839603498589425        5.1987574251764319E-002  0.60010492421133643        0.0000000000000000     
   2.6110000000000002       -65.152453166447813       0.31839547655205275        5.1987578737955085E-002  0.60010508106305716        0.0000000000000000     
   2.6120000000000001       -65.152445556750266       0.31839491824152899        5.1987583403212190E-002  0.60010523786540992        0.0000000000000000     
   2.6130000000000000       -65.152437920865452       0.31839436005437360        5.1987588247458291E-002  0.60010539461829349        0.0000000000000000     
   2.6139999999999999       -65.152430258806163       0.31839380199063710        5.1987593270616049E-002  0.60010555132160670        0.0000000000000000     
   2.6150000000000002       -65.152422570585173       0.31839324405037006        5.1987598472608115E-002  0.60010570797524854        0.0000000000000000     
   2.6160000000000001       -65.152414856215287       0.31839268623362288        5.1987603853357135E-002  0.60010586457911785        0.0000000000000000     
   2.6170000000000000       -65.152407115709266       0.31839212854044602        5.1987609412785761E-002  0.60010602113311373        0.0000000000000000     
   2.6179999999999999       -65.152399349079914       0.31839157097088983        5.1987615150816631E-002  0.60010617763713525        0.0000000000000000     
   2.6190000000000002       -65.152391556340007       0.31839101352500465        5.1987621067372383E-002  0.60010633409108149        0.0000000000000000     
   2.6200000000000001       -65.152383737502319       0.31839045620284079        5.1987627162375656E-002  0.60010649049485176        0.0000000000000000     
   2.6210000000000000       -65.152375892579641       0.31838989900444842        5.1987633435749074E-002  0.60010664684834536        0.0000000000000000     
   2.6219999999999999       -65.152368021584749       0.31838934192987778        5.1987639887415268E-002  0.60010680315146159        0.0000000000000000     
   2.6230000000000002       -65.152360124530418       0.31838878497917905        5.1987646517296864E-002  0.60010695940409986        0.0000000000000000     
   2.6240000000000001       -65.152352201429437       0.31838822815240225        5.1987653325316477E-002  0.60010711560615959        0.0000000000000000     
   2.6250000000000000       -65.152344252294569       0.31838767144959751        5.1987660311396726E-002  0.60010727175754042        0.0000000000000000     
   2.6259999999999999       -65.152336277138602       0.31838711487081484        5.1987667475460221E-002  0.60010742785814186        0.0000000000000000     
   2.6270000000000002       -65.152328275974313       0.31838655841610419        5.1987674817429573E-002  0.60010758390786367        0.0000000000000000     
   2.6280000000000001       -65.152320248814476       0.31838600208551548        5.1987682337227385E-002  0.60010773990660549        0.0000000000000000     
   2.6290000000000000       -65.152312195671854       0.31838544587909862        5.1987690034776261E-002  0.60010789585426716        0.0000000000000000     
   2.6299999999999999       -65.152304116559236       0.31838488979690338        5.1987697909998805E-002  0.60010805175074855        0.0000000000000000     
   2.6310000000000002       -65.152296011489383       0.31838433383897963        5.1987705962817606E-002  0.60010820759594952        0.0000000000000000     
   2.6320000000000001       -65.152287880475072       0.31838377800537709        5.1987714193155260E-002  0.60010836338977014        0.0000000000000000     
   2.6330000000000000       -65.152279723529062       0.31838322229614546        5.1987722600934358E-002  0.60010851913211039        0.0000000000000000     
   2.6339999999999999       -65.152271540664131       0.31838266671133436        5.1987731186077489E-002  0.60010867482287034        0.0000000000000000     
   2.6350000000000002       -65.152263331893053       0.31838211125099347        5.1987739948507236E-002  0.60010883046195029        0.0000000000000000     
   2.6360000000000001       -65.152255097228590       0.31838155591517231        5.1987748888146175E-002  0.60010898604925034        0.0000000000000000     
   2.6370000000000000       -65.152246836683517       0.31838100070392045        5.1987758004916888E-002  0.60010914158467088        0.0000000000000000     
   2.6379999999999999       -65.152238550270596       0.31838044561728729        5.1987767298741945E-002  0.60010929706811234        0.0000000000000000     
   2.6390000000000002       -65.152230238002588       0.31837989065532235        5.1987776769543921E-002  0.60010945249947500        0.0000000000000000     
   2.6400000000000001       -65.152221899892268       0.31837933581807498        5.1987786417245385E-002  0.60010960787865952        0.0000000000000000     
   2.6410000000000000       -65.152213535952384       0.31837878110559453        5.1987796241768899E-002  0.60010976320556630        0.0000000000000000     
   2.6419999999999999       -65.152205146195712       0.31837822651793030        5.1987806243037032E-002  0.60010991848009609        0.0000000000000000     
   2.6430000000000002       -65.152196730635012       0.31837767205513157        5.1987816420972340E-002  0.60011007370214953        0.0000000000000000     
   2.6440000000000001       -65.152188289283032       0.31837711771724753        5.1987826775497382E-002  0.60011022887162724        0.0000000000000000     
   2.6450000000000000       -65.152179822152547       0.31837656350432736        5.1987837306534709E-002  0.60011038398843020        0.0000000000000000     
   2.6459999999999999       -65.152171329256319       0.31837600941642014        5.1987848014006882E-002  0.60011053905245926        0.0000000000000000     
   2.6470000000000002       -65.152162810607095       0.31837545545357498        5.1987858897836442E-002  0.60011069406361528        0.0000000000000000     
   2.6480000000000001       -65.152154266217636       0.31837490161584092        5.1987869957945944E-002  0.60011084902179934        0.0000000000000000     
   2.6490000000000000       -65.152145696100703       0.31837434790326696        5.1987881194257929E-002  0.60011100392691252        0.0000000000000000     
   2.6499999999999999       -65.152137100269044       0.31837379431590207        5.1987892606694938E-002  0.60011115877885590        0.0000000000000000     
   2.6510000000000002       -65.152128478735420       0.31837324085379509        5.1987904195179513E-002  0.60011131357753067        0.0000000000000000     
   2.6520000000000001       -65.152119831512579       0.31837268751699493        5.1987915959634187E-002  0.60011146832283813        0.0000000000000000     
   2.6530000000000000       -65.152111158613280       0.31837213430555034        5.1987927899981502E-002  0.60011162301467957        0.0000000000000000     
   2.6539999999999999       -65.152102460050273       0.31837158121951015        5.1987940016143985E-002  0.60011177765295631        0.0000000000000000     
   2.6550000000000002       -65.152093735836317       0.31837102825892305        5.1987952308044171E-002  0.60011193223756987        0.0000000000000000     
   2.6560000000000001       -65.152084985984146       0.31837047542383773        5.1987964775604585E-002  0.60011208676842176        0.0000000000000000     
   2.6570000000000000       -65.152076210506522       0.31836992271430281        5.1987977418747756E-002  0.60011224124541362        0.0000000000000000     
   2.6579999999999999       -65.152067409416190       0.31836937013036692        5.1987990237396205E-002  0.60011239566844699        0.0000000000000000     
   2.6590000000000003       -65.152058582725900       0.31836881767207859        5.1988003231472450E-002  0.60011255003742359        0.0000000000000000     
   2.6600000000000001       -65.152049730448397       0.31836826533948626        5.1988016400899020E-002  0.60011270435224529        0.0000000000000000     
   2.6610000000000000       -65.152040852596429       0.31836771313263845        5.1988029745598428E-002  0.60011285861281383        0.0000000000000000     
   2.6619999999999999       -65.152031949182742       0.31836716105158358        5.1988043265493188E-002  0.60011301281903107        0.0000000000000000     
   2.6630000000000003       -65.152023020220071       0.31836660909636999        5.1988056960505812E-002  0.60011316697079897        0.0000000000000000     
   2.6640000000000001       -65.152014065721161       0.31836605726704603        5.1988070830558814E-002  0.60011332106801962        0.0000000000000000     
   2.6650000000000000       -65.152005085698761       0.31836550556365995        5.1988084875574700E-002  0.60011347511059498        0.0000000000000000     
   2.6659999999999999       -65.151996080165617       0.31836495398626002        5.1988099095475984E-002  0.60011362909842736        0.0000000000000000     
   2.6670000000000003       -65.151987049134462       0.31836440253489440        5.1988113490185173E-002  0.60011378303141882        0.0000000000000000     
   2.6680000000000001       -65.151977992618029       0.31836385120961125        5.1988128059624765E-002  0.60011393690947179        0.0000000000000000     
   2.6690000000000000       -65.151968910629066       0.31836330001045865        5.1988142803717267E-002  0.60011409073248845        0.0000000000000000     
   2.6699999999999999       -65.151959803180304       0.31836274893748473        5.1988157722385180E-002  0.60011424450037132        0.0000000000000000     
   2.6710000000000003       -65.151950670284492       0.31836219799073745        5.1988172815550994E-002  0.60011439821302281        0.0000000000000000     
   2.6720000000000002       -65.151941511954348       0.31836164717026477        5.1988188083137217E-002  0.60011455187034546        0.0000000000000000     
   2.6730000000000000       -65.151932328202619       0.31836109647611466        5.1988203525066341E-002  0.60011470547224177        0.0000000000000000     
   2.6739999999999999       -65.151923119042038       0.31836054590833496        5.1988219141260859E-002  0.60011485901861450        0.0000000000000000     
   2.6750000000000003       -65.151913884485339       0.31835999546697352        5.1988234931643264E-002  0.60011501250936639        0.0000000000000000     
   2.6760000000000002       -65.151904624545239       0.31835944515207815        5.1988250896136047E-002  0.60011516594440006        0.0000000000000000     
   2.6770000000000000       -65.151895339234486       0.31835889496369663        5.1988267034661702E-002  0.60011531932361850        0.0000000000000000     
   2.6779999999999999       -65.151886028565812       0.31835834490187659        5.1988283347142714E-002  0.60011547264692455        0.0000000000000000     
   2.6790000000000003       -65.151876692551937       0.31835779496666572        5.1988299833501568E-002  0.60011562591422130        0.0000000000000000     
   2.6800000000000002       -65.151867331205594       0.31835724515811165        5.1988316493660751E-002  0.60011577912541159        0.0000000000000000     
   2.6810000000000000       -65.151857944539501       0.31835669547626194        5.1988333327542748E-002  0.60011593228039861        0.0000000000000000     
   2.6819999999999999       -65.151848532566390       0.31835614592116418        5.1988350335070044E-002  0.60011608537908556        0.0000000000000000     
   2.6830000000000003       -65.151839095298982       0.31835559649286577        5.1988367516165118E-002  0.60011623842137563        0.0000000000000000     
   2.6840000000000002       -65.151829632750008       0.31835504719141422        5.1988384870750450E-002  0.60011639140717210        0.0000000000000000     
   2.6850000000000001       -65.151820144932202       0.31835449801685689        5.1988402398748516E-002  0.60011654433637829        0.0000000000000000     
   2.6859999999999999       -65.151810631858268       0.31835394896924113        5.1988420100081804E-002  0.60011669720889771        0.0000000000000000     
   2.6870000000000003       -65.151801093540939       0.31835340004861423        5.1988437974672785E-002  0.60011685002463366        0.0000000000000000     
   2.6880000000000002       -65.151791529992920       0.31835285125502349        5.1988456022443931E-002  0.60011700278348989        0.0000000000000000     
   2.6890000000000001       -65.151781941226943       0.31835230258851616        5.1988474243317720E-002  0.60011715548536981        0.0000000000000000     
   2.6899999999999999       -65.151772327255728       0.31835175404913935        5.1988492637216631E-002  0.60011730813017716        0.0000000000000000     
   2.6909999999999998       -65.151762688091992       0.31835120563694025        5.1988511204063129E-002  0.60011746071781569        0.0000000000000000     
   2.6920000000000002       -65.151753023748455       0.31835065735196588        5.1988529943779692E-002  0.60011761324818924        0.0000000000000000     
   2.6930000000000001       -65.151743334237821       0.31835010919426338        5.1988548856288792E-002  0.60011776572120157        0.0000000000000000     
   2.6940000000000000       -65.151733619572809       0.31834956116387969        5.1988567941512895E-002  0.60011791813675663        0.0000000000000000     
   2.6949999999999998       -65.151723879766138       0.31834901326086174        5.1988587199374471E-002  0.60011807049475840        0.0000000000000000     
   2.6960000000000002       -65.151714114830526       0.31834846548525647        5.1988606629795986E-002  0.60011822279511096        0.0000000000000000     
   2.6970000000000001       -65.151704324778677       0.31834791783711081        5.1988626232699911E-002  0.60011837503771837        0.0000000000000000     
   2.6980000000000000       -65.151694509623297       0.31834737031647153        5.1988646008008711E-002  0.60011852722248471        0.0000000000000000     
   2.6989999999999998       -65.151684669377104       0.31834682292338540        5.1988665955644858E-002  0.60011867934931440        0.0000000000000000     
   2.7000000000000002       -65.151674804052803       0.31834627565789919        5.1988686075530817E-002  0.60011883141811162        0.0000000000000000     
   2.7010000000000001       -65.151664913663097       0.31834572852005955        5.1988706367589045E-002  0.60011898342878067        0.0000000000000000     
   2.7020000000000000       -65.151654998220707       0.31834518150991314        5.1988726831742015E-002  0.60011913538122608        0.0000000000000000     
   2.7029999999999998       -65.151645057738321       0.31834463462750662        5.1988747467912183E-002  0.60011928727535235        0.0000000000000000     
   2.7040000000000002       -65.151635092228659       0.31834408787288648        5.1988768276022015E-002  0.60011943911106391        0.0000000000000000     
   2.7050000000000001       -65.151625101704425       0.31834354124609932        5.1988789255993977E-002  0.60011959088826550        0.0000000000000000     
   2.7060000000000000       -65.151615086178310       0.31834299474719152        5.1988810407750531E-002  0.60011974260686174        0.0000000000000000     
   2.7069999999999999       -65.151605045663032       0.31834244837620956        5.1988831731214137E-002  0.60011989426675738        0.0000000000000000     
   2.7080000000000002       -65.151594980171282       0.31834190213319985        5.1988853226307259E-002  0.60012004586785717        0.0000000000000000     
   2.7090000000000001       -65.151584889715764       0.31834135601820868        5.1988874892952355E-002  0.60012019741006595        0.0000000000000000     
   2.7100000000000000       -65.151574774309168       0.31834081003128240        5.1988896731071890E-002  0.60012034889328869        0.0000000000000000     
   2.7109999999999999       -65.151564633964199       0.31834026417246725        5.1988918740588322E-002  0.60012050031743047        0.0000000000000000     
   2.7120000000000002       -65.151554468693561       0.31833971844180942        5.1988940921424108E-002  0.60012065168239626        0.0000000000000000     
   2.7130000000000001       -65.151544278509931       0.31833917283935509        5.1988963273501713E-002  0.60012080298809112        0.0000000000000000     
   2.7140000000000000       -65.151534063426027       0.31833862736515040        5.1988985796743596E-002  0.60012095423442025        0.0000000000000000     
   2.7149999999999999       -65.151523823454525       0.31833808201924141        5.1989008491072214E-002  0.60012110542128894        0.0000000000000000     
   2.7160000000000002       -65.151513558608130       0.31833753680167415        5.1989031356410025E-002  0.60012125654860249        0.0000000000000000     
   2.7170000000000001       -65.151503268899532       0.31833699171249463        5.1989054392679493E-002  0.60012140761626620        0.0000000000000000     
   2.7180000000000000       -65.151492954341407       0.31833644675174882        5.1989077599803077E-002  0.60012155862418548        0.0000000000000000     
   2.7189999999999999       -65.151482614946460       0.31833590191948258        5.1989100977703234E-002  0.60012170957226596        0.0000000000000000     
   2.7200000000000002       -65.151472250727380       0.31833535721574180        5.1989124526302423E-002  0.60012186046041305        0.0000000000000000     
   2.7210000000000001       -65.151461861696845       0.31833481264057228        5.1989148245523108E-002  0.60012201128853238        0.0000000000000000     
   2.7220000000000000       -65.151451447867558       0.31833426819401983        5.1989172135287740E-002  0.60012216205652968        0.0000000000000000     
   2.7229999999999999       -65.151441009252196       0.31833372387613013        5.1989196195518783E-002  0.60012231276431072        0.0000000000000000     
   2.7240000000000002       -65.151430545863434       0.31833317968694891        5.1989220426138696E-002  0.60012246341178122        0.0000000000000000     
   2.7250000000000001       -65.151420057713977       0.31833263562652181        5.1989244827069944E-002  0.60012261399884714        0.0000000000000000     
   2.7260000000000000       -65.151409544816488       0.31833209169489440        5.1989269398234977E-002  0.60012276452541435        0.0000000000000000     
   2.7269999999999999       -65.151399007183656       0.31833154789211227        5.1989294139556261E-002  0.60012291499138881        0.0000000000000000     
   2.7280000000000002       -65.151388444828171       0.31833100421822091        5.1989319050956252E-002  0.60012306539667670        0.0000000000000000     
   2.7290000000000001       -65.151377857762697       0.31833046067326581        5.1989344132357417E-002  0.60012321574118399        0.0000000000000000     
   2.7300000000000000       -65.151367245999921       0.31832991725729237        5.1989369383682212E-002  0.60012336602481697        0.0000000000000000     
   2.7309999999999999       -65.151356609552522       0.31832937397034600        5.1989394804853095E-002  0.60012351624748184        0.0000000000000000     
   2.7320000000000002       -65.151345948433175       0.31832883081247199        5.1989420395792532E-002  0.60012366640908488        0.0000000000000000     
   2.7330000000000001       -65.151335262654555       0.31832828778371569        5.1989446156422987E-002  0.60012381650953250        0.0000000000000000     
   2.7340000000000000       -65.151324552229340       0.31832774488412230        5.1989472086666919E-002  0.60012396654873101        0.0000000000000000     
   2.7349999999999999       -65.151313817170205       0.31832720211373705        5.1989498186446791E-002  0.60012411652658704        0.0000000000000000     
   2.7360000000000002       -65.151303057489812       0.31832665947260513        5.1989524455685061E-002  0.60012426644300709        0.0000000000000000     
   2.7370000000000001       -65.151292273200838       0.31832611696077168        5.1989550894304203E-002  0.60012441629789781        0.0000000000000000     
   2.7380000000000000       -65.151281464315957       0.31832557457828170        5.1989577502226672E-002  0.60012456609116582        0.0000000000000000     
   2.7389999999999999       -65.151270630847833       0.31832503232518028        5.1989604279374935E-002  0.60012471582271798        0.0000000000000000     
   2.7400000000000002       -65.151259772809141       0.31832449020151238        5.1989631225671462E-002  0.60012486549246102        0.0000000000000000     
   2.7410000000000001       -65.151248890212543       0.31832394820732296        5.1989658341038712E-002  0.60012501510030181        0.0000000000000000     
   2.7420000000000000       -65.151237983070700       0.31832340634265693        5.1989685625399157E-002  0.60012516464614729        0.0000000000000000     
   2.7429999999999999       -65.151227051396290       0.31832286460755915        5.1989713078675261E-002  0.60012531412990444        0.0000000000000000     
   2.7440000000000002       -65.151216095201974       0.31832232300207441        5.1989740700789489E-002  0.60012546355148033        0.0000000000000000     
   2.7450000000000001       -65.151205114500399       0.31832178152624752        5.1989768491664312E-002  0.60012561291078204        0.0000000000000000     
   2.7460000000000000       -65.151194109304242       0.31832124018012320        5.1989796451222203E-002  0.60012576220771674        0.0000000000000000     
   2.7469999999999999       -65.151183079626165       0.31832069896374615        5.1989824579385634E-002  0.60012591144219174        0.0000000000000000     
   2.7480000000000002       -65.151172025478829       0.31832015787716100        5.1989852876077068E-002  0.60012606061411433        0.0000000000000000     
   2.7490000000000001       -65.151160946874882       0.31831961692041233        5.1989881341218978E-002  0.60012620972339192        0.0000000000000000     
   2.7500000000000000       -65.151149843826985       0.31831907609354471        5.1989909974733843E-002  0.60012635876993181        0.0000000000000000     
   2.7509999999999999       -65.151138716347802       0.31831853539660265        5.1989938776544134E-002  0.60012650775364162        0.0000000000000000     
   2.7520000000000002       -65.151127564449979       0.31831799482963063        5.1989967746572323E-002  0.60012665667442888        0.0000000000000000     
   2.7530000000000001       -65.151116388146178       0.31831745439267306        5.1989996884740888E-002  0.60012680553220110        0.0000000000000000     
   2.7540000000000000       -65.151105187449048       0.31831691408577434        5.1990026190972302E-002  0.60012695432686602        0.0000000000000000     
   2.7549999999999999       -65.151093962371235       0.31831637390897882        5.1990055665189050E-002  0.60012710305833150        0.0000000000000000     
   2.7560000000000002       -65.151082712925401       0.31831583386233081        5.1990085307313604E-002  0.60012725172650516        0.0000000000000000     
   2.7570000000000001       -65.151071439124195       0.31831529394587449        5.1990115117268441E-002  0.60012740033129497        0.0000000000000000     
   2.7580000000000000       -65.151060140980263       0.31831475415965416        5.1990145094976049E-002  0.60012754887260888        0.0000000000000000     
   2.7589999999999999       -65.151048818506254       0.31831421450371389        5.1990175240358906E-002  0.60012769735035487        0.0000000000000000     
   2.7600000000000002       -65.151037471714815       0.31831367497809787        5.1990205553339497E-002  0.60012784576444100        0.0000000000000000     
   2.7610000000000001       -65.151026100618594       0.31831313558285018        5.1990236033840308E-002  0.60012799411477535        0.0000000000000000     
   2.7620000000000000       -65.151014705230224       0.31831259631801484        5.1990266681783817E-002  0.60012814240126611        0.0000000000000000     
   2.7629999999999999       -65.151003285562354       0.31831205718363587        5.1990297497092518E-002  0.60012829062382145        0.0000000000000000     
   2.7640000000000002       -65.150991841627629       0.31831151817975717        5.1990328479688902E-002  0.60012843878234978        0.0000000000000000     
   2.7650000000000001       -65.150980373438699       0.31831097930642266        5.1990359629495449E-002  0.60012858687675941        0.0000000000000000     
   2.7660000000000000       -65.150968881008197       0.31831044056367624        5.1990390946434657E-002  0.60012873490695873        0.0000000000000000     
   2.7669999999999999       -65.150957364348756       0.31830990195156172        5.1990422430429013E-002  0.60012888287285637        0.0000000000000000     
   2.7680000000000002       -65.150945823473023       0.31830936347012284        5.1990454081401016E-002  0.60012903077436075        0.0000000000000000     
   2.7690000000000001       -65.150934258393633       0.31830882511940339        5.1990485899273152E-002  0.60012917861138049        0.0000000000000000     
   2.7700000000000000       -65.150922669123219       0.31830828689944701        5.1990517883967927E-002  0.60012932638382432        0.0000000000000000     
   2.7709999999999999       -65.150911055674413       0.31830774881029739        5.1990550035407833E-002  0.60012947409160100        0.0000000000000000     
   2.7720000000000002       -65.150899418059851       0.31830721085199809        5.1990582353515370E-002  0.60012962173461926        0.0000000000000000     
   2.7730000000000001       -65.150887756292164       0.31830667302459270        5.1990614838213038E-002  0.60012976931278805        0.0000000000000000     
   2.7740000000000000       -65.150876070383987       0.31830613532812474        5.1990647489423343E-002  0.60012991682601624        0.0000000000000000     
   2.7749999999999999       -65.150864360347953       0.31830559776263773        5.1990680307068785E-002  0.60013006427421278        0.0000000000000000     
   2.7760000000000002       -65.150852626196695       0.31830506032817502        5.1990713291071869E-002  0.60013021165728675        0.0000000000000000     
   2.7770000000000001       -65.150840867942833       0.31830452302478007        5.1990746441355103E-002  0.60013035897514733        0.0000000000000000     
   2.7780000000000000       -65.150829085598986       0.31830398585249620        5.1990779757840999E-002  0.60013050622770359        0.0000000000000000     
   2.7789999999999999       -65.150817279177787       0.31830344881136668        5.1990813240452065E-002  0.60013065341486482        0.0000000000000000     
   2.7800000000000002       -65.150805448691870       0.31830291190143484        5.1990846889110813E-002  0.60013080053654033        0.0000000000000000     
   2.7810000000000001       -65.150793594153853       0.31830237512274384        5.1990880703739757E-002  0.60013094759263941        0.0000000000000000     
   2.7820000000000000       -65.150781715576358       0.31830183847533688        5.1990914684261411E-002  0.60013109458307157        0.0000000000000000     
   2.7829999999999999       -65.150769812972001       0.31830130195925710        5.1990948830598294E-002  0.60013124150774622        0.0000000000000000     
   2.7840000000000003       -65.150757886353404       0.31830076557454756        5.1990983142672927E-002  0.60013138836657298        0.0000000000000000     
   2.7850000000000001       -65.150745935733184       0.31830022932125135        5.1991017620407823E-002  0.60013153515946138        0.0000000000000000     
   2.7860000000000000       -65.150733961123962       0.31829969319941143        5.1991052263725517E-002  0.60013168188632116        0.0000000000000000     
   2.7869999999999999       -65.150721962538356       0.31829915720907076        5.1991087072548528E-002  0.60013182854706193        0.0000000000000000     
   2.7880000000000003       -65.150709939988985       0.31829862135027226        5.1991122046799378E-002  0.60013197514159367        0.0000000000000000     
   2.7890000000000001       -65.150697893488456       0.31829808562305884        5.1991157186400599E-002  0.60013212166982610        0.0000000000000000     
   2.7900000000000000       -65.150685823049386       0.31829755002747329        5.1991192491274728E-002  0.60013226813166920        0.0000000000000000     
   2.7909999999999999       -65.150673728684396       0.31829701456355841        5.1991227961344290E-002  0.60013241452703292        0.0000000000000000     
   2.7920000000000003       -65.150661610406075       0.31829647923135695        5.1991263596531820E-002  0.60013256085582722        0.0000000000000000     
   2.7930000000000001       -65.150649468227058       0.31829594403091166        5.1991299396759859E-002  0.60013270711796229        0.0000000000000000     
   2.7940000000000000       -65.150637302159936       0.31829540896226510        5.1991335361950941E-002  0.60013285331334831        0.0000000000000000     
   2.7949999999999999       -65.150625112217327       0.31829487402545997        5.1991371492027608E-002  0.60013299944189546        0.0000000000000000     
   2.7960000000000003       -65.150612898411822       0.31829433922053879        5.1991407786912407E-002  0.60013314550351415        0.0000000000000000     
   2.7970000000000002       -65.150600660756041       0.31829380454754413        5.1991444246527879E-002  0.60013329149811456        0.0000000000000000     
   2.7980000000000000       -65.150588399262588       0.31829327000651847        5.1991480870796573E-002  0.60013343742560721        0.0000000000000000     
   2.7989999999999999       -65.150576113944055       0.31829273559750426        5.1991517659641037E-002  0.60013358328590249        0.0000000000000000     
   2.8000000000000003       -65.150563804813061       0.31829220132054387        5.1991554612983819E-002  0.60013372907891105        0.0000000000000000     
   2.8010000000000002       -65.150551471882196       0.31829166717567969        5.1991591730747480E-002  0.60013387480454339        0.0000000000000000     
   2.8020000000000000       -65.150539115164051       0.31829113316295404        5.1991629012854569E-002  0.60013402046271025        0.0000000000000000     
   2.8029999999999999       -65.150526734671232       0.31829059928240921        5.1991666459227655E-002  0.60013416605332226        0.0000000000000000     
   2.8040000000000003       -65.150514330416343       0.31829006553408740        5.1991704069789285E-002  0.60013431157629027        0.0000000000000000     
   2.8050000000000002       -65.150501902411975       0.31828953191803078        5.1991741844462036E-002  0.60013445703152513        0.0000000000000000     
   2.8060000000000000       -65.150489450670719       0.31828899843428154        5.1991779783168462E-002  0.60013460241893768        0.0000000000000000     
   2.8069999999999999       -65.150476975205180       0.31828846508288178        5.1991817885831140E-002  0.60013474773843900        0.0000000000000000     
   2.8080000000000003       -65.150464476027935       0.31828793186387355        5.1991856152372631E-002  0.60013489298994005        0.0000000000000000     
   2.8090000000000002       -65.150451953151588       0.31828739877729884        5.1991894582715512E-002  0.60013503817335190        0.0000000000000000     
   2.8100000000000001       -65.150439406588717       0.31828686582319965        5.1991933176782357E-002  0.60013518328858573        0.0000000000000000     
   2.8109999999999999       -65.150426836351912       0.31828633300161790        5.1991971934495750E-002  0.60013532833555272        0.0000000000000000     
   2.8120000000000003       -65.150414242453778       0.31828580031259551        5.1992010855778266E-002  0.60013547331416417        0.0000000000000000     
   2.8130000000000002       -65.150401624906877       0.31828526775617433        5.1992049940552489E-002  0.60013561822433148        0.0000000000000000     
   2.8140000000000001       -65.150388983723815       0.31828473533239610        5.1992089188741000E-002  0.60013576306596605        0.0000000000000000     
   2.8149999999999999       -65.150376318917168       0.31828420304130267        5.1992128600266391E-002  0.60013590783897930        0.0000000000000000     
   2.8159999999999998       -65.150363630499513       0.31828367088293569        5.1992168175051250E-002  0.60013605254328273        0.0000000000000000     
   2.8170000000000002       -65.150350918483440       0.31828313885733689        5.1992207913018174E-002  0.60013619717878786        0.0000000000000000     
   2.8180000000000001       -65.150338182881526       0.31828260696454785        5.1992247814089759E-002  0.60013634174540642        0.0000000000000000     
   2.8190000000000000       -65.150325423706363       0.31828207520461022        5.1992287878188596E-002  0.60013648624305016        0.0000000000000000     
   2.8199999999999998       -65.150312640970512       0.31828154357756550        5.1992328105237295E-002  0.60013663067163081        0.0000000000000000     
   2.8210000000000002       -65.150299834686550       0.31828101208345522        5.1992368495158453E-002  0.60013677503106022        0.0000000000000000     
   2.8220000000000001       -65.150287004867067       0.31828048072232085        5.1992409047874680E-002  0.60013691932125024        0.0000000000000000     
   2.8230000000000000       -65.150274151524627       0.31827994949420380        5.1992449763308586E-002  0.60013706354211283        0.0000000000000000     
   2.8239999999999998       -65.150261274671806       0.31827941839914542        5.1992490641382783E-002  0.60013720769356005        0.0000000000000000     
   2.8250000000000002       -65.150248374321180       0.31827888743718707        5.1992531682019880E-002  0.60013735177550398        0.0000000000000000     
   2.8260000000000001       -65.150235450485312       0.31827835660837006        5.1992572885142502E-002  0.60013749578785669        0.0000000000000000     
   2.8270000000000000       -65.150222503176778       0.31827782591273562        5.1992614250673266E-002  0.60013763973053036        0.0000000000000000     
   2.8279999999999998       -65.150209532408141       0.31827729535032495        5.1992655778534798E-002  0.60013778360343739        0.0000000000000000     
   2.8290000000000002       -65.150196538191977       0.31827676492117923        5.1992697468649721E-002  0.60013792740648997        0.0000000000000000     
   2.8300000000000001       -65.150183520540836       0.31827623462533960        5.1992739320940666E-002  0.60013807113960060        0.0000000000000000     
   2.8310000000000000       -65.150170479467292       0.31827570446284714        5.1992781335330272E-002  0.60013821480268159        0.0000000000000000     
   2.8319999999999999       -65.150157414983923       0.31827517443374287        5.1992823511741164E-002  0.60013835839564555        0.0000000000000000     
   2.8330000000000002       -65.150144327103277       0.31827464453806781        5.1992865850095986E-002  0.60013850191840501        0.0000000000000000     
   2.8340000000000001       -65.150131215837916       0.31827411477586293        5.1992908350317377E-002  0.60013864537087269        0.0000000000000000     
   2.8350000000000000       -65.150118081200404       0.31827358514716908        5.1992951012327981E-002  0.60013878875296112        0.0000000000000000     
   2.8359999999999999       -65.150104923203287       0.31827305565202718        5.1992993836050452E-002  0.60013893206458313        0.0000000000000000     
   2.8370000000000002       -65.150091741859143       0.31827252629047803        5.1993036821407435E-002  0.60013907530565158        0.0000000000000000     
   2.8380000000000001       -65.150078537180505       0.31827199706256243        5.1993079968321580E-002  0.60013921847607932        0.0000000000000000     
   2.8390000000000000       -65.150065309179951       0.31827146796832112        5.1993123276715549E-002  0.60013936157577930        0.0000000000000000     
   2.8399999999999999       -65.150052057870028       0.31827093900779480        5.1993166746512005E-002  0.60013950460466448        0.0000000000000000     
   2.8410000000000002       -65.150038783263284       0.31827041018102409        5.1993210377633603E-002  0.60013964756264793        0.0000000000000000     
   2.8420000000000001       -65.150025485372268       0.31826988148804963        5.1993254170003014E-002  0.60013979044964283        0.0000000000000000     
   2.8430000000000000       -65.150012164209528       0.31826935292891201        5.1993298123542912E-002  0.60013993326556225        0.0000000000000000     
   2.8439999999999999       -65.149998819787626       0.31826882450365174        5.1993342238175963E-002  0.60014007601031949        0.0000000000000000     
   2.8450000000000002       -65.149985452119097       0.31826829621230934        5.1993386513824846E-002  0.60014021868382794        0.0000000000000000     
   2.8460000000000001       -65.149972061216502       0.31826776805492524        5.1993430950412242E-002  0.60014036128600090        0.0000000000000000     
   2.8470000000000000       -65.149958647092376       0.31826724003153983        5.1993475547860830E-002  0.60014050381675177        0.0000000000000000     
   2.8479999999999999       -65.149945209759267       0.31826671214219349        5.1993520306093298E-002  0.60014064627599406        0.0000000000000000     
   2.8490000000000002       -65.149931749229708       0.31826618438692650        5.1993565225032332E-002  0.60014078866364129        0.0000000000000000     
   2.8500000000000001       -65.149918265516249       0.31826565676577917        5.1993610304600632E-002  0.60014093097960708        0.0000000000000000     
   2.8510000000000000       -65.149904758631422       0.31826512927879175        5.1993655544720886E-002  0.60014107322380517        0.0000000000000000     
   2.8519999999999999       -65.149891228587776       0.31826460192600436        5.1993700945315802E-002  0.60014121539614917        0.0000000000000000     
   2.8530000000000002       -65.149877675397846       0.31826407470745727        5.1993746506308079E-002  0.60014135749655295        0.0000000000000000     
   2.8540000000000001       -65.149864099074165       0.31826354762319048        5.1993792227620426E-002  0.60014149952493046        0.0000000000000000     
   2.8550000000000000       -65.149850499629281       0.31826302067324408        5.1993838109175551E-002  0.60014164148119542        0.0000000000000000     
   2.8559999999999999       -65.149836877075714       0.31826249385765815        5.1993884150896168E-002  0.60014178336526192        0.0000000000000000     
   2.8570000000000002       -65.149823231425998       0.31826196717647259        5.1993930352704991E-002  0.60014192517704401        0.0000000000000000     
   2.8580000000000001       -65.149809562692667       0.31826144062972739        5.1993976714524742E-002  0.60014206691645577        0.0000000000000000     
   2.8590000000000000       -65.149795870888255       0.31826091421746244        5.1994023236278150E-002  0.60014220858341139        0.0000000000000000     
   2.8599999999999999       -65.149782156025282       0.31826038793971761        5.1994069917887936E-002  0.60014235017782502        0.0000000000000000     
   2.8610000000000002       -65.149768418116281       0.31825986179653271        5.1994116759276836E-002  0.60014249169961098        0.0000000000000000     
   2.8620000000000001       -65.149754657173787       0.31825933578794746        5.1994163760367584E-002  0.60014263314868366        0.0000000000000000     
   2.8630000000000000       -65.149740873210320       0.31825880991400163        5.1994210921082917E-002  0.60014277452495746        0.0000000000000000     
   2.8639999999999999       -65.149727066238398       0.31825828417473490        5.1994258241345584E-002  0.60014291582834678        0.0000000000000000     
   2.8650000000000002       -65.149713236270543       0.31825775857018690        5.1994305721078327E-002  0.60014305705876625        0.0000000000000000     
   2.8660000000000001       -65.149699383319273       0.31825723310039727        5.1994353360203895E-002  0.60014319821613038        0.0000000000000000     
   2.8670000000000000       -65.149685507397123       0.31825670776540554        5.1994401158645037E-002  0.60014333930035380        0.0000000000000000     
   2.8679999999999999       -65.149671608516599       0.31825618256525123        5.1994449116324518E-002  0.60014348031135123        0.0000000000000000     
   2.8690000000000002       -65.149657686690219       0.31825565749997381        5.1994497233165092E-002  0.60014362124903753        0.0000000000000000     
   2.8700000000000001       -65.149643741930504       0.31825513256961274        5.1994545509089531E-002  0.60014376211332743        0.0000000000000000     
   2.8710000000000000       -65.149629774249959       0.31825460777420739        5.1994593944020603E-002  0.60014390290413588        0.0000000000000000     
   2.8719999999999999       -65.149615783661105       0.31825408311379716        5.1994642537881081E-002  0.60014404362137785        0.0000000000000000     
   2.8730000000000002       -65.149601770176460       0.31825355858842130        5.1994691290593739E-002  0.60014418426496829        0.0000000000000000     
   2.8740000000000001       -65.149587733808531       0.31825303419811907        5.1994740202081356E-002  0.60014432483482238        0.0000000000000000     
   2.8750000000000000       -65.149573674569822       0.31825250994292975        5.1994789272266723E-002  0.60014446533085519        0.0000000000000000     
   2.8759999999999999       -65.149559592472855       0.31825198582289249        5.1994838501072622E-002  0.60014460575298190        0.0000000000000000     
   2.8770000000000002       -65.149545487530119       0.31825146183804642        5.1994887888421847E-002  0.60014474610111779        0.0000000000000000     
   2.8780000000000001       -65.149531359754135       0.31825093798843063        5.1994937434237193E-002  0.60014488637517815        0.0000000000000000     
   2.8790000000000000       -65.149517209157395       0.31825041427408424        5.1994987138441459E-002  0.60014502657507840        0.0000000000000000     
   2.8799999999999999       -65.149503035752403       0.31824989069504617        5.1995037000957457E-002  0.60014516670073392        0.0000000000000000     
   2.8810000000000002       -65.149488839551680       0.31824936725135544        5.1995087021707992E-002  0.60014530675206035        0.0000000000000000     
   2.8820000000000001       -65.149474620567702       0.31824884394305103        5.1995137200615868E-002  0.60014544672897308        0.0000000000000000     
   2.8830000000000000       -65.149460378812975       0.31824832077017179        5.1995187537603911E-002  0.60014558663138784        0.0000000000000000     
   2.8839999999999999       -65.149446114300005       0.31824779773275652        5.1995238032594940E-002  0.60014572645922026        0.0000000000000000     
   2.8850000000000002       -65.149431827041283       0.31824727483084408        5.1995288685511773E-002  0.60014586621238619        0.0000000000000000     
   2.8860000000000001       -65.149417517049315       0.31824675206447323        5.1995339496277250E-002  0.60014600589080136        0.0000000000000000     
   2.8870000000000000       -65.149403184336578       0.31824622943368269        5.1995390464814197E-002  0.60014614549438161        0.0000000000000000     
   2.8879999999999999       -65.149388828915576       0.31824570693851112        5.1995441591045452E-002  0.60014628502304290        0.0000000000000000     
   2.8890000000000002       -65.149374450798788       0.31824518457899714        5.1995492874893856E-002  0.60014642447670130        0.0000000000000000     
   2.8900000000000001       -65.149360049998720       0.31824466235517940        5.1995544316282255E-002  0.60014656385527276        0.0000000000000000     
   2.8910000000000000       -65.149345626527847       0.31824414026709641        5.1995595915133495E-002  0.60014670315867336        0.0000000000000000     
   2.8919999999999999       -65.149331180398661       0.31824361831478670        5.1995647671370430E-002  0.60014684238681937        0.0000000000000000     
   2.8930000000000002       -65.149316711623655       0.31824309649828875        5.1995699584915928E-002  0.60014698153962698        0.0000000000000000     
   2.8940000000000001       -65.149302220215304       0.31824257481764101        5.1995751655692840E-002  0.60014712061701248        0.0000000000000000     
   2.8950000000000000       -65.149287706186101       0.31824205327288180        5.1995803883624042E-002  0.60014725961889215        0.0000000000000000     
   2.8959999999999999       -65.149273169548522       0.31824153186404952        5.1995856268632401E-002  0.60014739854518251        0.0000000000000000     
   2.8970000000000002       -65.149258610315059       0.31824101059118248        5.1995908810640791E-002  0.60014753739580007        0.0000000000000000     
   2.8980000000000001       -65.149244028498174       0.31824048945431893        5.1995961509572093E-002  0.60014767617066123        0.0000000000000000     
   2.8990000000000000       -65.149229424110359       0.31823996845349706        5.1996014365349189E-002  0.60014781486968261        0.0000000000000000     
   2.8999999999999999       -65.149214797164078       0.31823944758875505        5.1996067377894972E-002  0.60014795349278094        0.0000000000000000     
   2.9010000000000002       -65.149200147671820       0.31823892686013106        5.1996120547132332E-002  0.60014809203987296        0.0000000000000000     
   2.9020000000000001       -65.149185475646050       0.31823840626766320        5.1996173872984171E-002  0.60014823051087529        0.0000000000000000     
   2.9030000000000000       -65.149170781099244       0.31823788581138951        5.1996227355373383E-002  0.60014836890570489        0.0000000000000000     
   2.9039999999999999       -65.149156064043865       0.31823736549134801        5.1996280994222883E-002  0.60014850722427859        0.0000000000000000     
   2.9050000000000002       -65.149141324492390       0.31823684530757662        5.1996334789455576E-002  0.60014864546651348        0.0000000000000000     
   2.9060000000000001       -65.149126562457283       0.31823632526011331        5.1996388740994381E-002  0.60014878363232649        0.0000000000000000     
   2.9070000000000000       -65.149111777951020       0.31823580534899598        5.1996442848762217E-002  0.60014892172163470        0.0000000000000000     
   2.9079999999999999       -65.149096970986065       0.31823528557426245        5.1996497112682012E-002  0.60014905973435517        0.0000000000000000     
   2.9090000000000003       -65.149082141574880       0.31823476593595057        5.1996551532676689E-002  0.60014919767040520        0.0000000000000000     
   2.9100000000000001       -65.149067289729928       0.31823424643409803        5.1996606108669186E-002  0.60014933552970207        0.0000000000000000     
   2.9110000000000000       -65.149052415463672       0.31823372706874264        5.1996660840582437E-002  0.60014947331216306        0.0000000000000000     
   2.9119999999999999       -65.149037518788575       0.31823320783992204        5.1996715728339395E-002  0.60014961101770559        0.0000000000000000     
   2.9130000000000003       -65.149022599717085       0.31823268874767380        5.1996770771863002E-002  0.60014974864624704        0.0000000000000000     
   2.9140000000000001       -65.149007658261681       0.31823216979203561        5.1996825971076209E-002  0.60014988619770493        0.0000000000000000     
   2.9150000000000000       -65.148992694434796       0.31823165097304495        5.1996881325901974E-002  0.60015002367199677        0.0000000000000000     
   2.9159999999999999       -65.148977708248907       0.31823113229073940        5.1996936836263254E-002  0.60015016106904029        0.0000000000000000     
   2.9170000000000003       -65.148962699716449       0.31823061374515643        5.1996992502083020E-002  0.60015029838875311        0.0000000000000000     
   2.9180000000000001       -65.148947668849885       0.31823009533633345        5.1997048323284244E-002  0.60015043563105297        0.0000000000000000     
   2.9190000000000000       -65.148932615661664       0.31822957706430782        5.1997104299789904E-002  0.60015057279585771        0.0000000000000000     
   2.9199999999999999       -65.148917540164234       0.31822905892911690        5.1997160431522978E-002  0.60015070988308516        0.0000000000000000     
   2.9210000000000003       -65.148902442370044       0.31822854093079800        5.1997216718406451E-002  0.60015084689265330        0.0000000000000000     
   2.9220000000000002       -65.148887322291543       0.31822802306938841        5.1997273160363316E-002  0.60015098382448007        0.0000000000000000     
   2.9230000000000000       -65.148872179941179       0.31822750534492533        5.1997329757316565E-002  0.60015112067848353        0.0000000000000000     
   2.9239999999999999       -65.148857015331387       0.31822698775744596        5.1997386509189204E-002  0.60015125745458175        0.0000000000000000     
   2.9250000000000003       -65.148841828474616       0.31822647030698742        5.1997443415904232E-002  0.60015139415269303        0.0000000000000000     
   2.9260000000000002       -65.148826619383300       0.31822595299358680        5.1997500477384662E-002  0.60015153077273542        0.0000000000000000     
   2.9270000000000000       -65.148811388069888       0.31822543581728119        5.1997557693553506E-002  0.60015166731462732        0.0000000000000000     
   2.9279999999999999       -65.148796134546814       0.31822491877810760        5.1997615064333785E-002  0.60015180377828703        0.0000000000000000     
   2.9290000000000003       -65.148780858826527       0.31822440187610301        5.1997672589648526E-002  0.60015194016363294        0.0000000000000000     
   2.9300000000000002       -65.148765560921447       0.31822388511130434        5.1997730269420762E-002  0.60015207647058355        0.0000000000000000     
   2.9310000000000000       -65.148750240844009       0.31822336848374849        5.1997788103573521E-002  0.60015221269905739        0.0000000000000000     
   2.9319999999999999       -65.148734898606662       0.31822285199347228        5.1997846092029842E-002  0.60015234884897306        0.0000000000000000     
   2.9330000000000003       -65.148719534221826       0.31822233564051255        5.1997904234712775E-002  0.60015248492024920        0.0000000000000000     
   2.9340000000000002       -65.148704147701935       0.31822181942490607        5.1997962531545365E-002  0.60015262091280441        0.0000000000000000     
   2.9350000000000001       -65.148688739059409       0.31822130334668958        5.1998020982450675E-002  0.60015275682655755        0.0000000000000000     
   2.9359999999999999       -65.148673308306684       0.31822078740589971        5.1998079587351760E-002  0.60015289266142746        0.0000000000000000     
   2.9370000000000003       -65.148657855456179       0.31822027160257316        5.1998138346171681E-002  0.60015302841733309        0.0000000000000000     
   2.9380000000000002       -65.148642380520329       0.31821975593674651        5.1998197258833513E-002  0.60015316409419328        0.0000000000000000     
   2.9390000000000001       -65.148626883511554       0.31821924040845634        5.1998256325260332E-002  0.60015329969192710        0.0000000000000000     
   2.9399999999999999       -65.148611364442274       0.31821872501773912        5.1998315545375214E-002  0.60015343521045361        0.0000000000000000     
   2.9410000000000003       -65.148595823324911       0.31821820976463139        5.1998374919101246E-002  0.60015357064969188        0.0000000000000000     
   2.9420000000000002       -65.148580260171883       0.31821769464916955        5.1998434446361520E-002  0.60015370600956108        0.0000000000000000     
   2.9430000000000001       -65.148564674995598       0.31821717967139002        5.1998494127079131E-002  0.60015384128998062        0.0000000000000000     
   2.9440000000000000       -65.148549067808489       0.31821666483132915        5.1998553961177182E-002  0.60015397649086966        0.0000000000000000     
   2.9449999999999998       -65.148533438622962       0.31821615012902327        5.1998613948578777E-002  0.60015411161214760        0.0000000000000000     
   2.9460000000000002       -65.148517787451425       0.31821563556450860        5.1998674089207032E-002  0.60015424665373385        0.0000000000000000     
   2.9470000000000001       -65.148502114306297       0.31821512113782147        5.1998734382985058E-002  0.60015438161554802        0.0000000000000000     
   2.9480000000000000       -65.148486419199997       0.31821460684899799        5.1998794829835979E-002  0.60015451649750950        0.0000000000000000     
   2.9489999999999998       -65.148470702144920       0.31821409269807432        5.1998855429682925E-002  0.60015465129953804        0.0000000000000000     
   2.9500000000000002       -65.148454963153483       0.31821357868508660        5.1998916182449027E-002  0.60015478602155314        0.0000000000000000     
   2.9510000000000001       -65.148439202238094       0.31821306481007089        5.1998977088057424E-002  0.60015492066347464        0.0000000000000000     
   2.9520000000000000       -65.148423419411145       0.31821255107306318        5.1999038146431260E-002  0.60015505522522239        0.0000000000000000     
   2.9529999999999998       -65.148407614685055       0.31821203747409949        5.1999099357493681E-002  0.60015518970671611        0.0000000000000000     
   2.9540000000000002       -65.148391788072217       0.31821152401321573        5.1999160721167843E-002  0.60015532410787575        0.0000000000000000     
   2.9550000000000001       -65.148375939585023       0.31821101069044788        5.1999222237376908E-002  0.60015545842862128        0.0000000000000000     
   2.9560000000000000       -65.148360069235892       0.31821049750583175        5.1999283906044039E-002  0.60015559266887275        0.0000000000000000     
   2.9569999999999999       -65.148344177037202       0.31820998445940313        5.1999345727092409E-002  0.60015572682855023        0.0000000000000000     
   2.9580000000000002       -65.148328263001360       0.31820947155119783        5.1999407700445192E-002  0.60015586090757389        0.0000000000000000     
   2.9590000000000001       -65.148312327140758       0.31820895878125161        5.1999469826025567E-002  0.60015599490586391        0.0000000000000000     
   2.9600000000000000       -65.148296369467801       0.31820844614960014        5.1999532103756727E-002  0.60015612882334057        0.0000000000000000     
   2.9609999999999999       -65.148280389994866       0.31820793365627914        5.1999594533561858E-002  0.60015626265992417        0.0000000000000000     
   2.9620000000000002       -65.148264388734347       0.31820742130132418        5.1999657115364160E-002  0.60015639641553509        0.0000000000000000     
   2.9630000000000001       -65.148248365698635       0.31820690908477084        5.1999719849086842E-002  0.60015653009009384        0.0000000000000000     
   2.9640000000000000       -65.148232320900121       0.31820639700665465        5.1999782734653104E-002  0.60015666368352094        0.0000000000000000     
   2.9649999999999999       -65.148216254351183       0.31820588506701108        5.1999845771986165E-002  0.60015679719573689        0.0000000000000000     
   2.9660000000000002       -65.148200166064214       0.31820537326587561        5.1999908961009249E-002  0.60015693062666231        0.0000000000000000     
   2.9670000000000001       -65.148184056051591       0.31820486160328365        5.1999972301645575E-002  0.60015706397621793        0.0000000000000000     
   2.9680000000000000       -65.148167924325705       0.31820435007927061        5.2000035793818379E-002  0.60015719724432448        0.0000000000000000     
   2.9689999999999999       -65.148151770898934       0.31820383869387175        5.2000099437450903E-002  0.60015733043090269        0.0000000000000000     
   2.9700000000000002       -65.148135595783643       0.31820332744712243        5.2000163232466382E-002  0.60015746353587351        0.0000000000000000     
   2.9710000000000001       -65.148119398992222       0.31820281633905784        5.2000227178788064E-002  0.60015759655915790        0.0000000000000000     
   2.9720000000000000       -65.148103180537049       0.31820230536971322        5.2000291276339206E-002  0.60015772950067670        0.0000000000000000     
   2.9729999999999999       -65.148086940430488       0.31820179453912373        5.2000355525043070E-002  0.60015786236035107        0.0000000000000000     
   2.9740000000000002       -65.148070678684917       0.31820128384732449        5.2000419924822919E-002  0.60015799513810208        0.0000000000000000     
   2.9750000000000001       -65.148054395312712       0.31820077329435059        5.2000484475602030E-002  0.60015812783385092        0.0000000000000000     
   2.9760000000000000       -65.148038090326239       0.31820026288023706        5.2000549177303672E-002  0.60015826044751874        0.0000000000000000     
   2.9769999999999999       -65.148021763737873       0.31819975260501893        5.2000614029851129E-002  0.60015839297902696        0.0000000000000000     
   2.9780000000000002       -65.148005415559979       0.31819924246873110        5.2000679033167692E-002  0.60015852542829673        0.0000000000000000     
   2.9790000000000001       -65.147989045804920       0.31819873247140856        5.2000744187176658E-002  0.60015865779524957        0.0000000000000000     
   2.9800000000000000       -65.147972654485059       0.31819822261308617        5.2000809491801324E-002  0.60015879007980699        0.0000000000000000     
   2.9809999999999999       -65.147956241612761       0.31819771289379878        5.2000874946964995E-002  0.60015892228189038        0.0000000000000000     
   2.9820000000000002       -65.147939807200387       0.31819720331358120        5.2000940552590989E-002  0.60015905440142137        0.0000000000000000     
   2.9830000000000001       -65.147923351260303       0.31819669387246813        5.2001006308602618E-002  0.60015918643832167        0.0000000000000000     
   2.9840000000000000       -65.147906873804857       0.31819618457049437        5.2001072214923207E-002  0.60015931839251291        0.0000000000000000     
   2.9849999999999999       -65.147890374846412       0.31819567540769456        5.2001138271476087E-002  0.60015945026391682        0.0000000000000000     
   2.9860000000000002       -65.147873854397318       0.31819516638410333        5.2001204478184591E-002  0.60015958205245534        0.0000000000000000     
   2.9870000000000001       -65.147857312469938       0.31819465749975528        5.2001270834972066E-002  0.60015971375805022        0.0000000000000000     
   2.9880000000000000       -65.147840749076607       0.31819414875468494        5.2001337341761857E-002  0.60015984538062339        0.0000000000000000     
   2.9889999999999999       -65.147824164229689       0.31819364014892687        5.2001403998477316E-002  0.60015997692009693        0.0000000000000000     
   2.9900000000000002       -65.147807557941533       0.31819313168251551        5.2001470805041805E-002  0.60016010837639289        0.0000000000000000     
   2.9910000000000001       -65.147790930224488       0.31819262335548532        5.2001537761378683E-002  0.60016023974943333        0.0000000000000000     
   2.9920000000000000       -65.147774281090904       0.31819211516787066        5.2001604867411330E-002  0.60016037103914044        0.0000000000000000     
   2.9929999999999999       -65.147757610553114       0.31819160711970590        5.2001672123063121E-002  0.60016050224543649        0.0000000000000000     
   2.9940000000000002       -65.147740918623469       0.31819109921102540        5.2001739528257436E-002  0.60016063336824377        0.0000000000000000     
   2.9950000000000001       -65.147724205314319       0.31819059144186335        5.2001807082917670E-002  0.60016076440748456        0.0000000000000000     
   2.9960000000000000       -65.147707470637997       0.31819008381225405        5.2001874786967210E-002  0.60016089536308137        0.0000000000000000     
   2.9969999999999999       -65.147690714606838       0.31818957632223166        5.2001942640329465E-002  0.60016102623495660        0.0000000000000000     
   2.9980000000000002       -65.147673937233179       0.31818906897183030        5.2002010642927844E-002  0.60016115702303274        0.0000000000000000     
   2.9990000000000001       -65.147657138529368       0.31818856176108412        5.2002078794685755E-002  0.60016128772723243        0.0000000000000000     
   3.0000000000000000       -65.147640318507726       0.31818805469002720        5.2002147095526620E-002  0.60016141834747838        0.0000000000000000     
   3.0009999999999999       -65.147623477180588       0.31818754775869351        5.2002215545373869E-002  0.60016154888369322        0.0000000000000000     
   3.0020000000000002       -65.147606614560303       0.31818704096711709        5.2002284144150930E-002  0.60016167933579978        0.0000000000000000     
   3.0030000000000001       -65.147589730659178       0.31818653431533184        5.2002352891781248E-002  0.60016180970372079        0.0000000000000000     
   3.0040000000000000       -65.147572825489547       0.31818602780337168        5.2002421788188258E-002  0.60016193998737921        0.0000000000000000     
   3.0049999999999999       -65.147555899063747       0.31818552143127055        5.2002490833295417E-002  0.60016207018669798        0.0000000000000000     
   3.0060000000000002       -65.147538951394097       0.31818501519906217        5.2002560027026183E-002  0.60016220030160006        0.0000000000000000     
   3.0070000000000001       -65.147521982492918       0.31818450910678037        5.2002629369304020E-002  0.60016233033200861        0.0000000000000000     
   3.0080000000000000       -65.147504992372546       0.31818400315445888        5.2002698860052397E-002  0.60016246027784670        0.0000000000000000     
   3.0089999999999999       -65.147487981045288       0.31818349734213147        5.2002768499194787E-002  0.60016259013903750        0.0000000000000000     
   3.0100000000000002       -65.147470948523463       0.31818299166983172        5.2002838286654675E-002  0.60016271991550418        0.0000000000000000     
   3.0110000000000001       -65.147453894819392       0.31818248613759331        5.2002908222355551E-002  0.60016284960717015        0.0000000000000000     
   3.0120000000000000       -65.147436819945398       0.31818198074544979        5.2002978306220908E-002  0.60016297921395867        0.0000000000000000     
   3.0129999999999999       -65.147419723913785       0.31818147549343473        5.2003048538174251E-002  0.60016310873579326        0.0000000000000000     
   3.0140000000000002       -65.147402606736875       0.31818097038158161        5.2003118918139087E-002  0.60016323817259731        0.0000000000000000     
   3.0150000000000001       -65.147385468426975       0.31818046540992390        5.2003189446038926E-002  0.60016336752429444        0.0000000000000000     
   3.0160000000000000       -65.147368308996406       0.31817996057849501        5.2003260121797290E-002  0.60016349679080827        0.0000000000000000     
   3.0169999999999999       -65.147351128457458       0.31817945588732832        5.2003330945337704E-002  0.60016362597206230        0.0000000000000000     
   3.0180000000000002       -65.147333926822455       0.31817895133645718        5.2003401916583702E-002  0.60016375506798036        0.0000000000000000     
   3.0190000000000001       -65.147316704103687       0.31817844692591490        5.2003473035458825E-002  0.60016388407848620        0.0000000000000000     
   3.0200000000000000       -65.147299460313477       0.31817794265573474        5.2003544301886619E-002  0.60016401300350364        0.0000000000000000     
   3.0209999999999999       -65.147282195464115       0.31817743852594987        5.2003615715790638E-002  0.60016414184295663        0.0000000000000000     
   3.0220000000000002       -65.147264909567895       0.31817693453659351        5.2003687277094438E-002  0.60016427059676902        0.0000000000000000     
   3.0230000000000001       -65.147247602637123       0.31817643068769880        5.2003758985721592E-002  0.60016439926486487        0.0000000000000000     
   3.0240000000000000       -65.147230274684105       0.31817592697929886        5.2003830841595662E-002  0.60016452784716823        0.0000000000000000     
   3.0249999999999999       -65.147212925721135       0.31817542341142674        5.2003902844640230E-002  0.60016465634360328        0.0000000000000000     
   3.0260000000000002       -65.147195555760504       0.31817491998411540        5.2003974994778886E-002  0.60016478475409418        0.0000000000000000     
   3.0270000000000001       -65.147178164814505       0.31817441669739788        5.2004047291935217E-002  0.60016491307856512        0.0000000000000000     
   3.0280000000000000       -65.147160752895431       0.31817391355130709        5.2004119736032826E-002  0.60016504131694048        0.0000000000000000     
   3.0289999999999999       -65.147143320015573       0.31817341054587595        5.2004192326995310E-002  0.60016516946914455        0.0000000000000000     
   3.0300000000000002       -65.147125866187224       0.31817290768113732        5.2004265064746286E-002  0.60016529753510184        0.0000000000000000     
   3.0310000000000001       -65.147108391422663       0.31817240495712401        5.2004337949209369E-002  0.60016542551473673        0.0000000000000000     
   3.0320000000000000       -65.147090895734181       0.31817190237386878        5.2004410980308190E-002  0.60016555340797384        0.0000000000000000     
   3.0329999999999999       -65.147073379134056       0.31817139993140436        5.2004484157966373E-002  0.60016568121473768        0.0000000000000000     
   3.0340000000000003       -65.147055841634568       0.31817089762976347        5.2004557482107555E-002  0.60016580893495297        0.0000000000000000     
   3.0350000000000001       -65.147038283248008       0.31817039546897879        5.2004630952655388E-002  0.60016593656854444        0.0000000000000000     
   3.0360000000000000       -65.147020703986655       0.31816989344908292        5.2004704569533523E-002  0.60016606411543683        0.0000000000000000     
   3.0369999999999999       -65.147003103862787       0.31816939157010843        5.2004778332665612E-002  0.60016619157555495        0.0000000000000000     
   3.0380000000000003       -65.146985482888667       0.31816888983208785        5.2004852241975319E-002  0.60016631894882377        0.0000000000000000     
   3.0390000000000001       -65.146967841076588       0.31816838823505367        5.2004926297386324E-002  0.60016644623516824        0.0000000000000000     
   3.0400000000000000       -65.146950178438814       0.31816788677903834        5.2005000498822299E-002  0.60016657343451330        0.0000000000000000     
   3.0409999999999999       -65.146932494987610       0.31816738546407430        5.2005074846206929E-002  0.60016670054678400        0.0000000000000000     
   3.0420000000000003       -65.146914790735252       0.31816688429019391        5.2005149339463902E-002  0.60016682757190554        0.0000000000000000     
   3.0430000000000001       -65.146897065694006       0.31816638325742952        5.2005223978516923E-002  0.60016695450980306        0.0000000000000000     
   3.0440000000000000       -65.146879319876149       0.31816588236581345        5.2005298763289694E-002  0.60016708136040176        0.0000000000000000     
   3.0449999999999999       -65.146861553293931       0.31816538161537788        5.2005373693705927E-002  0.60016720812362701        0.0000000000000000     
   3.0460000000000003       -65.146843765959630       0.31816488100615514        5.2005448769689343E-002  0.60016733479940421        0.0000000000000000     
   3.0470000000000002       -65.146825957885497       0.31816438053817730        5.2005523991163670E-002  0.60016746138765875        0.0000000000000000     
   3.0480000000000000       -65.146808129083794       0.31816388021147657        5.2005599358052636E-002  0.60016758788831603        0.0000000000000000     
   3.0489999999999999       -65.146790279566787       0.31816338002608502        5.2005674870279982E-002  0.60016771430130167        0.0000000000000000     
   3.0500000000000003       -65.146772409346738       0.31816287998203469        5.2005750527769450E-002  0.60016784062654127        0.0000000000000000     
   3.0510000000000002       -65.146754518435884       0.31816238007935760        5.2005826330444802E-002  0.60016796686396046        0.0000000000000000     
   3.0520000000000000       -65.146736606846488       0.31816188031808573        5.2005902278229786E-002  0.60016809301348495        0.0000000000000000     
   3.0529999999999999       -65.146718674590815       0.31816138069825101        5.2005978371048180E-002  0.60016821907504048        0.0000000000000000     
   3.0540000000000003       -65.146700721681100       0.31816088121988534        5.2006054608823751E-002  0.60016834504855288        0.0000000000000000     
   3.0550000000000002       -65.146682748129592       0.31816038188302059        5.2006130991480284E-002  0.60016847093394809        0.0000000000000000     
   3.0560000000000000       -65.146664753948542       0.31815988268768858        5.2006207518941569E-002  0.60016859673115208        0.0000000000000000     
   3.0569999999999999       -65.146646739150199       0.31815938363392110        5.2006284191131395E-002  0.60016872244009078        0.0000000000000000     
   3.0580000000000003       -65.146628703746813       0.31815888472174986        5.2006361007973567E-002  0.60016884806069026        0.0000000000000000     
   3.0590000000000002       -65.146610647750620       0.31815838595120655        5.2006437969391896E-002  0.60016897359287669        0.0000000000000000     
   3.0600000000000001       -65.146592571173855       0.31815788732232286        5.2006515075310192E-002  0.60016909903657623        0.0000000000000000     
   3.0609999999999999       -65.146574474028768       0.31815738883513039        5.2006592325652280E-002  0.60016922439171516        0.0000000000000000     
   3.0620000000000003       -65.146556356327594       0.31815689048966073        5.2006669720341993E-002  0.60016934965821966        0.0000000000000000     
   3.0630000000000002       -65.146538218082569       0.31815639228594539        5.2006747259303168E-002  0.60016947483601624        0.0000000000000000     
   3.0640000000000001       -65.146520059305928       0.31815589422401591        5.2006824942459645E-002  0.60016959992503127        0.0000000000000000     
   3.0649999999999999       -65.146501880009907       0.31815539630390371        5.2006902769735276E-002  0.60016972492519116        0.0000000000000000     
   3.0660000000000003       -65.146483680206728       0.31815489852564022        5.2006980741053921E-002  0.60016984983642252        0.0000000000000000     
   3.0670000000000002       -65.146465459908626       0.31815440088925684        5.2007058856339446E-002  0.60016997465865185        0.0000000000000000     
   3.0680000000000001       -65.146447219127836       0.31815390339478489        5.2007137115515724E-002  0.60017009939180588        0.0000000000000000     
   3.0690000000000000       -65.146428957876580       0.31815340604225567        5.2007215518506636E-002  0.60017022403581122        0.0000000000000000     
   3.0700000000000003       -65.146410676167093       0.31815290883170044        5.2007294065236062E-002  0.60017034859059470        0.0000000000000000     
   3.0710000000000002       -65.146392374011583       0.31815241176315040        5.2007372755627904E-002  0.60017047305608318        0.0000000000000000     
   3.0720000000000001       -65.146374051422285       0.31815191483663674        5.2007451589606055E-002  0.60017059743220347        0.0000000000000000     
   3.0730000000000000       -65.146355708411406       0.31815141805219060        5.2007530567094430E-002  0.60017072171888253        0.0000000000000000     
   3.0739999999999998       -65.146337344991167       0.31815092140984313        5.2007609688016938E-002  0.60017084591604741        0.0000000000000000     
   3.0750000000000002       -65.146318961173790       0.31815042490962536        5.2007688952297508E-002  0.60017097002362518        0.0000000000000000     
   3.0760000000000001       -65.146300556971497       0.31814992855156826        5.2007768359860068E-002  0.60017109404154290        0.0000000000000000     
   3.0770000000000000       -65.146282132396493       0.31814943233570286        5.2007847910628555E-002  0.60017121796972772        0.0000000000000000     
   3.0779999999999998       -65.146263687461001       0.31814893626206014        5.2007927604526917E-002  0.60017134180810694        0.0000000000000000     
   3.0790000000000002       -65.146245222177214       0.31814844033067097        5.2008007441479098E-002  0.60017146555660783        0.0000000000000000     
   3.0800000000000001       -65.146226736557352       0.31814794454156620        5.2008087421409062E-002  0.60017158921515767        0.0000000000000000     
   3.0810000000000000       -65.146208230613624       0.31814744889477664        5.2008167544240778E-002  0.60017171278368397        0.0000000000000000     
   3.0819999999999999       -65.146189704358235       0.31814695339033311        5.2008247809898218E-002  0.60017183626211412        0.0000000000000000     
   3.0830000000000002       -65.146171157803380       0.31814645802826635        5.2008328218305359E-002  0.60017195965037562        0.0000000000000000     
   3.0840000000000001       -65.146152590961265       0.31814596280860702        5.2008408769386193E-002  0.60017208294839608        0.0000000000000000     
   3.0850000000000000       -65.146134003844097       0.31814546773138586        5.2008489463064717E-002  0.60017220615610323        0.0000000000000000     
   3.0859999999999999       -65.146115396464083       0.31814497279663345        5.2008570299264929E-002  0.60017232927342468        0.0000000000000000     
   3.0870000000000002       -65.146096768833402       0.31814447800438039        5.2008651277910843E-002  0.60017245230028815        0.0000000000000000     
   3.0880000000000001       -65.146078120964262       0.31814398335465721        5.2008732398926477E-002  0.60017257523662149        0.0000000000000000     
   3.0890000000000000       -65.146059452868855       0.31814348884749444        5.2008813662235857E-002  0.60017269808235263        0.0000000000000000     
   3.0899999999999999       -65.146040764559373       0.31814299448292249        5.2008895067763017E-002  0.60017282083740942        0.0000000000000000     
   3.0910000000000002       -65.146022056047997       0.31814250026097185        5.2008976615431995E-002  0.60017294350171990        0.0000000000000000     
   3.0920000000000001       -65.146003327346932       0.31814200618167288        5.2009058305166840E-002  0.60017306607521215        0.0000000000000000     
   3.0930000000000000       -65.145984578468358       0.31814151224505599        5.2009140136891605E-002  0.60017318855781421        0.0000000000000000     
   3.0939999999999999       -65.145965809424453       0.31814101845115145        5.2009222110530350E-002  0.60017331094945425        0.0000000000000000     
   3.0950000000000002       -65.145947020227410       0.31814052479998950        5.2009304226007150E-002  0.60017343325006045        0.0000000000000000     
   3.0960000000000001       -65.145928210889423       0.31814003129160040        5.2009386483246080E-002  0.60017355545956119        0.0000000000000000     
   3.0970000000000000       -65.145909381422655       0.31813953792601435        5.2009468882171228E-002  0.60017367757788476        0.0000000000000000     
   3.0979999999999999       -65.145890531839299       0.31813904470326149        5.2009551422706683E-002  0.60017379960495953        0.0000000000000000     
   3.0990000000000002       -65.145871662151521       0.31813855162337190        5.2009634104776548E-002  0.60017392154071392        0.0000000000000000     
   3.1000000000000001       -65.145852772371498       0.31813805868637568        5.2009716928304930E-002  0.60017404338507652        0.0000000000000000     
   3.1010000000000000       -65.145833862511410       0.31813756589230291        5.2009799893215941E-002  0.60017416513797583        0.0000000000000000     
   3.1019999999999999       -65.145814932583434       0.31813707324118351        5.2009882999433710E-002  0.60017428679934048        0.0000000000000000     
   3.1030000000000002       -65.145795982599736       0.31813658073304751        5.2009966246882360E-002  0.60017440836909919        0.0000000000000000     
   3.1040000000000001       -65.145777012572481       0.31813608836792479        5.2010049635486034E-002  0.60017452984718067        0.0000000000000000     
   3.1050000000000000       -65.145758022513846       0.31813559614584519        5.2010133165168879E-002  0.60017465123351377        0.0000000000000000     
   3.1059999999999999       -65.145739012435982       0.31813510406683859        5.2010216835855043E-002  0.60017477252802731        0.0000000000000000     
   3.1070000000000002       -65.145719982351068       0.31813461213093480        5.2010300647468692E-002  0.60017489373065025        0.0000000000000000     
   3.1080000000000001       -65.145700932271268       0.31813412033816357        5.2010384599933998E-002  0.60017501484131153        0.0000000000000000     
   3.1090000000000000       -65.145681862208733       0.31813362868855460        5.2010468693175126E-002  0.60017513585994009        0.0000000000000000     
   3.1099999999999999       -65.145662772175626       0.31813313718213759        5.2010552927116267E-002  0.60017525678646511        0.0000000000000000     
   3.1110000000000002       -65.145643662184099       0.31813264581894218        5.2010637301681616E-002  0.60017537762081574        0.0000000000000000     
   3.1120000000000001       -65.145624532246316       0.31813215459899796        5.2010721816795363E-002  0.60017549836292117        0.0000000000000000     
   3.1130000000000000       -65.145605382374441       0.31813166352233452        5.2010806472381724E-002  0.60017561901271066        0.0000000000000000     
   3.1139999999999999       -65.145586212580611       0.31813117258898133        5.2010891268364910E-002  0.60017573957011361        0.0000000000000000     
   3.1150000000000002       -65.145567022876975       0.31813068179896792        5.2010976204669143E-002  0.60017586003505929        0.0000000000000000     
   3.1160000000000001       -65.145547813275698       0.31813019115232372        5.2011061281218657E-002  0.60017598040747722        0.0000000000000000     
   3.1170000000000000       -65.145528583788916       0.31812970064907814        5.2011146497937685E-002  0.60017610068729677        0.0000000000000000     
   3.1179999999999999       -65.145509334428780       0.31812921028926056        5.2011231854750477E-002  0.60017622087444755        0.0000000000000000     
   3.1190000000000002       -65.145490065207426       0.31812872007290027        5.2011317351581279E-002  0.60017634096885919        0.0000000000000000     
   3.1200000000000001       -65.145470776137003       0.31812823000002660        5.2011402988354362E-002  0.60017646097046140        0.0000000000000000     
   3.1210000000000000       -65.145451467229648       0.31812774007066880        5.2011488764993986E-002  0.60017658087918380        0.0000000000000000     
   3.1219999999999999       -65.145432138497497       0.31812725028485606        5.2011574681424436E-002  0.60017670069495621        0.0000000000000000     
   3.1230000000000002       -65.145412789952701       0.31812676064261752        5.2011660737569992E-002  0.60017682041770848        0.0000000000000000     
   3.1240000000000001       -65.145393421607380       0.31812627114398240        5.2011746933354953E-002  0.60017694004737054        0.0000000000000000     
   3.1250000000000000       -65.145374033473686       0.31812578178897971        5.2011833268703615E-002  0.60017705958387224        0.0000000000000000     
   3.1259999999999999       -65.145354625563741       0.31812529257763855        5.2011919743540289E-002  0.60017717902714374        0.0000000000000000     
   3.1270000000000002       -65.145335197889679       0.31812480350998790        5.2012006357789291E-002  0.60017729837711498        0.0000000000000000     
   3.1280000000000001       -65.145315750463624       0.31812431458605678        5.2012093111374939E-002  0.60017741763371613        0.0000000000000000     
   3.1290000000000000       -65.145296283297697       0.31812382580587412        5.2012180004221573E-002  0.60017753679687735        0.0000000000000000     
   3.1299999999999999       -65.145276796404033       0.31812333716946878        5.2012267036253529E-002  0.60017765586652894        0.0000000000000000     
   3.1310000000000002       -65.145257289794756       0.31812284867686963        5.2012354207395160E-002  0.60017777484260115        0.0000000000000000     
   3.1320000000000001       -65.145237763481987       0.31812236032810554        5.2012441517570819E-002  0.60017789372502439        0.0000000000000000     
   3.1330000000000000       -65.145218217477847       0.31812187212320525        5.2012528966704871E-002  0.60017801251372904        0.0000000000000000     
   3.1339999999999999       -65.145198651794459       0.31812138406219753        5.2012616554721683E-002  0.60017813120864560        0.0000000000000000     
   3.1350000000000002       -65.145179066443930       0.31812089614511102        5.2012704281545641E-002  0.60017824980970458        0.0000000000000000     
   3.1360000000000001       -65.145159461438382       0.31812040837197447        5.2012792147101132E-002  0.60017836831683657        0.0000000000000000     
   3.1370000000000000       -65.145139836789923       0.31811992074281642        5.2012880151312550E-002  0.60017848672997220        0.0000000000000000     
   3.1379999999999999       -65.145120192510674       0.31811943325766551        5.2012968294104303E-002  0.60017860504904219        0.0000000000000000     
   3.1390000000000002       -65.145100528612730       0.31811894591655027        5.2013056575400798E-002  0.60017872327397725        0.0000000000000000     
   3.1400000000000001       -65.145080845108211       0.31811845871949923        5.2013144995126458E-002  0.60017884140470823        0.0000000000000000     
   3.1410000000000000       -65.145061142009226       0.31811797166654088        5.2013233553205709E-002  0.60017895944116595        0.0000000000000000     
   3.1419999999999999       -65.145041419327868       0.31811748475770357        5.2013322249562996E-002  0.60017907738328147        0.0000000000000000     
   3.1430000000000002       -65.145021677076258       0.31811699799301574        5.2013411084122753E-002  0.60017919523098562        0.0000000000000000     
   3.1440000000000001       -65.145001915266477       0.31811651137250574        5.2013500056809436E-002  0.60017931298420957        0.0000000000000000     
   3.1450000000000000       -65.144982133910645       0.31811602489620189        5.2013589167547510E-002  0.60017943064288437        0.0000000000000000     
   3.1459999999999999       -65.144962333020842       0.31811553856413249        5.2013678416261436E-002  0.60017954820694119        0.0000000000000000     
   3.1470000000000002       -65.144942512609177       0.31811505237632576        5.2013767802875699E-002  0.60017966567631131        0.0000000000000000     
   3.1480000000000001       -65.144922672687741       0.31811456633280988        5.2013857327314776E-002  0.60017978305092590        0.0000000000000000     
   3.1490000000000000       -65.144902813268615       0.31811408043361300        5.2013946989503165E-002  0.60017990033071633        0.0000000000000000     
   3.1499999999999999       -65.144882934363906       0.31811359467876327        5.2014036789365371E-002  0.60018001751561401        0.0000000000000000     
   3.1510000000000002       -65.144863035985694       0.31811310906828877        5.2014126726825899E-002  0.60018013460555042        0.0000000000000000     
   3.1520000000000001       -65.144843118146071       0.31811262360221754        5.2014216801809267E-002  0.60018025160045696        0.0000000000000000     
   3.1530000000000000       -65.144823180857131       0.31811213828057755        5.2014307014240001E-002  0.60018036850026524        0.0000000000000000     
   3.1539999999999999       -65.144803224130939       0.31811165310339679        5.2014397364042633E-002  0.60018048530490697        0.0000000000000000     
   3.1550000000000002       -65.144783247979589       0.31811116807070322        5.2014487851141704E-002  0.60018060201431367        0.0000000000000000     
   3.1560000000000001       -65.144763252415160       0.31811068318252467        5.2014578475461773E-002  0.60018071862841715        0.0000000000000000     
   3.1570000000000000       -65.144743237449731       0.31811019843888905        5.2014669236927394E-002  0.60018083514714926        0.0000000000000000     
   3.1579999999999999       -65.144723203095381       0.31810971383982412        5.2014760135463134E-002  0.60018095157044171        0.0000000000000000     
   3.1590000000000003       -65.144703149364190       0.31810922938535768        5.2014851170993567E-002  0.60018106789822656        0.0000000000000000     
   3.1600000000000001       -65.144683076268223       0.31810874507551745        5.2014942343443282E-002  0.60018118413043564        0.0000000000000000     
   3.1610000000000000       -65.144662983819558       0.31810826091033112        5.2015033652736867E-002  0.60018130026700101        0.0000000000000000     
   3.1619999999999999       -65.144642872030261       0.31810777688982633        5.2015125098798923E-002  0.60018141630785471        0.0000000000000000     
   3.1630000000000003       -65.144622740912396       0.31810729301403073        5.2015216681554059E-002  0.60018153225292892        0.0000000000000000     
   3.1640000000000001       -65.144602590478030       0.31810680928297191        5.2015308400926892E-002  0.60018164810215591        0.0000000000000000     
   3.1650000000000000       -65.144582420739241       0.31810632569667741        5.2015400256842044E-002  0.60018176385546784        0.0000000000000000     
   3.1659999999999999       -65.144562231708079       0.31810584225517469        5.2015492249224152E-002  0.60018187951279700        0.0000000000000000     
   3.1670000000000003       -65.144542023396610       0.31810535895849124        5.2015584377997859E-002  0.60018199507407577        0.0000000000000000     
   3.1680000000000001       -65.144521795816900       0.31810487580665447        5.2015676643087816E-002  0.60018211053923654        0.0000000000000000     
   3.1690000000000000       -65.144501548980998       0.31810439279969183        5.2015769044418680E-002  0.60018222590821180        0.0000000000000000     
   3.1699999999999999       -65.144481282900955       0.31810390993763060        5.2015861581915117E-002  0.60018234118093405        0.0000000000000000     
   3.1710000000000003       -65.144460997588837       0.31810342722049811        5.2015954255501803E-002  0.60018245635733602        0.0000000000000000     
   3.1720000000000002       -65.144440693056694       0.31810294464832162        5.2016047065103425E-002  0.60018257143735021        0.0000000000000000     
   3.1730000000000000       -65.144420369316578       0.31810246222112837        5.2016140010644675E-002  0.60018268642090933        0.0000000000000000     
   3.1739999999999999       -65.144400026380524       0.31810197993894557        5.2016233092050258E-002  0.60018280130794621        0.0000000000000000     
   3.1750000000000003       -65.144379664260597       0.31810149780180030        5.2016326309244874E-002  0.60018291609839369        0.0000000000000000     
   3.1760000000000002       -65.144359282968836       0.31810101580971978        5.2016419662153250E-002  0.60018303079218460        0.0000000000000000     
   3.1770000000000000       -65.144338882517275       0.31810053396273102        5.2016513150700106E-002  0.60018314538925177        0.0000000000000000     
   3.1779999999999999       -65.144318462917965       0.31810005226086108        5.2016606774810181E-002  0.60018325988952836        0.0000000000000000     
   3.1790000000000003       -65.144298024182945       0.31809957070413697        5.2016700534408218E-002  0.60018337429294732        0.0000000000000000     
   3.1800000000000002       -65.144277566324263       0.31809908929258562        5.2016794429418964E-002  0.60018348859944171        0.0000000000000000     
   3.1810000000000000       -65.144257089353943       0.31809860802623402        5.2016888459767187E-002  0.60018360280894478        0.0000000000000000     
   3.1819999999999999       -65.144236593284020       0.31809812690510902        5.2016982625377649E-002  0.60018371692138972        0.0000000000000000     
   3.1830000000000003       -65.144216078126533       0.31809764592923745        5.2017076926175132E-002  0.60018383093670968        0.0000000000000000     
   3.1840000000000002       -65.144195543893503       0.31809716509864616        5.2017171362084426E-002  0.60018394485483817        0.0000000000000000     
   3.1850000000000001       -65.144174990596966       0.31809668441336186        5.2017265933030320E-002  0.60018405867570845        0.0000000000000000     
   3.1859999999999999       -65.144154418248959       0.31809620387341131        5.2017360638937617E-002  0.60018417239925403        0.0000000000000000     
   3.1870000000000003       -65.144133826861491       0.31809572347882126        5.2017455479731134E-002  0.60018428602540841        0.0000000000000000     
   3.1880000000000002       -65.144113216446598       0.31809524322961830        5.2017550455335688E-002  0.60018439955410507        0.0000000000000000     
   3.1890000000000001       -65.144092587016303       0.31809476312582907        5.2017645565676104E-002  0.60018451298527775        0.0000000000000000     
   3.1899999999999999       -65.144071938582613       0.31809428316748012        5.2017740810677227E-002  0.60018462631886005        0.0000000000000000     
   3.1910000000000003       -65.144051271157565       0.31809380335459803        5.2017836190263900E-002  0.60018473955478568        0.0000000000000000     
   3.1920000000000002       -65.144030584753168       0.31809332368720927        5.2017931704360983E-002  0.60018485269298838        0.0000000000000000     
   3.1930000000000001       -65.144009879381429       0.31809284416534034        5.2018027352893334E-002  0.60018496573340208        0.0000000000000000     
   3.1940000000000000       -65.143989155054371       0.31809236478901765        5.2018123135785826E-002  0.60018507867596060        0.0000000000000000     
   3.1950000000000003       -65.143968411784002       0.31809188555826756        5.2018219052963340E-002  0.60018519152059790        0.0000000000000000     
   3.1960000000000002       -65.143947649582330       0.31809140647311646        5.2018315104350767E-002  0.60018530426724803        0.0000000000000000     
   3.1970000000000001       -65.143926868461364       0.31809092753359064        5.2018411289873008E-002  0.60018541691584504        0.0000000000000000     
   3.1980000000000000       -65.143906068433111       0.31809044873971642        5.2018507609454964E-002  0.60018552946632309        0.0000000000000000     
   3.1990000000000003       -65.143885249509566       0.31808997009152001        5.2018604063021556E-002  0.60018564191861634        0.0000000000000000     
   3.2000000000000002       -65.143864411702751       0.31808949158902761        5.2018700650497712E-002  0.60018575427265897        0.0000000000000000     
   3.2010000000000001       -65.143843555024645       0.31808901323226535        5.2018797371808360E-002  0.60018586652838524        0.0000000000000000     
   3.2020000000000000       -65.143822679487258       0.31808853502125933        5.2018894226878443E-002  0.60018597868572965        0.0000000000000000     
   3.2029999999999998       -65.143801785102596       0.31808805695603570        5.2018991215632915E-002  0.60018609074462648        0.0000000000000000     
   3.2040000000000002       -65.143780871882640       0.31808757903662044        5.2019088337996733E-002  0.60018620270501022        0.0000000000000000     
   3.2050000000000001       -65.143759939839384       0.31808710126303963        5.2019185593894866E-002  0.60018631456681537        0.0000000000000000     
   3.2060000000000000       -65.143738988984822       0.31808662363531920        5.2019282983252292E-002  0.60018642632997654        0.0000000000000000     
   3.2069999999999999       -65.143718019330947       0.31808614615348507        5.2019380505994001E-002  0.60018653799442834        0.0000000000000000     
   3.2080000000000002       -65.143697030889740       0.31808566881756312        5.2019478162044983E-002  0.60018664956010548        0.0000000000000000     
   3.2090000000000001       -65.143676023673194       0.31808519162757926        5.2019575951330242E-002  0.60018676102694268        0.0000000000000000     
   3.2100000000000000       -65.143654997693289       0.31808471458355925        5.2019673873774791E-002  0.60018687239487478        0.0000000000000000     
   3.2109999999999999       -65.143633952962020       0.31808423768552890        5.2019771929303654E-002  0.60018698366383660        0.0000000000000000     
   3.2120000000000002       -65.143612889491351       0.31808376093351393        5.2019870117841857E-002  0.60018709483376309        0.0000000000000000     
   3.2130000000000001       -65.143591807293262       0.31808328432754002        5.2019968439314446E-002  0.60018720590458918        0.0000000000000000     
   3.2140000000000000       -65.143570706379734       0.31808280786763288        5.2020066893646466E-002  0.60018731687624993        0.0000000000000000     
   3.2149999999999999       -65.143549586762745       0.31808233155381810        5.2020165480762978E-002  0.60018742774868039        0.0000000000000000     
   3.2160000000000002       -65.143528448454262       0.31808185538612133        5.2020264200589042E-002  0.60018753852181561        0.0000000000000000     
   3.2170000000000001       -65.143507291466264       0.31808137936456804        5.2020363053049738E-002  0.60018764919559087        0.0000000000000000     
   3.2180000000000000       -65.143486115810717       0.31808090348918377        5.2020462038070148E-002  0.60018775976994143        0.0000000000000000     
   3.2189999999999999       -65.143464921499586       0.31808042775999401        5.2020561155575365E-002  0.60018787024480269        0.0000000000000000     
   3.2200000000000002       -65.143443708544837       0.31807995217702423        5.2020660405490485E-002  0.60018798062010992        0.0000000000000000     
   3.2210000000000001       -65.143422476958435       0.31807947674029979        5.2020759787740629E-002  0.60018809089579850        0.0000000000000000     
   3.2220000000000000       -65.143401226752346       0.31807900144984602        5.2020859302250914E-002  0.60018820107180393        0.0000000000000000     
   3.2229999999999999       -65.143379957938535       0.31807852630568828        5.2020958948946469E-002  0.60018831114806170        0.0000000000000000     
   3.2240000000000002       -65.143358670528954       0.31807805130785183        5.2021058727752430E-002  0.60018842112450754        0.0000000000000000     
   3.2250000000000001       -65.143337364535554       0.31807757645636192        5.2021158638593940E-002  0.60018853100107694        0.0000000000000000     
   3.2260000000000000       -65.143316039970301       0.31807710175124382        5.2021258681396162E-002  0.60018864077770573        0.0000000000000000     
   3.2269999999999999       -65.143294696845146       0.31807662719252261        5.2021358856084256E-002  0.60018875045432951        0.0000000000000000     
   3.2280000000000002       -65.143273335172026       0.31807615278022350        5.2021459162583397E-002  0.60018886003088423        0.0000000000000000     
   3.2290000000000001       -65.143251954962906       0.31807567851437152        5.2021559600818772E-002  0.60018896950730571        0.0000000000000000     
   3.2300000000000000       -65.143230556229724       0.31807520439499176        5.2021660170715571E-002  0.60018907888352990        0.0000000000000000     
   3.2309999999999999       -65.143209138984432       0.31807473042210926        5.2021760872198994E-002  0.60018918815949274        0.0000000000000000     
   3.2320000000000002       -65.143187703238965       0.31807425659574895        5.2021861705194253E-002  0.60018929733513027        0.0000000000000000     
   3.2330000000000001       -65.143166249005276       0.31807378291593580        5.2021962669626567E-002  0.60018940641037866        0.0000000000000000     
   3.2340000000000000       -65.143144776295301       0.31807330938269474        5.2022063765421164E-002  0.60018951538517396        0.0000000000000000     
   3.2349999999999999       -65.143123285120978       0.31807283599605063        5.2022164992503284E-002  0.60018962425945244        0.0000000000000000     
   3.2360000000000002       -65.143101775494245       0.31807236275602824        5.2022266350798173E-002  0.60018973303315026        0.0000000000000000     
   3.2370000000000001       -65.143080247427037       0.31807188966265243        5.2022367840231079E-002  0.60018984170620393        0.0000000000000000     
   3.2380000000000000       -65.143058700931277       0.31807141671594796        5.2022469460727278E-002  0.60018995027854971        0.0000000000000000     
   3.2389999999999999       -65.143037136018904       0.31807094391593949        5.2022571212212036E-002  0.60019005875012399        0.0000000000000000     
   3.2400000000000002       -65.143015552701854       0.31807047126265175        5.2022673094610644E-002  0.60019016712086326        0.0000000000000000     
   3.2410000000000001       -65.142993950992036       0.31806999875610936        5.2022775107848390E-002  0.60019027539070413        0.0000000000000000     
   3.2420000000000000       -65.142972330901387       0.31806952639633695        5.2022877251850577E-002  0.60019038355958321        0.0000000000000000     
   3.2429999999999999       -65.142950692441829       0.31806905418335907        5.2022979526542515E-002  0.60019049162743709        0.0000000000000000     
   3.2440000000000002       -65.142929035625286       0.31806858211720024        5.2023081931849527E-002  0.60019059959420251        0.0000000000000000     
   3.2450000000000001       -65.142907360463667       0.31806811019788495        5.2023184467696937E-002  0.60019070745981618        0.0000000000000000     
   3.2460000000000000       -65.142885666968908       0.31806763842543767        5.2023287134010089E-002  0.60019081522421491        0.0000000000000000     
   3.2469999999999999       -65.142863955152905       0.31806716679988278        5.2023389930714328E-002  0.60019092288733566        0.0000000000000000     
   3.2480000000000002       -65.142842225027579       0.31806669532124471        5.2023492857735013E-002  0.60019103044911537        0.0000000000000000     
   3.2490000000000001       -65.142820476604854       0.31806622398954776        5.2023595914997507E-002  0.60019113790949097        0.0000000000000000     
   3.2500000000000000       -65.142798709896624       0.31806575280481625        5.2023699102427191E-002  0.60019124526839951        0.0000000000000000     
   3.2509999999999999       -65.142776924914799       0.31806528176707444        5.2023802419949444E-002  0.60019135252577815        0.0000000000000000     
   3.2520000000000002       -65.142755121671300       0.31806481087634658        5.2023905867489666E-002  0.60019145968156395        0.0000000000000000     
   3.2530000000000001       -65.142733300178008       0.31806434013265683        5.2024009444973256E-002  0.60019156673569418        0.0000000000000000     
   3.2540000000000000       -65.142711460446847       0.31806386953602939        5.2024113152325628E-002  0.60019167368810611        0.0000000000000000     
   3.2549999999999999       -65.142689602489710       0.31806339908648834        5.2024216989472204E-002  0.60019178053873712        0.0000000000000000     
   3.2560000000000002       -65.142667726318493       0.31806292878405773        5.2024320956338417E-002  0.60019188728752448        0.0000000000000000     
   3.2570000000000001       -65.142645831945089       0.31806245862876165        5.2024425052849710E-002  0.60019199393440570        0.0000000000000000     
   3.2580000000000000       -65.142623919381407       0.31806198862062407        5.2024529278931531E-002  0.60019210047931826        0.0000000000000000     
   3.2589999999999999       -65.142601988639328       0.31806151875966898        5.2024633634509342E-002  0.60019220692219966        0.0000000000000000     
   3.2600000000000002       -65.142580039730746       0.31806104904592031        5.2024738119508605E-002  0.60019231326298761        0.0000000000000000     
   3.2610000000000001       -65.142558072667555       0.31806057947940197        5.2024842733854805E-002  0.60019241950161961        0.0000000000000000     
   3.2620000000000000       -65.142536087461636       0.31806011006013779        5.2024947477473424E-002  0.60019252563803349        0.0000000000000000     
   3.2629999999999999       -65.142514084124883       0.31805964078815158        5.2025052350289966E-002  0.60019263167216708        0.0000000000000000     
   3.2640000000000002       -65.142492062669177       0.31805917166346709        5.2025157352229935E-002  0.60019273760395808        0.0000000000000000     
   3.2650000000000001       -65.142470023106398       0.31805870268610809        5.2025262483218843E-002  0.60019284343334434        0.0000000000000000     
   3.2660000000000000       -65.142447965448426       0.31805823385609827        5.2025367743182220E-002  0.60019294916026389        0.0000000000000000     
   3.2669999999999999       -65.142425889707141       0.31805776517346135        5.2025473132045599E-002  0.60019305478465468        0.0000000000000000     
   3.2680000000000002       -65.142403795894410       0.31805729663822091        5.2025578649734526E-002  0.60019316030645475        0.0000000000000000     
   3.2690000000000001       -65.142381684022112       0.31805682825040055        5.2025684296174553E-002  0.60019326572560228        0.0000000000000000     
   3.2700000000000000       -65.142359554102129       0.31805636001002385        5.2025790071291246E-002  0.60019337104203541        0.0000000000000000     
   3.2709999999999999       -65.142337406146325       0.31805589191711431        5.2025895975010179E-002  0.60019347625569230        0.0000000000000000     
   3.2720000000000002       -65.142315240166567       0.31805542397169539        5.2026002007256926E-002  0.60019358136651124        0.0000000000000000     
   3.2730000000000001       -65.142293056174722       0.31805495617379054        5.2026108167957087E-002  0.60019368637443060        0.0000000000000000     
   3.2740000000000000       -65.142270854182655       0.31805448852342316        5.2026214457036264E-002  0.60019379127938866        0.0000000000000000     
   3.2749999999999999       -65.142248634202218       0.31805402102061664        5.2026320874420058E-002  0.60019389608132390        0.0000000000000000     
   3.2760000000000002       -65.142226396245292       0.31805355366539434        5.2026427420034098E-002  0.60019400078017482        0.0000000000000000     
   3.2770000000000001       -65.142204140323727       0.31805308645777952        5.2026534093804012E-002  0.60019410537588003        0.0000000000000000     
   3.2780000000000000       -65.142181866449377       0.31805261939779539        5.2026640895655438E-002  0.60019420986837801        0.0000000000000000     
   3.2789999999999999       -65.142159574634093       0.31805215248546526        5.2026747825514030E-002  0.60019431425760750        0.0000000000000000     
   3.2800000000000002       -65.142137264889740       0.31805168572081222        5.2026854883305440E-002  0.60019441854350730        0.0000000000000000     
   3.2810000000000001       -65.142114937228158       0.31805121910385947        5.2026962068955344E-002  0.60019452272601603        0.0000000000000000     
   3.2820000000000000       -65.142092591661211       0.31805075263463012        5.2027069382389414E-002  0.60019462680507252        0.0000000000000000     
   3.2829999999999999       -65.142070228200737       0.31805028631314719        5.2027176823533340E-002  0.60019473078061569        0.0000000000000000     
   3.2840000000000003       -65.142047846858574       0.31804982013943378        5.2027284392312814E-002  0.60019483465258450        0.0000000000000000     
   3.2850000000000001       -65.142025447646574       0.31804935411351287        5.2027392088653548E-002  0.60019493842091798        0.0000000000000000     
   3.2860000000000000       -65.142003030576575       0.31804888823540739        5.2027499912481255E-002  0.60019504208555507        0.0000000000000000     
   3.2869999999999999       -65.141980595660428       0.31804842250514026        5.2027607863721660E-002  0.60019514564643495        0.0000000000000000     
   3.2880000000000003       -65.141958142909957       0.31804795692273441        5.2027715942300504E-002  0.60019524910349675        0.0000000000000000     
   3.2890000000000001       -65.141935672337013       0.31804749148821265        5.2027824148143532E-002  0.60019535245667965        0.0000000000000000     
   3.2900000000000000       -65.141913183953420       0.31804702620159780        5.2027932481176493E-002  0.60019545570592303        0.0000000000000000     
   3.2909999999999999       -65.141890677771002       0.31804656106291262        5.2028040941325154E-002  0.60019555885116604        0.0000000000000000     
   3.2920000000000003       -65.141868153801596       0.31804609607217987        5.2028149528515290E-002  0.60019566189234819        0.0000000000000000     
   3.2930000000000001       -65.141845612057040       0.31804563122942220        5.2028258242672688E-002  0.60019576482940884        0.0000000000000000     
   3.2940000000000000       -65.141823052549142       0.31804516653466230        5.2028367083723139E-002  0.60019586766228750        0.0000000000000000     
   3.2949999999999999       -65.141800475289742       0.31804470198792284        5.2028476051592450E-002  0.60019597039092376        0.0000000000000000     
   3.2960000000000003       -65.141777880290661       0.31804423758922634        5.2028585146206424E-002  0.60019607301525724        0.0000000000000000     
   3.2970000000000002       -65.141755267563710       0.31804377333859540        5.2028694367490892E-002  0.60019617553522753        0.0000000000000000     
   3.2980000000000000       -65.141732637120711       0.31804330923605251        5.2028803715371691E-002  0.60019627795077435        0.0000000000000000     
   3.2989999999999999       -65.141709988973489       0.31804284528162013        5.2028913189774657E-002  0.60019638026183741        0.0000000000000000     
   3.3000000000000003       -65.141687323133851       0.31804238147532077        5.2029022790625643E-002  0.60019648246835655        0.0000000000000000     
   3.3010000000000002       -65.141664639613609       0.31804191781717678        5.2029132517850504E-002  0.60019658457027170        0.0000000000000000     
   3.3020000000000000       -65.141641938424570       0.31804145430721054        5.2029242371375121E-002  0.60019668656752279        0.0000000000000000     
   3.3029999999999999       -65.141619219578544       0.31804099094544436        5.2029352351125373E-002  0.60019678846004976        0.0000000000000000     
   3.3040000000000003       -65.141596483087341       0.31804052773190056        5.2029462457027151E-002  0.60019689024779266        0.0000000000000000     
   3.3050000000000002       -65.141573728962769       0.31804006466660134        5.2029572689006362E-002  0.60019699193069165        0.0000000000000000     
   3.3060000000000000       -65.141550957216623       0.31803960174956897        5.2029683046988913E-002  0.60019709350868677        0.0000000000000000     
   3.3069999999999999       -65.141528167860713       0.31803913898082564        5.2029793530900724E-002  0.60019719498171831        0.0000000000000000     
   3.3080000000000003       -65.141505360906834       0.31803867636039346        5.2029904140667722E-002  0.60019729634972652        0.0000000000000000     
   3.3090000000000002       -65.141482536366780       0.31803821388829456        5.2030014876215856E-002  0.60019739761265167        0.0000000000000000     
   3.3100000000000001       -65.141459694252347       0.31803775156455100        5.2030125737471067E-002  0.60019749877043416        0.0000000000000000     
   3.3109999999999999       -65.141436834575330       0.31803728938918480        5.2030236724359323E-002  0.60019759982301446        0.0000000000000000     
   3.3120000000000003       -65.141413957347524       0.31803682736221800        5.2030347836806587E-002  0.60019770077033296        0.0000000000000000     
   3.3130000000000002       -65.141391062580709       0.31803636548367253        5.2030459074738848E-002  0.60019780161233027        0.0000000000000000     
   3.3140000000000001       -65.141368150286681       0.31803590375357033        5.2030570438082090E-002  0.60019790234894699        0.0000000000000000     
   3.3149999999999999       -65.141345220477220       0.31803544217193325        5.2030681926762315E-002  0.60019800298012371        0.0000000000000000     
   3.3160000000000003       -65.141322273164107       0.31803498073878317        5.2030793540705528E-002  0.60019810350580116        0.0000000000000000     
   3.3170000000000002       -65.141299308359123       0.31803451945414191        5.2030905279837752E-002  0.60019820392592005        0.0000000000000000     
   3.3180000000000001       -65.141276326074063       0.31803405831803122        5.2031017144085021E-002  0.60019830424042120        0.0000000000000000     
   3.3190000000000000       -65.141253326320680       0.31803359733047287        5.2031129133373370E-002  0.60019840444924544        0.0000000000000000     
   3.3200000000000003       -65.141230309110767       0.31803313649148857        5.2031241247628854E-002  0.60019850455233381        0.0000000000000000     
   3.3210000000000002       -65.141207274456093       0.31803267580109995        5.2031353486777523E-002  0.60019860454962726        0.0000000000000000     
   3.3220000000000001       -65.141184222368423       0.31803221525932868        5.2031465850745452E-002  0.60019870444106671        0.0000000000000000     
   3.3230000000000000       -65.141161152859539       0.31803175486619628        5.2031578339458727E-002  0.60019880422659333        0.0000000000000000     
   3.3240000000000003       -65.141138065941192       0.31803129462172436        5.2031690952843428E-002  0.60019890390614827        0.0000000000000000     
   3.3250000000000002       -65.141114961625163       0.31803083452593445        5.2031803690825655E-002  0.60019900347967270        0.0000000000000000     
   3.3260000000000001       -65.141091839923206       0.31803037457884803        5.2031916553331524E-002  0.60019910294710777        0.0000000000000000     
   3.3270000000000000       -65.141068700847086       0.31802991478048653        5.2032029540287149E-002  0.60019920230839496        0.0000000000000000     
   3.3280000000000003       -65.141045544408570       0.31802945513087133        5.2032142651618665E-002  0.60019930156347545        0.0000000000000000     
   3.3290000000000002       -65.141022370619396       0.31802899563002385        5.2032255887252209E-002  0.60019940071229083        0.0000000000000000     
   3.3300000000000001       -65.140999179491345       0.31802853627796540        5.2032369247113928E-002  0.60019949975478248        0.0000000000000000     
   3.3310000000000000       -65.140975971036156       0.31802807707471731        5.2032482731129981E-002  0.60019959869089190        0.0000000000000000     
   3.3319999999999999       -65.140952745265579       0.31802761802030083        5.2032596339226543E-002  0.60019969752056068        0.0000000000000000     
   3.3330000000000002       -65.140929502191369       0.31802715911473717        5.2032710071329792E-002  0.60019979624373043        0.0000000000000000     
   3.3340000000000001       -65.140906241825263       0.31802670035804753        5.2032823927365919E-002  0.60019989486034286        0.0000000000000000     
   3.3350000000000000       -65.140882964179013       0.31802624175025307        5.2032937907261122E-002  0.60019999337033980        0.0000000000000000     
   3.3359999999999999       -65.140859669264373       0.31802578329137493        5.2033052010941612E-002  0.60020009177366296        0.0000000000000000     
   3.3370000000000002       -65.140836357093065       0.31802532498143415        5.2033166238333609E-002  0.60020019007025416        0.0000000000000000     
   3.3380000000000001       -65.140813027676842       0.31802486682045178        5.2033280589363344E-002  0.60020028826005534        0.0000000000000000     
   3.3390000000000000       -65.140789681027442       0.31802440880844884        5.2033395063957058E-002  0.60020038634300843        0.0000000000000000     
   3.3399999999999999       -65.140766317156604       0.31802395094544633        5.2033509662040997E-002  0.60020048431905548        0.0000000000000000     
   3.3410000000000002       -65.140742936076052       0.31802349323146512        5.2033624383541428E-002  0.60020058218813854        0.0000000000000000     
   3.3420000000000001       -65.140719537797523       0.31802303566652612        5.2033739228384619E-002  0.60020067995019977        0.0000000000000000     
   3.3430000000000000       -65.140696122332741       0.31802257825065022        5.2033854196496851E-002  0.60020077760518131        0.0000000000000000     
   3.3439999999999999       -65.140672689693446       0.31802212098385824        5.2033969287804419E-002  0.60020087515302545        0.0000000000000000     
   3.3450000000000002       -65.140649239891346       0.31802166386617098        5.2034084502233624E-002  0.60020097259367433        0.0000000000000000     
   3.3460000000000001       -65.140625772938179       0.31802120689760915        5.2034199839710776E-002  0.60020106992707045        0.0000000000000000     
   3.3470000000000000       -65.140602288845656       0.31802075007819353        5.2034315300162198E-002  0.60020116715315619        0.0000000000000000     
   3.3479999999999999       -65.140578787625500       0.31802029340794474        5.2034430883514220E-002  0.60020126427187392        0.0000000000000000     
   3.3490000000000002       -65.140555269289436       0.31801983688688346        5.2034546589693184E-002  0.60020136128316615        0.0000000000000000     
   3.3500000000000001       -65.140531733849173       0.31801938051503026        5.2034662418625442E-002  0.60020145818697546        0.0000000000000000     
   3.3510000000000000       -65.140508181316434       0.31801892429240575        5.2034778370237365E-002  0.60020155498324446        0.0000000000000000     
   3.3519999999999999       -65.140484611702917       0.31801846821903046        5.2034894444455318E-002  0.60020165167191586        0.0000000000000000     
   3.3530000000000002       -65.140461025020343       0.31801801229492488        5.2035010641205685E-002  0.60020174825293238        0.0000000000000000     
   3.3540000000000001       -65.140437421280410       0.31801755652010949        5.2035126960414867E-002  0.60020184472623672        0.0000000000000000     
   3.3550000000000000       -65.140413800494827       0.31801710089460467        5.2035243402009261E-002  0.60020194109177172        0.0000000000000000     
   3.3559999999999999       -65.140390162675303       0.31801664541843083        5.2035359965915282E-002  0.60020203734948030        0.0000000000000000     
   3.3570000000000002       -65.140366507833534       0.31801619009160831        5.2035476652059355E-002  0.60020213349930540        0.0000000000000000     
   3.3580000000000001       -65.140342835981215       0.31801573491415747        5.2035593460367915E-002  0.60020222954119007        0.0000000000000000     
   3.3590000000000000       -65.140319147130057       0.31801527988609857        5.2035710390767410E-002  0.60020232547507724        0.0000000000000000     
   3.3599999999999999       -65.140295441291741       0.31801482500745182        5.2035827443184295E-002  0.60020242130091006        0.0000000000000000     
   3.3610000000000002       -65.140271718477962       0.31801437027823748        5.2035944617545030E-002  0.60020251701863170        0.0000000000000000     
   3.3620000000000001       -65.140247978700430       0.31801391569847565        5.2036061913776098E-002  0.60020261262818542        0.0000000000000000     
   3.3630000000000000       -65.140224221970811       0.31801346126818653        5.2036179331803982E-002  0.60020270812951437        0.0000000000000000     
   3.3639999999999999       -65.140200448300803       0.31801300698739021        5.2036296871555185E-002  0.60020280352256195        0.0000000000000000     
   3.3650000000000002       -65.140176657702085       0.31801255285610674        5.2036414532956203E-002  0.60020289880727151        0.0000000000000000     
   3.3660000000000001       -65.140152850186354       0.31801209887435616        5.2036532315933560E-002  0.60020299398358645        0.0000000000000000     
   3.3670000000000000       -65.140129025765276       0.31801164504215845        5.2036650220413788E-002  0.60020308905145026        0.0000000000000000     
   3.3679999999999999       -65.140105184450547       0.31801119135953354        5.2036768246323424E-002  0.60020318401080652        0.0000000000000000     
   3.3690000000000002       -65.140081326253835       0.31801073782650136        5.2036886393589013E-002  0.60020327886159885        0.0000000000000000     
   3.3700000000000001       -65.140057451186806       0.31801028444308183        5.2037004662137114E-002  0.60020337360377085        0.0000000000000000     
   3.3710000000000000       -65.140033559261141       0.31800983120929477        5.2037123051894299E-002  0.60020346823726611        0.0000000000000000     
   3.3719999999999999       -65.140009650488523       0.31800937812515995        5.2037241562787148E-002  0.60020356276202858        0.0000000000000000     
   3.3730000000000002       -65.139985724880603       0.31800892519069718        5.2037360194742248E-002  0.60020365717800195        0.0000000000000000     
   3.3740000000000001       -65.139961782449063       0.31800847240592622        5.2037478947686205E-002  0.60020375148513005        0.0000000000000000     
   3.3750000000000000       -65.139937823205557       0.31800801977086679        5.2037597821545628E-002  0.60020384568335683        0.0000000000000000     
   3.3759999999999999       -65.139913847161750       0.31800756728553847        5.2037716816247137E-002  0.60020393977262632        0.0000000000000000     
   3.3770000000000002       -65.139889854329311       0.31800711494996098        5.2037835931717367E-002  0.60020403375288245        0.0000000000000000     
   3.3780000000000001       -65.139865844719893       0.31800666276415385        5.2037955167882961E-002  0.60020412762406938        0.0000000000000000     
   3.3790000000000000       -65.139841818345147       0.31800621072813667        5.2038074524670574E-002  0.60020422138613116        0.0000000000000000     
   3.3799999999999999       -65.139817775216727       0.31800575884192894        5.2038194002006870E-002  0.60020431503901206        0.0000000000000000     
   3.3810000000000002       -65.139793715346300       0.31800530710555014        5.2038313599818517E-002  0.60020440858265622        0.0000000000000000     
   3.3820000000000001       -65.139769638745506       0.31800485551901975        5.2038433318032207E-002  0.60020450201700803        0.0000000000000000     
   3.3830000000000000       -65.139745545425995       0.31800440408235714        5.2038553156574630E-002  0.60020459534201176        0.0000000000000000     
   3.3839999999999999       -65.139721435399409       0.31800395279558175        5.2038673115372497E-002  0.60020468855761178        0.0000000000000000     
   3.3850000000000002       -65.139697308677398       0.31800350165871288        5.2038793194352520E-002  0.60020478166375268        0.0000000000000000     
   3.3860000000000001       -65.139673165271617       0.31800305067176987        5.2038913393441424E-002  0.60020487466037886        0.0000000000000000     
   3.3870000000000000       -65.139649005193689       0.31800259983477197        5.2039033712565956E-002  0.60020496754743491        0.0000000000000000     
   3.3879999999999999       -65.139624828455254       0.31800214914773839        5.2039154151652854E-002  0.60020506032486542        0.0000000000000000     
   3.3890000000000002       -65.139600635067950       0.31800169861068833        5.2039274710628886E-002  0.60020515299261512        0.0000000000000000     
   3.3900000000000001       -65.139576425043415       0.31800124822364095        5.2039395389420817E-002  0.60020524555062871        0.0000000000000000     
   3.3910000000000000       -65.139552198393289       0.31800079798661540        5.2039516187955423E-002  0.60020533799885090        0.0000000000000000     
   3.3919999999999999       -65.139527955129182       0.31800034789963078        5.2039637106159498E-002  0.60020543033722662        0.0000000000000000     
   3.3930000000000002       -65.139503695262732       0.31799989796270611        5.2039758143959843E-002  0.60020552256570070        0.0000000000000000     
   3.3940000000000001       -65.139479418805578       0.31799944817586046        5.2039879301283273E-002  0.60020561468421807        0.0000000000000000     
   3.3950000000000000       -65.139455125769331       0.31799899853911279        5.2040000578056606E-002  0.60020570669272377        0.0000000000000000     
   3.3959999999999999       -65.139430816165614       0.31799854905248204        5.2040121974206675E-002  0.60020579859116285        0.0000000000000000     
   3.3970000000000002       -65.139406490006039       0.31799809971598708        5.2040243489660326E-002  0.60020589037948036        0.0000000000000000     
   3.3980000000000001       -65.139382147302229       0.31799765052964685        5.2040365124344415E-002  0.60020598205762143        0.0000000000000000     
   3.3990000000000000       -65.139357788065809       0.31799720149348015        5.2040486878185806E-002  0.60020607362553136        0.0000000000000000     
   3.3999999999999999       -65.139333412308389       0.31799675260750582        5.2040608751111370E-002  0.60020616508315527        0.0000000000000000     
   3.4010000000000002       -65.139309020041566       0.31799630387174260        5.2040730743047998E-002  0.60020625643043857        0.0000000000000000     
   3.4020000000000001       -65.139284611276963       0.31799585528620922        5.2040852853922584E-002  0.60020634766732661        0.0000000000000000     
   3.4030000000000000       -65.139260186026192       0.31799540685092442        5.2040975083662039E-002  0.60020643879376490        0.0000000000000000     
   3.4039999999999999       -65.139235744300848       0.31799495856590682        5.2041097432193276E-002  0.60020652980969880        0.0000000000000000     
   3.4050000000000002       -65.139211286112541       0.31799451043117505        5.2041219899443228E-002  0.60020662071507391        0.0000000000000000     
   3.4060000000000001       -65.139186811472868       0.31799406244674772        5.2041342485338836E-002  0.60020671150983573        0.0000000000000000     
   3.4070000000000000       -65.139162320393424       0.31799361461264336        5.2041465189807054E-002  0.60020680219392997        0.0000000000000000     
   3.4079999999999999       -65.139137812885821       0.31799316692888052        5.2041588012774836E-002  0.60020689276730232        0.0000000000000000     
   3.4090000000000003       -65.139113288961639       0.31799271939547763        5.2041710954169158E-002  0.60020698322989852        0.0000000000000000     
   3.4100000000000001       -65.139088748632474       0.31799227201245317        5.2041834013917002E-002  0.60020707358166436        0.0000000000000000     
   3.4110000000000000       -65.139064191909924       0.31799182477982557        5.2041957191945355E-002  0.60020716382254569        0.0000000000000000     
   3.4119999999999999       -65.139039618805569       0.31799137769761315        5.2042080488181229E-002  0.60020725395248831        0.0000000000000000     
   3.4130000000000003       -65.139015029330992       0.31799093076583429        5.2042203902551640E-002  0.60020734397143827        0.0000000000000000     
   3.4140000000000001       -65.138990423497788       0.31799048398450730        5.2042327434983611E-002  0.60020743387934161        0.0000000000000000     
   3.4150000000000000       -65.138965801317539       0.31799003735365045        5.2042451085404180E-002  0.60020752367614438        0.0000000000000000     
   3.4159999999999999       -65.138941162801828       0.31798959087328194        5.2042574853740392E-002  0.60020761336179274        0.0000000000000000     
   3.4170000000000003       -65.138916507962222       0.31798914454341998        5.2042698739919305E-002  0.60020770293623271        0.0000000000000000     
   3.4180000000000001       -65.138891836810302       0.31798869836408278        5.2042822743867991E-002  0.60020779239941069        0.0000000000000000     
   3.4190000000000000       -65.138867149357651       0.31798825233528843        5.2042946865513529E-002  0.60020788175127282        0.0000000000000000     
   3.4199999999999999       -65.138842445615822       0.31798780645705504        5.2043071104783012E-002  0.60020797099176548        0.0000000000000000     
   3.4210000000000003       -65.138817725596397       0.31798736072940065        5.2043195461603541E-002  0.60020806012083505        0.0000000000000000     
   3.4220000000000002       -65.138792989310943       0.31798691515234323        5.2043319935902228E-002  0.60020814913842802        0.0000000000000000     
   3.4230000000000000       -65.138768236771028       0.31798646972590083        5.2043444527606196E-002  0.60020823804449086        0.0000000000000000     
   3.4239999999999999       -65.138743467988206       0.31798602445009139        5.2043569236642578E-002  0.60020832683897007        0.0000000000000000     
   3.4250000000000003       -65.138718682974059       0.31798557932493282        5.2043694062938517E-002  0.60020841552181226        0.0000000000000000     
   3.4260000000000002       -65.138693881740124       0.31798513435044301        5.2043819006421174E-002  0.60020850409296411        0.0000000000000000     
   3.4270000000000000       -65.138669064297972       0.31798468952663977        5.2043944067017713E-002  0.60020859255237236        0.0000000000000000     
   3.4279999999999999       -65.138644230659153       0.31798424485354093        5.2044069244655315E-002  0.60020868089998369        0.0000000000000000     
   3.4290000000000003       -65.138619380835223       0.31798380033116425        5.2044194539261165E-002  0.60020876913574495        0.0000000000000000     
   3.4300000000000002       -65.138594514837720       0.31798335595952748        5.2044319950762467E-002  0.60020885725960305        0.0000000000000000     
   3.4310000000000000       -65.138569632678212       0.31798291173864834        5.2044445479086432E-002  0.60020894527150481        0.0000000000000000     
   3.4319999999999999       -65.138544734368239       0.31798246766854449        5.2044571124160277E-002  0.60020903317139729        0.0000000000000000     
   3.4330000000000003       -65.138519819919338       0.31798202374923351        5.2044696885911235E-002  0.60020912095922740        0.0000000000000000     
   3.4340000000000002       -65.138494889343065       0.31798157998073306        5.2044822764266550E-002  0.60020920863494232        0.0000000000000000     
   3.4350000000000001       -65.138469942650943       0.31798113636306069        5.2044948759153477E-002  0.60020929619848917        0.0000000000000000     
   3.4359999999999999       -65.138444979854526       0.31798069289623387        5.2045074870499280E-002  0.60020938364981513        0.0000000000000000     
   3.4370000000000003       -65.138420000965340       0.31798024958027016        5.2045201098231235E-002  0.60020947098886734        0.0000000000000000     
   3.4380000000000002       -65.138395005994923       0.31797980641518697        5.2045327442276634E-002  0.60020955821559319        0.0000000000000000     
   3.4390000000000001       -65.138369994954815       0.31797936340100175        5.2045453902562773E-002  0.60020964532994003        0.0000000000000000     
   3.4399999999999999       -65.138344967856540       0.31797892053773186        5.2045580479016959E-002  0.60020973233185526        0.0000000000000000     
   3.4410000000000003       -65.138319924711624       0.31797847782539462        5.2045707171566515E-002  0.60020981922128624        0.0000000000000000     
   3.4420000000000002       -65.138294865531591       0.31797803526400736        5.2045833980138768E-002  0.60020990599818058        0.0000000000000000     
   3.4430000000000001       -65.138269790327968       0.31797759285358740        5.2045960904661064E-002  0.60020999266248576        0.0000000000000000     
   3.4440000000000000       -65.138244699112263       0.31797715059415194        5.2046087945060757E-002  0.60021007921414948        0.0000000000000000     
   3.4450000000000003       -65.138219591896018       0.31797670848571824        5.2046215101265211E-002  0.60021016565311924        0.0000000000000000     
   3.4460000000000002       -65.138194468690727       0.31797626652830341        5.2046342373201798E-002  0.60021025197934286        0.0000000000000000     
   3.4470000000000001       -65.138169329507917       0.31797582472192465        5.2046469760797909E-002  0.60021033819276814        0.0000000000000000     
   3.4480000000000000       -65.138144174359113       0.31797538306659900        5.2046597263980941E-002  0.60021042429334293        0.0000000000000000     
   3.4490000000000003       -65.138119003255810       0.31797494156234357        5.2046724882678301E-002  0.60021051028101502        0.0000000000000000     
   3.4500000000000002       -65.138093816209519       0.31797450020917539        5.2046852616817407E-002  0.60021059615573236        0.0000000000000000     
   3.4510000000000001       -65.138068613231752       0.31797405900711145        5.2046980466325693E-002  0.60021068191744287        0.0000000000000000     
   3.4520000000000000       -65.138043394334005       0.31797361795616869        5.2047108431130598E-002  0.60021076756609459        0.0000000000000000     
   3.4530000000000003       -65.138018159527789       0.31797317705636402        5.2047236511159584E-002  0.60021085310163569        0.0000000000000000     
   3.4540000000000002       -65.137992908824600       0.31797273630771439        5.2047364706340103E-002  0.60021093852401430        0.0000000000000000     
   3.4550000000000001       -65.137967642235935       0.31797229571023661        5.2047493016599639E-002  0.60021102383317859        0.0000000000000000     
   3.4560000000000000       -65.137942359773291       0.31797185526394756        5.2047621441865671E-002  0.60021110902907671        0.0000000000000000     
   3.4569999999999999       -65.137917061448164       0.31797141496886394        5.2047749982065704E-002  0.60021119411165702        0.0000000000000000     
   3.4580000000000002       -65.137891747272036       0.31797097482500258        5.2047878637127246E-002  0.60021127908086791        0.0000000000000000     
   3.4590000000000001       -65.137866417256404       0.31797053483238019        5.2048007406977813E-002  0.60021136393665775        0.0000000000000000     
   3.4600000000000000       -65.137841071412751       0.31797009499101342        5.2048136291544936E-002  0.60021144867897502        0.0000000000000000     
   3.4609999999999999       -65.137815709752573       0.31796965530091892        5.2048265290756159E-002  0.60021153330776822        0.0000000000000000     
   3.4620000000000002       -65.137790332287338       0.31796921576211329        5.2048394404539039E-002  0.60021161782298593        0.0000000000000000     
   3.4630000000000001       -65.137764939028543       0.31796877637461313        5.2048523632821135E-002  0.60021170222457676        0.0000000000000000     
   3.4640000000000000       -65.137739529987655       0.31796833713843498        5.2048652975530026E-002  0.60021178651248930        0.0000000000000000     
   3.4649999999999999       -65.137714105176158       0.31796789805359532        5.2048782432593296E-002  0.60021187068667237        0.0000000000000000     
   3.4660000000000002       -65.137688664605520       0.31796745912011065        5.2048912003938547E-002  0.60021195474707467        0.0000000000000000     
   3.4670000000000001       -65.137663208287208       0.31796702033799740        5.2049041689493383E-002  0.60021203869364503        0.0000000000000000     
   3.4680000000000000       -65.137637736232705       0.31796658170727193        5.2049171489185427E-002  0.60021212252633238        0.0000000000000000     
   3.4689999999999999       -65.137612248453465       0.31796614322795064        5.2049301402942311E-002  0.60021220624508564        0.0000000000000000     
   3.4700000000000002       -65.137586744960970       0.31796570490004988        5.2049431430691677E-002  0.60021228984985375        0.0000000000000000     
   3.4710000000000001       -65.137561225766675       0.31796526672358594        5.2049561572361180E-002  0.60021237334058575        0.0000000000000000     
   3.4720000000000000       -65.137535690882046       0.31796482869857506        5.2049691827878490E-002  0.60021245671723078        0.0000000000000000     
   3.4729999999999999       -65.137510140318540       0.31796439082503347        5.2049822197171282E-002  0.60021253997973789        0.0000000000000000     
   3.4740000000000002       -65.137484574087608       0.31796395310297737        5.2049952680167239E-002  0.60021262312805634        0.0000000000000000     
   3.4750000000000001       -65.137458992200706       0.31796351553242291        5.2050083276794064E-002  0.60021270616213540        0.0000000000000000     
   3.4760000000000000       -65.137433394669301       0.31796307811338625        5.2050213986979468E-002  0.60021278908192432        0.0000000000000000     
   3.4769999999999999       -65.137407781504834       0.31796264084588344        5.2050344810651177E-002  0.60021287188737249        0.0000000000000000     
   3.4780000000000002       -65.137382152718743       0.31796220372993056        5.2050475747736913E-002  0.60021295457842927        0.0000000000000000     
   3.4790000000000001       -65.137356508322497       0.31796176676554361        5.2050606798164430E-002  0.60021303715504415        0.0000000000000000     
   3.4800000000000000       -65.137330848327522       0.31796132995273857        5.2050737961861479E-002  0.60021311961716661        0.0000000000000000     
   3.4809999999999999       -65.137305172745272       0.31796089329153138        5.2050869238755834E-002  0.60021320196474615        0.0000000000000000     
   3.4820000000000002       -65.137279481587171       0.31796045678193796        5.2051000628775268E-002  0.60021328419773246        0.0000000000000000     
   3.4830000000000001       -65.137253774864675       0.31796002042397420        5.2051132131847574E-002  0.60021336631607525        0.0000000000000000     
   3.4840000000000000       -65.137228052589208       0.31795958421765597        5.2051263747900547E-002  0.60021344831972412        0.0000000000000000     
   3.4849999999999999       -65.137202314772210       0.31795914816299903        5.2051395476862009E-002  0.60021353020862900        0.0000000000000000     
   3.4860000000000002       -65.137176561425107       0.31795871226001915        5.2051527318659772E-002  0.60021361198273959        0.0000000000000000     
   3.4870000000000001       -65.137150792559325       0.31795827650873210        5.2051659273221682E-002  0.60021369364200583        0.0000000000000000     
   3.4880000000000000       -65.137125008186302       0.31795784090915358        5.2051791340475578E-002  0.60021377518637753        0.0000000000000000     
   3.4889999999999999       -65.137099208317451       0.31795740546129925        5.2051923520349326E-002  0.60021385661580473        0.0000000000000000     
   3.4900000000000002       -65.137073392964211       0.31795697016518476        5.2052055812770795E-002  0.60021393793023758        0.0000000000000000     
   3.4910000000000001       -65.137047562137994       0.31795653502082571        5.2052188217667862E-002  0.60021401912962602        0.0000000000000000     
   3.4920000000000000       -65.137021715850210       0.31795610002823771        5.2052320734968419E-002  0.60021410021392030        0.0000000000000000     
   3.4929999999999999       -65.136995854112286       0.31795566518743623        5.2052453364600369E-002  0.60021418118307046        0.0000000000000000     
   3.4940000000000002       -65.136969976935632       0.31795523049843677        5.2052586106491626E-002  0.60021426203702688        0.0000000000000000     
   3.4950000000000001       -65.136944084331660       0.31795479596125481        5.2052718960570121E-002  0.60021434277573982        0.0000000000000000     
   3.4960000000000000       -65.136918176311767       0.31795436157590579        5.2052851926763788E-002  0.60021442339915954        0.0000000000000000     
   3.4969999999999999       -65.136892252887378       0.31795392734240507        5.2052985005000579E-002  0.60021450390723652        0.0000000000000000     
   3.4980000000000002       -65.136866314069891       0.31795349326076805        5.2053118195208456E-002  0.60021458429992125        0.0000000000000000     
   3.4990000000000001       -65.136840359870718       0.31795305933101004        5.2053251497315392E-002  0.60021466457716410        0.0000000000000000     
   3.5000000000000000       -65.136814390301240       0.31795262555314630        5.2053384911249369E-002  0.60021474473891578        0.0000000000000000     
   3.5009999999999999       -65.136788405372869       0.31795219192719215        5.2053518436938381E-002  0.60021482478512678        0.0000000000000000     
   3.5020000000000002       -65.136762405097002       0.31795175845316276        5.2053652074310439E-002  0.60021490471574779        0.0000000000000000     
   3.5030000000000001       -65.136736389485037       0.31795132513107333        5.2053785823293557E-002  0.60021498453072952        0.0000000000000000     
   3.5040000000000000       -65.136710358548356       0.31795089196093901        5.2053919683815765E-002  0.60021506423002280        0.0000000000000000     
   3.5049999999999999       -65.136684312298357       0.31795045894277491        5.2054053655805108E-002  0.60021514381357843        0.0000000000000000     
   3.5060000000000002       -65.136658250746422       0.31795002607659612        5.2054187739189635E-002  0.60021522328134724        0.0000000000000000     
   3.5070000000000001       -65.136632173903934       0.31794959336241768        5.2054321933897411E-002  0.60021530263328016        0.0000000000000000     
   3.5080000000000000       -65.136606081782276       0.31794916080025465        5.2054456239856516E-002  0.60021538186932810        0.0000000000000000     
   3.5089999999999999       -65.136579974392831       0.31794872839012200        5.2054590656995033E-002  0.60021546098944212        0.0000000000000000     
   3.5100000000000002       -65.136553851746982       0.31794829613203462        5.2054725185241062E-002  0.60021553999357335        0.0000000000000000     
   3.5110000000000001       -65.136527713856111       0.31794786402600750        5.2054859824522716E-002  0.60021561888167285        0.0000000000000000     
   3.5120000000000000       -65.136501560731588       0.31794743207205545        5.2054994574768115E-002  0.60021569765369187        0.0000000000000000     
   3.5129999999999999       -65.136475392384781       0.31794700027019335        5.2055129435905394E-002  0.60021577630958156        0.0000000000000000     
   3.5140000000000002       -65.136449208827059       0.31794656862043597        5.2055264407862692E-002  0.60021585484929330        0.0000000000000000     
   3.5150000000000001       -65.136423010069791       0.31794613712279812        5.2055399490568172E-002  0.60021593327277833        0.0000000000000000     
   3.5160000000000000       -65.136396796124345       0.31794570577729453        5.2055534683950001E-002  0.60021601157998816        0.0000000000000000     
   3.5169999999999999       -65.136370567002089       0.31794527458393990        5.2055669987936357E-002  0.60021608977087415        0.0000000000000000     
   3.5180000000000002       -65.136344322714379       0.31794484354274888        5.2055805402455434E-002  0.60021616784538778        0.0000000000000000     
   3.5190000000000001       -65.136318063272569       0.31794441265373613        5.2055940927435436E-002  0.60021624580348065        0.0000000000000000     
   3.5200000000000000       -65.136291788688027       0.31794398191691625        5.2056076562804580E-002  0.60021632364510424        0.0000000000000000     
   3.5209999999999999       -65.136265498972094       0.31794355133230384        5.2056212308491091E-002  0.60021640137021037        0.0000000000000000     
   3.5220000000000002       -65.136239194136138       0.31794312089991339        5.2056348164423200E-002  0.60021647897875063        0.0000000000000000     
   3.5230000000000001       -65.136212874191500       0.31794269061975938        5.2056484130529164E-002  0.60021655647067673        0.0000000000000000     
   3.5240000000000000       -65.136186539149520       0.31794226049185637        5.2056620206737243E-002  0.60021663384594059        0.0000000000000000     
   3.5249999999999999       -65.136160189021552       0.31794183051621872        5.2056756392975710E-002  0.60021671110449404        0.0000000000000000     
   3.5260000000000002       -65.136133823818952       0.31794140069286081        5.2056892689172851E-002  0.60021678824628888        0.0000000000000000     
   3.5270000000000001       -65.136107443553044       0.31794097102179703        5.2057029095256960E-002  0.60021686527127716        0.0000000000000000     
   3.5280000000000000       -65.136081048235170       0.31794054150304168        5.2057165611156343E-002  0.60021694217941091        0.0000000000000000     
   3.5289999999999999       -65.136054637876683       0.31794011213660911        5.2057302236799323E-002  0.60021701897064217        0.0000000000000000     
   3.5300000000000002       -65.136028212488895       0.31793968292251357        5.2057438972114234E-002  0.60021709564492298        0.0000000000000000     
   3.5310000000000001       -65.136001772083148       0.31793925386076927        5.2057575817029418E-002  0.60021717220220561        0.0000000000000000     
   3.5320000000000000       -65.135975316670780       0.31793882495139036        5.2057712771473225E-002  0.60021724864244219        0.0000000000000000     
   3.5329999999999999       -65.135948846263105       0.31793839619439107        5.2057849835374023E-002  0.60021732496558511        0.0000000000000000     
   3.5340000000000003       -65.135922360871461       0.31793796758978549        5.2057987008660198E-002  0.60021740117158662        0.0000000000000000     
   3.5350000000000001       -65.135895860507162       0.31793753913758771        5.2058124291260131E-002  0.60021747726039909        0.0000000000000000     
   3.5360000000000000       -65.135869345181533       0.31793711083781179        5.2058261683102229E-002  0.60021755323197490        0.0000000000000000     
   3.5369999999999999       -65.135842814905899       0.31793668269047176        5.2058399184114902E-002  0.60021762908626664        0.0000000000000000     
   3.5380000000000003       -65.135816269691574       0.31793625469558157        5.2058536794226576E-002  0.60021770482322678        0.0000000000000000     
   3.5390000000000001       -65.135789709549869       0.31793582685315519        5.2058674513365689E-002  0.60021778044280782        0.0000000000000000     
   3.5400000000000000       -65.135763134492095       0.31793539916320657        5.2058812341460689E-002  0.60021785594496246        0.0000000000000000     
   3.5409999999999999       -65.135736544529564       0.31793497162574957        5.2058950278440042E-002  0.60021793132964341        0.0000000000000000     
   3.5420000000000003       -65.135709939673589       0.31793454424079809        5.2059088324232214E-002  0.60021800659680336        0.0000000000000000     
   3.5430000000000001       -65.135683319935481       0.31793411700836588        5.2059226478765687E-002  0.60021808174639513        0.0000000000000000     
   3.5440000000000000       -65.135656685326538       0.31793368992846677        5.2059364741968962E-002  0.60021815677837154        0.0000000000000000     
   3.5449999999999999       -65.135630035858057       0.31793326300111446        5.2059503113770549E-002  0.60021823169268551        0.0000000000000000     
   3.5460000000000003       -65.135603371541336       0.31793283622632268        5.2059641594098961E-002  0.60021830648928998        0.0000000000000000     
   3.5470000000000002       -65.135576692387673       0.31793240960410513        5.2059780182882730E-002  0.60021838116813786        0.0000000000000000     
   3.5480000000000000       -65.135549998408365       0.31793198313447546        5.2059918880050404E-002  0.60021845572918231        0.0000000000000000     
   3.5489999999999999       -65.135523289614710       0.31793155681744728        5.2060057685530535E-002  0.60021853017237636        0.0000000000000000     
   3.5500000000000003       -65.135496566017991       0.31793113065303413        5.2060196599251686E-002  0.60021860449767317        0.0000000000000000     
   3.5510000000000002       -65.135469827629493       0.31793070464124962        5.2060335621142442E-002  0.60021867870502588        0.0000000000000000     
   3.5520000000000000       -65.135443074460511       0.31793027878210722        5.2060474751131396E-002  0.60021875279438786        0.0000000000000000     
   3.5529999999999999       -65.135416306522316       0.31792985307562044        5.2060613989147145E-002  0.60021882676571225        0.0000000000000000     
   3.5540000000000003       -65.135389523826206       0.31792942752180270        5.2060753335118302E-002  0.60021890061895256        0.0000000000000000     
   3.5550000000000002       -65.135362726383448       0.31792900212066738        5.2060892788973495E-002  0.60021897435406213        0.0000000000000000     
   3.5560000000000000       -65.135335914205314       0.31792857687222792        5.2061032350641363E-002  0.60021904797099435        0.0000000000000000     
   3.5569999999999999       -65.135309087303085       0.31792815177649764        5.2061172020050554E-002  0.60021912146970280        0.0000000000000000     
   3.5580000000000003       -65.135282245688032       0.31792772683348980        5.2061311797129729E-002  0.60021919485014108        0.0000000000000000     
   3.5590000000000002       -65.135255389371437       0.31792730204321773        5.2061451681807570E-002  0.60021926811226267        0.0000000000000000     
   3.5600000000000001       -65.135228518364556       0.31792687740569464        5.2061591674012753E-002  0.60021934125602128        0.0000000000000000     
   3.5609999999999999       -65.135201632678658       0.31792645292093380        5.2061731773673979E-002  0.60021941428137071        0.0000000000000000     
   3.5620000000000003       -65.135174732324998       0.31792602858894831        5.2061871980719959E-002  0.60021948718826468        0.0000000000000000     
   3.5630000000000002       -65.135147817314845       0.31792560440975137        5.2062012295079410E-002  0.60021955997665699        0.0000000000000000     
   3.5640000000000001       -65.135120887659454       0.31792518038335604        5.2062152716681069E-002  0.60021963264650147        0.0000000000000000     
   3.5649999999999999       -65.135093943370094       0.31792475650977542        5.2062293245453681E-002  0.60021970519775203        0.0000000000000000     
   3.5660000000000003       -65.135066984458007       0.31792433278902255        5.2062433881326003E-002  0.60021977763036272        0.0000000000000000     
   3.5670000000000002       -65.135040010934446       0.31792390922111041        5.2062574624226803E-002  0.60021984994428745        0.0000000000000000     
   3.5680000000000001       -65.135013022810668       0.31792348580605195        5.2062715474084864E-002  0.60021992213948039        0.0000000000000000     
   3.5690000000000000       -65.134986020097912       0.31792306254386016        5.2062856430828981E-002  0.60021999421589556        0.0000000000000000     
   3.5700000000000003       -65.134959002807420       0.31792263943454790        5.2062997494387954E-002  0.60022006617348722        0.0000000000000000     
   3.5710000000000002       -65.134931970950447       0.31792221647812807        5.2063138664690603E-002  0.60022013801220964        0.0000000000000000     
   3.5720000000000001       -65.134904924538219       0.31792179367461354        5.2063279941665756E-002  0.60022020973201695        0.0000000000000000     
   3.5730000000000000       -65.134877863581991       0.31792137102401707        5.2063421325242255E-002  0.60022028133286354        0.0000000000000000     
   3.5740000000000003       -65.134850788092990       0.31792094852635139        5.2063562815348956E-002  0.60022035281470387        0.0000000000000000     
   3.5750000000000002       -65.134823698082442       0.31792052618162930        5.2063704411914720E-002  0.60022042417749222        0.0000000000000000     
   3.5760000000000001       -65.134796593561589       0.31792010398986348        5.2063846114868424E-002  0.60022049542118316        0.0000000000000000     
   3.5770000000000000       -65.134769474541670       0.31791968195106662        5.2063987924138959E-002  0.60022056654573119        0.0000000000000000     
   3.5780000000000003       -65.134742341033899       0.31791926006525134        5.2064129839655221E-002  0.60022063755109090        0.0000000000000000     
   3.5790000000000002       -65.134715193049502       0.31791883833243023        5.2064271861346129E-002  0.60022070843721698        0.0000000000000000     
   3.5800000000000001       -65.134688030599705       0.31791841675261584        5.2064413989140607E-002  0.60022077920406403        0.0000000000000000     
   3.5810000000000000       -65.134660853695721       0.31791799532582071        5.2064556222967594E-002  0.60022084985158686        0.0000000000000000     
   3.5820000000000003       -65.134633662348776       0.31791757405205739        5.2064698562756036E-002  0.60022092037974017        0.0000000000000000     
   3.5830000000000002       -65.134606456570083       0.31791715293133832        5.2064841008434892E-002  0.60022099078847879        0.0000000000000000     
   3.5840000000000001       -65.134579236370854       0.31791673196367592        5.2064983559933144E-002  0.60022106107775774        0.0000000000000000     
   3.5850000000000000       -65.134552001762302       0.31791631114908264        5.2065126217179770E-002  0.60022113124753185        0.0000000000000000     
   3.5859999999999999       -65.134524752755638       0.31791589048757080        5.2065268980103774E-002  0.60022120129775614        0.0000000000000000     
   3.5870000000000002       -65.134497489362062       0.31791546997915271        5.2065411848634162E-002  0.60022127122838564        0.0000000000000000     
   3.5880000000000001       -65.134470211592784       0.31791504962384071        5.2065554822699957E-002  0.60022134103937541        0.0000000000000000     
   3.5890000000000000       -65.134442919459005       0.31791462942164705        5.2065697902230194E-002  0.60022141073068058        0.0000000000000000     
   3.5899999999999999       -65.134415612971921       0.31791420937258402        5.2065841087153918E-002  0.60022148030225642        0.0000000000000000     
   3.5910000000000002       -65.134388292142745       0.31791378947666377        5.2065984377400190E-002  0.60022154975405817        0.0000000000000000     
   3.5920000000000001       -65.134360956982661       0.31791336973389844        5.2066127772898076E-002  0.60022161908604110        0.0000000000000000     
   3.5930000000000000       -65.134333607502853       0.31791295014430021        5.2066271273576659E-002  0.60022168829816047        0.0000000000000000     
   3.5939999999999999       -65.134306243714519       0.31791253070788117        5.2066414879365037E-002  0.60022175739037176        0.0000000000000000     
   3.5950000000000002       -65.134278865628858       0.31791211142465337        5.2066558590192311E-002  0.60022182636263044        0.0000000000000000     
   3.5960000000000001       -65.134251473257038       0.31791169229462884        5.2066702405987604E-002  0.60022189521489200        0.0000000000000000     
   3.5970000000000000       -65.134224066610258       0.31791127331781960        5.2066846326680051E-002  0.60022196394711191        0.0000000000000000     
   3.5979999999999999       -65.134196645699689       0.31791085449423762        5.2066990352198791E-002  0.60022203255924589        0.0000000000000000     
   3.5990000000000002       -65.134169210536513       0.31791043582389478        5.2067134482472979E-002  0.60022210105124951        0.0000000000000000     
   3.6000000000000001       -65.134141761131914       0.31791001730680302        5.2067278717431782E-002  0.60022216942307849        0.0000000000000000     
   3.6010000000000000       -65.134114297497064       0.31790959894297421        5.2067423057004382E-002  0.60022223767468852        0.0000000000000000     
   3.6019999999999999       -65.134086819643130       0.31790918073242019        5.2067567501119974E-002  0.60022230580603542        0.0000000000000000     
   3.6030000000000002       -65.134059327581284       0.31790876267515278        5.2067712049707754E-002  0.60022237381707511        0.0000000000000000     
   3.6040000000000001       -65.134031821322694       0.31790834477118368        5.2067856702696945E-002  0.60022244170776340        0.0000000000000000     
   3.6050000000000000       -65.134004300878530       0.31790792702052467        5.2068001460016777E-002  0.60022250947805633        0.0000000000000000     
   3.6059999999999999       -65.133976766259948       0.31790750942318746        5.2068146321596488E-002  0.60022257712790994        0.0000000000000000     
   3.6070000000000002       -65.133949217478118       0.31790709197918365        5.2068291287365329E-002  0.60022264465728015        0.0000000000000000     
   3.6080000000000001       -65.133921654544196       0.31790667468852496        5.2068436357252570E-002  0.60022271206612321        0.0000000000000000     
   3.6090000000000000       -65.133894077469336       0.31790625755122293        5.2068581531187486E-002  0.60022277935439516        0.0000000000000000     
   3.6099999999999999       -65.133866486264694       0.31790584056728916        5.2068726809099367E-002  0.60022284652205227        0.0000000000000000     
   3.6110000000000002       -65.133838880941411       0.31790542373673519        5.2068872190917513E-002  0.60022291356905078        0.0000000000000000     
   3.6120000000000001       -65.133811261510658       0.31790500705957248        5.2069017676571246E-002  0.60022298049534695        0.0000000000000000     
   3.6130000000000000       -65.133783627983561       0.31790459053581255        5.2069163265989885E-002  0.60022304730089715        0.0000000000000000     
   3.6139999999999999       -65.133755980371276       0.31790417416546679        5.2069308959102771E-002  0.60022311398565786        0.0000000000000000     
   3.6150000000000002       -65.133728318684945       0.31790375794854664        5.2069454755839260E-002  0.60022318054958546        0.0000000000000000     
   3.6160000000000001       -65.133700642935707       0.31790334188506342        5.2069600656128714E-002  0.60022324699263652        0.0000000000000000     
   3.6170000000000000       -65.133672953134692       0.31790292597502851        5.2069746659900502E-002  0.60022331331476764        0.0000000000000000     
   3.6179999999999999       -65.133645249293053       0.31790251021845317        5.2069892767084021E-002  0.60022337951593530        0.0000000000000000     
   3.6190000000000002       -65.133617531421905       0.31790209461534874        5.2070038977608667E-002  0.60022344559609619        0.0000000000000000     
   3.6200000000000001       -65.133589799532388       0.31790167916572637        5.2070185291403850E-002  0.60022351155520715        0.0000000000000000     
   3.6210000000000000       -65.133562053635629       0.31790126386959733        5.2070331708399004E-002  0.60022357739322485        0.0000000000000000     
   3.6219999999999999       -65.133534293742755       0.31790084872697277        5.2070478228523558E-002  0.60022364311010601        0.0000000000000000     
   3.6230000000000002       -65.133506519864895       0.31790043373786381        5.2070624851706965E-002  0.60022370870580766        0.0000000000000000     
   3.6240000000000001       -65.133478732013174       0.31790001890228159        5.2070771577878691E-002  0.60022377418028661        0.0000000000000000     
   3.6250000000000000       -65.133450930198705       0.31789960422023716        5.2070918406968203E-002  0.60022383953349978        0.0000000000000000     
   3.6259999999999999       -65.133423114432603       0.31789918969174152        5.2071065338904994E-002  0.60022390476540433        0.0000000000000000     
   3.6270000000000002       -65.133395284725978       0.31789877531680572        5.2071212373618565E-002  0.60022396987595716        0.0000000000000000     
   3.6280000000000001       -65.133367441089945       0.31789836109544073        5.2071359511038424E-002  0.60022403486511555        0.0000000000000000     
   3.6290000000000000       -65.133339583535630       0.31789794702765750        5.2071506751094093E-002  0.60022409973283652        0.0000000000000000     
   3.6299999999999999       -65.133311712074118       0.31789753311346691        5.2071654093715107E-002  0.60022416447907734        0.0000000000000000     
   3.6310000000000002       -65.133283826716536       0.31789711935287984        5.2071801538831022E-002  0.60022422910379536        0.0000000000000000     
   3.6320000000000001       -65.133255927473968       0.31789670574590717        5.2071949086371395E-002  0.60022429360694773        0.0000000000000000     
   3.6330000000000000       -65.133228014357528       0.31789629229255967        5.2072096736265804E-002  0.60022435798849194        0.0000000000000000     
   3.6339999999999999       -65.133200087378313       0.31789587899284810        5.2072244488443824E-002  0.60022442224838535        0.0000000000000000     
   3.6350000000000002       -65.133172146547409       0.31789546584678324        5.2072392342835061E-002  0.60022448638658543        0.0000000000000000     
   3.6360000000000001       -65.133144191875928       0.31789505285437575        5.2072540299369127E-002  0.60022455040304978        0.0000000000000000     
   3.6370000000000000       -65.133116223374941       0.31789464001563633        5.2072688357975648E-002  0.60022461429773588        0.0000000000000000     
   3.6379999999999999       -65.133088241055560       0.31789422733057565        5.2072836518584256E-002  0.60022467807060131        0.0000000000000000     
   3.6390000000000002       -65.133060244928856       0.31789381479920431        5.2072984781124598E-002  0.60022474172160378        0.0000000000000000     
   3.6400000000000001       -65.133032235005913       0.31789340242153286        5.2073133145526335E-002  0.60022480525070099        0.0000000000000000     
   3.6410000000000000       -65.133004211297816       0.31789299019757189        5.2073281611719140E-002  0.60022486865785074        0.0000000000000000     
   3.6419999999999999       -65.132976173815649       0.31789257812733190        5.2073430179632701E-002  0.60022493194301085        0.0000000000000000     
   3.6430000000000002       -65.132948122570497       0.31789216621082333        5.2073578849196715E-002  0.60022499510613914        0.0000000000000000     
   3.6440000000000001       -65.132920057573415       0.31789175444805667        5.2073727620340890E-002  0.60022505814719351        0.0000000000000000     
   3.6450000000000000       -65.132891978835488       0.31789134283904230        5.2073876492994949E-002  0.60022512106613202        0.0000000000000000     
   3.6459999999999999       -65.132863886367787       0.31789093138379065        5.2074025467088628E-002  0.60022518386291257        0.0000000000000000     
   3.6470000000000002       -65.132835780181381       0.31789052008231206        5.2074174542551678E-002  0.60022524653749332        0.0000000000000000     
   3.6480000000000001       -65.132807660287341       0.31789010893461678        5.2074323719313857E-002  0.60022530908983240        0.0000000000000000     
   3.6490000000000000       -65.132779526696723       0.31788969794071514        5.2074472997304944E-002  0.60022537151988786        0.0000000000000000     
   3.6499999999999999       -65.132751379420583       0.31788928710061742        5.2074622376454716E-002  0.60022543382761806        0.0000000000000000     
   3.6510000000000002       -65.132723218469991       0.31788887641433378        5.2074771856692972E-002  0.60022549601298114        0.0000000000000000     
   3.6520000000000001       -65.132695043856003       0.31788846588187442        5.2074921437949527E-002  0.60022555807593547        0.0000000000000000     
   3.6530000000000000       -65.132666855589662       0.31788805550324950        5.2075071120154207E-002  0.60022562001643942        0.0000000000000000     
   3.6539999999999999       -65.132638653682037       0.31788764527846919        5.2075220903236838E-002  0.60022568183445135        0.0000000000000000     
   3.6550000000000002       -65.132610438144155       0.31788723520754353        5.2075370787127276E-002  0.60022574352992986        0.0000000000000000     
   3.6560000000000001       -65.132582208987088       0.31788682529048257        5.2075520771755382E-002  0.60022580510283330        0.0000000000000000     
   3.6570000000000000       -65.132553966221863       0.31788641552729635        5.2075670857051025E-002  0.60022586655312038        0.0000000000000000     
   3.6579999999999999       -65.132525709859536       0.31788600591799482        5.2075821042944094E-002  0.60022592788074958        0.0000000000000000     
   3.6590000000000003       -65.132497439911134       0.31788559646258802        5.2075971329364486E-002  0.60022598908567970        0.0000000000000000     
   3.6600000000000001       -65.132469156387700       0.31788518716108577        5.2076121716242110E-002  0.60022605016786934        0.0000000000000000     
   3.6610000000000000       -65.132440859300274       0.31788477801349801        5.2076272203506892E-002  0.60022611112727731        0.0000000000000000     
   3.6619999999999999       -65.132412548659886       0.31788436901983463        5.2076422791088768E-002  0.60022617196386241        0.0000000000000000     
   3.6630000000000003       -65.132384224477576       0.31788396018010545        5.2076573478917684E-002  0.60022623267758357        0.0000000000000000     
   3.6640000000000001       -65.132355886764358       0.31788355149432024        5.2076724266923606E-002  0.60022629326839960        0.0000000000000000     
   3.6650000000000000       -65.132327535531260       0.31788314296248876        5.2076875155036506E-002  0.60022635373626954        0.0000000000000000     
   3.6659999999999999       -65.132299170789310       0.31788273458462074        5.2077026143186371E-002  0.60022641408115240        0.0000000000000000     
   3.6670000000000003       -65.132270792549534       0.31788232636072589        5.2077177231303201E-002  0.60022647430300724        0.0000000000000000     
   3.6680000000000001       -65.132242400822946       0.31788191829081386        5.2077328419317011E-002  0.60022653440179308        0.0000000000000000     
   3.6690000000000000       -65.132213995620560       0.31788151037489432        5.2077479707157821E-002  0.60022659437746917        0.0000000000000000     
   3.6699999999999999       -65.132185576953404       0.31788110261297681        5.2077631094755668E-002  0.60022665422999466        0.0000000000000000     
   3.6710000000000003       -65.132157144832476       0.31788069500507093        5.2077782582040599E-002  0.60022671395932892        0.0000000000000000     
   3.6720000000000002       -65.132128699268790       0.31788028755118625        5.2077934168942686E-002  0.60022677356543119        0.0000000000000000     
   3.6730000000000000       -65.132100240273360       0.31787988025133224        5.2078085855391996E-002  0.60022683304826085        0.0000000000000000     
   3.6739999999999999       -65.132071767857170       0.31787947310551834        5.2078237641318623E-002  0.60022689240777727        0.0000000000000000     
   3.6750000000000003       -65.132043282031248       0.31787906611375405        5.2078389526652662E-002  0.60022695164393991        0.0000000000000000     
   3.6760000000000002       -65.132014782806579       0.31787865927604875        5.2078541511324225E-002  0.60022701075670837        0.0000000000000000     
   3.6770000000000000       -65.131986270194162       0.31787825259241176        5.2078693595263445E-002  0.60022706974604212        0.0000000000000000     
   3.6779999999999999       -65.131957744204996       0.31787784606285246        5.2078845778400454E-002  0.60022712861190075        0.0000000000000000     
   3.6790000000000003       -65.131929204850081       0.31787743968738019        5.2078998060665405E-002  0.60022718735424396        0.0000000000000000     
   3.6800000000000002       -65.131900652140402       0.31787703346600421        5.2079150441988464E-002  0.60022724597303145        0.0000000000000000     
   3.6810000000000000       -65.131872086086943       0.31787662739873374        5.2079302922299807E-002  0.60022730446822303        0.0000000000000000     
   3.6819999999999999       -65.131843506700690       0.31787622148557798        5.2079455501529627E-002  0.60022736283977840        0.0000000000000000     
   3.6830000000000003       -65.131814913992628       0.31787581572654616        5.2079608179608120E-002  0.60022742108765748        0.0000000000000000     
   3.6840000000000002       -65.131786307973741       0.31787541012164738        5.2079760956465507E-002  0.60022747921182018        0.0000000000000000     
   3.6850000000000001       -65.131757688655014       0.31787500467089080        5.2079913832032011E-002  0.60022753721222644        0.0000000000000000     
   3.6859999999999999       -65.131729056047419       0.31787459937428547        5.2080066806237876E-002  0.60022759508883627        0.0000000000000000     
   3.6870000000000003       -65.131700410161926       0.31787419423184049        5.2080219879013352E-002  0.60022765284160973        0.0000000000000000     
   3.6880000000000002       -65.131671751009506       0.31787378924356480        5.2080373050288703E-002  0.60022771047050694        0.0000000000000000     
   3.6890000000000001       -65.131643078601144       0.31787338440946744        5.2080526319994214E-002  0.60022776797548794        0.0000000000000000     
   3.6899999999999999       -65.131614392947782       0.31787297972955736        5.2080679688060169E-002  0.60022782535651298        0.0000000000000000     
   3.6910000000000003       -65.131585694060405       0.31787257520384343        5.2080833154416875E-002  0.60022788261354243        0.0000000000000000     
   3.6920000000000002       -65.131556981949970       0.31787217083233460        5.2080986718994651E-002  0.60022793974653643        0.0000000000000000     
   3.6930000000000001       -65.131528256627433       0.31787176661503974        5.2081140381723824E-002  0.60022799675545546        0.0000000000000000     
   3.6940000000000000       -65.131499518103752       0.31787136255196763        5.2081294142534741E-002  0.60022805364025988        0.0000000000000000     
   3.6950000000000003       -65.131470766389882       0.31787095864312709        5.2081448001357757E-002  0.60022811040091006        0.0000000000000000     
   3.6960000000000002       -65.131442001496779       0.31787055488852684        5.2081601958123239E-002  0.60022816703736659        0.0000000000000000     
   3.6970000000000001       -65.131413223435402       0.31787015128817564        5.2081756012761563E-002  0.60022822354958993        0.0000000000000000     
   3.6980000000000000       -65.131384432216691       0.31786974784208216        5.2081910165203131E-002  0.60022827993754069        0.0000000000000000     
   3.6990000000000003       -65.131355627851590       0.31786934455025512        5.2082064415378340E-002  0.60022833620117955        0.0000000000000000     
   3.7000000000000002       -65.131326810351041       0.31786894141270311        5.2082218763217621E-002  0.60022839234046721        0.0000000000000000     
   3.7010000000000001       -65.131297979725986       0.31786853842943474        5.2082373208651396E-002  0.60022844835536437        0.0000000000000000     
   3.7020000000000000       -65.131269135987367       0.31786813560045857        5.2082527751610118E-002  0.60022850424583196        0.0000000000000000     
   3.7030000000000003       -65.131240279146112       0.31786773292578313        5.2082682392024238E-002  0.60022856001183067        0.0000000000000000     
   3.7040000000000002       -65.131211409213165       0.31786733040541698        5.2082837129824228E-002  0.60022861565332142        0.0000000000000000     
   3.7050000000000001       -65.131182526199453       0.31786692803936856        5.2082991964940574E-002  0.60022867117026513        0.0000000000000000     
   3.7060000000000000       -65.131153630115904       0.31786652582764630        5.2083146897303777E-002  0.60022872656262283        0.0000000000000000     
   3.7070000000000003       -65.131124720973446       0.31786612377025858        5.2083301926844343E-002  0.60022878183035555        0.0000000000000000     
   3.7080000000000002       -65.131095798783008       0.31786572186721385        5.2083457053492793E-002  0.60022883697342444        0.0000000000000000     
   3.7090000000000001       -65.131066863555503       0.31786532011852037        5.2083612277179663E-002  0.60022889199179053        0.0000000000000000     
   3.7100000000000000       -65.131037915301860       0.31786491852418652        5.2083767597835499E-002  0.60022894688541506        0.0000000000000000     
   3.7110000000000003       -65.131008954032993       0.31786451708422053        5.2083923015390866E-002  0.60022900165425919        0.0000000000000000     
   3.7120000000000002       -65.130979979759815       0.31786411579863072        5.2084078529776333E-002  0.60022905629828427        0.0000000000000000     
   3.7130000000000001       -65.130950992493240       0.31786371466742525        5.2084234140922489E-002  0.60022911081745167        0.0000000000000000     
   3.7140000000000000       -65.130921992244168       0.31786331369061233        5.2084389848759932E-002  0.60022916521172265        0.0000000000000000     
   3.7149999999999999       -65.130892979023514       0.31786291286820006        5.2084545653219280E-002  0.60022921948105878        0.0000000000000000     
   3.7160000000000002       -65.130863952842191       0.31786251220019662        5.2084701554231158E-002  0.60022927362542144        0.0000000000000000     
   3.7170000000000001       -65.130834913711098       0.31786211168661010        5.2084857551726198E-002  0.60022932764477221        0.0000000000000000     
   3.7180000000000000       -65.130805861641122       0.31786171132744856        5.2085013645635059E-002  0.60022938153907257        0.0000000000000000     
   3.7189999999999999       -65.130776796643175       0.31786131112271998        5.2085169835888401E-002  0.60022943530828421        0.0000000000000000     
   3.7200000000000002       -65.130747718728145       0.31786091107243242        5.2085326122416904E-002  0.60022948895236883        0.0000000000000000     
   3.7210000000000001       -65.130718627906930       0.31786051117659375        5.2085482505151257E-002  0.60022954247128812        0.0000000000000000     
   3.7220000000000000       -65.130689524190430       0.31786011143521198        5.2085638984022159E-002  0.60022959586500391        0.0000000000000000     
   3.7229999999999999       -65.130660407589517       0.31785971184829498        5.2085795558960334E-002  0.60022964913347798        0.0000000000000000     
   3.7240000000000002       -65.130631278115089       0.31785931241585064        5.2085952229896502E-002  0.60022970227667216        0.0000000000000000     
   3.7250000000000001       -65.130602135778020       0.31785891313788678        5.2086108996761415E-002  0.60022975529454836        0.0000000000000000     
   3.7260000000000000       -65.130572980589193       0.31785851401441118        5.2086265859485822E-002  0.60022980818706861        0.0000000000000000     
   3.7269999999999999       -65.130543812559495       0.31785811504543166        5.2086422818000494E-002  0.60022986095419495        0.0000000000000000     
   3.7280000000000002       -65.130514631699782       0.31785771623095588        5.2086579872236208E-002  0.60022991359588929        0.0000000000000000     
   3.7290000000000001       -65.130485438020955       0.31785731757099162        5.2086737022123762E-002  0.60022996611211388        0.0000000000000000     
   3.7300000000000000       -65.130456231533870       0.31785691906554653        5.2086894267593963E-002  0.60023001850283086        0.0000000000000000     
   3.7309999999999999       -65.130427012249399       0.31785652071462828        5.2087051608577635E-002  0.60023007076800239        0.0000000000000000     
   3.7320000000000002       -65.130397780178399       0.31785612251824447        5.2087209045005606E-002  0.60023012290759081        0.0000000000000000     
   3.7330000000000001       -65.130368535331741       0.31785572447640265        5.2087366576808722E-002  0.60023017492155839        0.0000000000000000     
   3.7340000000000000       -65.130339277720296       0.31785532658911042        5.2087524203917844E-002  0.60023022680986748        0.0000000000000000     
   3.7349999999999999       -65.130310007354922       0.31785492885637529        5.2087681926263847E-002  0.60023027857248046        0.0000000000000000     
   3.7360000000000002       -65.130280724246461       0.31785453127820473        5.2087839743777613E-002  0.60023033020935979        0.0000000000000000     
   3.7370000000000001       -65.130251428405785       0.31785413385460620        5.2087997656390037E-002  0.60023038172046794        0.0000000000000000     
   3.7380000000000000       -65.130222119843737       0.31785373658558713        5.2088155664032035E-002  0.60023043310576762        0.0000000000000000     
   3.7389999999999999       -65.130192798571159       0.31785333947115491        5.2088313766634531E-002  0.60023048436522131        0.0000000000000000     
   3.7400000000000002       -65.130163464598908       0.31785294251131685        5.2088471964128462E-002  0.60023053549879157        0.0000000000000000     
   3.7410000000000001       -65.130134117937843       0.31785254570608035        5.2088630256444779E-002  0.60023058650644123        0.0000000000000000     
   3.7420000000000000       -65.130104758598790       0.31785214905545267        5.2088788643514447E-002  0.60023063738813298        0.0000000000000000     
   3.7429999999999999       -65.130075386592580       0.31785175255944109        5.2088947125268445E-002  0.60023068814382963        0.0000000000000000     
   3.7440000000000002       -65.130046001930069       0.31785135621805288        5.2089105701637758E-002  0.60023073877349409        0.0000000000000000     
   3.7450000000000001       -65.130016604622085       0.31785096003129520        5.2089264372553394E-002  0.60023078927708917        0.0000000000000000     
   3.7460000000000000       -65.129987194679458       0.31785056399917522        5.2089423137946365E-002  0.60023083965457780        0.0000000000000000     
   3.7469999999999999       -65.129957772113031       0.31785016812170008        5.2089581997747700E-002  0.60023088990592299        0.0000000000000000     
   3.7480000000000002       -65.129928336933617       0.31784977239887691        5.2089740951888445E-002  0.60023094003108779        0.0000000000000000     
   3.7490000000000001       -65.129898889152045       0.31784937683071274        5.2089900000299651E-002  0.60023099003003522        0.0000000000000000     
   3.7500000000000000       -65.129869428779145       0.31784898141721468        5.2090059142912391E-002  0.60023103990272841        0.0000000000000000     
   3.7509999999999999       -65.129839955825730       0.31784858615838968        5.2090218379657743E-002  0.60023108964913063        0.0000000000000000     
   3.7520000000000002       -65.129810470302630       0.31784819105424478        5.2090377710466804E-002  0.60023113926920513        0.0000000000000000     
   3.7530000000000001       -65.129780972220644       0.31784779610478692        5.2090537135270683E-002  0.60023118876291504        0.0000000000000000     
   3.7540000000000000       -65.129751461590601       0.31784740131002298        5.2090696654000498E-002  0.60023123813022383        0.0000000000000000     
   3.7549999999999999       -65.129721938423302       0.31784700666995991        5.2090856266587389E-002  0.60023128737109477        0.0000000000000000     
   3.7560000000000002       -65.129692402729560       0.31784661218460453        5.2091015972962500E-002  0.60023133648549132        0.0000000000000000     
   3.7570000000000001       -65.129662854520177       0.31784621785396366        5.2091175773056990E-002  0.60023138547337695        0.0000000000000000     
   3.7580000000000000       -65.129633293805952       0.31784582367804409        5.2091335666802040E-002  0.60023143433471526        0.0000000000000000     
   3.7589999999999999       -65.129603720597700       0.31784542965685258        5.2091495654128829E-002  0.60023148306946972        0.0000000000000000     
   3.7600000000000002       -65.129574134906207       0.31784503579039591        5.2091655734968559E-002  0.60023153167760390        0.0000000000000000     
   3.7610000000000001       -65.129544536742287       0.31784464207868074        5.2091815909252451E-002  0.60023158015908162        0.0000000000000000     
   3.7620000000000000       -65.129514926116713       0.31784424852171378        5.2091976176911720E-002  0.60023162851386647        0.0000000000000000     
   3.7629999999999999       -65.129485303040298       0.31784385511950158        5.2092136537877615E-002  0.60023167674192224        0.0000000000000000     
   3.7640000000000002       -65.129455667523814       0.31784346187205081        5.2092296992081386E-002  0.60023172484321274        0.0000000000000000     
   3.7650000000000001       -65.129426019578048       0.31784306877936808        5.2092457539454295E-002  0.60023177281770190        0.0000000000000000     
   3.7660000000000000       -65.129396359213800       0.31784267584145987        5.2092618179927629E-002  0.60023182066535352        0.0000000000000000     
   3.7669999999999999       -65.129366686441841       0.31784228305833273        5.2092778913432676E-002  0.60023186838613152        0.0000000000000000     
   3.7680000000000002       -65.129337001272944       0.31784189042999311        5.2092939739900743E-002  0.60023191598000003        0.0000000000000000     
   3.7690000000000001       -65.129307303717894       0.31784149795644751        5.2093100659263147E-002  0.60023196344692298        0.0000000000000000     
   3.7700000000000000       -65.129277593787464       0.31784110563770229        5.2093261671451223E-002  0.60023201078686461        0.0000000000000000     
   3.7709999999999999       -65.129247871492424       0.31784071347376391        5.2093422776396323E-002  0.60023205799978896        0.0000000000000000     
   3.7720000000000002       -65.129218136843548       0.31784032146463870        5.2093583974029793E-002  0.60023210508566027        0.0000000000000000     
   3.7730000000000001       -65.129188389851606       0.31783992961033292        5.2093745264283016E-002  0.60023215204444269        0.0000000000000000     
   3.7740000000000000       -65.129158630527357       0.31783953791085295        5.2093906647087372E-002  0.60023219887610058        0.0000000000000000     
   3.7749999999999999       -65.129128858881558       0.31783914636620503        5.2094068122374264E-002  0.60023224558059829        0.0000000000000000     
   3.7760000000000002       -65.129099074924980       0.31783875497639535        5.2094229690075100E-002  0.60023229215790019        0.0000000000000000     
   3.7770000000000001       -65.129069278668382       0.31783836374143015        5.2094391350121304E-002  0.60023233860797076        0.0000000000000000     
   3.7780000000000000       -65.129039470122507       0.31783797266131558        5.2094553102444319E-002  0.60023238493077435        0.0000000000000000     
   3.7789999999999999       -65.129009649298112       0.31783758173605781        5.2094714946975595E-002  0.60023243112627556        0.0000000000000000     
   3.7800000000000002       -65.128979816205941       0.31783719096566293        5.2094876883646599E-002  0.60023247719443906        0.0000000000000000     
   3.7810000000000001       -65.128949970856752       0.31783680035013701        5.2095038912388807E-002  0.60023252313522935        0.0000000000000000     
   3.7820000000000000       -65.128920113261287       0.31783640988948614        5.2095201033133712E-002  0.60023256894861110        0.0000000000000000     
   3.7829999999999999       -65.128890243430291       0.31783601958371627        5.2095363245812813E-002  0.60023261463454913        0.0000000000000000     
   3.7840000000000003       -65.128860361374507       0.31783562943283344        5.2095525550357638E-002  0.60023266019300814        0.0000000000000000     
   3.7850000000000001       -65.128830467104663       0.31783523943684361        5.2095687946699713E-002  0.60023270562395292        0.0000000000000000     
   3.7860000000000000       -65.128800560631504       0.31783484959575264        5.2095850434770587E-002  0.60023275092734840        0.0000000000000000     
   3.7869999999999999       -65.128770641965744       0.31783445990956644        5.2096013014501813E-002  0.60023279610315949        0.0000000000000000     
   3.7880000000000003       -65.128740711118127       0.31783407037829087        5.2096175685824968E-002  0.60023284115135112        0.0000000000000000     
   3.7890000000000001       -65.128710768099381       0.31783368100193182        5.2096338448671634E-002  0.60023288607188829        0.0000000000000000     
   3.7900000000000000       -65.128680812920237       0.31783329178049502        5.2096501302973414E-002  0.60023293086473617        0.0000000000000000     
   3.7909999999999999       -65.128650845591409       0.31783290271398629        5.2096664248661918E-002  0.60023297552985966        0.0000000000000000     
   3.7920000000000003       -65.128620866123626       0.31783251380241129        5.2096827285668772E-002  0.60023302006722412        0.0000000000000000     
   3.7930000000000001       -65.128590874527603       0.31783212504577579        5.2096990413925612E-002  0.60023306447679459        0.0000000000000000     
   3.7940000000000000       -65.128560870814056       0.31783173644408547        5.2097153633364091E-002  0.60023310875853642        0.0000000000000000     
   3.7949999999999999       -65.128530854993684       0.31783134799734591        5.2097316943915874E-002  0.60023315291241486        0.0000000000000000     
   3.7960000000000003       -65.128500827077218       0.31783095970556280        5.2097480345512641E-002  0.60023319693839516        0.0000000000000000     
   3.7970000000000002       -65.128470787075358       0.31783057156874167        5.2097643838086079E-002  0.60023324083644292        0.0000000000000000     
   3.7980000000000000       -65.128440734998804       0.31783018358688808        5.2097807421567902E-002  0.60023328460652337        0.0000000000000000     
   3.7989999999999999       -65.128410670858273       0.31782979576000753        5.2097971095889824E-002  0.60023332824860209        0.0000000000000000     
   3.8000000000000003       -65.128380594664449       0.31782940808810556        5.2098134860983573E-002  0.60023337176264469        0.0000000000000000     
   3.8010000000000002       -65.128350506428035       0.31782902057118761        5.2098298716780907E-002  0.60023341514861661        0.0000000000000000     
   3.8020000000000000       -65.128320406159730       0.31782863320925908        5.2098462663213572E-002  0.60023345840648357        0.0000000000000000     
   3.8029999999999999       -65.128290293870236       0.31782824600232540        5.2098626700213348E-002  0.60023350153621113        0.0000000000000000     
   3.8040000000000003       -65.128260169570240       0.31782785895039195        5.2098790827712023E-002  0.60023354453776512        0.0000000000000000     
   3.8050000000000002       -65.128230033270427       0.31782747205346401        5.2098955045641389E-002  0.60023358741111132        0.0000000000000000     
   3.8060000000000000       -65.128199884981484       0.31782708531154696        5.2099119353933264E-002  0.60023363015621545        0.0000000000000000     
   3.8069999999999999       -65.128169724714084       0.31782669872464603        5.2099283752519474E-002  0.60023367277304351        0.0000000000000000     
   3.8080000000000003       -65.128139552478927       0.31782631229276642        5.2099448241331864E-002  0.60023371526156133        0.0000000000000000     
   3.8090000000000002       -65.128109368286673       0.31782592601591342        5.2099612820302281E-002  0.60023375762173492        0.0000000000000000     
   3.8100000000000001       -65.128079172148006       0.31782553989409218        5.2099777489362592E-002  0.60023379985353020        0.0000000000000000     
   3.8109999999999999       -65.128048964073599       0.31782515392730787        5.2099942248444678E-002  0.60023384195691332        0.0000000000000000     
   3.8120000000000003       -65.128018744074126       0.31782476811556559        5.2100107097480433E-002  0.60023388393185029        0.0000000000000000     
   3.8130000000000002       -65.127988512160258       0.31782438245887040        5.2100272036401767E-002  0.60023392577830736        0.0000000000000000     
   3.8140000000000001       -65.127958268342653       0.31782399695722741        5.2100437065140594E-002  0.60023396749625069        0.0000000000000000     
   3.8149999999999999       -65.127928012631983       0.31782361161064160        5.2100602183628851E-002  0.60023400908564650        0.0000000000000000     
   3.8160000000000003       -65.127897745038908       0.31782322641911803        5.2100767391798489E-002  0.60023405054646106        0.0000000000000000     
   3.8170000000000002       -65.127867465574084       0.31782284138266165        5.2100932689581471E-002  0.60023409187866072        0.0000000000000000     
   3.8180000000000001       -65.127837174248171       0.31782245650127738        5.2101098076909762E-002  0.60023413308221196        0.0000000000000000     
   3.8190000000000000       -65.127806871071826       0.31782207177497013        5.2101263553715360E-002  0.60023417415708114        0.0000000000000000     
   3.8200000000000003       -65.127776556055693       0.31782168720374476        5.2101429119930265E-002  0.60023421510323471        0.0000000000000000     
   3.8210000000000002       -65.127746229210416       0.31782130278760612        5.2101594775486489E-002  0.60023425592063928        0.0000000000000000     
   3.8220000000000001       -65.127715890546654       0.31782091852655908        5.2101760520316058E-002  0.60023429660926131        0.0000000000000000     
   3.8230000000000000       -65.127685540075035       0.31782053442060837        5.2101926354351021E-002  0.60023433716906760        0.0000000000000000     
   3.8240000000000003       -65.127655177806218       0.31782015046975876        5.2102092277523430E-002  0.60023437760002463        0.0000000000000000     
   3.8250000000000002       -65.127624803750834       0.31781976667401496        5.2102258289765356E-002  0.60023441790209930        0.0000000000000000     
   3.8260000000000001       -65.127594417919511       0.31781938303338164        5.2102424391008886E-002  0.60023445807525821        0.0000000000000000     
   3.8270000000000000       -65.127564020322893       0.31781899954786352        5.2102590581186110E-002  0.60023449811946827        0.0000000000000000     
   3.8280000000000003       -65.127533610971611       0.31781861621746521        5.2102756860229138E-002  0.60023453803469629        0.0000000000000000     
   3.8290000000000002       -65.127503189876293       0.31781823304219131        5.2102923228070100E-002  0.60023457782090928        0.0000000000000000     
   3.8300000000000001       -65.127472757047570       0.31781785002204638        5.2103089684641127E-002  0.60023461747807405        0.0000000000000000     
   3.8310000000000000       -65.127442312496058       0.31781746715703496        5.2103256229874377E-002  0.60023465700615775        0.0000000000000000     
   3.8320000000000003       -65.127411856232385       0.31781708444716156        5.2103422863702009E-002  0.60023469640512728        0.0000000000000000     
   3.8330000000000002       -65.127381388267167       0.31781670189243066        5.2103589586056202E-002  0.60023473567494989        0.0000000000000000     
   3.8340000000000001       -65.127350908611021       0.31781631949284672        5.2103756396869143E-002  0.60023477481559262        0.0000000000000000     
   3.8350000000000000       -65.127320417274561       0.31781593724841417        5.2103923296073044E-002  0.60023481382702271        0.0000000000000000     
   3.8360000000000003       -65.127289914268388       0.31781555515913740        5.2104090283600121E-002  0.60023485270920729        0.0000000000000000     
   3.8370000000000002       -65.127259399603133       0.31781517322502073        5.2104257359382608E-002  0.60023489146211373        0.0000000000000000     
   3.8380000000000001       -65.127228873289383       0.31781479144606850        5.2104424523352753E-002  0.60023493008570938        0.0000000000000000     
   3.8390000000000000       -65.127198335337752       0.31781440982228504        5.2104591775442813E-002  0.60023496857996161        0.0000000000000000     
   3.8399999999999999       -65.127167785758843       0.31781402835367462        5.2104759115585056E-002  0.60023500694483778        0.0000000000000000     
   3.8410000000000002       -65.127137224563242       0.31781364704024140        5.2104926543711780E-002  0.60023504518030546        0.0000000000000000     
   3.8420000000000001       -65.127106651761565       0.31781326588198966        5.2105094059755275E-002  0.60023508328633213        0.0000000000000000     
   3.8430000000000000       -65.127076067364385       0.31781288487892356        5.2105261663647859E-002  0.60023512126288525        0.0000000000000000     
   3.8439999999999999       -65.127045471382303       0.31781250403104727        5.2105429355321864E-002  0.60023515910993264        0.0000000000000000     
   3.8450000000000002       -65.127014863825920       0.31781212333836484        5.2105597134709629E-002  0.60023519682744175        0.0000000000000000     
   3.8460000000000001       -65.126984244705810       0.31781174280088043        5.2105765001743506E-002  0.60023523441538040        0.0000000000000000     
   3.8470000000000000       -65.126953614032558       0.31781136241859803        5.2105932956355870E-002  0.60023527187371639        0.0000000000000000     
   3.8479999999999999       -65.126922971816740       0.31781098219152171        5.2106100998479100E-002  0.60023530920241741        0.0000000000000000     
   3.8490000000000002       -65.126892318068940       0.31781060211965545        5.2106269128045592E-002  0.60023534640145138        0.0000000000000000     
   3.8500000000000001       -65.126861652799747       0.31781022220300320        5.2106437344987752E-002  0.60023538347078620        0.0000000000000000     
   3.8510000000000000       -65.126830976019718       0.31780984244156890        5.2106605649238011E-002  0.60023542041038980        0.0000000000000000     
   3.8519999999999999       -65.126800287739428       0.31780946283535644        5.2106774040728804E-002  0.60023545722023008        0.0000000000000000     
   3.8530000000000002       -65.126769587969449       0.31780908338436975        5.2106942519392581E-002  0.60023549390027520        0.0000000000000000     
   3.8540000000000001       -65.126738876720353       0.31780870408861261        5.2107111085161806E-002  0.60023553045049316        0.0000000000000000     
   3.8550000000000000       -65.126708154002699       0.31780832494808886        5.2107279737968956E-002  0.60023556687085211        0.0000000000000000     
   3.8559999999999999       -65.126677419827047       0.31780794596280232        5.2107448477746530E-002  0.60023560316132019        0.0000000000000000     
   3.8570000000000002       -65.126646674203954       0.31780756713275671        5.2107617304427027E-002  0.60023563932186574        0.0000000000000000     
   3.8580000000000001       -65.126615917143980       0.31780718845795575        5.2107786217942965E-002  0.60023567535245692        0.0000000000000000     
   3.8590000000000000       -65.126585148657682       0.31780680993840310        5.2107955218226885E-002  0.60023571125306208        0.0000000000000000     
   3.8599999999999999       -65.126554368755606       0.31780643157410249        5.2108124305211327E-002  0.60023574702364957        0.0000000000000000     
   3.8610000000000002       -65.126523577448296       0.31780605336505752        5.2108293478828858E-002  0.60023578266418776        0.0000000000000000     
   3.8620000000000001       -65.126492774746310       0.31780567531127180        5.2108462739012047E-002  0.60023581817464522        0.0000000000000000     
   3.8630000000000000       -65.126461960660180       0.31780529741274888        5.2108632085693482E-002  0.60023585355499032        0.0000000000000000     
   3.8639999999999999       -65.126431135200463       0.31780491966949231        5.2108801518805772E-002  0.60023588880519174        0.0000000000000000     
   3.8650000000000002       -65.126400298377689       0.31780454208150566        5.2108971038281528E-002  0.60023592392521796        0.0000000000000000     
   3.8660000000000001       -65.126369450202390       0.31780416464879235        5.2109140644053378E-002  0.60023595891503767        0.0000000000000000     
   3.8670000000000000       -65.126338590685108       0.31780378737135584        5.2109310336053968E-002  0.60023599377461956        0.0000000000000000     
   3.8679999999999999       -65.126307719836362       0.31780341024919956        5.2109480114215949E-002  0.60023602850393243        0.0000000000000000     
   3.8690000000000002       -65.126276837666694       0.31780303328232690        5.2109649978471999E-002  0.60023606310294497        0.0000000000000000     
   3.8700000000000001       -65.126245944186621       0.31780265647074124        5.2109819928754797E-002  0.60023609757162599        0.0000000000000000     
   3.8710000000000000       -65.126215039406674       0.31780227981444592        5.2109989964997050E-002  0.60023613190994451        0.0000000000000000     
   3.8719999999999999       -65.126184123337367       0.31780190331344421        5.2110160087131464E-002  0.60023616611786934        0.0000000000000000     
   3.8730000000000002       -65.126153195989232       0.31780152696773944        5.2110330295090768E-002  0.60023620019536938        0.0000000000000000     
   3.8740000000000001       -65.126122257372771       0.31780115077733478        5.2110500588807694E-002  0.60023623414241378        0.0000000000000000     
   3.8750000000000000       -65.126091307498498       0.31780077474223350        5.2110670968215006E-002  0.60023626795897156        0.0000000000000000     
   3.8759999999999999       -65.126060346376931       0.31780039886243877        5.2110841433245465E-002  0.60023630164501174        0.0000000000000000     
   3.8770000000000002       -65.126029374018586       0.31780002313795375        5.2111011983831855E-002  0.60023633520050357        0.0000000000000000     
   3.8780000000000001       -65.125998390433963       0.31779964756878154        5.2111182619906965E-002  0.60023636862541629        0.0000000000000000     
   3.8790000000000000       -65.125967395633552       0.31779927215492521        5.2111353341403613E-002  0.60023640191971905        0.0000000000000000     
   3.8799999999999999       -65.125936389627867       0.31779889689638785        5.2111524148254616E-002  0.60023643508338120        0.0000000000000000     
   3.8810000000000002       -65.125905372427411       0.31779852179317253        5.2111695040392814E-002  0.60023646811637199        0.0000000000000000     
   3.8820000000000001       -65.125874344042671       0.31779814684528224        5.2111866017751050E-002  0.60023650101866088        0.0000000000000000     
   3.8830000000000000       -65.125843304484135       0.31779777205271992        5.2112037080262193E-002  0.60023653379021735        0.0000000000000000     
   3.8839999999999999       -65.125812253762305       0.31779739741548857        5.2112208227859121E-002  0.60023656643101075        0.0000000000000000     
   3.8850000000000002       -65.125781191887668       0.31779702293359108        5.2112379460474728E-002  0.60023659894101067        0.0000000000000000     
   3.8860000000000001       -65.125750118870712       0.31779664860703033        5.2112550778041923E-002  0.60023663132018679        0.0000000000000000     
   3.8870000000000000       -65.125719034721911       0.31779627443580916        5.2112722180493620E-002  0.60023666356850858        0.0000000000000000     
   3.8879999999999999       -65.125687939451751       0.31779590041993039        5.2112893667762755E-002  0.60023669568594573        0.0000000000000000     
   3.8890000000000002       -65.125656833070707       0.31779552655939686        5.2113065239782271E-002  0.60023672767246794        0.0000000000000000     
   3.8900000000000001       -65.125625715589265       0.31779515285421134        5.2113236896485129E-002  0.60023675952804501        0.0000000000000000     
   3.8910000000000000       -65.125594587017886       0.31779477930437655        5.2113408637804309E-002  0.60023679125264673        0.0000000000000000     
   3.8919999999999999       -65.125563447367043       0.31779440590989516        5.2113580463672801E-002  0.60023682284624291        0.0000000000000000     
   3.8930000000000002       -65.125532296647208       0.31779403267076989        5.2113752374023610E-002  0.60023685430880347        0.0000000000000000     
   3.8940000000000001       -65.125501134868841       0.31779365958700340        5.2113924368789748E-002  0.60023688564029842        0.0000000000000000     
   3.8950000000000000       -65.125469962042416       0.31779328665859824        5.2114096447904247E-002  0.60023691684069769        0.0000000000000000     
   3.8959999999999999       -65.125438778178392       0.31779291388555708        5.2114268611300148E-002  0.60023694790997129        0.0000000000000000     
   3.8970000000000002       -65.125407583287213       0.31779254126788242        5.2114440858910517E-002  0.60023697884808935        0.0000000000000000     
   3.8980000000000001       -65.125376377379339       0.31779216880557681        5.2114613190668423E-002  0.60023700965502191        0.0000000000000000     
   3.8990000000000000       -65.125345160465230       0.31779179649864275        5.2114785606506953E-002  0.60023704033073921        0.0000000000000000     
   3.8999999999999999       -65.125313932555329       0.31779142434708274        5.2114958106359202E-002  0.60023707087521150        0.0000000000000000     
   3.9010000000000002       -65.125282693660097       0.31779105235089922        5.2115130690158294E-002  0.60023710128840890        0.0000000000000000     
   3.9020000000000001       -65.125251443789963       0.31779068051009457        5.2115303357837352E-002  0.60023713157030190        0.0000000000000000     
   3.9030000000000000       -65.125220182955388       0.31779030882467113        5.2115476109329519E-002  0.60023716172086072        0.0000000000000000     
   3.9039999999999999       -65.125188911166802       0.31778993729463134        5.2115648944567952E-002  0.60023719174005585        0.0000000000000000     
   3.9050000000000002       -65.125157628434636       0.31778956591997748        5.2115821863485817E-002  0.60023722162785764        0.0000000000000000     
   3.9060000000000001       -65.125126334769334       0.31778919470071182        5.2115994866016306E-002  0.60023725138423667        0.0000000000000000     
   3.9070000000000000       -65.125095030181328       0.31778882363683669        5.2116167952092611E-002  0.60023728100916340        0.0000000000000000     
   3.9079999999999999       -65.125063714681033       0.31778845272835426        5.2116341121647945E-002  0.60023731050260853        0.0000000000000000     
   3.9090000000000003       -65.125032388278896       0.31778808197526676        5.2116514374615536E-002  0.60023733986454264        0.0000000000000000     
   3.9100000000000001       -65.125001050985333       0.31778771137757639        5.2116687710928623E-002  0.60023736909493630        0.0000000000000000     
   3.9110000000000000       -65.124969702810773       0.31778734093528527        5.2116861130520463E-002  0.60023739819376032        0.0000000000000000     
   3.9119999999999999       -65.124938343765635       0.31778697064839551        5.2117034633324316E-002  0.60023742716098549        0.0000000000000000     
   3.9130000000000003       -65.124906973860320       0.31778660051690921        5.2117208219273473E-002  0.60023745599658263        0.0000000000000000     
   3.9140000000000001       -65.124875593105259       0.31778623054082844        5.2117381888301229E-002  0.60023748470052263        0.0000000000000000     
   3.9150000000000000       -65.124844201510854       0.31778586072015519        5.2117555640340887E-002  0.60023751327277630        0.0000000000000000     
   3.9159999999999999       -65.124812799087522       0.31778549105489146        5.2117729475325780E-002  0.60023754171331467        0.0000000000000000     
   3.9170000000000003       -65.124781385845679       0.31778512154503924        5.2117903393189238E-002  0.60023757002210865        0.0000000000000000     
   3.9180000000000001       -65.124749961795715       0.31778475219060048        5.2118077393864620E-002  0.60023759819912936        0.0000000000000000     
   3.9190000000000000       -65.124718526948030       0.31778438299157707        5.2118251477285292E-002  0.60023762624434784        0.0000000000000000     
   3.9199999999999999       -65.124687081313027       0.31778401394797096        5.2118425643384626E-002  0.60023765415773533        0.0000000000000000     
   3.9210000000000003       -65.124655624901109       0.31778364505978390        5.2118599892096024E-002  0.60023768193926286        0.0000000000000000     
   3.9220000000000002       -65.124624157722664       0.31778327632701775        5.2118774223352891E-002  0.60023770958890177        0.0000000000000000     
   3.9230000000000000       -65.124592679788094       0.31778290774967433        5.2118948637088651E-002  0.60023773710662331        0.0000000000000000     
   3.9239999999999999       -65.124561191107773       0.31778253932775541        5.2119123133236744E-002  0.60023776449239874        0.0000000000000000     
   3.9250000000000003       -65.124529691692103       0.31778217106126266        5.2119297711730614E-002  0.60023779174619951        0.0000000000000000     
   3.9260000000000002       -65.124498181551459       0.31778180295019787        5.2119472372503729E-002  0.60023781886799699        0.0000000000000000     
   3.9270000000000000       -65.124466660696214       0.31778143499456263        5.2119647115489567E-002  0.60023784585776263        0.0000000000000000     
   3.9279999999999999       -65.124435129136756       0.31778106719435867        5.2119821940621619E-002  0.60023787271546791        0.0000000000000000     
   3.9290000000000003       -65.124403586883474       0.31778069954958754        5.2119996847833396E-002  0.60023789944108441        0.0000000000000000     
   3.9300000000000002       -65.124372033946727       0.31778033206025086        5.2120171837058415E-002  0.60023792603458370        0.0000000000000000     
   3.9310000000000000       -65.124340470336890       0.31777996472635023        5.2120346908230211E-002  0.60023795249593748        0.0000000000000000     
   3.9319999999999999       -65.124308896064321       0.31777959754788709        5.2120522061282336E-002  0.60023797882511731        0.0000000000000000     
   3.9330000000000003       -65.124277311139394       0.31777923052486301        5.2120697296148349E-002  0.60023800502209501        0.0000000000000000     
   3.9340000000000002       -65.124245715572485       0.31777886365727942        5.2120872612761833E-002  0.60023803108684237        0.0000000000000000     
   3.9350000000000001       -65.124214109373938       0.31777849694513782        5.2121048011056374E-002  0.60023805701933119        0.0000000000000000     
   3.9359999999999999       -65.124182492554112       0.31777813038843961        5.2121223490965575E-002  0.60023808281953328        0.0000000000000000     
   3.9370000000000003       -65.124150865123369       0.31777776398718610        5.2121399052423065E-002  0.60023810848742065        0.0000000000000000     
   3.9380000000000002       -65.124119227092066       0.31777739774137875        5.2121574695362466E-002  0.60023813402296522        0.0000000000000000     
   3.9390000000000001       -65.124087578470551       0.31777703165101884        5.2121750419717436E-002  0.60023815942613890        0.0000000000000000     
   3.9399999999999999       -65.124055919269168       0.31777666571610763        5.2121926225421632E-002  0.60023818469691381        0.0000000000000000     
   3.9410000000000003       -65.124024249498262       0.31777629993664641        5.2122102112408732E-002  0.60023820983526210        0.0000000000000000     
   3.9420000000000002       -65.123992569168180       0.31777593431263645        5.2122278080612421E-002  0.60023823484115579        0.0000000000000000     
   3.9430000000000001       -65.123960878289253       0.31777556884407893        5.2122454129966411E-002  0.60023825971456712        0.0000000000000000     
   3.9440000000000000       -65.123929176871826       0.31777520353097505        5.2122630260404416E-002  0.60023828445546834        0.0000000000000000     
   3.9450000000000003       -65.123897464926245       0.31777483837332599        5.2122806471860170E-002  0.60023830906383169        0.0000000000000000     
   3.9460000000000002       -65.123865742462826       0.31777447337113279        5.2122982764267418E-002  0.60023833353962952        0.0000000000000000     
   3.9470000000000001       -65.123834009491901       0.31777410852439664        5.2123159137559924E-002  0.60023835788283419        0.0000000000000000     
   3.9480000000000000       -65.123802266023802       0.31777374383311852        5.2123335591671462E-002  0.60023838209341818        0.0000000000000000     
   3.9490000000000003       -65.123770512068859       0.31777337929729954        5.2123512126535820E-002  0.60023840617135382        0.0000000000000000     
   3.9500000000000002       -65.123738747637390       0.31777301491694065        5.2123688742086803E-002  0.60023843011661360        0.0000000000000000     
   3.9510000000000001       -65.123706972739711       0.31777265069204286        5.2123865438258227E-002  0.60023845392917019        0.0000000000000000     
   3.9520000000000000       -65.123675187386141       0.31777228662260709        5.2124042214983929E-002  0.60023847760899607        0.0000000000000000     
   3.9530000000000003       -65.123643391586995       0.31777192270863430        5.2124219072197747E-002  0.60023850115606392        0.0000000000000000     
   3.9540000000000002       -65.123611585352592       0.31777155895012538        5.2124396009833547E-002  0.60023852457034643        0.0000000000000000     
   3.9550000000000001       -65.123579768693233       0.31777119534708115        5.2124573027825201E-002  0.60023854785181641        0.0000000000000000     
   3.9560000000000000       -65.123547941619222       0.31777083189950250        5.2124750126106602E-002  0.60023857100044653        0.0000000000000000     
   3.9570000000000003       -65.123516104140876       0.31777046860739022        5.2124927304611650E-002  0.60023859401620960        0.0000000000000000     
   3.9580000000000002       -65.123484256268483       0.31777010547074502        5.2125104563274259E-002  0.60023861689907854        0.0000000000000000     
   3.9590000000000001       -65.123452398012347       0.31776974248956774        5.2125281902028364E-002  0.60023863964902613        0.0000000000000000     
   3.9600000000000000       -65.123420529382770       0.31776937966385904        5.2125459320807907E-002  0.60023866226602551        0.0000000000000000     
   3.9610000000000003       -65.123388650390041       0.31776901699361965        5.2125636819546850E-002  0.60023868475004949        0.0000000000000000     
   3.9620000000000002       -65.123356761044448       0.31776865447885017        5.2125814398179170E-002  0.60023870710107130        0.0000000000000000     
   3.9630000000000001       -65.123324861356295       0.31776829211955127        5.2125992056638849E-002  0.60023872931906386        0.0000000000000000     
   3.9640000000000000       -65.123292951335856       0.31776792991572356        5.2126169794859893E-002  0.60023875140400040        0.0000000000000000     
   3.9650000000000003       -65.123261030993419       0.31776756786736760        5.2126347612776319E-002  0.60023877335585407        0.0000000000000000     
   3.9660000000000002       -65.123229100339259       0.31776720597448394        5.2126525510322159E-002  0.60023879517459811        0.0000000000000000     
   3.9670000000000001       -65.123197159383651       0.31776684423707313        5.2126703487431460E-002  0.60023881686020575        0.0000000000000000     
   3.9680000000000000       -65.123165208136882       0.31776648265513563        5.2126881544038273E-002  0.60023883841265036        0.0000000000000000     
   3.9689999999999999       -65.123133246609228       0.31776612122867187        5.2127059680076679E-002  0.60023885983190528        0.0000000000000000     
   3.9700000000000002       -65.123101274810949       0.31776575995768236        5.2127237895480766E-002  0.60023888111794388        0.0000000000000000     
   3.9710000000000001       -65.123069292752319       0.31776539884216742        5.2127416190184635E-002  0.60023890227073962        0.0000000000000000     
   3.9720000000000000       -65.123037300443599       0.31776503788212745        5.2127594564122401E-002  0.60023892329026607        0.0000000000000000     
   3.9729999999999999       -65.123005297895048       0.31776467707756284        5.2127773017228193E-002  0.60023894417649670        0.0000000000000000     
   3.9740000000000002       -65.122973285116942       0.31776431642847386        5.2127951549436162E-002  0.60023896492940509        0.0000000000000000     
   3.9750000000000001       -65.122941262119525       0.31776395593486079        5.2128130160680464E-002  0.60023898554896493        0.0000000000000000     
   3.9760000000000000       -65.122909228913059       0.31776359559672390        5.2128308850895269E-002  0.60023900603514979        0.0000000000000000     
   3.9769999999999999       -65.122877185507789       0.31776323541406343        5.2128487620014770E-002  0.60023902638793347        0.0000000000000000     
   3.9780000000000002       -65.122845131913977       0.31776287538687953        5.2128666467973171E-002  0.60023904660728966        0.0000000000000000     
   3.9790000000000001       -65.122813068141852       0.31776251551517243        5.2128845394704686E-002  0.60023906669319227        0.0000000000000000     
   3.9800000000000000       -65.122780994201676       0.31776215579894229        5.2129024400143546E-002  0.60023908664561498        0.0000000000000000     
   3.9809999999999999       -65.122748910103681       0.31776179623818918        5.2129203484223993E-002  0.60023910646453182        0.0000000000000000     
   3.9820000000000002       -65.122716815858112       0.31776143683291319        5.2129382646880294E-002  0.60023912614991670        0.0000000000000000     
   3.9830000000000001       -65.122684711475202       0.31776107758311439        5.2129561888046717E-002  0.60023914570174364        0.0000000000000000     
   3.9840000000000000       -65.122652596965196       0.31776071848879284        5.2129741207657558E-002  0.60023916511998665        0.0000000000000000     
   3.9849999999999999       -65.122620472338312       0.31776035954994852        5.2129920605647112E-002  0.60023918440461987        0.0000000000000000     
   3.9860000000000002       -65.122588337604796       0.31776000076658140        5.2130100081949696E-002  0.60023920355561733        0.0000000000000000     
   3.9870000000000001       -65.122556192774852       0.31775964213869140        5.2130279636499646E-002  0.60023922257295315        0.0000000000000000     
   3.9880000000000000       -65.122524037858724       0.31775928366627848        5.2130459269231301E-002  0.60023924145660168        0.0000000000000000     
   3.9889999999999999       -65.122491872866618       0.31775892534934247        5.2130638980079025E-002  0.60023926020653706        0.0000000000000000     
   3.9900000000000002       -65.122459697808765       0.31775856718788331        5.2130818768977197E-002  0.60023927882273365        0.0000000000000000     
   3.9910000000000001       -65.122427512695381       0.31775820918190079        5.2130998635860203E-002  0.60023929730516579        0.0000000000000000     
   3.9920000000000000       -65.122395317536672       0.31775785133139467        5.2131178580662442E-002  0.60023931565380784        0.0000000000000000     
   3.9929999999999999       -65.122363112342853       0.31775749363636480        5.2131358603318335E-002  0.60023933386863426        0.0000000000000000     
   3.9940000000000002       -65.122330897124129       0.31775713609681083        5.2131538703762310E-002  0.60023935194961953        0.0000000000000000     
   3.9950000000000001       -65.122298671890704       0.31775677871273256        5.2131718881928822E-002  0.60023936989673821        0.0000000000000000     
   3.9960000000000000       -65.122266436652794       0.31775642148412964        5.2131899137752326E-002  0.60023938770996477        0.0000000000000000     
   3.9969999999999999       -65.122234191420588       0.31775606441100174        5.2132079471167291E-002  0.60023940538927389        0.0000000000000000     
   3.9980000000000002       -65.122201936204291       0.31775570749334853        5.2132259882108213E-002  0.60023942293464028        0.0000000000000000     
   3.9990000000000001       -65.122169671014092       0.31775535073116956        5.2132440370509597E-002  0.60023944034603849        0.0000000000000000     
   4.0000000000000000       -65.122137395860179       0.31775499412446445        5.2132620936305961E-002  0.60023945762344333        0.0000000000000000     
   4.0010000000000003       -65.122105110752756       0.31775463767323270        5.2132801579431835E-002  0.60023947476682959        0.0000000000000000     
   4.0019999999999998       -65.122072815701998       0.31775428137747386        5.2132982299821766E-002  0.60023949177617220        0.0000000000000000     
   4.0030000000000001       -65.122040510718094       0.31775392523718737        5.2133163097410319E-002  0.60023950865144593        0.0000000000000000     
   4.0040000000000004       -65.122008195811233       0.31775356925237275        5.2133343972132068E-002  0.60023952539262571        0.0000000000000000     
   4.0049999999999999       -65.121975870991591       0.31775321342302942        5.2133524923921606E-002  0.60023954199968654        0.0000000000000000     
   4.0060000000000002       -65.121943536269342       0.31775285774915679        5.2133705952713535E-002  0.60023955847260346        0.0000000000000000     
   4.0069999999999997       -65.121911191654661       0.31775250223075424        5.2133887058442477E-002  0.60023957481135148        0.0000000000000000     
   4.0080000000000000       -65.121878837157723       0.31775214686782111        5.2134068241043059E-002  0.60023959101590574        0.0000000000000000     
   4.0090000000000003       -65.121846472788690       0.31775179166035672        5.2134249500449932E-002  0.60023960708624136        0.0000000000000000     
   4.0099999999999998       -65.121814098557735       0.31775143660836036        5.2134430836597766E-002  0.60023962302233347        0.0000000000000000     
   4.0110000000000001       -65.121781714475020       0.31775108171183125        5.2134612249421231E-002  0.60023963882415743        0.0000000000000000     
   4.0120000000000005       -65.121749320550705       0.31775072697076867        5.2134793738855018E-002  0.60023965449168837        0.0000000000000000     
   4.0129999999999999       -65.121716916794952       0.31775037238517184        5.2134975304833832E-002  0.60023967002490175        0.0000000000000000     
   4.0140000000000002       -65.121684503217921       0.31775001795503993        5.2135156947292399E-002  0.60023968542377282        0.0000000000000000     
   4.0149999999999997       -65.121652079829758       0.31774966368037211        5.2135338666165452E-002  0.60023970068827703        0.0000000000000000     
   4.0160000000000000       -65.121619646640610       0.31774930956116748        5.2135520461387738E-002  0.60023971581838986        0.0000000000000000     
   4.0170000000000003       -65.121587203660638       0.31774895559742511        5.2135702332894024E-002  0.60023973081408688        0.0000000000000000     
   4.0179999999999998       -65.121554750899975       0.31774860178914410        5.2135884280619084E-002  0.60023974567534355        0.0000000000000000     
   4.0190000000000001       -65.121522288368780       0.31774824813632352        5.2136066304497714E-002  0.60023976040213545        0.0000000000000000     
   4.0200000000000005       -65.121489816077172       0.31774789463896230        5.2136248404464722E-002  0.60023977499443826        0.0000000000000000     
   4.0209999999999999       -65.121457334035313       0.31774754129705951        5.2136430580454932E-002  0.60023978945222756        0.0000000000000000     
   4.0220000000000002       -65.121424842253319       0.31774718811061403        5.2136612832403173E-002  0.60023980377547914        0.0000000000000000     
   4.0229999999999997       -65.121392340741338       0.31774683507962481        5.2136795160244304E-002  0.60023981796416881        0.0000000000000000     
   4.0240000000000000       -65.121359829509487       0.31774648220409080        5.2136977563913181E-002  0.60023983201827236        0.0000000000000000     
   4.0250000000000004       -65.121327308567899       0.31774612948401082        5.2137160043344691E-002  0.60023984593776558        0.0000000000000000     
   4.0259999999999998       -65.121294777926693       0.31774577691938372        5.2137342598473725E-002  0.60023985972262439        0.0000000000000000     
   4.0270000000000001       -65.121262237596000       0.31774542451020832        5.2137525229235197E-002  0.60023987337282469        0.0000000000000000     
   4.0280000000000005       -65.121229687585924       0.31774507225648341        5.2137707935564027E-002  0.60023988688834262        0.0000000000000000     
   4.0289999999999999       -65.121197127906598       0.31774472015820771        5.2137890717395156E-002  0.60023990026915408        0.0000000000000000     
   4.0300000000000002       -65.121164558568140       0.31774436821537999        5.2138073574663532E-002  0.60023991351523520        0.0000000000000000     
   4.0309999999999997       -65.121131979580639       0.31774401642799893        5.2138256507304123E-002  0.60023992662656200        0.0000000000000000     
   4.0320000000000000       -65.121099390954228       0.31774366479606325        5.2138439515251912E-002  0.60023993960311073        0.0000000000000000     
   4.0330000000000004       -65.121066792698997       0.31774331331957156        5.2138622598441896E-002  0.60023995244485762        0.0000000000000000     
   4.0339999999999998       -65.121034184825064       0.31774296199852248        5.2138805756809084E-002  0.60023996515177880        0.0000000000000000     
   4.0350000000000001       -65.121001567342518       0.31774261083291461        5.2138988990288501E-002  0.60023997772385063        0.0000000000000000     
   4.0360000000000005       -65.120968940261463       0.31774225982274651        5.2139172298815192E-002  0.60023999016104945        0.0000000000000000     
   4.0369999999999999       -65.120936303591989       0.31774190896801668        5.2139355682324209E-002  0.60024000246335163        0.0000000000000000     
   4.0380000000000003       -65.120903657344186       0.31774155826872369        5.2139539140750618E-002  0.60024001463073362        0.0000000000000000     
   4.0389999999999997       -65.120871001528158       0.31774120772486597        5.2139722674029505E-002  0.60024002666317189        0.0000000000000000     
   4.0400000000000000       -65.120838336153980       0.31774085733644203        5.2139906282095964E-002  0.60024003856064301        0.0000000000000000     
   4.0410000000000004       -65.120805661231756       0.31774050710345025        5.2140089964885117E-002  0.60024005032312344        0.0000000000000000     
   4.0419999999999998       -65.120772976771548       0.31774015702588904        5.2140273722332084E-002  0.60024006195058976        0.0000000000000000     
   4.0430000000000001       -65.120740282783444       0.31773980710375671        5.2140457554372008E-002  0.60024007344301866        0.0000000000000000     
   4.0440000000000005       -65.120707579277521       0.31773945733705167        5.2140641460940045E-002  0.60024008480038693        0.0000000000000000     
   4.0449999999999999       -65.120674866263855       0.31773910772577224        5.2140825441971364E-002  0.60024009602267114        0.0000000000000000     
   4.0460000000000003       -65.120642143752519       0.31773875826991665        5.2141009497401157E-002  0.60024010710984810        0.0000000000000000     
   4.0469999999999997       -65.120609411753577       0.31773840896948319        5.2141193627164621E-002  0.60024011806189470        0.0000000000000000     
   4.0480000000000000       -65.120576670277103       0.31773805982447006        5.2141377831196975E-002  0.60024012887878775        0.0000000000000000     
   4.0490000000000004       -65.120543919333159       0.31773771083487551        5.2141562109433444E-002  0.60024013956050415        0.0000000000000000     
   4.0499999999999998       -65.120511158931805       0.31773736200069769        5.2141746461809274E-002  0.60024015010702092        0.0000000000000000     
   4.0510000000000002       -65.120478389083104       0.31773701332193477        5.2141930888259719E-002  0.60024016051831497        0.0000000000000000     
   4.0520000000000005       -65.120445609797102       0.31773666479858481        5.2142115388720059E-002  0.60024017079436343        0.0000000000000000     
   4.0529999999999999       -65.120412821083860       0.31773631643064593        5.2142299963125582E-002  0.60024018093514331        0.0000000000000000     
   4.0540000000000003       -65.120380022953441       0.31773596821811623        5.2142484611411591E-002  0.60024019094063175        0.0000000000000000     
   4.0549999999999997       -65.120347215415876       0.31773562016099371        5.2142669333513400E-002  0.60024020081080587        0.0000000000000000     
   4.0560000000000000       -65.120314398481213       0.31773527225927639        5.2142854129366339E-002  0.60024021054564303        0.0000000000000000     
   4.0570000000000004       -65.120281572159499       0.31773492451296220        5.2143038998905759E-002  0.60024022014512035        0.0000000000000000     
   4.0579999999999998       -65.120248736460766       0.31773457692204915        5.2143223942067017E-002  0.60024022960921519        0.0000000000000000     
   4.0590000000000002       -65.120215891395063       0.31773422948653512        5.2143408958785498E-002  0.60024023893790479        0.0000000000000000     
   4.0600000000000005       -65.120183036972421       0.31773388220641807        5.2143594048996586E-002  0.60024024813116672        0.0000000000000000     
   4.0609999999999999       -65.120150173202873       0.31773353508169583        5.2143779212635688E-002  0.60024025718897822        0.0000000000000000     
   4.0620000000000003       -65.120117300096453       0.31773318811236623        5.2143964449638223E-002  0.60024026611131687        0.0000000000000000     
   4.0629999999999997       -65.120084417663179       0.31773284129842710        5.2144149759939626E-002  0.60024027489816023        0.0000000000000000     
   4.0640000000000001       -65.120051525913084       0.31773249463987624        5.2144335143475350E-002  0.60024028354948578        0.0000000000000000     
   4.0650000000000004       -65.120018624856186       0.31773214813671141        5.2144520600180856E-002  0.60024029206527119        0.0000000000000000     
   4.0659999999999998       -65.119985714502505       0.31773180178893035        5.2144706129991621E-002  0.60024030044549403        0.0000000000000000     
   4.0670000000000002       -65.119952794862044       0.31773145559653071        5.2144891732843139E-002  0.60024030869013201        0.0000000000000000     
   4.0680000000000005       -65.119919865944837       0.31773110955951023        5.2145077408670922E-002  0.60024031679916290        0.0000000000000000     
   4.0690000000000000       -65.119886927760888       0.31773076367786651        5.2145263157410492E-002  0.60024032477256450        0.0000000000000000     
   4.0700000000000003       -65.119853980320201       0.31773041795159718        5.2145448978997380E-002  0.60024033261031451        0.0000000000000000     
   4.0709999999999997       -65.119821023632795       0.31773007238069984        5.2145634873367146E-002  0.60024034031239093        0.0000000000000000     
   4.0720000000000001       -65.119788057708661       0.31772972696517210        5.2145820840455354E-002  0.60024034787877156        0.0000000000000000     
   4.0730000000000004       -65.119755082557802       0.31772938170501147        5.2146006880197590E-002  0.60024035530943443        0.0000000000000000     
   4.0739999999999998       -65.119722098190223       0.31772903660021545        5.2146192992529448E-002  0.60024036260435754        0.0000000000000000     
   4.0750000000000002       -65.119689104615915       0.31772869165078149        5.2146379177386536E-002  0.60024036976351891        0.0000000000000000     
   4.0760000000000005       -65.119656101844868       0.31772834685670709        5.2146565434704480E-002  0.60024037678689668        0.0000000000000000     
   4.0770000000000000       -65.119623089887071       0.31772800221798969        5.2146751764418922E-002  0.60024038367446886        0.0000000000000000     
   4.0780000000000003       -65.119590068752515       0.31772765773462669        5.2146938166465519E-002  0.60024039042621369        0.0000000000000000     
   4.0789999999999997       -65.119557038451177       0.31772731340661542        5.2147124640779946E-002  0.60024039704210930        0.0000000000000000     
   4.0800000000000001       -65.119523998993046       0.31772696923395327        5.2147311187297880E-002  0.60024040352213404        0.0000000000000000     
   4.0810000000000004       -65.119490950388112       0.31772662521663758        5.2147497805955026E-002  0.60024040986626614        0.0000000000000000     
   4.0819999999999999       -65.119457892646338       0.31772628135466563        5.2147684496687094E-002  0.60024041607448408        0.0000000000000000     
   4.0830000000000002       -65.119424825777699       0.31772593764803464        5.2147871259429816E-002  0.60024042214676609        0.0000000000000000     
   4.0840000000000005       -65.119391749792172       0.31772559409674189        5.2148058094118932E-002  0.60024042808309064        0.0000000000000000     
   4.0850000000000000       -65.119358664699718       0.31772525070078456        5.2148245000690208E-002  0.60024043388343618        0.0000000000000000     
   4.0860000000000003       -65.119325570510313       0.31772490746015986        5.2148431979079410E-002  0.60024043954778128        0.0000000000000000     
   4.0869999999999997       -65.119292467233919       0.31772456437486496        5.2148619029222333E-002  0.60024044507610452        0.0000000000000000     
   4.0880000000000001       -65.119259354880484       0.31772422144489698        5.2148806151054779E-002  0.60024045046838448        0.0000000000000000     
   4.0890000000000004       -65.119226233459983       0.31772387867025298        5.2148993344512562E-002  0.60024045572459972        0.0000000000000000     
   4.0899999999999999       -65.119193102982365       0.31772353605093007        5.2149180609531512E-002  0.60024046084472904        0.0000000000000000     
   4.0910000000000002       -65.119159963457577       0.31772319358692530        5.2149367946047485E-002  0.60024046582875101        0.0000000000000000     
   4.0920000000000005       -65.119126814895580       0.31772285127823569        5.2149555353996339E-002  0.60024047067664454        0.0000000000000000     
   4.0930000000000000       -65.119093657306308       0.31772250912485822        5.2149742833313951E-002  0.60024047538838843        0.0000000000000000     
   4.0940000000000003       -65.119060490699724       0.31772216712678986        5.2149930383936213E-002  0.60024047996396157        0.0000000000000000     
   4.0949999999999998       -65.119027315085745       0.31772182528402759        5.2150118005799030E-002  0.60024048440334277        0.0000000000000000     
   4.0960000000000001       -65.118994130474334       0.31772148359656827        5.2150305698838328E-002  0.60024048870651103        0.0000000000000000     
   4.0970000000000004       -65.118960936875425       0.31772114206440877        5.2150493462990041E-002  0.60024049287344527        0.0000000000000000     
   4.0979999999999999       -65.118927734298936       0.31772080068754599        5.2150681298190116E-002  0.60024049690412462        0.0000000000000000     
   4.0990000000000002       -65.118894522754815       0.31772045946597677        5.2150869204374527E-002  0.60024050079852809        0.0000000000000000     
   4.0999999999999996       -65.118861302252981       0.31772011839969788        5.2151057181479249E-002  0.60024050455663480        0.0000000000000000     
   4.1010000000000000       -65.118828072803367       0.31771977748870611        5.2151245229440278E-002  0.60024050817842400        0.0000000000000000     
   4.1020000000000003       -65.118794834415894       0.31771943673299818        5.2151433348193631E-002  0.60024051166387482        0.0000000000000000     
   4.1029999999999998       -65.118761587100479       0.31771909613257088        5.2151621537675323E-002  0.60024051501296649        0.0000000000000000     
