 -8.5000000000E+01   8.9012647850E-01   1.8228040386E+04   1.3199937278E+03   9.0412971916E-03   5.7913178019E-03   7.7005421223E+02   1.4709928588E+01   1.0220372372E+03   2.7012042561E+01   2.5173702879E+03
 -8.4950000000E+01   9.0014087947E-01   1.8214040760E+04   1.3163321372E+03   9.1321635316E-03   5.8446553768E-03   7.6909224582E+02   1.4709928588E+01   1.0220372372E+03   2.7012042561E+01   2.5173702879E+03
 -8.4900000000E+01   9.1026638654E-01   1.8200041138E+04   1.3126807036E+03   9.2239430893E-03   5.8984801007E-03   7.6813148111E+02   1.4709928588E+01   1.0220372372E+03   2.7012042561E+01   2.5173702879E+03
 -8.4850000000E+01   9.2050421053E-01   1.8186041520E+04   1.3090393989E+03   9.3166450426E-03   5.9527963782E-03   7.6717191662E+02   1.4709928588E+01   1.0220372372E+03   2.7012042561E+01   2.5173702879E+03
 -8.4800000000E+01   9.3085557516E-01   1.8172041905E+04   1.3054081950E+03   9.4102786617E-03   6.0076086530E-03   7.6621355082E+02   1.4709928588E+01   1.0220372372E+03   2.7012042561E+01   2.5173702879E+03
 -8.4750000000E+01   9.4132171717E-01   1.8158042293E+04   1.3017870638E+03   9.5048533098E-03   6.0629214088E-03   7.6525638224E+02   1.4709928588E+01   1.0220372372E+03   2.7012042561E+01   2.5173702879E+03
 -8.4700000000E+01   9.5190388643E-01   1.8144042685E+04   1.2981759774E+03   9.6003784444E-03   6.1187391690E-03   7.6430040937E+02   1.4709928588E+01   1.0220372372E+03   2.7012042561E+01   2.5173702879E+03
 -8.4650000000E+01   9.6260334613E-01   1.8130043081E+04   1.2945749081E+03   9.6968636179E-03   6.1750664975E-03   7.6334563072E+02   1.4709928588E+01   1.0220372372E+03   2.7012042561E+01   2.5173702879E+03
 -8.4600000000E+01   9.7342137287E-01   1.8116043480E+04   1.2909838278E+03   9.7943184788E-03   6.2319079990E-03   7.6239204480E+02   1.4709928588E+01   1.0220372372E+03   2.7012042561E+01   2.5173702879E+03
 -8.4550000000E+01   9.8435925682E-01   1.8102043883E+04   1.2874027091E+03   9.8927527726E-03   6.2892683193E-03   7.6143965011E+02   1.4709928588E+01   1.0220372372E+03   2.7012042561E+01   2.5173702879E+03
 -8.4500000000E+01   9.9541830183E-01   1.8088044290E+04   1.2838315241E+03   9.9921763425E-03   6.3471521454E-03   7.6048844517E+02   1.4709928588E+01   1.0220372372E+03   2.7012042561E+01   2.5173702879E+03
 -8.4450000000E+01   1.0065998256E+00   1.8074044701E+04   1.2802702455E+03   1.0092599131E-02   6.4055642063E-03   7.5953842850E+02   1.4709928588E+01   1.0220372372E+03   2.7012042561E+01   2.5173702879E+03
 -8.4400000000E+01   1.0179051599E+00   1.8060045115E+04   1.2767188456E+03   1.0194031180E-02   6.4645092733E-03   7.5858959861E+02   1.4709928588E+01   1.0220372372E+03   2.7012042561E+01   2.5173702879E+03
 -8.4350000000E+01   1.0293356504E+00   1.8046045533E+04   1.2731772972E+03   1.0296482633E-02   6.5239921599E-03   7.5764195401E+02   1.4709928588E+01   1.0220372372E+03   2.7012042561E+01   2.5173702879E+03
 -8.4300000000E+01   1.0408926574E+00   1.8032045955E+04   1.2696455727E+03   1.0399963735E-02   6.5840177230E-03   7.5669549323E+02   1.4709928588E+01   1.0220372372E+03   2.7012042561E+01   2.5173702879E+03
 -8.4250000000E+01   1.0525775553E+00   1.8018046381E+04   1.2661236451E+03   1.0504484833E-02   6.6445908623E-03   7.5575021479E+02   1.4709928588E+01   1.0220372372E+03   2.7012042561E+01   2.5173702879E+03
 -8.4200000000E+01   1.0643917331E+00   1.8004046810E+04   1.2626114872E+03   1.0610056381E-02   6.7057165215E-03   7.5480611720E+02   1.4709928588E+01   1.0220372372E+03   2.7012042561E+01   2.5173702879E+03
 -8.4150000000E+01   1.0763365948E+00   1.7990047244E+04   1.2591090717E+03   1.0716688935E-02   6.7673996882E-03   7.5386319900E+02   1.4709928588E+01   1.0220372372E+03   2.7012042561E+01   2.5173702879E+03
 -8.4100000000E+01   1.0884135589E+00   1.7976047682E+04   1.2556163718E+03   1.0824393158E-02   6.8296453946E-03   7.5292145871E+02   1.4709928588E+01   1.0220372372E+03   2.7012042561E+01   2.5173702879E+03
 -8.4050000000E+01   1.1006240592E+00   1.7962048124E+04   1.2521333605E+03   1.0933179820E-02   6.8924587176E-03   7.5198089486E+02   1.4709928588E+01   1.0220372372E+03   2.7012042561E+01   2.5173702879E+03
 -8.4000000000E+01   1.1129695445E+00   1.7948048569E+04   1.2486600108E+03   1.1043059801E-02   6.9558447795E-03   7.5104150599E+02   1.4709928588E+01   1.0220372372E+03   2.7012042561E+01   2.5173702879E+03
 -8.3950000000E+01   1.1254514790E+00   1.7934049019E+04   1.2451962960E+03   1.1154044087E-02   7.0198087479E-03   7.5010329061E+02   1.4709928588E+01   1.0220372372E+03   2.7012042561E+01   2.5173702879E+03
 -8.3900000000E+01   1.1380713423E+00   1.7920049473E+04   1.2417421893E+03   1.1266143778E-02   7.0843558368E-03   7.4916624727E+02   1.4709928588E+01   1.0220372372E+03   2.7012042561E+01   2.5173702879E+03
 -8.3850000000E+01   1.1508306299E+00   1.7906049931E+04   1.2382976642E+03   1.1379370084E-02   7.1494913064E-03   7.4823037450E+02   1.4709928588E+01   1.0220372372E+03   2.7012042561E+01   2.5173702879E+03
 -8.3800000000E+01   1.1637308528E+00   1.7892050394E+04   1.2348626940E+03   1.1493734326E-02   7.2152204638E-03   7.4729567085E+02   1.4709928588E+01   1.0220372372E+03   2.7012042561E+01   2.5173702879E+03
 -8.3750000000E+01   1.1767735380E+00   1.7878050860E+04   1.2314372522E+03   1.1609247941E-02   7.2815486633E-03   7.4636213484E+02   1.4709928588E+01   1.0220372372E+03   2.7012042561E+01   2.5173702879E+03
 -8.3700000000E+01   1.1899602289E+00   1.7864051331E+04   1.2280213124E+03   1.1725922480E-02   7.3484813070E-03   7.4542976503E+02   1.4709928588E+01   1.0220372372E+03   2.7012042561E+01   2.5173702879E+03
 -8.3650000000E+01   1.2032924849E+00   1.7850051807E+04   1.2246148482E+03   1.1843769612E-02   7.4160238450E-03   7.4449855994E+02   1.4709928588E+01   1.0220372372E+03   2.7012042561E+01   2.5173702879E+03
 -8.3600000000E+01   1.2167718819E+00   1.7836052286E+04   1.2212178334E+03   1.1962801119E-02   7.4841817758E-03   7.4356851814E+02   1.4709928588E+01   1.0220372372E+03   2.7012042561E+01   2.5173702879E+03
 -8.3550000000E+01   1.2304000125E+00   1.7822052770E+04   1.2178302417E+03   1.2083028906E-02   7.5529606469E-03   7.4263963816E+02   1.4709928588E+01   1.0220372372E+03   2.7012042561E+01   2.5173702879E+03
 -8.3500000000E+01   1.2441784862E+00   1.7808053259E+04   1.2144520470E+03   1.2204464995E-02   7.6223660552E-03   7.4171191856E+02   1.4709928588E+01   1.0220372372E+03   2.7012042561E+01   2.5173702879E+03
 -8.3450000000E+01   1.2581089291E+00   1.7794053752E+04   1.2110832232E+03   1.2327121529E-02   7.6924036473E-03   7.4078535788E+02   1.4709928588E+01   1.0220372372E+03   2.7012042561E+01   2.5173702879E+03
 -8.3400000000E+01   1.2721929849E+00   1.7780054249E+04   1.2077237444E+03   1.2451010775E-02   7.7630791200E-03   7.3985995468E+02   1.4709928588E+01   1.0220372372E+03   2.7012042561E+01   2.5173702879E+03
 -8.3350000000E+01   1.2864323142E+00   1.7766054751E+04   1.2043735846E+03   1.2576145120E-02   7.8343982210E-03   7.3893570752E+02   1.4709928588E+01   1.0220372372E+03   2.7012042561E+01   2.5173702879E+03
 -8.3300000000E+01   1.3008285954E+00   1.7752055258E+04   1.2010327179E+03   1.2702537078E-02   7.9063667487E-03   7.3801261494E+02   1.4709928588E+01   1.0220372372E+03   2.7012042561E+01   2.5173702879E+03
 -8.3250000000E+01   1.3153835243E+00   1.7738055769E+04   1.1977011186E+03   1.2830199289E-02   7.9789905534E-03   7.3709067550E+02   1.4709928588E+01   1.0220372372E+03   2.7012042561E+01   2.5173702879E+03
 -8.3200000000E+01   1.3300988147E+00   1.7724056285E+04   1.1943787610E+03   1.2959144517E-02   8.0522755372E-03   7.3616988777E+02   1.4709928588E+01   1.0220372372E+03   2.7012042561E+01   2.5173702879E+03
 -8.3150000000E+01   1.3449761985E+00   1.7710056806E+04   1.1910656194E+03   1.3089385659E-02   8.1262276546E-03   7.3525025030E+02   1.4709928588E+01   1.0220372372E+03   2.7012042561E+01   2.5173702879E+03
 -8.3100000000E+01   1.3600174255E+00   1.7696057332E+04   1.1877616683E+03   1.3220935737E-02   8.2008529133E-03   7.3433176166E+02   1.4709928588E+01   1.0220372372E+03   2.7012042561E+01   2.5173702879E+03
 -8.3050000000E+01   1.3752242643E+00   1.7682057862E+04   1.1844668822E+03   1.3353807907E-02   8.2761573740E-03   7.3341442042E+02   1.4709928588E+01   1.0220372372E+03   2.7012042561E+01   2.5173702879E+03
 -8.3000000000E+01   1.3905985016E+00   1.7668058397E+04   1.1811812357E+03   1.3488015455E-02   8.3521471516E-03   7.3249822513E+02   1.4709928588E+01   1.0220372372E+03   2.7012042561E+01   2.5173702879E+03
 -8.2950000000E+01   1.4061419434E+00   1.7654058937E+04   1.1779047033E+03   1.3623571802E-02   8.4288284149E-03   7.3158317438E+02   1.4709928588E+01   1.0220372372E+03   2.7012042561E+01   2.5173702879E+03
 -8.2900000000E+01   1.4218564141E+00   1.7640059483E+04   1.1746372599E+03   1.3760490504E-02   8.5062073879E-03   7.3066926672E+02   1.4709928588E+01   1.0220372372E+03   2.7012042561E+01   2.5173702879E+03
 -8.2850000000E+01   1.4377437577E+00   1.7626060033E+04   1.1713788802E+03   1.3898785252E-02   8.5842903495E-03   7.2975650074E+02   1.4709928588E+01   1.0220372372E+03   2.7012042561E+01   2.5173702879E+03
 -8.2800000000E+01   1.4538058373E+00   1.7612060588E+04   1.1681295390E+03   1.4038469876E-02   8.6630836347E-03   7.2884487499E+02   1.4709928588E+01   1.0220372372E+03   2.7012042561E+01   2.5173702879E+03
 -8.2750000000E+01   1.4700445355E+00   1.7598061148E+04   1.1648892113E+03   1.4179558344E-02   8.7425936343E-03   7.2793438807E+02   1.4709928588E+01   1.0220372372E+03   2.7012042561E+01   2.5173702879E+03
 -8.2700000000E+01   1.4864617548E+00   1.7584061714E+04   1.1616578722E+03   1.4322064764E-02   8.8228267962E-03   7.2702503855E+02   1.4709928588E+01   1.0220372372E+03   2.7012042561E+01   2.5173702879E+03
 -8.2650000000E+01   1.5030594175E+00   1.7570062284E+04   1.1584354966E+03   1.4466003387E-02   8.9037896254E-03   7.2611682500E+02   1.4709928588E+01   1.0220372372E+03   2.7012042561E+01   2.5173702879E+03
 -8.2600000000E+01   1.5198394661E+00   1.7556062860E+04   1.1552220597E+03   1.4611388607E-02   8.9854886844E-03   7.2520974601E+02   1.4709928588E+01   1.0220372372E+03   2.7012042561E+01   2.5173702879E+03
 -8.2550000000E+01   1.5368038634E+00   1.7542063441E+04   1.1520175366E+03   1.4758234962E-02   9.0679305942E-03   7.2430380017E+02   1.4709928588E+01   1.0220372372E+03   2.7012042561E+01   2.5173702879E+03
 -8.2500000000E+01   1.5539545927E+00   1.7528064028E+04   1.1488219028E+03   1.4906557137E-02   9.1511220344E-03   7.2339898604E+02   1.4709928588E+01   1.0220372372E+03   2.7012042561E+01   2.5173702879E+03
 -8.2450000000E+01   1.5712936580E+00   1.7514064619E+04   1.1456351335E+03   1.5056369963E-02   9.2350697438E-03   7.2249530223E+02   1.4709928588E+01   1.0220372372E+03   2.7012042561E+01   2.5173702879E+03
 -8.2400000000E+01   1.5888230844E+00   1.7500065217E+04   1.1424572041E+03   1.5207688421E-02   9.3197805210E-03   7.2159274732E+02   1.4709928588E+01   1.0220372372E+03   2.7012042561E+01   2.5173702879E+03
 -8.2350000000E+01   1.6065449181E+00   1.7486065819E+04   1.1392880901E+03   1.5360527644E-02   9.4052612249E-03   7.2069131989E+02   1.4709928588E+01   1.0220372372E+03   2.7012042561E+01   2.5173702879E+03
 -8.2300000000E+01   1.6244612266E+00   1.7472066428E+04   1.1361277670E+03   1.5514902914E-02   9.4915187750E-03   7.1979101855E+02   1.4709928588E+01   1.0220372372E+03   2.7012042561E+01   2.5173702879E+03
 -8.2250000000E+01   1.6425740990E+00   1.7458067042E+04   1.1329762105E+03   1.5670829670E-02   9.5785601525E-03   7.1889184188E+02   1.4709928588E+01   1.0220372372E+03   2.7012042561E+01   2.5173702879E+03
 -8.2200000000E+01   1.6608856464E+00   1.7444067661E+04   1.1298333963E+03   1.5828323503E-02   9.6663924001E-03   7.1799378848E+02   1.4709928588E+01   1.0220372372E+03   2.7012042561E+01   2.5173702879E+03
 -8.2150000000E+01   1.6793980015E+00   1.7430068286E+04   1.1266993000E+03   1.5987400164E-02   9.7550226230E-03   7.1709685694E+02   1.4709928588E+01   1.0220372372E+03   2.7012042561E+01   2.5173702879E+03
 -8.2100000000E+01   1.6981133197E+00   1.7416068917E+04   1.1235738976E+03   1.6148075558E-02   9.8444579894E-03   7.1620104587E+02   1.4709928588E+01   1.0220372372E+03   2.7012042561E+01   2.5173702879E+03
 -8.2050000000E+01   1.7170337786E+00   1.7402069554E+04   1.1204571649E+03   1.6310365753E-02   9.9347057309E-03   7.1530635386E+02   1.4709928588E+01   1.0220372372E+03   2.7012042561E+01   2.5173702879E+03
 -8.2000000000E+01   1.7361615786E+00   1.7388070196E+04   1.1173490778E+03   1.6474286979E-02   1.0025773143E-02   7.1441277952E+02   1.4709928588E+01   1.0220372372E+03   2.7012042561E+01   2.5173702879E+03
 -8.1950000000E+01   1.7554989428E+00   1.7374070845E+04   1.1142496123E+03   1.6639855627E-02   1.0117667587E-02   7.1352032144E+02   1.4709928588E+01   1.0220372372E+03   2.7012042561E+01   2.5173702879E+03
 -8.1900000000E+01   1.7750481178E+00   1.7360071499E+04   1.1111587447E+03   1.6807088254E-02   1.0210396487E-02   7.1262897825E+02   1.4709928588E+01   1.0220372372E+03   2.7012042561E+01   2.5173702879E+03
 -8.1850000000E+01   1.7948113732E+00   1.7346072159E+04   1.1080764509E+03   1.6976001582E-02   1.0303967335E-02   7.1173874853E+02   1.4709928588E+01   1.0220372372E+03   2.7012042561E+01   2.5173702879E+03
 -8.1800000000E+01   1.8147910026E+00   1.7332072826E+04   1.1050027072E+03   1.7146612503E-02   1.0398387687E-02   7.1084963091E+02   1.4709928588E+01   1.0220372372E+03   2.7012042561E+01   2.5173702879E+03
 -8.1750000000E+01   1.8349893230E+00   1.7318073498E+04   1.1019374899E+03   1.7318938078E-02   1.0493665170E-02   7.0996162399E+02   1.4709928588E+01   1.0220372372E+03   2.7012042561E+01   2.5173702879E+03
 -8.1700000000E+01   1.8554086759E+00   1.7304074177E+04   1.0988807754E+03   1.7492995538E-02   1.0589807473E-02   7.0907472639E+02   1.4709928588E+01   1.0220372372E+03   2.7012042561E+01   2.5173702879E+03
 -8.1650000000E+01   1.8760514268E+00   1.7290074862E+04   1.0958325401E+03   1.7668802289E-02   1.0686822358E-02   7.0818893672E+02   1.4709928588E+01   1.0220372372E+03   2.7012042561E+01   2.5173702879E+03
 -8.1600000000E+01   1.8969199660E+00   1.7276075553E+04   1.0927927603E+03   1.7846375912E-02   1.0784717652E-02   7.0730425359E+02   1.4709928588E+01   1.0220372372E+03   2.7012042561E+01   2.5173702879E+03
 -8.1550000000E+01   1.9180167084E+00   1.7262076250E+04   1.0897614128E+03   1.8025734164E-02   1.0883501253E-02   7.0642067562E+02   1.4709928588E+01   1.0220372372E+03   2.7012042561E+01   2.5173702879E+03
 -8.1500000000E+01   1.9393440940E+00   1.7248076954E+04   1.0867384740E+03   1.8206894979E-02   1.0983181129E-02   7.0553820144E+02   1.4709928588E+01   1.0220372372E+03   2.7012042561E+01   2.5173702879E+03
 -8.1450000000E+01   1.9609045883E+00   1.7234077665E+04   1.0837239208E+03   1.8389876475E-02   1.1083765317E-02   7.0465682966E+02   1.4709928588E+01   1.0220372372E+03   2.7012042561E+01   2.5173702879E+03
 -8.1400000000E+01   1.9827006820E+00   1.7220078381E+04   1.0807177297E+03   1.8574696948E-02   1.1185261927E-02   7.0377655891E+02   1.4709928588E+01   1.0220372372E+03   2.7012042561E+01   2.5173702879E+03
 -8.1350000000E+01   2.0047348920E+00   1.7206079105E+04   1.0777198776E+03   1.8761374880E-02   1.1287679139E-02   7.0289738780E+02   1.4709928588E+01   1.0220372372E+03   2.7012042561E+01   2.5173702879E+03
 -8.1300000000E+01   2.0270097609E+00   1.7192079835E+04   1.0747303414E+03   1.8949928939E-02   1.1391025206E-02   7.0201931498E+02   1.4709928588E+01   1.0220372372E+03   2.7012042561E+01   2.5173702879E+03
 -8.1250000000E+01   2.0495278579E+00   1.7178080571E+04   1.0717490981E+03   1.9140377980E-02   1.1495308453E-02   7.0114233906E+02   1.4709928588E+01   1.0220372372E+03   2.7012042561E+01   2.5173702879E+03
 -8.1200000000E+01   2.0722917785E+00   1.7164081315E+04   1.0687761245E+03   1.9332741047E-02   1.1600537280E-02   7.0026645867E+02   1.4709928588E+01   1.0220372372E+03   2.7012042561E+01   2.5173702879E+03
 -8.1150000000E+01   2.0953041454E+00   1.7150082065E+04   1.0658113978E+03   1.9527037376E-02   1.1706720161E-02   6.9939167246E+02   1.4709928588E+01   1.0220372372E+03   2.7012042561E+01   2.5173702879E+03
 -8.1100000000E+01   2.1185676079E+00   1.7136082822E+04   1.0628548951E+03   1.9723286396E-02   1.1813865644E-02   6.9851797904E+02   1.4709928588E+01   1.0220372372E+03   2.7012042561E+01   2.5173702879E+03
 -8.1050000000E+01   2.1420848433E+00   1.7122083586E+04   1.0599065935E+03   1.9921507733E-02   1.1921982353E-02   6.9764537705E+02   1.4709928588E+01   1.0220372372E+03   2.7012042561E+01   2.5173702879E+03
 -8.1000000000E+01   2.1658585560E+00   1.7108084357E+04   1.0569664704E+03   2.0121721207E-02   1.2031078986E-02   6.9677386514E+02   1.4709928588E+01   1.0220372372E+03   2.7012042561E+01   2.5173702879E+03
 -8.0950000000E+01   2.1898914785E+00   1.7094085135E+04   1.0540345031E+03   2.0323946840E-02   1.2141164322E-02   6.9590344194E+02   1.4709928588E+01   1.0220372372E+03   2.7012042561E+01   2.5173702879E+03
 -8.0900000000E+01   2.2141863717E+00   1.7080085921E+04   1.0511106688E+03   2.0528204853E-02   1.2252247214E-02   6.9503410608E+02   1.4709928588E+01   1.0220372372E+03   2.7012042561E+01   2.5173702879E+03
 -8.0850000000E+01   2.2387460247E+00   1.7066086713E+04   1.0481949451E+03   2.0734515672E-02   1.2364336595E-02   6.9416585622E+02   1.4709928588E+01   1.0220372372E+03   2.7012042561E+01   2.5173702879E+03
 -8.0800000000E+01   2.2635732554E+00   1.7052087513E+04   1.0452873095E+03   2.0942899928E-02   1.2477441475E-02   6.9329869099E+02   1.4709928588E+01   1.0220372372E+03   2.7012042561E+01   2.5173702879E+03
 -8.0750000000E+01   2.2886709108E+00   1.7038088320E+04   1.0423877395E+03   2.1153378458E-02   1.2591570945E-02   6.9243260904E+02   1.4709928588E+01   1.0220372372E+03   2.7012042561E+01   2.5173702879E+03
 -8.0700000000E+01   2.3140418671E+00   1.7024089134E+04   1.0394962127E+03   2.1365972311E-02   1.2706734175E-02   6.9156760902E+02   1.4709928588E+01   1.0220372372E+03   2.7012042561E+01   2.5173702879E+03
 -8.0650000000E+01   2.3396890303E+00   1.7010089956E+04   1.0366127069E+03   2.1580702744E-02   1.2822940418E-02   6.9070368957E+02   1.4709928588E+01   1.0220372372E+03   2.7012042561E+01   2.5173702879E+03
 -8.0600000000E+01   2.3656153362E+00   1.6996090785E+04   1.0337371998E+03   2.1797591230E-02   1.2940199005E-02   6.8984084934E+02   1.4709928588E+01   1.0220372372E+03   2.7012042561E+01   2.5173702879E+03
 -8.0550000000E+01   2.3918237506E+00   1.6982091622E+04   1.0308696691E+03   2.2016659458E-02   1.3058519353E-02   6.8897908700E+02   1.4709928588E+01   1.0220372372E+03   2.7012042561E+01   2.5173702879E+03
 -8.0500000000E+01   2.4183172701E+00   1.6968092466E+04   1.0280100929E+03   2.2237929335E-02   1.3177910959E-02   6.8811840118E+02   1.4709928588E+01   1.0220372372E+03   2.7012042561E+01   2.5173702879E+03
 -8.0450000000E+01   2.4450989219E+00   1.6954093319E+04   1.0251584489E+03   2.2461422985E-02   1.3298383405E-02   6.8725879055E+02   1.4709928588E+01   1.0220372372E+03   2.7012042561E+01   2.5173702879E+03
 -8.0400000000E+01   2.4721717642E+00   1.6940094179E+04   1.0223147153E+03   2.2687162759E-02   1.3419946359E-02   6.8640025375E+02   1.4709928588E+01   1.0220372372E+03   2.7012042561E+01   2.5173702879E+03
 -8.0350000000E+01   2.4995388868E+00   1.6926095047E+04   1.0194788700E+03   2.2915171229E-02   1.3542609570E-02   6.8554278946E+02   1.4709928588E+01   1.0220372372E+03   2.7012042561E+01   2.5173702879E+03
 -8.0300000000E+01   2.5272034111E+00   1.6912095922E+04   1.0166508912E+03   2.3145471196E-02   1.3666382877E-02   6.8468639633E+02   1.4709928588E+01   1.0220372372E+03   2.7012042561E+01   2.5173702879E+03
 -8.0250000000E+01   2.5551684904E+00   1.6898096806E+04   1.0138307570E+03   2.3378085689E-02   1.3791276203E-02   6.8383107303E+02   1.4709928588E+01   1.0220372372E+03   2.7012042561E+01   2.5173702879E+03
 -8.0200000000E+01   2.5834373104E+00   1.6884097698E+04   1.0110184458E+03   2.3613037969E-02   1.3917299560E-02   6.8297681821E+02   1.4709928588E+01   1.0220372372E+03   2.7012042561E+01   2.5173702879E+03
 -8.0150000000E+01   2.6120130896E+00   1.6870098598E+04   1.0082139357E+03   2.3850351531E-02   1.4044463047E-02   6.8212363054E+02   1.4709928588E+01   1.0220372372E+03   2.7012042561E+01   2.5173702879E+03
 -8.0100000000E+01   2.6408990791E+00   1.6856099507E+04   1.0054172052E+03   2.4090050105E-02   1.4172776852E-02   6.8127150869E+02   1.4709928588E+01   1.0220372372E+03   2.7012042561E+01   2.5173702879E+03
 -8.0050000000E+01   2.6700985634E+00   1.6842100423E+04   1.0026282327E+03   2.4332157661E-02   1.4302251253E-02   6.8042045132E+02   1.4709928588E+01   1.0220372372E+03   2.7012042561E+01   2.5173702879E+03
 -8.0000000000E+01   2.6996148609E+00   1.6828101348E+04   9.9984699664E+02   2.4576698409E-02   1.4432896618E-02   6.7957045711E+02   1.4709928588E+01   1.0220372372E+03   2.7012042561E+01   2.5173702879E+03
 -7.9950000000E+01   2.7294513233E+00   1.6814102281E+04   9.9707347558E+02   2.4823696801E-02   1.4564723408E-02   6.7872152474E+02   1.4709928588E+01   1.0220372372E+03   2.7012042561E+01   2.5173702879E+03
 -7.9900000000E+01   2.7596113372E+00   1.6800103223E+04   9.9430764812E+02   2.5073177538E-02   1.4697742173E-02   6.7787365286E+02   1.4709928588E+01   1.0220372372E+03   2.7012042561E+01   2.5173702879E+03
 -7.9850000000E+01   2.7900983233E+00   1.6786104174E+04   9.9154949291E+02   2.5325165566E-02   1.4831963557E-02   6.7702684016E+02   1.4709928588E+01   1.0220372372E+03   2.7012042561E+01   2.5173702879E+03
 -7.9800000000E+01   2.8209157374E+00   1.6772105133E+04   9.8879898867E+02   2.5579686084E-02   1.4967398299E-02   6.7618108532E+02   1.4709928588E+01   1.0220372372E+03   2.7012042561E+01   2.5173702879E+03
 -7.9750000000E+01   2.8520670705E+00   1.6758106101E+04   9.8605611418E+02   2.5836764543E-02   1.5104057230E-02   6.7533638701E+02   1.4709928588E+01   1.0220372372E+03   2.7012042561E+01   2.5173702879E+03
 -7.9700000000E+01   2.8835558493E+00   1.6744107078E+04   9.8332084828E+02   2.6096426649E-02   1.5241951277E-02   6.7449274391E+02   1.4709928588E+01   1.0220372372E+03   2.7012042561E+01   2.5173702879E+03
 -7.9650000000E+01   2.9153856364E+00   1.6730108064E+04   9.8059316985E+02   2.6358698369E-02   1.5381091465E-02   6.7365015471E+02   1.4709928588E+01   1.0220372372E+03   2.7012042561E+01   2.5173702879E+03
 -7.9600000000E+01   2.9475600305E+00   1.6716109058E+04   9.7787305786E+02   2.6623605928E-02   1.5521488913E-02   6.7280861809E+02   1.4709928588E+01   1.0220372372E+03   2.7012042561E+01   2.5173702879E+03
 -7.9550000000E+01   2.9800826672E+00   1.6702110062E+04   9.7516049131E+02   2.6891175817E-02   1.5663154839E-02   6.7196813273E+02   1.4709928588E+01   1.0220372372E+03   2.7012042561E+01   2.5173702879E+03
 -7.9500000000E+01   3.0129572189E+00   1.6688111075E+04   9.7245544927E+02   2.7161434792E-02   1.5806100560E-02   6.7112869732E+02   1.4709928588E+01   1.0220372372E+03   2.7012042561E+01   2.5173702879E+03
 -7.9450000000E+01   3.0461873955E+00   1.6674112097E+04   9.6975791086E+02   2.7434409878E-02   1.5950337490E-02   6.7029031055E+02   1.4709928588E+01   1.0220372372E+03   2.7012042561E+01   2.5173702879E+03
 -7.9400000000E+01   3.0797769443E+00   1.6660113129E+04   9.6706785529E+02   2.7710128371E-02   1.6095877146E-02   6.6945297111E+02   1.4709928588E+01   1.0220372372E+03   2.7012042561E+01   2.5173702879E+03
 -7.9350000000E+01   3.1137296511E+00   1.6646114170E+04   9.6438526178E+02   2.7988617843E-02   1.6242731145E-02   6.6861667768E+02   1.4709928588E+01   1.0220372372E+03   2.7012042561E+01   2.5173702879E+03
 -7.9300000000E+01   3.1480493398E+00   1.6632115220E+04   9.6171010964E+02   2.8269906140E-02   1.6390911205E-02   6.6778142898E+02   1.4709928588E+01   1.0220372372E+03   2.7012042561E+01   2.5173702879E+03
 -7.9250000000E+01   3.1827398732E+00   1.6618116280E+04   9.5904237822E+02   2.8554021392E-02   1.6540429148E-02   6.6694722368E+02   1.4709928588E+01   1.0220372372E+03   2.7012042561E+01   2.5173702879E+03
 -7.9200000000E+01   3.2178051533E+00   1.6604117350E+04   9.5638204695E+02   2.8840992009E-02   1.6691296900E-02   6.6611406048E+02   1.4709928588E+01   1.0220372372E+03   2.7012042561E+01   2.5173702879E+03
 -7.9150000000E+01   3.2532491216E+00   1.6590118429E+04   9.5372909529E+02   2.9130846687E-02   1.6843526490E-02   6.6528193809E+02   1.4709928588E+01   1.0220372372E+03   2.7012042561E+01   2.5173702879E+03
 -7.9100000000E+01   3.2890757596E+00   1.6576119519E+04   9.5108350277E+02   2.9423614410E-02   1.6997130055E-02   6.6445085520E+02   1.4709928588E+01   1.0220372372E+03   2.7012042561E+01   2.5173702879E+03
 -7.9050000000E+01   3.3252890891E+00   1.6562120618E+04   9.4844524899E+02   2.9719324454E-02   1.7152119834E-02   6.6362081052E+02   1.4709928588E+01   1.0220372372E+03   2.7012042561E+01   2.5173702879E+03
 -7.9000000000E+01   3.3618931725E+00   1.6548121727E+04   9.4581431357E+02   3.0018006388E-02   1.7308508179E-02   6.6279180275E+02   1.4709928588E+01   1.0220372372E+03   2.7012042561E+01   2.5173702879E+03
 -7.8950000000E+01   3.3988921133E+00   1.6534122847E+04   9.4319067623E+02   3.0319690081E-02   1.7466307545E-02   6.6196383058E+02   1.4709928588E+01   1.0220372372E+03   2.7012042561E+01   2.5173702879E+03
 -7.8900000000E+01   3.4362900566E+00   1.6520123976E+04   9.4057431671E+02   3.0624405700E-02   1.7625530499E-02   6.6113689274E+02   1.4709928588E+01   1.0220372372E+03   2.7012042561E+01   2.5173702879E+03
 -7.8850000000E+01   3.4740911893E+00   1.6506125116E+04   9.3796521483E+02   3.0932183714E-02   1.7786189719E-02   6.6031098792E+02   1.4709928588E+01   1.0220372372E+03   2.7012042561E+01   2.5173702879E+03
 -7.8800000000E+01   3.5122997405E+00   1.6492126266E+04   9.3536335046E+02   3.1243054900E-02   1.7948297990E-02   6.5948611484E+02   1.4709928588E+01   1.0220372372E+03   2.7012042561E+01   2.5173702879E+03
 -7.8750000000E+01   3.5509199821E+00   1.6478127427E+04   9.3276870352E+02   3.1557050345E-02   1.8111868214E-02   6.5866227220E+02   1.4709928588E+01   1.0220372372E+03   2.7012042561E+01   2.5173702879E+03
 -7.8700000000E+01   3.5899562290E+00   1.6464128598E+04   9.3018125399E+02   3.1874201446E-02   1.8276913401E-02   6.5783945873E+02   1.4709928588E+01   1.0220372372E+03   2.7012042561E+01   2.5173702879E+03
 -7.8650000000E+01   3.6294128396E+00   1.6450129780E+04   9.2760098190E+02   3.2194539918E-02   1.8443446680E-02   6.5701767313E+02   1.4709928588E+01   1.0220372372E+03   2.7012042561E+01   2.5173702879E+03
 -7.8600000000E+01   3.6692942162E+00   1.6436130973E+04   9.2502786735E+02   3.2518097793E-02   1.8611481289E-02   6.5619691412E+02   1.4709928588E+01   1.0220372372E+03   2.7012042561E+01   2.5173702879E+03
 -7.8550000000E+01   3.7096048055E+00   1.6422132177E+04   9.2246189047E+02   3.2844907426E-02   1.8781030588E-02   6.5537718042E+02   1.4709928588E+01   1.0220372372E+03   2.7012042561E+01   2.5173702879E+03
 -7.8500000000E+01   3.7503490988E+00   1.6408133391E+04   9.1990303148E+02   3.3175001496E-02   1.8952108050E-02   6.5455847074E+02   1.4709928588E+01   1.0220372372E+03   2.7012042561E+01   2.5173702879E+03
 -7.8450000000E+01   3.7915316327E+00   1.6394134617E+04   9.1735127062E+02   3.3508413011E-02   1.9124727265E-02   6.5374078381E+02   1.4709928588E+01   1.0220372372E+03   2.7012042561E+01   2.5173702879E+03
 -7.8400000000E+01   3.8331569893E+00   1.6380135854E+04   9.1480658820E+02   3.3845175311E-02   1.9298901946E-02   6.5292411836E+02   1.4709928588E+01   1.0220372372E+03   2.7012042561E+01   2.5173702879E+03
 -7.8350000000E+01   3.8752297967E+00   1.6366137102E+04   9.1226896460E+02   3.4185322070E-02   1.9474645923E-02   6.5210847309E+02   1.4709928588E+01   1.0220372372E+03   2.7012042561E+01   2.5173702879E+03
 -7.8300000000E+01   3.9177547296E+00   1.6352138361E+04   9.0973838023E+02   3.4528887303E-02   1.9651973146E-02   6.5129384675E+02   1.4709928588E+01   1.0220372372E+03   2.7012042561E+01   2.5173702879E+03
 -7.8250000000E+01   3.9607365095E+00   1.6338139632E+04   9.0721481556E+02   3.4875905364E-02   1.9830897690E-02   6.5048023805E+02   1.4709928588E+01   1.0220372372E+03   2.7012042561E+01   2.5173702879E+03
 -7.8200000000E+01   4.0041799051E+00   1.6324140915E+04   9.0469825112E+02   3.5226410954E-02   2.0011433750E-02   6.4966764573E+02   1.4709928588E+01   1.0220372372E+03   2.7012042561E+01   2.5173702879E+03
 -7.8150000000E+01   4.0480897332E+00   1.6310142209E+04   9.0218866749E+02   3.5580439120E-02   2.0193595646E-02   6.4885606851E+02   1.4709928588E+01   1.0220372372E+03   2.7012042561E+01   2.5173702879E+03
 -7.8100000000E+01   4.0924708586E+00   1.6296143515E+04   8.9968604531E+02   3.5938025266E-02   2.0377397826E-02   6.4804550514E+02   1.4709928588E+01   1.0220372372E+03   2.7012042561E+01   2.5173702879E+03
 -7.8050000000E+01   4.1373281948E+00   1.6282144833E+04   8.9719036527E+02   3.6299205147E-02   2.0562854858E-02   6.4723595433E+02   1.4709928588E+01   1.0220372372E+03   2.7012042561E+01   2.5173702879E+03
 -7.8000000000E+01   4.1826667046E+00   1.6268146163E+04   8.9470160810E+02   3.6664014879E-02   2.0749981444E-02   6.4642741483E+02   1.4709928588E+01   1.0220372372E+03   2.7012042561E+01   2.5173702879E+03
 -7.7950000000E+01   4.2284914001E+00   1.6254147504E+04   8.9221975462E+02   3.7032490943E-02   2.0938792409E-02   6.4561988537E+02   1.4709928588E+01   1.0220372372E+03   2.7012042561E+01   2.5173702879E+03
 -7.7900000000E+01   4.2748073439E+00   1.6240148859E+04   8.8974478566E+02   3.7404670185E-02   2.1129302710E-02   6.4481336470E+02   1.4709928588E+01   1.0220372372E+03   2.7012042561E+01   2.5173702879E+03
 -7.7850000000E+01   4.3216196488E+00   1.6226150225E+04   8.8727668213E+02   3.7780589819E-02   2.1321527435E-02   6.4400785154E+02   1.4709928588E+01   1.0220372372E+03   2.7012042561E+01   2.5173702879E+03
 -7.7800000000E+01   4.3689334786E+00   1.6212151604E+04   8.8481542499E+02   3.8160287437E-02   2.1515481801E-02   6.4320334465E+02   1.4709928588E+01   1.0220372372E+03   2.7012042561E+01   2.5173702879E+03
 -7.7750000000E+01   4.4167540490E+00   1.6198152995E+04   8.8236099524E+02   3.8543801006E-02   2.1711181160E-02   6.4239984276E+02   1.4709928588E+01   1.0220372372E+03   2.7012042561E+01   2.5173702879E+03
 -7.7700000000E+01   4.4650866271E+00   1.6184154399E+04   8.7991337394E+02   3.8931168876E-02   2.1908640998E-02   6.4159734462E+02   1.4709928588E+01   1.0220372372E+03   2.7012042561E+01   2.5173702879E+03
 -7.7650000000E+01   4.5139365329E+00   1.6170155816E+04   8.7747254221E+02   3.9322429782E-02   2.2107876935E-02   6.4079584898E+02   1.4709928588E+01   1.0220372372E+03   2.7012042561E+01   2.5173702879E+03
 -7.7600000000E+01   4.5633091392E+00   1.6156157246E+04   8.7503848121E+02   3.9717622847E-02   2.2308904726E-02   6.3999535458E+02   1.4709928588E+01   1.0220372372E+03   2.7012042561E+01   2.5173702879E+03
 -7.7550000000E+01   4.6132098721E+00   1.6142158689E+04   8.7261117217E+02   4.0116787590E-02   2.2511740267E-02   6.3919586018E+02   1.4709928588E+01   1.0220372372E+03   2.7012042561E+01   2.5173702879E+03
 -7.7500000000E+01   4.6636442118E+00   1.6128160145E+04   8.7019059635E+02   4.0519963923E-02   2.2716399589E-02   6.3839736452E+02   1.4709928588E+01   1.0220372372E+03   2.7012042561E+01   2.5173702879E+03
 -7.7450000000E+01   4.7146176930E+00   1.6114161614E+04   8.6777673508E+02   4.0927192164E-02   2.2922898865E-02   6.3759986635E+02   1.4709928588E+01   1.0220372372E+03   2.7012042561E+01   2.5173702879E+03
 -7.7400000000E+01   4.7661359051E+00   1.6100163096E+04   8.6536956972E+02   4.1338513033E-02   2.3131254406E-02   6.3680336443E+02   1.4709928588E+01   1.0220372372E+03   2.7012042561E+01   2.5173702879E+03
 -7.7350000000E+01   4.8182044931E+00   1.6086164592E+04   8.6296908171E+02   4.1753967659E-02   2.3341482669E-02   6.3600785752E+02   1.4709928588E+01   1.0220372372E+03   2.7012042561E+01   2.5173702879E+03
 -7.7300000000E+01   4.8708291579E+00   1.6072166102E+04   8.6057525252E+02   4.2173597586E-02   2.3553600251E-02   6.3521334438E+02   1.4709928588E+01   1.0220372372E+03   2.7012042561E+01   2.5173702879E+03
 -7.7250000000E+01   4.9240156571E+00   1.6058167625E+04   8.5818806369E+02   4.2597444775E-02   2.3767623894E-02   6.3441982375E+02   1.4709928588E+01   1.0220372372E+03   2.7012042561E+01   2.5173702879E+03
 -7.7200000000E+01   4.9777698051E+00   1.6044169162E+04   8.5580749679E+02   4.3025551607E-02   2.3983570488E-02   6.3362729440E+02   1.4709928588E+01   1.0220372372E+03   2.7012042561E+01   2.5173702879E+03
 -7.7150000000E+01   5.0320974737E+00   1.6030170713E+04   8.5343353345E+02   4.3457960892E-02   2.4201457068E-02   6.3283575510E+02   1.4709928588E+01   1.0220372372E+03   2.7012042561E+01   2.5173702879E+03
 -7.7100000000E+01   5.0870045931E+00   1.6016172278E+04   8.5106615535E+02   4.3894715867E-02   2.4421300816E-02   6.3204520460E+02   1.4709928588E+01   1.0220372372E+03   2.7012042561E+01   2.5173702879E+03
 -7.7050000000E+01   5.1424971518E+00   1.6002173857E+04   8.4870534423E+02   4.4335860206E-02   2.4643119067E-02   6.3125564168E+02   1.4709928588E+01   1.0220372372E+03   2.7012042561E+01   2.5173702879E+03
 -7.7000000000E+01   5.1985811977E+00   1.5988175451E+04   8.4635108188E+02   4.4781438020E-02   2.4866929304E-02   6.3046706509E+02   1.4709928588E+01   1.0220372372E+03   2.7012042561E+01   2.5173702879E+03
 -7.6950000000E+01   5.2552628381E+00   1.5974177059E+04   8.4400335012E+02   4.5231493866E-02   2.5092749162E-02   6.2967947361E+02   1.4709928588E+01   1.0220372372E+03   2.7012042561E+01   2.5173702879E+03
 -7.6900000000E+01   5.3125482408E+00   1.5960178682E+04   8.4166213083E+02   4.5686072744E-02   2.5320596432E-02   6.2889286600E+02   1.4709928588E+01   1.0220372372E+03   2.7012042561E+01   2.5173702879E+03
 -7.6850000000E+01   5.3704436342E+00   1.5946180319E+04   8.3932740597E+02   4.6145220112E-02   2.5550489055E-02   6.2810724103E+02   1.4709928588E+01   1.0220372372E+03   2.7012042561E+01   2.5173702879E+03
 -7.6800000000E+01   5.4289553081E+00   1.5932181972E+04   8.3699915750E+02   4.6608981880E-02   2.5782445133E-02   6.2732259748E+02   1.4709928588E+01   1.0220372372E+03   2.7012042561E+01   2.5173702879E+03
 -7.6750000000E+01   5.4880896141E+00   1.5918183639E+04   8.3467736747E+02   4.7077404423E-02   2.6016482922E-02   6.2653893413E+02   1.4709928588E+01   1.0220372372E+03   2.7012042561E+01   2.5173702879E+03
 -7.6700000000E+01   5.5478529665E+00   1.5904185322E+04   8.3236201796E+02   4.7550534579E-02   2.6252620837E-02   6.2575624974E+02   1.4709928588E+01   1.0220372372E+03   2.7012042561E+01   2.5173702879E+03
 -7.6650000000E+01   5.6082518423E+00   1.5890187019E+04   8.3005309109E+02   4.8028419658E-02   2.6490877453E-02   6.2497454310E+02   1.4709928588E+01   1.0220372372E+03   2.7012042561E+01   2.5173702879E+03
 -7.6600000000E+01   5.6692927826E+00   1.5876188733E+04   8.2775056907E+02   4.8511107446E-02   2.6731271508E-02   6.2419381298E+02   1.4709928588E+01   1.0220372372E+03   2.7012042561E+01   2.5173702879E+03
 -7.6550000000E+01   5.7309823921E+00   1.5862190461E+04   8.2545443412E+02   4.8998646209E-02   2.6973821900E-02   6.2341405816E+02   1.4709928588E+01   1.0220372372E+03   2.7012042561E+01   2.5173702879E+03
 -7.6500000000E+01   5.7933273408E+00   1.5848192206E+04   8.2316466852E+02   4.9491084698E-02   2.7218547692E-02   6.2263527742E+02   1.4709928588E+01   1.0220372372E+03   2.7012042561E+01   2.5173702879E+03
 -7.6450000000E+01   5.8563343636E+00   1.5834193966E+04   8.2088125461E+02   4.9988472152E-02   2.7465468114E-02   6.2185746956E+02   1.4709928588E+01   1.0220372372E+03   2.7012042561E+01   2.5173702879E+03
 -7.6400000000E+01   5.9200102618E+00   1.5820195742E+04   8.1860417476E+02   5.0490858308E-02   2.7714602561E-02   6.2108063335E+02   1.4709928588E+01   1.0220372372E+03   2.7012042561E+01   2.5173702879E+03
 -7.6350000000E+01   5.9843619030E+00   1.5806197534E+04   8.1633341140E+02   5.0998293401E-02   2.7965970596E-02   6.2030476757E+02   1.4709928588E+01   1.0220372372E+03   2.7012042561E+01   2.5173702879E+03
 -7.6300000000E+01   6.0493962220E+00   1.5792199343E+04   8.1406894702E+02   5.1510828170E-02   2.8219591952E-02   6.1952987102E+02   1.4709928588E+01   1.0220372372E+03   2.7012042561E+01   2.5173702879E+03
 -7.6250000000E+01   6.1151202214E+00   1.5778201168E+04   8.1181076415E+02   5.2028513866E-02   2.8475486535E-02   6.1875594249E+02   1.4709928588E+01   1.0220372372E+03   2.7012042561E+01   2.5173702879E+03
 -7.6200000000E+01   6.1815409721E+00   1.5764203009E+04   8.0955884534E+02   5.2551402254E-02   2.8733674420E-02   6.1798298076E+02   1.4709928588E+01   1.0220372372E+03   2.7012042561E+01   2.5173702879E+03
 -7.6150000000E+01   6.2486656141E+00   1.5750204868E+04   8.0731317324E+02   5.3079545618E-02   2.8994175859E-02   6.1721098464E+02   1.4709928588E+01   1.0220372372E+03   2.7012042561E+01   2.5173702879E+03
 -7.6100000000E+01   6.3165013570E+00   1.5736206743E+04   8.0507373051E+02   5.3612996770E-02   2.9257011278E-02   6.1643995290E+02   1.4709928588E+01   1.0220372372E+03   2.7012042561E+01   2.5173702879E+03
 -7.6050000000E+01   6.3850554806E+00   1.5722208635E+04   8.0284049987E+02   5.4151809051E-02   2.9522201279E-02   6.1566988435E+02   1.4709928588E+01   1.0220372372E+03   2.7012042561E+01   2.5173702879E+03
 -7.6000000000E+01   6.4543353356E+00   1.5708210544E+04   8.0061346409E+02   5.4696036338E-02   2.9789766646E-02   6.1490077779E+02   1.4709928588E+01   1.0220372372E+03   2.7012042561E+01   2.5173702879E+03
 -7.5950000000E+01   6.5243483443E+00   1.5694212470E+04   7.9839260599E+02   5.5245733050E-02   3.0059728339E-02   6.1413263201E+02   1.4709928588E+01   1.0220372372E+03   2.7012042561E+01   2.5173702879E+03
 -7.5900000000E+01   6.5951020010E+00   1.5680214414E+04   7.9617790843E+02   5.5800954153E-02   3.0332107500E-02   6.1336544581E+02   1.4709928588E+01   1.0220372372E+03   2.7012042561E+01   2.5173702879E+03
 -7.5850000000E+01   6.6666038729E+00   1.5666216376E+04   7.9396935431E+02   5.6361755163E-02   3.0606925457E-02   6.1259921799E+02   1.4709928588E+01   1.0220372372E+03   2.7012042561E+01   2.5173702879E+03
 -7.5800000000E+01   6.7388616007E+00   1.5652218355E+04   7.9176692661E+02   5.6928192158E-02   3.0884203720E-02   6.1183394737E+02   1.4709928588E+01   1.0220372372E+03   2.7012042561E+01   2.5173702879E+03
 -7.5750000000E+01   6.8118828991E+00   1.5638220352E+04   7.8957060832E+02   5.7500321776E-02   3.1163963984E-02   6.1106963273E+02   1.4709928588E+01   1.0220372372E+03   2.7012042561E+01   2.5173702879E+03
 -7.5700000000E+01   6.8856755577E+00   1.5624222368E+04   7.8738038250E+02   5.8078201227E-02   3.1446228134E-02   6.1030627289E+02   1.4709928588E+01   1.0220372372E+03   2.7012042561E+01   2.5173702879E+03
 -7.5650000000E+01   6.9602474414E+00   1.5610224401E+04   7.8519623224E+02   5.8661888293E-02   3.1731018245E-02   6.0954386665E+02   1.4709928588E+01   1.0220372372E+03   2.7012042561E+01   2.5173702879E+03
 -7.5600000000E+01   7.0356064913E+00   1.5596226453E+04   7.8301814070E+02   5.9251441339E-02   3.2018356578E-02   6.0878241282E+02   1.4709928588E+01   1.0220372372E+03   2.7012042561E+01   2.5173702879E+03
 -7.5550000000E+01   7.1117607254E+00   1.5582228524E+04   7.8084609106E+02   5.9846919315E-02   3.2308265592E-02   6.0802191022E+02   1.4709928588E+01   1.0220372372E+03   2.7012042561E+01   2.5173702879E+03
 -7.5500000000E+01   7.1887182389E+00   1.5568230613E+04   7.7868006658E+02   6.0448381764E-02   3.2600767937E-02   6.0726235765E+02   1.4709928588E+01   1.0220372372E+03   2.7012042561E+01   2.5173702879E+03
 -7.5450000000E+01   7.2664872054E+00   1.5554232722E+04   7.7652005052E+02   6.1055888827E-02   3.2895886459E-02   6.0650375393E+02   1.4709928588E+01   1.0220372372E+03   2.7012042561E+01   2.5173702879E+03
 -7.5400000000E+01   7.3450758774E+00   1.5540234849E+04   7.7436602624E+02   6.1669501251E-02   3.3193644202E-02   6.0574609787E+02   1.4709928588E+01   1.0220372372E+03   2.7012042561E+01   2.5173702879E+03
 -7.5350000000E+01   7.4244925866E+00   1.5526236996E+04   7.7221797709E+02   6.2289280391E-02   3.3494064408E-02   6.0498938829E+02   1.4709928588E+01   1.0220372372E+03   2.7012042561E+01   2.5173702879E+03
 -7.5300000000E+01   7.5047457453E+00   1.5512239162E+04   7.7007588652E+02   6.2915288220E-02   3.3797170521E-02   6.0423362401E+02   1.4709928588E+01   1.0220372372E+03   2.7012042561E+01   2.5173702879E+03
 -7.5250000000E+01   7.5858438467E+00   1.5498241347E+04   7.6793973800E+02   6.3547587334E-02   3.4102986186E-02   6.0347880384E+02   1.4709928588E+01   1.0220372372E+03   2.7012042561E+01   2.5173702879E+03
 -7.5200000000E+01   7.6677954655E+00   1.5484243553E+04   7.6580951503E+02   6.4186240956E-02   3.4411535253E-02   6.0272492660E+02   1.4709928588E+01   1.0220372372E+03   2.7012042561E+01   2.5173702879E+03
 -7.5150000000E+01   7.7506092590E+00   1.5470245778E+04   7.6368520118E+02   6.4831312946E-02   3.4722841776E-02   6.0197199113E+02   1.4709928588E+01   1.0220372372E+03   2.7012042561E+01   2.5173702879E+03
 -7.5100000000E+01   7.8342939675E+00   1.5456248024E+04   7.6156678007E+02   6.5482867807E-02   3.5036930020E-02   6.0121999623E+02   1.4709928588E+01   1.0220372372E+03   2.7012042561E+01   2.5173702879E+03
 -7.5050000000E+01   7.9188584152E+00   1.5442250289E+04   7.5945423534E+02   6.6140970688E-02   3.5353824455E-02   6.0046894075E+02   1.4709928588E+01   1.0220372372E+03   2.7012042561E+01   2.5173702879E+03
 -7.5000000000E+01   8.0043115110E+00   1.5428252576E+04   7.5734755069E+02   6.6805687392E-02   3.5673549765E-02   5.9971882349E+02   1.4709928588E+01   1.0220372372E+03   2.7012042561E+01   2.5173702879E+03
 -7.4950000000E+01   8.0906622488E+00   1.5414254883E+04   7.5524670988E+02   6.7477084387E-02   3.5996130846E-02   5.9896964330E+02   1.4709928588E+01   1.0220372372E+03   2.7012042561E+01   2.5173702879E+03
 -7.4900000000E+01   8.1779197089E+00   1.5400257210E+04   7.5315169668E+02   6.8155228804E-02   3.6321592808E-02   5.9822139899E+02   1.4709928588E+01   1.0220372372E+03   2.7012042561E+01   2.5173702879E+03
 -7.4850000000E+01   8.2660930582E+00   1.5386259559E+04   7.5106249493E+02   6.8840188453E-02   3.6649960977E-02   5.9747408941E+02   1.4709928588E+01   1.0220372372E+03   2.7012042561E+01   2.5173702879E+03
 -7.4800000000E+01   8.3551915514E+00   1.5372261929E+04   7.4897908851E+02   6.9532031822E-02   3.6981260898E-02   5.9672771338E+02   1.4709928588E+01   1.0220372372E+03   2.7012042561E+01   2.5173702879E+03
 -7.4750000000E+01   8.4452245313E+00   1.5358264321E+04   7.4690146135E+02   7.0230828090E-02   3.7315518335E-02   5.9598226974E+02   1.4709928588E+01   1.0220372372E+03   2.7012042561E+01   2.5173702879E+03
 -7.4700000000E+01   8.5362014300E+00   1.5344266734E+04   7.4482959742E+02   7.0936647130E-02   3.7652759276E-02   5.9523775732E+02   1.4709928588E+01   1.0220372372E+03   2.7012042561E+01   2.5173702879E+03
 -7.4650000000E+01   8.6281317694E+00   1.5330269169E+04   7.4276348072E+02   7.1649559516E-02   3.7993009930E-02   5.9449417496E+02   1.4709928588E+01   1.0220372372E+03   2.7012042561E+01   2.5173702879E+03
 -7.4600000000E+01   8.7210251621E+00   1.5316271626E+04   7.4070309532E+02   7.2369636532E-02   3.8336296733E-02   5.9375152149E+02   1.4709928588E+01   1.0220372372E+03   2.7012042561E+01   2.5173702879E+03
 -7.4550000000E+01   8.8148913120E+00   1.5302274105E+04   7.3864842531E+02   7.3096950180E-02   3.8682646348E-02   5.9300979577E+02   1.4709928588E+01   1.0220372372E+03   2.7012042561E+01   2.5173702879E+03
 -7.4500000000E+01   8.9097400155E+00   1.5288276607E+04   7.3659945485E+02   7.3831573183E-02   3.9032085668E-02   5.9226899662E+02   1.4709928588E+01   1.0220372372E+03   2.7012042561E+01   2.5173702879E+03
 -7.4450000000E+01   9.0055811618E+00   1.5274279131E+04   7.3455616812E+02   7.4573578995E-02   3.9384641815E-02   5.9152912289E+02   1.4709928588E+01   1.0220372372E+03   2.7012042561E+01   2.5173702879E+03
 -7.4400000000E+01   9.1024247341E+00   1.5260281678E+04   7.3251854935E+02   7.5323041811E-02   3.9740342148E-02   5.9079017343E+02   1.4709928588E+01   1.0220372372E+03   2.7012042561E+01   2.5173702879E+03
 -7.4350000000E+01   9.2002808101E+00   1.5246284248E+04   7.3048658283E+02   7.6080036568E-02   4.0099214257E-02   5.9005214707E+02   1.4709928588E+01   1.0220372372E+03   2.7012042561E+01   2.5173702879E+03
 -7.4300000000E+01   9.2991595630E+00   1.5232286841E+04   7.2846025287E+02   7.6844638958E-02   4.0461285971E-02   5.8931504267E+02   1.4709928588E+01   1.0220372372E+03   2.7012042561E+01   2.5173702879E+03
 -7.4250000000E+01   9.3990712623E+00   1.5218289458E+04   7.2643954385E+02   7.7616925434E-02   4.0826585360E-02   5.8857885908E+02   1.4709928588E+01   1.0220372372E+03   2.7012042561E+01   2.5173702879E+03
 -7.4200000000E+01   9.5000262746E+00   1.5204292098E+04   7.2442444015E+02   7.8396973214E-02   4.1195140731E-02   5.8784359514E+02   1.4709928588E+01   1.0220372372E+03   2.7012042561E+01   2.5173702879E+03
 -7.4150000000E+01   9.6020350645E+00   1.5190294762E+04   7.2241492625E+02   7.9184860296E-02   4.1566980638E-02   5.8710924971E+02   1.4709928588E+01   1.0220372372E+03   2.7012042561E+01   2.5173702879E+03
 -7.4100000000E+01   9.7051081952E+00   1.5176297450E+04   7.2041098663E+02   7.9980665460E-02   4.1942133877E-02   5.8637582164E+02   1.4709928588E+01   1.0220372372E+03   2.7012042561E+01   2.5173702879E+03
 -7.4050000000E+01   9.8092563295E+00   1.5162300162E+04   7.1841260583E+02   8.0784468278E-02   4.2320629492E-02   5.8564330978E+02   1.4709928588E+01   1.0220372372E+03   2.7012042561E+01   2.5173702879E+03
 -7.4000000000E+01   9.9144902309E+00   1.5148302899E+04   7.1641976842E+02   8.1596349120E-02   4.2702496778E-02   5.8491171298E+02   1.4709928588E+01   1.0220372372E+03   2.7012042561E+01   2.5173702879E+03
 -7.3950000000E+01   1.0020820764E+01   1.5134305660E+04   7.1443245904E+02   8.2416389165E-02   4.3087765280E-02   5.8418103011E+02   1.4709928588E+01   1.0220372372E+03   2.7012042561E+01   2.5173702879E+03
 -7.3900000000E+01   1.0128258896E+01   1.5120308447E+04   7.1245066235E+02   8.3244670409E-02   4.3476464794E-02   5.8345126003E+02   1.4709928588E+01   1.0220372372E+03   2.7012042561E+01   2.5173702879E+03
 -7.3850000000E+01   1.0236815695E+01   1.5106311258E+04   7.1047436305E+02   8.4081275669E-02   4.3868625376E-02   5.8272240158E+02   1.4709928588E+01   1.0220372372E+03   2.7012042561E+01   2.5173702879E+03
 -7.3800000000E+01   1.0346502337E+01   1.5092314095E+04   7.0850354590E+02   8.4926288597E-02   4.4264277337E-02   5.8199445364E+02   1.4709928588E+01   1.0220372372E+03   2.7012042561E+01   2.5173702879E+03
 -7.3750000000E+01   1.0457330100E+01   1.5078316958E+04   7.0653819569E+02   8.5779793684E-02   4.4663451247E-02   5.8126741507E+02   1.4709928588E+01   1.0220372372E+03   2.7012042561E+01   2.5173702879E+03
 -7.3700000000E+01   1.0569310367E+01   1.5064319846E+04   7.0457829725E+02   8.6641876269E-02   4.5066177941E-02   5.8054128473E+02   1.4709928588E+01   1.0220372372E+03   2.7012042561E+01   2.5173702879E+03
 -7.3650000000E+01   1.0682454630E+01   1.5050322760E+04   7.0262383547E+02   8.7512622551E-02   4.5472488514E-02   5.7981606148E+02   1.4709928588E+01   1.0220372372E+03   2.7012042561E+01   2.5173702879E+03
 -7.3600000000E+01   1.0796774487E+01   1.5036325701E+04   7.0067479525E+02   8.8392119594E-02   4.5882414330E-02   5.7909174420E+02   1.4709928588E+01   1.0220372372E+03   2.7012042561E+01   2.5173702879E+03
 -7.3550000000E+01   1.0912281643E+01   1.5022328668E+04   6.9873116157E+02   8.9280455337E-02   4.6295987021E-02   5.7836833174E+02   1.4709928588E+01   1.0220372372E+03   2.7012042561E+01   2.5173702879E+03
 -7.3500000000E+01   1.1028987916E+01   1.5008331662E+04   6.9679291942E+02   9.0177718602E-02   4.6713238489E-02   5.7764582299E+02   1.4709928588E+01   1.0220372372E+03   2.7012042561E+01   2.5173702879E+03
 -7.3450000000E+01   1.1146905230E+01   1.4994334683E+04   6.9486005385E+02   9.1083999104E-02   4.7134200911E-02   5.7692421681E+02   1.4709928588E+01   1.0220372372E+03   2.7012042561E+01   2.5173702879E+03
 -7.3400000000E+01   1.1266045624E+01   1.4980337731E+04   6.9293254994E+02   9.1999387459E-02   4.7558906737E-02   5.7620351207E+02   1.4709928588E+01   1.0220372372E+03   2.7012042561E+01   2.5173702879E+03
 -7.3350000000E+01   1.1386421245E+01   1.4966340806E+04   6.9101039282E+02   9.2923975195E-02   4.7987388696E-02   5.7548370765E+02   1.4709928588E+01   1.0220372372E+03   2.7012042561E+01   2.5173702879E+03
 -7.3300000000E+01   1.1508044357E+01   1.4952343910E+04   6.8909356766E+02   9.3857854758E-02   4.8419679794E-02   5.7476480243E+02   1.4709928588E+01   1.0220372372E+03   2.7012042561E+01   2.5173702879E+03
 -7.3250000000E+01   1.1630927334E+01   1.4938347041E+04   6.8718205968E+02   9.4801119525E-02   4.8855813324E-02   5.7404679527E+02   1.4709928588E+01   1.0220372372E+03   2.7012042561E+01   2.5173702879E+03
 -7.3200000000E+01   1.1755082668E+01   1.4924350200E+04   6.8527585410E+02   9.5753863808E-02   4.9295822859E-02   5.7332968507E+02   1.4709928588E+01   1.0220372372E+03   2.7012042561E+01   2.5173702879E+03
 -7.3150000000E+01   1.1880522965E+01   1.4910353388E+04   6.8337493624E+02   9.6716182870E-02   4.9739742262E-02   5.7261347069E+02   1.4709928588E+01   1.0220372372E+03   2.7012042561E+01   2.5173702879E+03
 -7.3100000000E+01   1.2007260947E+01   1.4896356604E+04   6.8147929143E+02   9.7688172929E-02   5.0187605682E-02   5.7189815102E+02   1.4709928588E+01   1.0220372372E+03   2.7012042561E+01   2.5173702879E+03
 -7.3050000000E+01   1.2135309457E+01   1.4882359850E+04   6.7958890502E+02   9.8669931171E-02   5.0639447563E-02   5.7118372494E+02   1.4709928588E+01   1.0220372372E+03   2.7012042561E+01   2.5173702879E+03
 -7.3000000000E+01   1.2264681453E+01   1.4868363125E+04   6.7770376245E+02   9.9661555758E-02   5.1095302641E-02   5.7047019133E+02   1.4709928588E+01   1.0220372372E+03   2.7012042561E+01   2.5173702879E+03
 -7.2950000000E+01   1.2395390015E+01   1.4854366429E+04   6.7582384916E+02   1.0066314584E-01   5.1555205949E-02   5.6975754909E+02   1.4709928588E+01   1.0220372372E+03   2.7012042561E+01   2.5173702879E+03
 -7.2900000000E+01   1.2527448342E+01   1.4840369763E+04   6.7394915065E+02   1.0167480156E-01   5.2019192819E-02   5.6904579709E+02   1.4709928588E+01   1.0220372372E+03   2.7012042561E+01   2.5173702879E+03
 -7.2850000000E+01   1.2660869756E+01   1.4826373127E+04   6.7207965244E+02   1.0269662407E-01   5.2487298884E-02   5.6833493422E+02   1.4709928588E+01   1.0220372372E+03   2.7012042561E+01   2.5173702879E+03
 -7.2800000000E+01   1.2795667701E+01   1.4812376521E+04   6.7021534013E+02   1.0372871553E-01   5.2959560081E-02   5.6762495938E+02   1.4709928588E+01   1.0220372372E+03   2.7012042561E+01   2.5173702879E+03
 -7.2750000000E+01   1.2931855744E+01   1.4798379946E+04   6.6835619931E+02   1.0477117915E-01   5.3436012654E-02   5.6691587146E+02   1.4709928588E+01   1.0220372372E+03   2.7012042561E+01   2.5173702879E+03
 -7.2700000000E+01   1.3069447577E+01   1.4784383401E+04   6.6650221565E+02   1.0582411915E-01   5.3916693155E-02   5.6620766934E+02   1.4709928588E+01   1.0220372372E+03   2.7012042561E+01   2.5173702879E+03
 -7.2650000000E+01   1.3208457018E+01   1.4770386888E+04   6.6465337484E+02   1.0688764081E-01   5.4401638448E-02   5.6550035191E+02   1.4709928588E+01   1.0220372372E+03   2.7012042561E+01   2.5173702879E+03
 -7.2600000000E+01   1.3348898011E+01   1.4756390406E+04   6.6280966261E+02   1.0796185046E-01   5.4890885712E-02   5.6479391809E+02   1.4709928588E+01   1.0220372372E+03   2.7012042561E+01   2.5173702879E+03
 -7.2550000000E+01   1.3490784629E+01   1.4742393955E+04   6.6097106474E+02   1.0904685552E-01   5.5384472439E-02   5.6408836675E+02   1.4709928588E+01   1.0220372372E+03   2.7012042561E+01   2.5173702879E+03
 -7.2500000000E+01   1.3634131071E+01   1.4728397537E+04   6.5913756704E+02   1.1014276446E-01   5.5882436445E-02   5.6338369680E+02   1.4709928588E+01   1.0220372372E+03   2.7012042561E+01   2.5173702879E+03
 -7.2450000000E+01   1.3778951669E+01   1.4714401151E+04   6.5730915537E+02   1.1124968686E-01   5.6384815865E-02   5.6267990714E+02   1.4709928588E+01   1.0220372372E+03   2.7012042561E+01   2.5173702879E+03
 -7.2400000000E+01   1.3925260884E+01   1.4700404797E+04   6.5548581560E+02   1.1236773339E-01   5.6891649159E-02   5.6197699667E+02   1.4709928588E+01   1.0220372372E+03   2.7012042561E+01   2.5173702879E+03
 -7.2350000000E+01   1.4073073308E+01   1.4686408476E+04   6.5366753369E+02   1.1349701584E-01   5.7402975114E-02   5.6127496428E+02   1.4709928588E+01   1.0220372372E+03   2.7012042561E+01   2.5173702879E+03
 -7.2300000000E+01   1.4222403666E+01   1.4672412188E+04   6.5185429558E+02   1.1463764712E-01   5.7918832848E-02   5.6057380889E+02   1.4709928588E+01   1.0220372372E+03   2.7012042561E+01   2.5173702879E+03
 -7.2250000000E+01   1.4373266820E+01   1.4658415933E+04   6.5004608730E+02   1.1578974128E-01   5.8439261811E-02   5.5987352940E+02   1.4709928588E+01   1.0220372372E+03   2.7012042561E+01   2.5173702879E+03
 -7.2200000000E+01   1.4525677763E+01   1.4644419712E+04   6.4824289490E+02   1.1695341350E-01   5.8964301788E-02   5.5917412470E+02   1.4709928588E+01   1.0220372372E+03   2.7012042561E+01   2.5173702879E+03
 -7.2150000000E+01   1.4679651626E+01   1.4630423525E+04   6.4644470444E+02   1.1812878014E-01   5.9493992902E-02   5.5847559372E+02   1.4709928588E+01   1.0220372372E+03   2.7012042561E+01   2.5173702879E+03
 -7.2100000000E+01   1.4835203677E+01   1.4616427373E+04   6.4465150208E+02   1.1931595870E-01   6.0028375617E-02   5.5777793536E+02   1.4709928588E+01   1.0220372372E+03   2.7012042561E+01   2.5173702879E+03
 -7.2050000000E+01   1.4992349323E+01   1.4602431255E+04   6.4286327395E+02   1.2051506789E-01   6.0567490742E-02   5.5708114852E+02   1.4709928588E+01   1.0220372372E+03   2.7012042561E+01   2.5173702879E+03
 -7.2000000000E+01   1.5151104107E+01   1.4588435171E+04   6.4108000628E+02   1.2172622760E-01   6.1111379430E-02   5.5638523212E+02   1.4709928588E+01   1.0220372372E+03   2.7012042561E+01   2.5173702879E+03
 -7.1950000000E+01   1.5311483717E+01   1.4574439123E+04   6.3930168529E+02   1.2294955893E-01   6.1660083185E-02   5.5569018508E+02   1.4709928588E+01   1.0220372372E+03   2.7012042561E+01   2.5173702879E+03
 -7.1900000000E+01   1.5473503980E+01   1.4560443110E+04   6.3752829727E+02   1.2418518417E-01   6.2213643864E-02   5.5499600630E+02   1.4709928588E+01   1.0220372372E+03   2.7012042561E+01   2.5173702879E+03
 -7.1850000000E+01   1.5637180865E+01   1.4546447134E+04   6.3575982853E+02   1.2543322688E-01   6.2772103677E-02   5.5430269470E+02   1.4709928588E+01   1.0220372372E+03   2.7012042561E+01   2.5173702879E+03
 -7.1800000000E+01   1.5802530486E+01   1.4532451193E+04   6.3399626542E+02   1.2669381184E-01   6.3335505194E-02   5.5361024920E+02   1.4709928588E+01   1.0220372372E+03   2.7012042561E+01   2.5173702879E+03
 -7.1750000000E+01   1.5969569102E+01   1.4518455288E+04   6.3223759435E+02   1.2796706509E-01   6.3903891344E-02   5.5291866872E+02   1.4709928588E+01   1.0220372372E+03   2.7012042561E+01   2.5173702879E+03
 -7.1700000000E+01   1.6138313117E+01   1.4504459421E+04   6.3048380173E+02   1.2925311391E-01   6.4477305421E-02   5.5222795217E+02   1.4709928588E+01   1.0220372372E+03   2.7012042561E+01   2.5173702879E+03
 -7.1650000000E+01   1.6308779083E+01   1.4490463590E+04   6.2873487403E+02   1.3055208691E-01   6.5055791087E-02   5.5153809848E+02   1.4709928588E+01   1.0220372372E+03   2.7012042561E+01   2.5173702879E+03
 -7.1600000000E+01   1.6480983700E+01   1.4476467797E+04   6.2699079777E+02   1.3186411394E-01   6.5639392371E-02   5.5084910656E+02   1.4709928588E+01   1.0220372372E+03   2.7012042561E+01   2.5173702879E+03
 -7.1550000000E+01   1.6654943817E+01   1.4462472042E+04   6.2525155948E+02   1.3318932619E-01   6.6228153678E-02   5.5016097535E+02   1.4709928588E+01   1.0220372372E+03   2.7012042561E+01   2.5173702879E+03
 -7.1500000000E+01   1.6830676435E+01   1.4448476325E+04   6.2351714574E+02   1.3452785615E-01   6.6822119788E-02   5.4947370377E+02   1.4709928588E+01   1.0220372372E+03   2.7012042561E+01   2.5173702879E+03
 -7.1450000000E+01   1.7008198705E+01   1.4434480646E+04   6.2178754317E+02   1.3587983766E-01   6.7421335858E-02   5.4878729074E+02   1.4709928588E+01   1.0220372372E+03   2.7012042561E+01   2.5173702879E+03
 -7.1400000000E+01   1.7187527931E+01   1.4420485006E+04   6.2006273842E+02   1.3724540587E-01   6.8025847431E-02   5.4810173518E+02   1.4709928588E+01   1.0220372372E+03   2.7012042561E+01   2.5173702879E+03
 -7.1350000000E+01   1.7368681573E+01   1.4406489404E+04   6.1834271819E+02   1.3862469733E-01   6.8635700431E-02   5.4741703604E+02   1.4709928588E+01   1.0220372372E+03   2.7012042561E+01   2.5173702879E+03
 -7.1300000000E+01   1.7551677244E+01   1.4392493843E+04   6.1662746920E+02   1.4001784993E-01   6.9250941173E-02   5.4673319224E+02   1.4709928588E+01   1.0220372372E+03   2.7012042561E+01   2.5173702879E+03
 -7.1250000000E+01   1.7736532715E+01   1.4378498321E+04   6.1491697821E+02   1.4142500297E-01   6.9871616365E-02   5.4605020270E+02   1.4709928588E+01   1.0220372372E+03   2.7012042561E+01   2.5173702879E+03
 -7.1200000000E+01   1.7923265913E+01   1.4364502839E+04   6.1321123204E+02   1.4284629712E-01   7.0497773106E-02   5.4536806637E+02   1.4709928588E+01   1.0220372372E+03   2.7012042561E+01   2.5173702879E+03
 -7.1150000000E+01   1.8111894927E+01   1.4350507398E+04   6.1151021751E+02   1.4428187449E-01   7.1129458895E-02   5.4468678218E+02   1.4709928588E+01   1.0220372372E+03   2.7012042561E+01   2.5173702879E+03
 -7.1100000000E+01   1.8302438001E+01   1.4336511998E+04   6.0981392151E+02   1.4573187860E-01   7.1766721633E-02   5.4400634906E+02   1.4709928588E+01   1.0220372372E+03   2.7012042561E+01   2.5173702879E+03
 -7.1050000000E+01   1.8494913546E+01   1.4322516639E+04   6.0812233093E+02   1.4719645444E-01   7.2409609625E-02   5.4332676596E+02   1.4709928588E+01   1.0220372372E+03   2.7012042561E+01   2.5173702879E+03
 -7.1000000000E+01   1.8689340131E+01   1.4308521321E+04   6.0643543274E+02   1.4867574841E-01   7.3058171583E-02   5.4264803180E+02   1.4709928588E+01   1.0220372372E+03   2.7012042561E+01   2.5173702879E+03
 -7.0950000000E+01   1.8885736491E+01   1.4294526045E+04   6.0475321391E+02   1.5016990843E-01   7.3712456631E-02   5.4197014552E+02   1.4709928588E+01   1.0220372372E+03   2.7012042561E+01   2.5173702879E+03
 -7.0900000000E+01   1.9084121525E+01   1.4280530812E+04   6.0307566146E+02   1.5167908387E-01   7.4372514306E-02   5.4129310608E+02   1.4709928588E+01   1.0220372372E+03   2.7012042561E+01   2.5173702879E+03
 -7.0850000000E+01   1.9284514298E+01   1.4266535621E+04   6.0140276246E+02   1.5320342562E-01   7.5038394566E-02   5.4061691241E+02   1.4709928588E+01   1.0220372372E+03   2.7012042561E+01   2.5173702879E+03
 -7.0800000000E+01   1.9486934043E+01   1.4252540474E+04   5.9973450398E+02   1.5474308608E-01   7.5710147788E-02   5.3994156345E+02   1.4709928588E+01   1.0220372372E+03   2.7012042561E+01   2.5173702879E+03
 -7.0750000000E+01   1.9691400162E+01   1.4238545369E+04   5.9807087316E+02   1.5629821918E-01   7.6387824772E-02   5.3926705815E+02   1.4709928588E+01   1.0220372372E+03   2.7012042561E+01   2.5173702879E+03
 -7.0700000000E+01   1.9897932226E+01   1.4224550309E+04   5.9641185716E+02   1.5786898040E-01   7.7071476751E-02   5.3859339545E+02   1.4709928588E+01   1.0220372372E+03   2.7012042561E+01   2.5173702879E+03
 -7.0650000000E+01   2.0106549978E+01   1.4210555293E+04   5.9475744319E+02   1.5945552678E-01   7.7761155385E-02   5.3792057431E+02   1.4709928588E+01   1.0220372372E+03   2.7012042561E+01   2.5173702879E+03
 -7.0600000000E+01   2.0317273332E+01   1.4196560321E+04   5.9310761846E+02   1.6105801695E-01   7.8456912772E-02   5.3724859366E+02   1.4709928588E+01   1.0220372372E+03   2.7012042561E+01   2.5173702879E+03
 -7.0550000000E+01   2.0530122376E+01   1.4182565395E+04   5.9146237026E+02   1.6267661110E-01   7.9158801446E-02   5.3657745247E+02   1.4709928588E+01   1.0220372372E+03   2.7012042561E+01   2.5173702879E+03
 -7.0500000000E+01   2.0745117376E+01   1.4168570513E+04   5.8982168589E+02   1.6431147106E-01   7.9866874387E-02   5.3590714968E+02   1.4709928588E+01   1.0220372372E+03   2.7012042561E+01   2.5173702879E+03
 -7.0450000000E+01   2.0962278769E+01   1.4154575678E+04   5.8818555269E+02   1.6596276028E-01   8.0581185018E-02   5.3523768425E+02   1.4709928588E+01   1.0220372372E+03   2.7012042561E+01   2.5173702879E+03
 -7.0400000000E+01   2.1181627174E+01   1.4140580889E+04   5.8655395803E+02   1.6763064385E-01   8.1301787211E-02   5.3456905512E+02   1.4709928588E+01   1.0220372372E+03   2.7012042561E+01   2.5173702879E+03
 -7.0350000000E+01   2.1403183387E+01   1.4126586146E+04   5.8492688933E+02   1.6931528852E-01   8.2028735293E-02   5.3390126126E+02   1.4709928588E+01   1.0220372372E+03   2.7012042561E+01   2.5173702879E+03
 -7.0300000000E+01   2.1626968384E+01   1.4112591450E+04   5.8330433403E+02   1.7101686271E-01   8.2762084046E-02   5.3323430162E+02   1.4709928588E+01   1.0220372372E+03   2.7012042561E+01   2.5173702879E+03
 -7.0250000000E+01   2.1853003322E+01   1.4098596802E+04   5.8168627961E+02   1.7273553653E-01   8.3501888715E-02   5.3256817516E+02   1.4709928588E+01   1.0220372372E+03   2.7012042561E+01   2.5173702879E+03
 -7.0200000000E+01   2.2081309543E+01   1.4084602202E+04   5.8007271358E+02   1.7447148181E-01   8.4248205006E-02   5.3190288084E+02   1.4709928588E+01   1.0220372372E+03   2.7012042561E+01   2.5173702879E+03
 -7.0150000000E+01   2.2311908570E+01   1.4070607650E+04   5.7846362349E+02   1.7622487210E-01   8.5001089095E-02   5.3123841761E+02   1.4709928588E+01   1.0220372372E+03   2.7012042561E+01   2.5173702879E+03
 -7.0100000000E+01   2.2544822113E+01   1.4056613146E+04   5.7685899694E+02   1.7799588270E-01   8.5760597630E-02   5.3057478445E+02   1.4709928588E+01   1.0220372372E+03   2.7012042561E+01   2.5173702879E+03
 -7.0050000000E+01   2.2780072069E+01   1.4042618692E+04   5.7525882153E+02   1.7978469066E-01   8.6526787731E-02   5.2991198031E+02   1.4709928588E+01   1.0220372372E+03   2.7012042561E+01   2.5173702879E+03
 -7.0000000000E+01   2.3017680523E+01   1.4028624287E+04   5.7366308492E+02   1.8159147481E-01   8.7299717003E-02   5.2925000415E+02   1.4709928588E+01   1.0220372372E+03   2.7012042561E+01   2.5173702879E+03
 -6.9950000000E+01   2.3257669748E+01   1.4014629932E+04   5.7207177480E+02   1.8341641579E-01   8.8079443528E-02   5.2858885495E+02   1.4709928588E+01   1.0220372372E+03   2.7012042561E+01   2.5173702879E+03
 -6.9900000000E+01   2.3500062209E+01   1.4000635628E+04   5.7048487888E+02   1.8525969604E-01   8.8866025881E-02   5.2792853167E+02   1.4709928588E+01   1.0220372372E+03   2.7012042561E+01   2.5173702879E+03
 -6.9850000000E+01   2.3744880563E+01   1.3986641374E+04   5.6890238493E+02   1.8712149984E-01   8.9659523124E-02   5.2726903328E+02   1.4709928588E+01   1.0220372372E+03   2.7012042561E+01   2.5173702879E+03
 -6.9800000000E+01   2.3992147660E+01   1.3972647172E+04   5.6732428073E+02   1.8900201332E-01   9.0459994816E-02   5.2661035875E+02   1.4709928588E+01   1.0220372372E+03   2.7012042561E+01   2.5173702879E+03
 -6.9750000000E+01   2.4241886545E+01   1.3958653022E+04   5.6575055410E+02   1.9090142447E-01   9.1267501014E-02   5.2595250704E+02   1.4709928588E+01   1.0220372372E+03   2.7012042561E+01   2.5173702879E+03
 -6.9700000000E+01   2.4494120459E+01   1.3944658923E+04   5.6418119290E+02   1.9281992320E-01   9.2082102278E-02   5.2529547714E+02   1.4709928588E+01   1.0220372372E+03   2.7012042561E+01   2.5173702879E+03
 -6.9650000000E+01   2.4748872840E+01   1.3930664878E+04   5.6261618503E+02   1.9475770129E-01   9.2903859676E-02   5.2463926800E+02   1.4709928588E+01   1.0220372372E+03   2.7012042561E+01   2.5173702879E+03
 -6.9600000000E+01   2.5006167326E+01   1.3916670885E+04   5.6105551841E+02   1.9671495247E-01   9.3732834786E-02   5.2398387862E+02   1.4709928588E+01   1.0220372372E+03   2.7012042561E+01   2.5173702879E+03
 -6.9550000000E+01   2.5266027755E+01   1.3902676946E+04   5.5949918099E+02   1.9869187241E-01   9.4569089702E-02   5.2332930797E+02   1.4709928588E+01   1.0220372372E+03   2.7012042561E+01   2.5173702879E+03
 -6.9500000000E+01   2.5528478166E+01   1.3888683061E+04   5.5794716076E+02   2.0068865874E-01   9.5412687038E-02   5.2267555501E+02   1.4709928588E+01   1.0220372372E+03   2.7012042561E+01   2.5173702879E+03
 -6.9450000000E+01   2.5793542802E+01   1.3874689231E+04   5.5639944575E+02   2.0270551108E-01   9.6263689930E-02   5.2202261874E+02   1.4709928588E+01   1.0220372372E+03   2.7012042561E+01   2.5173702879E+03
 -6.9400000000E+01   2.6061246109E+01   1.3860695456E+04   5.5485602402E+02   2.0474263105E-01   9.7122162043E-02   5.2137049813E+02   1.4709928588E+01   1.0220372372E+03   2.7012042561E+01   2.5173702879E+03
 -6.9350000000E+01   2.6331612740E+01   1.3846701736E+04   5.5331688366E+02   2.0680022232E-01   9.7988167573E-02   5.2071919215E+02   1.4709928588E+01   1.0220372372E+03   2.7012042561E+01   2.5173702879E+03
 -6.9300000000E+01   2.6604667555E+01   1.3832708073E+04   5.5178201279E+02   2.0887849058E-01   9.8861771254E-02   5.2006869981E+02   1.4709928588E+01   1.0220372372E+03   2.7012042561E+01   2.5173702879E+03
 -6.9250000000E+01   2.6880435622E+01   1.3818714465E+04   5.5025139957E+02   2.1097764358E-01   9.9743038358E-02   5.1941902007E+02   1.4709928588E+01   1.0220372372E+03   2.7012042561E+01   2.5173702879E+03
 -6.9200000000E+01   2.7158942220E+01   1.3804720915E+04   5.4872503219E+02   2.1309789119E-01   1.0063203471E-01   5.1877015192E+02   1.4709928588E+01   1.0220372372E+03   2.7012042561E+01   2.5173702879E+03
 -6.9150000000E+01   2.7440212840E+01   1.3790727422E+04   5.4720289886E+02   2.1523944536E-01   1.0152882666E-01   5.1812209435E+02   1.4709928588E+01   1.0220372372E+03   2.7012042561E+01   2.5173702879E+03
 -6.9100000000E+01   2.7724273184E+01   1.3776733987E+04   5.4568498785E+02   2.1740252018E-01   1.0243348115E-01   5.1747484635E+02   1.4709928588E+01   1.0220372372E+03   2.7012042561E+01   2.5173702879E+03
 -6.9050000000E+01   2.8011149170E+01   1.3762740611E+04   5.4417128744E+02   2.1958733188E-01   1.0334606565E-01   5.1682840690E+02   1.4709928588E+01   1.0220372372E+03   2.7012042561E+01   2.5173702879E+03
 -6.9000000000E+01   2.8300866930E+01   1.3748747294E+04   5.4266178596E+02   2.2179409889E-01   1.0426664821E-01   5.1618277499E+02   1.4709928588E+01   1.0220372372E+03   2.7012042561E+01   2.5173702879E+03
 -6.8950000000E+01   2.8593452815E+01   1.3734754036E+04   5.4115647175E+02   2.2402304180E-01   1.0519529742E-01   5.1553794962E+02   1.4709928588E+01   1.0220372372E+03   2.7012042561E+01   2.5173702879E+03
 -6.8900000000E+01   2.8888933395E+01   1.3720760838E+04   5.3965533320E+02   2.2627438344E-01   1.0613208248E-01   5.1489392978E+02   1.4709928588E+01   1.0220372372E+03   2.7012042561E+01   2.5173702879E+03
 -6.8850000000E+01   2.9187335457E+01   1.3706767701E+04   5.3815835872E+02   2.2854834887E-01   1.0707707314E-01   5.1425071446E+02   1.4709928588E+01   1.0220372372E+03   2.7012042561E+01   2.5173702879E+03
 -6.8800000000E+01   2.9488686012E+01   1.3692774625E+04   5.3666553677E+02   2.3084516540E-01   1.0803033974E-01   5.1360830266E+02   1.4709928588E+01   1.0220372372E+03   2.7012042561E+01   2.5173702879E+03
 -6.8750000000E+01   2.9793012295E+01   1.3678781610E+04   5.3517685583E+02   2.3316506264E-01   1.0899195320E-01   5.1296669337E+02   1.4709928588E+01   1.0220372372E+03   2.7012042561E+01   2.5173702879E+03
 -6.8700000000E+01   3.0100341762E+01   1.3664788658E+04   5.3369230441E+02   2.3550827251E-01   1.0996198504E-01   5.1232588559E+02   1.4709928588E+01   1.0220372372E+03   2.7012042561E+01   2.5173702879E+03
 -6.8650000000E+01   3.0410702098E+01   1.3650795769E+04   5.3221187105E+02   2.3787502924E-01   1.1094050736E-01   5.1168587832E+02   1.4709928588E+01   1.0220372372E+03   2.7012042561E+01   2.5173702879E+03
 -6.8600000000E+01   3.0724121214E+01   1.3636802942E+04   5.3073554434E+02   2.4026556943E-01   1.1192759287E-01   5.1104667056E+02   1.4709928588E+01   1.0220372372E+03   2.7012042561E+01   2.5173702879E+03
 -6.8550000000E+01   3.1040627250E+01   1.3622810180E+04   5.2926331287E+02   2.4268013205E-01   1.1292331489E-01   5.1040826132E+02   1.4709928588E+01   1.0220372372E+03   2.7012042561E+01   2.5173702879E+03
 -6.8500000000E+01   3.1360248576E+01   1.3608817482E+04   5.2779516530E+02   2.4511895847E-01   1.1392774733E-01   5.0977064958E+02   1.4709928588E+01   1.0220372372E+03   2.7012042561E+01   2.5173702879E+03
 -6.8450000000E+01   3.1683013795E+01   1.3594824849E+04   5.2633109028E+02   2.4758229248E-01   1.1494096473E-01   5.0913383436E+02   1.4709928588E+01   1.0220372372E+03   2.7012042561E+01   2.5173702879E+03
 -6.8400000000E+01   3.2008951741E+01   1.3580832281E+04   5.2487107653E+02   2.5007038032E-01   1.1596304224E-01   5.0849781466E+02   1.4709928588E+01   1.0220372372E+03   2.7012042561E+01   2.5173702879E+03
 -6.8350000000E+01   3.2338091485E+01   1.3566839779E+04   5.2341511278E+02   2.5258347073E-01   1.1699405565E-01   5.0786258949E+02   1.4709928588E+01   1.0220372372E+03   2.7012042561E+01   2.5173702879E+03
 -6.8300000000E+01   3.2670462332E+01   1.3552847344E+04   5.2196318779E+02   2.5512181490E-01   1.1803408136E-01   5.0722815786E+02   1.4709928588E+01   1.0220372372E+03   2.7012042561E+01   2.5173702879E+03
 -6.8250000000E+01   3.3006093828E+01   1.3538854977E+04   5.2051529036E+02   2.5768566659E-01   1.1908319640E-01   5.0659451877E+02   1.4709928588E+01   1.0220372372E+03   2.7012042561E+01   2.5173702879E+03
 -6.8200000000E+01   3.3345015754E+01   1.3524862677E+04   5.1907140932E+02   2.6027528208E-01   1.2014147847E-01   5.0596167123E+02   1.4709928588E+01   1.0220372372E+03   2.7012042561E+01   2.5173702879E+03
 -6.8150000000E+01   3.3687258135E+01   1.3510870445E+04   5.1763153353E+02   2.6289092024E-01   1.2120900588E-01   5.0532961426E+02   1.4709928588E+01   1.0220372372E+03   2.7012042561E+01   2.5173702879E+03
 -6.8100000000E+01   3.4032851237E+01   1.3496878283E+04   5.1619565188E+02   2.6553284252E-01   1.2228585760E-01   5.0469834687E+02   1.4709928588E+01   1.0220372372E+03   2.7012042561E+01   2.5173702879E+03
 -6.8050000000E+01   3.4381825570E+01   1.3482886190E+04   5.1476375328E+02   2.6820131302E-01   1.2337211326E-01   5.0406786806E+02   1.4709928588E+01   1.0220372372E+03   2.7012042561E+01   2.5173702879E+03
 -6.8000000000E+01   3.4734211887E+01   1.3468894168E+04   5.1333582669E+02   2.7089659848E-01   1.2446785314E-01   5.0343817687E+02   1.4709928588E+01   1.0220372372E+03   2.7012042561E+01   2.5173702879E+03
 -6.7950000000E+01   3.5090041191E+01   1.3454902216E+04   5.1191186109E+02   2.7361896832E-01   1.2557315820E-01   5.0280927229E+02   1.4709928588E+01   1.0220372372E+03   2.7012042561E+01   2.5173702879E+03
 -6.7900000000E+01   3.5449344731E+01   1.3440910336E+04   5.1049184550E+02   2.7636869467E-01   1.2668811006E-01   5.0218115336E+02   1.4709928588E+01   1.0220372372E+03   2.7012042561E+01   2.5173702879E+03
 -6.7850000000E+01   3.5812154007E+01   1.3426918528E+04   5.0907576895E+02   2.7914605239E-01   1.2781279100E-01   5.0155381908E+02   1.4709928588E+01   1.0220372372E+03   2.7012042561E+01   2.5173702879E+03
 -6.7800000000E+01   3.6178500769E+01   1.3412926792E+04   5.0766362052E+02   2.8195131911E-01   1.2894728401E-01   5.0092726849E+02   1.4709928588E+01   1.0220372372E+03   2.7012042561E+01   2.5173702879E+03
 -6.7750000000E+01   3.6548417020E+01   1.3398935130E+04   5.0625538931E+02   2.8478477523E-01   1.3009167275E-01   5.0030150059E+02   1.4709928588E+01   1.0220372372E+03   2.7012042561E+01   2.5173702879E+03
 -6.7700000000E+01   3.6921935018E+01   1.3384943542E+04   5.0485106446E+02   2.8764670399E-01   1.3124604156E-01   4.9967651441E+02   1.4709928588E+01   1.0220372372E+03   2.7012042561E+01   2.5173702879E+03
 -6.7650000000E+01   3.7299087275E+01   1.3370952029E+04   5.0345063513E+02   2.9053739144E-01   1.3241047550E-01   4.9905230897E+02   1.4709928588E+01   1.0220372372E+03   2.7012042561E+01   2.5173702879E+03
 -6.7600000000E+01   3.7679906563E+01   1.3356960590E+04   5.0205409052E+02   2.9345712655E-01   1.3358506031E-01   4.9842888331E+02   1.4709928588E+01   1.0220372372E+03   2.7012042561E+01   2.5173702879E+03
 -6.7550000000E+01   3.8064425910E+01   1.3342969228E+04   5.0066141984E+02   2.9640620116E-01   1.3476988246E-01   4.9780623644E+02   1.4709928588E+01   1.0220372372E+03   2.7012042561E+01   2.5173702879E+03
 -6.7500000000E+01   3.8452678605E+01   1.3328977943E+04   4.9927261236E+02   2.9938491004E-01   1.3596502912E-01   4.9718436740E+02   1.4709928588E+01   1.0220372372E+03   2.7012042561E+01   2.5173702879E+03
 -6.7450000000E+01   3.8844698201E+01   1.3314986734E+04   4.9788765735E+02   3.0239355095E-01   1.3717058817E-01   4.9656327520E+02   1.4709928588E+01   1.0220372372E+03   2.7012042561E+01   2.5173702879E+03
 -6.7400000000E+01   3.9240518511E+01   1.3300995604E+04   4.9650654413E+02   3.0543242460E-01   1.3838664823E-01   4.9594295888E+02   1.4709928588E+01   1.0220372372E+03   2.7012042561E+01   2.5173702879E+03
 -6.7350000000E+01   3.9640173614E+01   1.3287004552E+04   4.9512926204E+02   3.0850183475E-01   1.3961329865E-01   4.9532341748E+02   1.4709928588E+01   1.0220372372E+03   2.7012042561E+01   2.5173702879E+03
 -6.7300000000E+01   4.0043697857E+01   1.3273013580E+04   4.9375580046E+02   3.1160208820E-01   1.4085062951E-01   4.9470465002E+02   1.4709928588E+01   1.0220372372E+03   2.7012042561E+01   2.5173702879E+03
 -6.7250000000E+01   4.0451125853E+01   1.3259022687E+04   4.9238614879E+02   3.1473349485E-01   1.4209873164E-01   4.9408665553E+02   1.4709928588E+01   1.0220372372E+03   2.7012042561E+01   2.5173702879E+03
 -6.7200000000E+01   4.0862492484E+01   1.3245031875E+04   4.9102029646E+02   3.1789636767E-01   1.4335769659E-01   4.9346943306E+02   1.4709928588E+01   1.0220372372E+03   2.7012042561E+01   2.5173702879E+03
 -6.7150000000E+01   4.1277832906E+01   1.3231041145E+04   4.8965823292E+02   3.2109102282E-01   1.4462761670E-01   4.9285298163E+02   1.4709928588E+01   1.0220372372E+03   2.7012042561E+01   2.5173702879E+03
 -6.7100000000E+01   4.1697182543E+01   1.3217050497E+04   4.8829994768E+02   3.2431777960E-01   1.4590858504E-01   4.9223730028E+02   1.4709928588E+01   1.0220372372E+03   2.7012042561E+01   2.5173702879E+03
 -6.7050000000E+01   4.2120577097E+01   1.3203059931E+04   4.8694543025E+02   3.2757696054E-01   1.4720069547E-01   4.9162238806E+02   1.4709928588E+01   1.0220372372E+03   2.7012042561E+01   2.5173702879E+03
 -6.7000000000E+01   4.2548052543E+01   1.3189069449E+04   4.8559467017E+02   3.3086889141E-01   1.4850404261E-01   4.9100824399E+02   1.4709928588E+01   1.0220372372E+03   2.7012042561E+01   2.5173702879E+03
 -6.6950000000E+01   4.2979645134E+01   1.3175079051E+04   4.8424765703E+02   3.3419390123E-01   1.4981872186E-01   4.9039486713E+02   1.4709928588E+01   1.0220372372E+03   2.7012042561E+01   2.5173702879E+03
 -6.6900000000E+01   4.3415391400E+01   1.3161088739E+04   4.8290438043E+02   3.3755232234E-01   1.5114482938E-01   4.8978225651E+02   1.4709928588E+01   1.0220372372E+03   2.7012042561E+01   2.5173702879E+03
 -6.6850000000E+01   4.3855328155E+01   1.3147098512E+04   4.8156483000E+02   3.4094449042E-01   1.5248246216E-01   4.8917041117E+02   1.4709928588E+01   1.0220372372E+03   2.7012042561E+01   2.5173702879E+03
 -6.6800000000E+01   4.4299492489E+01   1.3133108371E+04   4.8022899541E+02   3.4437074451E-01   1.5383171796E-01   4.8855933016E+02   1.4709928588E+01   1.0220372372E+03   2.7012042561E+01   2.5173702879E+03
 -6.6750000000E+01   4.4747921780E+01   1.3119118318E+04   4.7889686636E+02   3.4783142707E-01   1.5519269534E-01   4.8794901252E+02   1.4709928588E+01   1.0220372372E+03   2.7012042561E+01   2.5173702879E+03
 -6.6700000000E+01   4.5200653688E+01   1.3105128353E+04   4.7756843256E+02   3.5132688399E-01   1.5656549369E-01   4.8733945731E+02   1.4709928588E+01   1.0220372372E+03   2.7012042561E+01   2.5173702879E+03
 -6.6650000000E+01   4.5657726160E+01   1.3091138476E+04   4.7624368377E+02   3.5485746464E-01   1.5795021319E-01   4.8673066356E+02   1.4709928588E+01   1.0220372372E+03   2.7012042561E+01   2.5173702879E+03
 -6.6600000000E+01   4.6119177430E+01   1.3077148689E+04   4.7492260975E+02   3.5842352188E-01   1.5934695485E-01   4.8612263033E+02   1.4709928588E+01   1.0220372372E+03   2.7012042561E+01   2.5173702879E+03
 -6.6550000000E+01   4.6585046021E+01   1.3063158993E+04   4.7360520032E+02   3.6202541214E-01   1.6075582052E-01   4.8551535667E+02   1.4709928588E+01   1.0220372372E+03   2.7012042561E+01   2.5173702879E+03
 -6.6500000000E+01   4.7055370748E+01   1.3049169387E+04   4.7229144532E+02   3.6566349541E-01   1.6217691285E-01   4.8490884163E+02   1.4709928588E+01   1.0220372372E+03   2.7012042561E+01   2.5173702879E+03
 -6.6450000000E+01   4.7530190717E+01   1.3035179873E+04   4.7098133459E+02   3.6933813531E-01   1.6361033538E-01   4.8430308425E+02   1.4709928588E+01   1.0220372372E+03   2.7012042561E+01   2.5173702879E+03
 -6.6400000000E+01   4.8009545328E+01   1.3021190452E+04   4.6967485805E+02   3.7304969910E-01   1.6505619244E-01   4.8369808360E+02   1.4709928588E+01   1.0220372372E+03   2.7012042561E+01   2.5173702879E+03
 -6.6350000000E+01   4.8493474275E+01   1.3007201125E+04   4.6837200560E+02   3.7679855773E-01   1.6651458926E-01   4.8309383873E+02   1.4709928588E+01   1.0220372372E+03   2.7012042561E+01   2.5173702879E+03
 -6.6300000000E+01   4.8982017552E+01   1.2993211891E+04   4.6707276719E+02   3.8058508588E-01   1.6798563191E-01   4.8249034869E+02   1.4709928588E+01   1.0220372372E+03   2.7012042561E+01   2.5173702879E+03
 -6.6250000000E+01   4.9475215448E+01   1.2979222753E+04   4.6577713279E+02   3.8440966200E-01   1.6946942732E-01   4.8188761254E+02   1.4709928588E+01   1.0220372372E+03   2.7012042561E+01   2.5173702879E+03
 -6.6200000000E+01   4.9973108551E+01   1.2965233711E+04   4.6448509242E+02   3.8827266832E-01   1.7096608331E-01   4.8128562934E+02   1.4709928588E+01   1.0220372372E+03   2.7012042561E+01   2.5173702879E+03
 -6.6150000000E+01   5.0475737754E+01   1.2951244766E+04   4.6319663610E+02   3.9217449092E-01   1.7247570857E-01   4.8068439816E+02   1.4709928588E+01   1.0220372372E+03   2.7012042561E+01   2.5173702879E+03
 -6.6100000000E+01   5.0983144250E+01   1.2937255918E+04   4.6191175388E+02   3.9611551977E-01   1.7399841268E-01   4.8008391804E+02   1.4709928588E+01   1.0220372372E+03   2.7012042561E+01   2.5173702879E+03
 -6.6050000000E+01   5.1495369536E+01   1.2923267168E+04   4.6063043586E+02   4.0009614873E-01   1.7553430611E-01   4.7948418805E+02   1.4709928588E+01   1.0220372372E+03   2.7012042561E+01   2.5173702879E+03
 -6.6000000000E+01   5.2012455415E+01   1.2909278518E+04   4.5935267214E+02   4.0411677563E-01   1.7708350023E-01   4.7888520725E+02   1.4709928588E+01   1.0220372372E+03   2.7012042561E+01   2.5173702879E+03
 -6.5950000000E+01   5.2534443997E+01   1.2895289968E+04   4.5807845287E+02   4.0817780230E-01   1.7864610732E-01   4.7828697472E+02   1.4709928588E+01   1.0220372372E+03   2.7012042561E+01   2.5173702879E+03
 -6.5900000000E+01   5.3061377702E+01   1.2881301519E+04   4.5680776821E+02   4.1227963459E-01   1.8022224058E-01   4.7768948951E+02   1.4709928588E+01   1.0220372372E+03   2.7012042561E+01   2.5173702879E+03
 -6.5850000000E+01   5.3593299257E+01   1.2867313172E+04   4.5554060837E+02   4.1642268245E-01   1.8181201413E-01   4.7709275068E+02   1.4709928588E+01   1.0220372372E+03   2.7012042561E+01   2.5173702879E+03
 -6.5800000000E+01   5.4130251704E+01   1.2853324928E+04   4.5427696356E+02   4.2060735991E-01   1.8341554301E-01   4.7649675732E+02   1.4709928588E+01   1.0220372372E+03   2.7012042561E+01   2.5173702879E+03
 -6.5750000000E+01   5.4672278395E+01   1.2839336787E+04   4.5301682402E+02   4.2483408519E-01   1.8503294320E-01   4.7590150848E+02   1.4709928588E+01   1.0220372372E+03   2.7012042561E+01   2.5173702879E+03
 -6.5700000000E+01   5.5219422997E+01   1.2825348751E+04   4.5176018005E+02   4.2910328070E-01   1.8666433164E-01   4.7530700324E+02   1.4709928588E+01   1.0220372372E+03   2.7012042561E+01   2.5173702879E+03
 -6.5650000000E+01   5.5771729495E+01   1.2811360820E+04   4.5050702194E+02   4.3341537309E-01   1.8830982618E-01   4.7471324066E+02   1.4709928588E+01   1.0220372372E+03   2.7012042561E+01   2.5173702879E+03
 -6.5600000000E+01   5.6329242188E+01   1.2797372996E+04   4.4925734002E+02   4.3777079328E-01   1.8996954568E-01   4.7412021983E+02   1.4709928588E+01   1.0220372372E+03   2.7012042561E+01   2.5173702879E+03
 -6.5550000000E+01   5.6892005696E+01   1.2783385279E+04   4.4801112465E+02   4.4216997655E-01   1.9164360992E-01   4.7352793980E+02   1.4709928588E+01   1.0220372372E+03   2.7012042561E+01   2.5173702879E+03
 -6.5500000000E+01   5.7460064959E+01   1.2769397670E+04   4.4676836622E+02   4.4661336252E-01   1.9333213968E-01   4.7293639967E+02   1.4709928588E+01   1.0220372372E+03   2.7012042561E+01   2.5173702879E+03
 -6.5450000000E+01   5.8033465236E+01   1.2755410171E+04   4.4552905512E+02   4.5110139524E-01   1.9503525670E-01   4.7234559850E+02   1.4709928588E+01   1.0220372372E+03   2.7012042561E+01   2.5173702879E+03
 -6.5400000000E+01   5.8612252113E+01   1.2741422781E+04   4.4429318181E+02   4.5563452321E-01   1.9675308374E-01   4.7175553536E+02   1.4709928588E+01   1.0220372372E+03   2.7012042561E+01   2.5173702879E+03
 -6.5350000000E+01   5.9196471496E+01   1.2727435503E+04   4.4306073675E+02   4.6021319944E-01   1.9848574451E-01   4.7116620935E+02   1.4709928588E+01   1.0220372372E+03   2.7012042561E+01   2.5173702879E+03
 -6.5300000000E+01   5.9786169621E+01   1.2713448336E+04   4.4183171042E+02   4.6483788150E-01   2.0023336377E-01   4.7057761953E+02   1.4709928588E+01   1.0220372372E+03   2.7012042561E+01   2.5173702879E+03
 -6.5250000000E+01   6.0381393048E+01   1.2699461283E+04   4.4060609334E+02   4.6950903152E-01   2.0199606725E-01   4.6998976500E+02   1.4709928588E+01   1.0220372372E+03   2.7012042561E+01   2.5173702879E+03
 -6.5200000000E+01   6.0982188667E+01   1.2685474344E+04   4.3938387606E+02   4.7422711631E-01   2.0377398172E-01   4.6940264482E+02   1.4709928588E+01   1.0220372372E+03   2.7012042561E+01   2.5173702879E+03
 -6.5150000000E+01   6.1588603698E+01   1.2671487519E+04   4.3816504914E+02   4.7899260734E-01   2.0556723498E-01   4.6881625808E+02   1.4709928588E+01   1.0220372372E+03   2.7012042561E+01   2.5173702879E+03
 -6.5100000000E+01   6.2200685690E+01   1.2657500810E+04   4.3694960318E+02   4.8380598082E-01   2.0737595584E-01   4.6823060387E+02   1.4709928588E+01   1.0220372372E+03   2.7012042561E+01   2.5173702879E+03
 -6.5050000000E+01   6.2818482528E+01   1.2643514219E+04   4.3573752880E+02   4.8866771775E-01   2.0920027419E-01   4.6764568126E+02   1.4709928588E+01   1.0220372372E+03   2.7012042561E+01   2.5173702879E+03
 -6.5000000000E+01   6.3442042429E+01   1.2629527745E+04   4.3452881665E+02   4.9357830394E-01   2.1104032092E-01   4.6706148936E+02   1.4709928588E+01   1.0220372372E+03   2.7012042561E+01   2.5173702879E+03
 -6.4950000000E+01   6.4071413945E+01   1.2615541390E+04   4.3332345741E+02   4.9853823011E-01   2.1289622802E-01   4.6647802724E+02   1.4709928588E+01   1.0220372372E+03   2.7012042561E+01   2.5173702879E+03
 -6.4900000000E+01   6.4706645966E+01   1.2601555155E+04   4.3212144176E+02   5.0354799188E-01   2.1476812854E-01   4.6589529399E+02   1.4709928588E+01   1.0220372372E+03   2.7012042561E+01   2.5173702879E+03
 -6.4850000000E+01   6.5347787720E+01   1.2587569042E+04   4.3092276044E+02   5.0860808985E-01   2.1665615658E-01   4.6531328870E+02   1.4709928588E+01   1.0220372372E+03   2.7012042561E+01   2.5173702879E+03
 -6.4800000000E+01   6.5994888771E+01   1.2573583050E+04   4.2972740419E+02   5.1371902965E-01   2.1856044733E-01   4.6473201046E+02   1.4709928588E+01   1.0220372372E+03   2.7012042561E+01   2.5173702879E+03
 -6.4750000000E+01   6.6647999029E+01   1.2559597181E+04   4.2853536380E+02   5.1888132199E-01   2.2048113710E-01   4.6415145837E+02   1.4709928588E+01   1.0220372372E+03   2.7012042561E+01   2.5173702879E+03
 -6.4700000000E+01   6.7307168741E+01   1.2545611437E+04   4.2734663006E+02   5.2409548271E-01   2.2241836326E-01   4.6357163151E+02   1.4709928588E+01   1.0220372372E+03   2.7012042561E+01   2.5173702879E+03
 -6.4650000000E+01   6.7972448500E+01   1.2531625818E+04   4.2616119381E+02   5.2936203281E-01   2.2437226431E-01   4.6299252899E+02   1.4709928588E+01   1.0220372372E+03   2.7012042561E+01   2.5173702879E+03
 -6.4600000000E+01   6.8643889242E+01   1.2517640325E+04   4.2497904589E+02   5.3468149853E-01   2.2634297986E-01   4.6241414989E+02   1.4709928588E+01   1.0220372372E+03   2.7012042561E+01   2.5173702879E+03
 -6.4550000000E+01   6.9321542249E+01   1.2503654959E+04   4.2380017718E+02   5.4005441142E-01   2.2833065063E-01   4.6183649331E+02   1.4709928588E+01   1.0220372372E+03   2.7012042561E+01   2.5173702879E+03
 -6.4500000000E+01   7.0005459151E+01   1.2489669722E+04   4.2262457860E+02   5.4548130832E-01   2.3033541849E-01   4.6125955836E+02   1.4709928588E+01   1.0220372372E+03   2.7012042561E+01   2.5173702879E+03
 -6.4450000000E+01   7.0695691924E+01   1.2475684615E+04   4.2145224106E+02   5.5096273149E-01   2.3235742646E-01   4.6068334412E+02   1.4709928588E+01   1.0220372372E+03   2.7012042561E+01   2.5173702879E+03
 -6.4400000000E+01   7.1392292896E+01   1.2461699638E+04   4.2028315552E+02   5.5649922863E-01   2.3439681868E-01   4.6010784970E+02   1.4709928588E+01   1.0220372372E+03   2.7012042561E+01   2.5173702879E+03
 -6.4350000000E+01   7.2095314742E+01   1.2447714793E+04   4.1911731295E+02   5.6209135292E-01   2.3645374046E-01   4.5953307419E+02   1.4709928588E+01   1.0220372372E+03   2.7012042561E+01   2.5173702879E+03
 -6.4300000000E+01   7.2804810492E+01   1.2433730081E+04   4.1795470438E+02   5.6773966313E-01   2.3852833830E-01   4.5895901671E+02   1.4709928588E+01   1.0220372372E+03   2.7012042561E+01   2.5173702879E+03
 -6.4250000000E+01   7.3520833528E+01   1.2419745503E+04   4.1679532081E+02   5.7344472361E-01   2.4062075984E-01   4.5838567635E+02   1.4709928588E+01   1.0220372372E+03   2.7012042561E+01   2.5173702879E+03
 -6.4200000000E+01   7.4243437585E+01   1.2405761061E+04   4.1563915332E+02   5.7920710437E-01   2.4273115393E-01   4.5781305222E+02   1.4709928588E+01   1.0220372372E+03   2.7012042561E+01   2.5173702879E+03
 -6.4150000000E+01   7.4972676755E+01   1.2391776754E+04   4.1448619296E+02   5.8502738116E-01   2.4485967060E-01   4.5724114342E+02   1.4709928588E+01   1.0220372372E+03   2.7012042561E+01   2.5173702879E+03
 -6.4100000000E+01   7.5708605484E+01   1.2377792586E+04   4.1333643086E+02   5.9090613552E-01   2.4700646110E-01   4.5666994907E+02   1.4709928588E+01   1.0220372372E+03   2.7012042561E+01   2.5173702879E+03
 -6.4050000000E+01   7.6451278579E+01   1.2363808556E+04   4.1218985813E+02   5.9684395479E-01   2.4917167786E-01   4.5609946825E+02   1.4709928588E+01   1.0220372372E+03   2.7012042561E+01   2.5173702879E+03
 -6.4000000000E+01   7.7200751202E+01   1.2349824666E+04   4.1104646594E+02   6.0284143224E-01   2.5135547457E-01   4.5552970010E+02   1.4709928588E+01   1.0220372372E+03   2.7012042561E+01   2.5173702879E+03
 -6.3950000000E+01   7.7957078877E+01   1.2335840918E+04   4.0990624545E+02   6.0889916708E-01   2.5355800612E-01   4.5496064371E+02   1.4709928588E+01   1.0220372372E+03   2.7012042561E+01   2.5173702879E+03
 -6.3900000000E+01   7.8720317487E+01   1.2321857311E+04   4.0876918787E+02   6.1501776454E-01   2.5577942866E-01   4.5439229819E+02   1.4709928588E+01   1.0220372372E+03   2.7012042561E+01   2.5173702879E+03
 -6.3850000000E+01   7.9490523279E+01   1.2307873849E+04   4.0763528443E+02   6.2119783592E-01   2.5801989958E-01   4.5382466267E+02   1.4709928588E+01   1.0220372372E+03   2.7012042561E+01   2.5173702879E+03
 -6.3800000000E+01   8.0267752861E+01   1.2293890531E+04   4.0650452637E+02   6.2743999867E-01   2.6027957751E-01   4.5325773624E+02   1.4709928588E+01   1.0220372372E+03   2.7012042561E+01   2.5173702879E+03
 -6.3750000000E+01   8.1052063207E+01   1.2279907359E+04   4.0537690498E+02   6.3374487641E-01   2.6255862238E-01   4.5269151803E+02   1.4709928588E+01   1.0220372372E+03   2.7012042561E+01   2.5173702879E+03
 -6.3700000000E+01   8.1843511653E+01   1.2265924335E+04   4.0425241155E+02   6.4011309905E-01   2.6485719538E-01   4.5212600715E+02   1.4709928588E+01   1.0220372372E+03   2.7012042561E+01   2.5173702879E+03
 -6.3650000000E+01   8.2642155903E+01   1.2251941459E+04   4.0313103739E+02   6.4654530280E-01   2.6717545899E-01   4.5156120272E+02   1.4709928588E+01   1.0220372372E+03   2.7012042561E+01   2.5173702879E+03
 -6.3600000000E+01   8.3448054028E+01   1.2237958733E+04   4.0201277387E+02   6.5304213027E-01   2.6951357699E-01   4.5099710385E+02   1.4709928588E+01   1.0220372372E+03   2.7012042561E+01   2.5173702879E+03
 -6.3550000000E+01   8.4261264466E+01   1.2223976158E+04   4.0089761236E+02   6.5960423052E-01   2.7187171444E-01   4.5043370966E+02   1.4709928588E+01   1.0220372372E+03   2.7012042561E+01   2.5173702879E+03
 -6.3500000000E+01   8.5081846024E+01   1.2209993736E+04   3.9978554423E+02   6.6623225911E-01   2.7425003776E-01   4.4987101928E+02   1.4709928588E+01   1.0220372372E+03   2.7012042561E+01   2.5173702879E+03
 -6.3450000000E+01   8.5909857878E+01   1.2196011467E+04   3.9867656093E+02   6.7292687819E-01   2.7664871466E-01   4.4930903182E+02   1.4709928588E+01   1.0220372372E+03   2.7012042561E+01   2.5173702879E+03
 -6.3400000000E+01   8.6745359576E+01   1.2182029353E+04   3.9757065388E+02   6.7968875657E-01   2.7906791420E-01   4.4874774641E+02   1.4709928588E+01   1.0220372372E+03   2.7012042561E+01   2.5173702879E+03
 -6.3350000000E+01   8.7588411036E+01   1.2168047396E+04   3.9646781456E+02   6.8651856974E-01   2.8150780678E-01   4.4818716217E+02   1.4709928588E+01   1.0220372372E+03   2.7012042561E+01   2.5173702879E+03
 -6.3300000000E+01   8.8439072551E+01   1.2154065596E+04   3.9536803446E+02   6.9341699999E-01   2.8396856416E-01   4.4762727821E+02   1.4709928588E+01   1.0220372372E+03   2.7012042561E+01   2.5173702879E+03
 -6.3250000000E+01   8.9297404783E+01   1.2140083956E+04   3.9427130509E+02   7.0038473646E-01   2.8645035947E-01   4.4706809368E+02   1.4709928588E+01   1.0220372372E+03   2.7012042561E+01   2.5173702879E+03
 -6.3200000000E+01   9.0163468772E+01   1.2126102476E+04   3.9317761798E+02   7.0742247520E-01   2.8895336720E-01   4.4650960769E+02   1.4709928588E+01   1.0220372372E+03   2.7012042561E+01   2.5173702879E+03
 -6.3150000000E+01   9.1037325931E+01   1.2112121158E+04   3.9208696470E+02   7.1453091925E-01   2.9147776324E-01   4.4595181937E+02   1.4709928588E+01   1.0220372372E+03   2.7012042561E+01   2.5173702879E+03
 -6.3100000000E+01   9.1919038049E+01   1.2098140003E+04   3.9099933684E+02   7.2171077869E-01   2.9402372487E-01   4.4539472785E+02   1.4709928588E+01   1.0220372372E+03   2.7012042561E+01   2.5173702879E+03
 -6.3050000000E+01   9.2808667289E+01   1.2084159012E+04   3.8991472599E+02   7.2896277076E-01   2.9659143078E-01   4.4483833226E+02   1.4709928588E+01   1.0220372372E+03   2.7012042561E+01   2.5173702879E+03
 -6.3000000000E+01   9.3706276195E+01   1.2070178187E+04   3.8883312380E+02   7.3628761985E-01   2.9918106107E-01   4.4428263173E+02   1.4709928588E+01   1.0220372372E+03   2.7012042561E+01   2.5173702879E+03
 -6.2950000000E+01   9.4611927687E+01   1.2056197530E+04   3.8775452191E+02   7.4368605767E-01   3.0179279728E-01   4.4372762539E+02   1.4709928588E+01   1.0220372372E+03   2.7012042561E+01   2.5173702879E+03
 -6.2900000000E+01   9.5525685063E+01   1.2042217042E+04   3.8667891201E+02   7.5115882324E-01   3.0442682237E-01   4.4317331238E+02   1.4709928588E+01   1.0220372372E+03   2.7012042561E+01   2.5173702879E+03
 -6.2850000000E+01   9.6447611999E+01   1.2028236724E+04   3.8560628579E+02   7.5870666300E-01   3.0708332077E-01   4.4261969182E+02   1.4709928588E+01   1.0220372372E+03   2.7012042561E+01   2.5173702879E+03
 -6.2800000000E+01   9.7377772555E+01   1.2014256577E+04   3.8453663497E+02   7.6633033089E-01   3.0976247835E-01   4.4206676286E+02   1.4709928588E+01   1.0220372372E+03   2.7012042561E+01   2.5173702879E+03
 -6.2750000000E+01   9.8316231166E+01   1.2000276604E+04   3.8346995131E+02   7.7403058841E-01   3.1246448245E-01   4.4151452463E+02   1.4709928588E+01   1.0220372372E+03   2.7012042561E+01   2.5173702879E+03
 -6.2700000000E+01   9.9263052652E+01   1.1986296806E+04   3.8240622657E+02   7.8180820470E-01   3.1518952192E-01   4.4096297626E+02   1.4709928588E+01   1.0220372372E+03   2.7012042561E+01   2.5173702879E+03
 -6.2650000000E+01   1.0021830221E+02   1.1972317183E+04   3.8134545255E+02   7.8966395663E-01   3.1793778707E-01   4.4041211690E+02   1.4709928588E+01   1.0220372372E+03   2.7012042561E+01   2.5173702879E+03
 -6.2600000000E+01   1.0118204543E+02   1.1958337739E+04   3.8028762105E+02   7.9759862884E-01   3.2070946972E-01   4.3986194568E+02   1.4709928588E+01   1.0220372372E+03   2.7012042561E+01   2.5173702879E+03
 -6.2550000000E+01   1.0215434827E+02   1.1944358473E+04   3.7923272392E+02   8.0561301388E-01   3.2350476321E-01   4.3931246175E+02   1.4709928588E+01   1.0220372372E+03   2.7012042561E+01   2.5173702879E+03
 -6.2500000000E+01   1.0313527708E+02   1.1930379388E+04   3.7818075302E+02   8.1370791222E-01   3.2632386241E-01   4.3876366424E+02   1.4709928588E+01   1.0220372372E+03   2.7012042561E+01   2.5173702879E+03
 -6.2450000000E+01   1.0412489859E+02   1.1916400485E+04   3.7713170023E+02   8.2188413237E-01   3.2916696370E-01   4.3821555230E+02   1.4709928588E+01   1.0220372372E+03   2.7012042561E+01   2.5173702879E+03
 -6.2400000000E+01   1.0512327992E+02   1.1902421766E+04   3.7608555745E+02   8.3014249097E-01   3.3203426505E-01   4.3766812507E+02   1.4709928588E+01   1.0220372372E+03   2.7012042561E+01   2.5173702879E+03
 -6.2350000000E+01   1.0613048857E+02   1.1888443233E+04   3.7504231662E+02   8.3848381282E-01   3.3492596595E-01   4.3712138170E+02   1.4709928588E+01   1.0220372372E+03   2.7012042561E+01   2.5173702879E+03
 -6.2300000000E+01   1.0714659242E+02   1.1874464886E+04   3.7400196968E+02   8.4690893104E-01   3.3784226748E-01   4.3657532134E+02   1.4709928588E+01   1.0220372372E+03   2.7012042561E+01   2.5173702879E+03
 -6.2250000000E+01   1.0817165973E+02   1.1860486728E+04   3.7296450860E+02   8.5541868706E-01   3.4078337230E-01   4.3602994312E+02   1.4709928588E+01   1.0220372372E+03   2.7012042561E+01   2.5173702879E+03
 -6.2200000000E+01   1.0920575918E+02   1.1846508760E+04   3.7192992539E+02   8.6401393079E-01   3.4374948466E-01   4.3548524619E+02   1.4709928588E+01   1.0220372372E+03   2.7012042561E+01   2.5173702879E+03
 -6.2150000000E+01   1.1024895979E+02   1.1832530983E+04   3.7089821205E+02   8.7269552064E-01   3.4674081040E-01   4.3494122972E+02   1.4709928588E+01   1.0220372372E+03   2.7012042561E+01   2.5173702879E+03
 -6.2100000000E+01   1.1130133099E+02   1.1818553400E+04   3.6986936063E+02   8.8146432367E-01   3.4975755702E-01   4.3439789284E+02   1.4709928588E+01   1.0220372372E+03   2.7012042561E+01   2.5173702879E+03
 -6.2050000000E+01   1.1236294260E+02   1.1804576012E+04   3.6884336319E+02   8.9032121559E-01   3.5279993359E-01   4.3385523470E+02   1.4709928588E+01   1.0220372372E+03   2.7012042561E+01   2.5173702879E+03
 -6.2000000000E+01   1.1343386482E+02   1.1790598821E+04   3.6782021181E+02   8.9926708093E-01   3.5586815088E-01   4.3331325447E+02   1.4709928588E+01   1.0220372372E+03   2.7012042561E+01   2.5173702879E+03
 -6.1950000000E+01   1.1451416823E+02   1.1776621828E+04   3.6679989859E+02   9.0830281309E-01   3.5896242126E-01   4.3277195128E+02   1.4709928588E+01   1.0220372372E+03   2.7012042561E+01   2.5173702879E+03
 -6.1900000000E+01   1.1560392381E+02   1.1762645035E+04   3.6578241567E+02   9.1742931441E-01   3.6208295880E-01   4.3223132431E+02   1.4709928588E+01   1.0220372372E+03   2.7012042561E+01   2.5173702879E+03
 -6.1850000000E+01   1.1670320291E+02   1.1748668443E+04   3.6476775519E+02   9.2664749631E-01   3.6522997923E-01   4.3169137269E+02   1.4709928588E+01   1.0220372372E+03   2.7012042561E+01   2.5173702879E+03
 -6.1800000000E+01   1.1781207729E+02   1.1734692055E+04   3.6375590932E+02   9.3595827934E-01   3.6840369997E-01   4.3115209559E+02   1.4709928588E+01   1.0220372372E+03   2.7012042561E+01   2.5173702879E+03
 -6.1750000000E+01   1.1893061907E+02   1.1720715872E+04   3.6274687026E+02   9.4536259329E-01   3.7160434015E-01   4.3061349217E+02   1.4709928588E+01   1.0220372372E+03   2.7012042561E+01   2.5173702879E+03
 -6.1700000000E+01   1.2005890077E+02   1.1706739896E+04   3.6174063022E+02   9.5486137726E-01   3.7483212059E-01   4.3007556158E+02   1.4709928588E+01   1.0220372372E+03   2.7012042561E+01   2.5173702879E+03
 -6.1650000000E+01   1.2119699532E+02   1.1692764129E+04   3.6073718143E+02   9.6445557979E-01   3.7808726388E-01   4.2953830299E+02   1.4709928588E+01   1.0220372372E+03   2.7012042561E+01   2.5173702879E+03
 -6.1600000000E+01   1.2234497599E+02   1.1678788572E+04   3.5973651616E+02   9.7414615893E-01   3.8136999429E-01   4.2900171555E+02   1.4709928588E+01   1.0220372372E+03   2.7012042561E+01   2.5173702879E+03
 -6.1550000000E+01   1.2350291647E+02   1.1664813227E+04   3.5873862667E+02   9.8393408233E-01   3.8468053789E-01   4.2846579842E+02   1.4709928588E+01   1.0220372372E+03   2.7012042561E+01   2.5173702879E+03
 -6.1500000000E+01   1.2467089083E+02   1.1650838096E+04   3.5774350528E+02   9.9382032736E-01   3.8801912249E-01   4.2793055077E+02   1.4709928588E+01   1.0220372372E+03   2.7012042561E+01   2.5173702879E+03
 -6.1450000000E+01   1.2584897353E+02   1.1636863181E+04   3.5675114430E+02   1.0038058812E+00   3.9138597767E-01   4.2739597176E+02   1.4709928588E+01   1.0220372372E+03   2.7012042561E+01   2.5173702879E+03
 -6.1400000000E+01   1.2703723940E+02   1.1622888483E+04   3.5576153607E+02   1.0138917409E+00   3.9478133481E-01   4.2686206056E+02   1.4709928588E+01   1.0220372372E+03   2.7012042561E+01   2.5173702879E+03
 -6.1350000000E+01   1.2823576367E+02   1.1608914005E+04   3.5477467297E+02   1.0240789135E+00   3.9820542710E-01   4.2632881633E+02   1.4709928588E+01   1.0220372372E+03   2.7012042561E+01   2.5173702879E+03
 -6.1300000000E+01   1.2944462196E+02   1.1594939749E+04   3.5379054737E+02   1.0343684162E+00   4.0165848953E-01   4.2579623825E+02   1.4709928588E+01   1.0220372372E+03   2.7012042561E+01   2.5173702879E+03
 -6.1250000000E+01   1.3066389026E+02   1.1580965715E+04   3.5280915168E+02   1.0447612764E+00   4.0514075891E-01   4.2526432546E+02   1.4709928588E+01   1.0220372372E+03   2.7012042561E+01   2.5173702879E+03
 -6.1200000000E+01   1.3189364496E+02   1.1566991906E+04   3.5183047832E+02   1.0552585317E+00   4.0865247392E-01   4.2473307715E+02   1.4709928588E+01   1.0220372372E+03   2.7012042561E+01   2.5173702879E+03
 -6.1150000000E+01   1.3313396283E+02   1.1553018325E+04   3.5085451976E+02   1.0658612303E+00   4.1219387506E-01   4.2420249249E+02   1.4709928588E+01   1.0220372372E+03   2.7012042561E+01   2.5173702879E+03
 -6.1100000000E+01   1.3438492102E+02   1.1539044972E+04   3.4988126845E+02   1.0765704306E+00   4.1576520473E-01   4.2367257065E+02   1.4709928588E+01   1.0220372372E+03   2.7012042561E+01   2.5173702879E+03
 -6.1050000000E+01   1.3564659707E+02   1.1525071850E+04   3.4891071688E+02   1.0873872020E+00   4.1936670717E-01   4.2314331079E+02   1.4709928588E+01   1.0220372372E+03   2.7012042561E+01   2.5173702879E+03
 -6.1000000000E+01   1.3691906889E+02   1.1511098961E+04   3.4794285757E+02   1.0983126244E+00   4.2299862856E-01   4.2261471209E+02   1.4709928588E+01   1.0220372372E+03   2.7012042561E+01   2.5173702879E+03
 -6.0950000000E+01   1.3820241480E+02   1.1497126307E+04   3.4697768306E+02   1.1093477885E+00   4.2666121696E-01   4.2208677373E+02   1.4709928588E+01   1.0220372372E+03   2.7012042561E+01   2.5173702879E+03
 -6.0900000000E+01   1.3949671347E+02   1.1483153889E+04   3.4601518588E+02   1.1204937960E+00   4.3035472235E-01   4.2155949489E+02   1.4709928588E+01   1.0220372372E+03   2.7012042561E+01   2.5173702879E+03
 -6.0850000000E+01   1.4080204399E+02   1.1469181710E+04   3.4505535862E+02   1.1317517596E+00   4.3407939666E-01   4.2103287472E+02   1.4709928588E+01   1.0220372372E+03   2.7012042561E+01   2.5173702879E+03
 -6.0800000000E+01   1.4211848579E+02   1.1455209772E+04   3.4409819386E+02   1.1431228034E+00   4.3783549375E-01   4.2050691242E+02   1.4709928588E+01   1.0220372372E+03   2.7012042561E+01   2.5173702879E+03
 -6.0750000000E+01   1.4344611870E+02   1.1441238077E+04   3.4314368423E+02   1.1546080623E+00   4.4162326945E-01   4.1998160717E+02   1.4709928588E+01   1.0220372372E+03   2.7012042561E+01   2.5173702879E+03
 -6.0700000000E+01   1.4478502294E+02   1.1427266626E+04   3.4219182236E+02   1.1662086831E+00   4.4544298158E-01   4.1945695813E+02   1.4709928588E+01   1.0220372372E+03   2.7012042561E+01   2.5173702879E+03
 -6.0650000000E+01   1.4613527909E+02   1.1413295422E+04   3.4124260090E+02   1.1779258237E+00   4.4929488993E-01   4.1893296450E+02   1.4709928588E+01   1.0220372372E+03   2.7012042561E+01   2.5173702879E+03
 -6.0600000000E+01   1.4749696812E+02   1.1399324467E+04   3.4029601253E+02   1.1897606539E+00   4.5317925631E-01   4.1840962545E+02   1.4709928588E+01   1.0220372372E+03   2.7012042561E+01   2.5173702879E+03
 -6.0550000000E+01   1.4887017137E+02   1.1385353763E+04   3.3935204994E+02   1.2017143549E+00   4.5709634453E-01   4.1788694016E+02   1.4709928588E+01   1.0220372372E+03   2.7012042561E+01   2.5173702879E+03
 -6.0500000000E+01   1.5025497056E+02   1.1371383312E+04   3.3841070586E+02   1.2137881201E+00   4.6104642046E-01   4.1736490783E+02   1.4709928588E+01   1.0220372372E+03   2.7012042561E+01   2.5173702879E+03
 -6.0450000000E+01   1.5165144780E+02   1.1357413117E+04   3.3747197301E+02   1.2259831547E+00   4.6502975198E-01   4.1684352762E+02   1.4709928588E+01   1.0220372372E+03   2.7012042561E+01   2.5173702879E+03
 -6.0400000000E+01   1.5305968553E+02   1.1343443179E+04   3.3653584415E+02   1.2383006758E+00   4.6904660908E-01   4.1632279874E+02   1.4709928588E+01   1.0220372372E+03   2.7012042561E+01   2.5173702879E+03
 -6.0350000000E+01   1.5447976663E+02   1.1329473501E+04   3.3560231207E+02   1.2507419131E+00   4.7309726379E-01   4.1580272035E+02   1.4709928588E+01   1.0220372372E+03   2.7012042561E+01   2.5173702879E+03
 -6.0300000000E+01   1.5591177428E+02   1.1315504084E+04   3.3467136955E+02   1.2633081083E+00   4.7718199023E-01   4.1528329166E+02   1.4709928588E+01   1.0220372372E+03   2.7012042561E+01   2.5173702879E+03
 -6.0250000000E+01   1.5735579209E+02   1.1301534931E+04   3.3374300941E+02   1.2760005157E+00   4.8130106465E-01   4.1476451186E+02   1.4709928588E+01   1.0220372372E+03   2.7012042561E+01   2.5173702879E+03
 -6.0200000000E+01   1.5881190401E+02   1.1287566045E+04   3.3281722450E+02   1.2888204021E+00   4.8545476539E-01   4.1424638012E+02   1.4709928588E+01   1.0220372372E+03   2.7012042561E+01   2.5173702879E+03
 -6.0150000000E+01   1.6028019436E+02   1.1273597427E+04   3.3189400766E+02   1.3017690471E+00   4.8964337297E-01   4.1372889564E+02   1.4709928588E+01   1.0220372372E+03   2.7012042561E+01   2.5173702879E+03
 -6.0100000000E+01   1.6176074784E+02   1.1259629079E+04   3.3097335178E+02   1.3148477430E+00   4.9386717001E-01   4.1321205761E+02   1.4709928588E+01   1.0220372372E+03   2.7012042561E+01   2.5173702879E+03
 -6.0050000000E+01   1.6325364951E+02   1.1245661005E+04   3.3005524975E+02   1.3280577951E+00   4.9812644133E-01   4.1269586522E+02   1.4709928588E+01   1.0220372372E+03   2.7012042561E+01   2.5173702879E+03
 -6.0000000000E+01   1.6475898479E+02   1.1231693206E+04   3.2913969448E+02   1.3414005219E+00   5.0242147391E-01   4.1218031768E+02   1.4709928588E+01   1.0220372372E+03   2.7012042561E+01   2.5173702879E+03
 -5.9950000000E+01   1.6627683947E+02   1.1217725684E+04   3.2822667891E+02   1.3548772549E+00   5.0675255693E-01   4.1166541416E+02   1.4709928588E+01   1.0220372372E+03   2.7012042561E+01   2.5173702879E+03
 -5.9900000000E+01   1.6780729969E+02   1.1203758442E+04   3.2731619599E+02   1.3684893391E+00   5.1111998180E-01   4.1115115387E+02   1.4709928588E+01   1.0220372372E+03   2.7012042561E+01   2.5173702879E+03
 -5.9850000000E+01   1.6935045198E+02   1.1189791483E+04   3.2640823871E+02   1.3822381329E+00   5.1552404214E-01   4.1063753601E+02   1.4709928588E+01   1.0220372372E+03   2.7012042561E+01   2.5173702879E+03
 -5.9800000000E+01   1.7090638319E+02   1.1175824808E+04   3.2550280005E+02   1.3961250084E+00   5.1996503381E-01   4.1012455976E+02   1.4709928588E+01   1.0220372372E+03   2.7012042561E+01   2.5173702879E+03
 -5.9750000000E+01   1.7247518055E+02   1.1161858420E+04   3.2459987303E+02   1.4101513515E+00   5.2444325492E-01   4.0961222434E+02   1.4709928588E+01   1.0220372372E+03   2.7012042561E+01   2.5173702879E+03
 -5.9700000000E+01   1.7405693165E+02   1.1147892321E+04   3.2369945068E+02   1.4243185617E+00   5.2895900588E-01   4.0910052894E+02   1.4709928588E+01   1.0220372372E+03   2.7012042561E+01   2.5173702879E+03
 -5.9650000000E+01   1.7565172442E+02   1.1133926515E+04   3.2280152605E+02   1.4386280529E+00   5.3351258938E-01   4.0858947275E+02   1.4709928588E+01   1.0220372372E+03   2.7012042561E+01   2.5173702879E+03
 -5.9600000000E+01   1.7725964714E+02   1.1119961002E+04   3.2190609221E+02   1.4530812529E+00   5.3810431039E-01   4.0807905499E+02   1.4709928588E+01   1.0220372372E+03   2.7012042561E+01   2.5173702879E+03
 -5.9550000000E+01   1.7888078847E+02   1.1105995786E+04   3.2101314226E+02   1.4676796039E+00   5.4273447623E-01   4.0756927485E+02   1.4709928588E+01   1.0220372372E+03   2.7012042561E+01   2.5173702879E+03
 -5.9500000000E+01   1.8051523738E+02   1.1092030870E+04   3.2012266931E+02   1.4824245625E+00   5.4740339654E-01   4.0706013154E+02   1.4709928588E+01   1.0220372372E+03   2.7012042561E+01   2.5173702879E+03
 -5.9450000000E+01   1.8216308321E+02   1.1078066255E+04   3.1923466647E+02   1.4973176001E+00   5.5211138333E-01   4.0655162426E+02   1.4709928588E+01   1.0220372372E+03   2.7012042561E+01   2.5173702879E+03
 -5.9400000000E+01   1.8382441564E+02   1.1064101944E+04   3.1834912691E+02   1.5123602025E+00   5.5685875097E-01   4.0604375221E+02   1.4709928588E+01   1.0220372372E+03   2.7012042561E+01   2.5173702879E+03
 -5.9350000000E+01   1.8549932469E+02   1.1050137940E+04   3.1746604379E+02   1.5275538707E+00   5.6164581621E-01   4.0553651461E+02   1.4709928588E+01   1.0220372372E+03   2.7012042561E+01   2.5173702879E+03
 -5.9300000000E+01   1.8718790072E+02   1.1036174246E+04   3.1658541029E+02   1.5429001206E+00   5.6647289820E-01   4.0502991066E+02   1.4709928588E+01   1.0220372372E+03   2.7012042561E+01   2.5173702879E+03
 -5.9250000000E+01   1.8889023444E+02   1.1022210863E+04   3.1570721962E+02   1.5584004834E+00   5.7134031853E-01   4.0452393957E+02   1.4709928588E+01   1.0220372372E+03   2.7012042561E+01   2.5173702879E+03
 -5.9200000000E+01   1.9060641687E+02   1.1008247795E+04   3.1483146501E+02   1.5740565053E+00   5.7624840120E-01   4.0401860055E+02   1.4709928588E+01   1.0220372372E+03   2.7012042561E+01   2.5173702879E+03
 -5.9150000000E+01   1.9233653940E+02   1.0994285044E+04   3.1395813969E+02   1.5898697484E+00   5.8119747268E-01   4.0351389281E+02   1.4709928588E+01   1.0220372372E+03   2.7012042561E+01   2.5173702879E+03
 -5.9100000000E+01   1.9408069372E+02   1.0980322613E+04   3.1308723692E+02   1.6058417903E+00   5.8618786191E-01   4.0300981555E+02   1.4709928588E+01   1.0220372372E+03   2.7012042561E+01   2.5173702879E+03
 -5.9050000000E+01   1.9583897187E+02   1.0966360504E+04   3.1221875000E+02   1.6219742244E+00   5.9121990029E-01   4.0250636800E+02   1.4709928588E+01   1.0220372372E+03   2.7012042561E+01   2.5173702879E+03
 -5.9000000000E+01   1.9761146621E+02   1.0952398721E+04   3.1135267220E+02   1.6382686599E+00   5.9629392175E-01   4.0200354937E+02   1.4709928588E+01   1.0220372372E+03   2.7012042561E+01   2.5173702879E+03
 -5.8950000000E+01   1.9939826943E+02   1.0938437265E+04   3.1048899687E+02   1.6547267225E+00   6.0141026272E-01   4.0150135887E+02   1.4709928588E+01   1.0220372372E+03   2.7012042561E+01   2.5173702879E+03
 -5.8900000000E+01   2.0119947453E+02   1.0924476140E+04   3.0962771732E+02   1.6713500538E+00   6.0656926220E-01   4.0099979571E+02   1.4709928588E+01   1.0220372372E+03   2.7012042561E+01   2.5173702879E+03
 -5.8850000000E+01   2.0301517483E+02   1.0910515348E+04   3.0876882691E+02   1.6881403120E+00   6.1177126170E-01   4.0049885912E+02   1.4709928588E+01   1.0220372372E+03   2.7012042561E+01   2.5173702879E+03
 -5.8800000000E+01   2.0484546399E+02   1.0896554893E+04   3.0791231901E+02   1.7050991720E+00   6.1701660533E-01   3.9999854830E+02   1.4709928588E+01   1.0220372372E+03   2.7012042561E+01   2.5173702879E+03
 -5.8750000000E+01   2.0669043596E+02   1.0882594776E+04   3.0705818703E+02   1.7222283253E+00   6.2230563978E-01   3.9949886249E+02   1.4709928588E+01   1.0220372372E+03   2.7012042561E+01   2.5173702879E+03
 -5.8700000000E+01   2.0855018502E+02   1.0868635001E+04   3.0620642436E+02   1.7395294805E+00   6.2763871436E-01   3.9899980089E+02   1.4709928588E+01   1.0220372372E+03   2.7012042561E+01   2.5173702879E+03
 -5.8650000000E+01   2.1042480574E+02   1.0854675571E+04   3.0535702443E+02   1.7570043632E+00   6.3301618097E-01   3.9850136273E+02   1.4709928588E+01   1.0220372372E+03   2.7012042561E+01   2.5173702879E+03
 -5.8600000000E+01   2.1231439301E+02   1.0840716488E+04   3.0450998069E+02   1.7746547163E+00   6.3843839420E-01   3.9800354722E+02   1.4709928588E+01   1.0220372372E+03   2.7012042561E+01   2.5173702879E+03
 -5.8550000000E+01   2.1421904202E+02   1.0826757755E+04   3.0366528660E+02   1.7924823002E+00   6.4390571126E-01   3.9750635360E+02   1.4709928588E+01   1.0220372372E+03   2.7012042561E+01   2.5173702879E+03
 -5.8500000000E+01   2.1613884826E+02   1.0812799376E+04   3.0282293565E+02   1.8104888930E+00   6.4941849205E-01   3.9700978108E+02   1.4709928588E+01   1.0220372372E+03   2.7012042561E+01   2.5173702879E+03
 -5.8450000000E+01   2.1807390752E+02   1.0798841353E+04   3.0198292134E+02   1.8286762903E+00   6.5497709918E-01   3.9651382889E+02   1.4709928588E+01   1.0220372372E+03   2.7012042561E+01   2.5173702879E+03
 -5.8400000000E+01   2.2002431587E+02   1.0784883688E+04   3.0114523718E+02   1.8470463061E+00   6.6058189795E-01   3.9601849625E+02   1.4709928588E+01   1.0220372372E+03   2.7012042561E+01   2.5173702879E+03
 -5.8350000000E+01   2.2199016970E+02   1.0770926387E+04   3.0030987671E+02   1.8656007722E+00   6.6623325642E-01   3.9552378239E+02   1.4709928588E+01   1.0220372372E+03   2.7012042561E+01   2.5173702879E+03
 -5.8300000000E+01   2.2397156566E+02   1.0756969450E+04   2.9947683348E+02   1.8843415391E+00   6.7193154537E-01   3.9502968654E+02   1.4709928588E+01   1.0220372372E+03   2.7012042561E+01   2.5173702879E+03
 -5.8250000000E+01   2.2596860070E+02   1.0743012881E+04   2.9864610107E+02   1.9032704754E+00   6.7767713837E-01   3.9453620792E+02   1.4709928588E+01   1.0220372372E+03   2.7012042561E+01   2.5173702879E+03
 -5.8200000000E+01   2.2798137205E+02   1.0729056684E+04   2.9781767307E+02   1.9223894687E+00   6.8347041178E-01   3.9404334576E+02   1.4709928588E+01   1.0220372372E+03   2.7012042561E+01   2.5173702879E+03
 -5.8150000000E+01   2.3000997722E+02   1.0715100861E+04   2.9699154308E+02   1.9417004255E+00   6.8931174474E-01   3.9355109929E+02   1.4709928588E+01   1.0220372372E+03   2.7012042561E+01   2.5173702879E+03
 -5.8100000000E+01   2.3205451398E+02   1.0701145415E+04   2.9616770473E+02   1.9612052712E+00   6.9520151925E-01   3.9305946775E+02   1.4709928588E+01   1.0220372372E+03   2.7012042561E+01   2.5173702879E+03
 -5.8050000000E+01   2.3411508038E+02   1.0687190350E+04   2.9534615166E+02   1.9809059508E+00   7.0114012013E-01   3.9256845037E+02   1.4709928588E+01   1.0220372372E+03   2.7012042561E+01   2.5173702879E+03
 -5.8000000000E+01   2.3619177476E+02   1.0673235669E+04   2.9452687754E+02   2.0008044283E+00   7.0712793507E-01   3.9207804637E+02   1.4709928588E+01   1.0220372372E+03   2.7012042561E+01   2.5173702879E+03
 -5.7950000000E+01   2.3828469568E+02   1.0659281374E+04   2.9370987604E+02   2.0209026878E+00   7.1316535464E-01   3.9158825500E+02   1.4709928588E+01   1.0220372372E+03   2.7012042561E+01   2.5173702879E+03
 -5.7900000000E+01   2.4039394201E+02   1.0645327469E+04   2.9289514085E+02   2.0412027331E+00   7.1925277231E-01   3.9109907548E+02   1.4709928588E+01   1.0220372372E+03   2.7012042561E+01   2.5173702879E+03
 -5.7850000000E+01   2.4251961283E+02   1.0631373958E+04   2.9208266570E+02   2.0617065879E+00   7.2539058447E-01   3.9061050705E+02   1.4709928588E+01   1.0220372372E+03   2.7012042561E+01   2.5173702879E+03
 -5.7800000000E+01   2.4466180751E+02   1.0617420843E+04   2.9127244431E+02   2.0824162964E+00   7.3157919047E-01   3.9012254896E+02   1.4709928588E+01   1.0220372372E+03   2.7012042561E+01   2.5173702879E+03
 -5.7750000000E+01   2.4682062566E+02   1.0603468128E+04   2.9046447043E+02   2.1033339232E+00   7.3781899257E-01   3.8963520043E+02   1.4709928588E+01   1.0220372372E+03   2.7012042561E+01   2.5173702879E+03
 -5.7700000000E+01   2.4899616711E+02   1.0589515817E+04   2.8965873782E+02   2.1244615534E+00   7.4411039607E-01   3.8914846070E+02   1.4709928588E+01   1.0220372372E+03   2.7012042561E+01   2.5173702879E+03
 -5.7650000000E+01   2.5118853197E+02   1.0575563911E+04   2.8885524028E+02   2.1458012931E+00   7.5045380921E-01   3.8866232902E+02   1.4709928588E+01   1.0220372372E+03   2.7012042561E+01   2.5173702879E+03
 -5.7600000000E+01   2.5339782056E+02   1.0561612416E+04   2.8805397159E+02   2.1673552695E+00   7.5684964329E-01   3.8817680463E+02   1.4709928588E+01   1.0220372372E+03   2.7012042561E+01   2.5173702879E+03
 -5.7550000000E+01   2.5562413345E+02   1.0547661333E+04   2.8725492557E+02   2.1891256311E+00   7.6329831263E-01   3.8769188676E+02   1.4709928588E+01   1.0220372372E+03   2.7012042561E+01   2.5173702879E+03
 -5.7500000000E+01   2.5786757143E+02   1.0533710668E+04   2.8645809607E+02   2.2111145477E+00   7.6980023461E-01   3.8720757466E+02   1.4709928588E+01   1.0220372372E+03   2.7012042561E+01   2.5173702879E+03
 -5.7450000000E+01   2.6012823552E+02   1.0519760422E+04   2.8566347693E+02   2.2333242111E+00   7.7635582968E-01   3.8672386757E+02   1.4709928588E+01   1.0220372372E+03   2.7012042561E+01   2.5173702879E+03
 -5.7400000000E+01   2.6240622696E+02   1.0505810600E+04   2.8487106202E+02   2.2557568348E+00   7.8296552140E-01   3.8624076474E+02   1.4709928588E+01   1.0220372372E+03   2.7012042561E+01   2.5173702879E+03
 -5.7350000000E+01   2.6470164720E+02   1.0491861204E+04   2.8408084522E+02   2.2784146545E+00   7.8962973644E-01   3.8575826541E+02   1.4709928588E+01   1.0220372372E+03   2.7012042561E+01   2.5173702879E+03
 -5.7300000000E+01   2.6701459792E+02   1.0477912240E+04   2.8329282044E+02   2.3012999284E+00   7.9634890462E-01   3.8527636882E+02   1.4709928588E+01   1.0220372372E+03   2.7012042561E+01   2.5173702879E+03
 -5.7250000000E+01   2.6934518099E+02   1.0463963709E+04   2.8250698160E+02   2.3244149372E+00   8.0312345889E-01   3.8479507423E+02   1.4709928588E+01   1.0220372372E+03   2.7012042561E+01   2.5173702879E+03
 -5.7200000000E+01   2.7169349848E+02   1.0450015616E+04   2.8172332264E+02   2.3477619843E+00   8.0995383542E-01   3.8431438089E+02   1.4709928588E+01   1.0220372372E+03   2.7012042561E+01   2.5173702879E+03
 -5.7150000000E+01   2.7405965269E+02   1.0436067964E+04   2.8094183750E+02   2.3713433963E+00   8.1684047354E-01   3.8383428803E+02   1.4709928588E+01   1.0220372372E+03   2.7012042561E+01   2.5173702879E+03
 -5.7100000000E+01   2.7644374608E+02   1.0422120757E+04   2.8016252016E+02   2.3951615231E+00   8.2378381584E-01   3.8335479492E+02   1.4709928588E+01   1.0220372372E+03   2.7012042561E+01   2.5173702879E+03
 -5.7050000000E+01   2.7884588131E+02   1.0408173999E+04   2.7938536460E+02   2.4192187379E+00   8.3078430811E-01   3.8287590079E+02   1.4709928588E+01   1.0220372372E+03   2.7012042561E+01   2.5173702879E+03
 -5.7000000000E+01   2.8126616124E+02   1.0394227693E+04   2.7861036483E+02   2.4435174377E+00   8.3784239943E-01   3.8239760492E+02   1.4709928588E+01   1.0220372372E+03   2.7012042561E+01   2.5173702879E+03
 -5.6950000000E+01   2.8370468889E+02   1.0380281842E+04   2.7783751487E+02   2.4680600438E+00   8.4495854217E-01   3.8191990653E+02   1.4709928588E+01   1.0220372372E+03   2.7012042561E+01   2.5173702879E+03
 -5.6900000000E+01   2.8616156747E+02   1.0366336452E+04   2.7706680875E+02   2.4928490012E+00   8.5213319197E-01   3.8144280490E+02   1.4709928588E+01   1.0220372372E+03   2.7012042561E+01   2.5173702879E+03
 -5.6850000000E+01   2.8863690035E+02   1.0352391525E+04   2.7629824052E+02   2.5178867796E+00   8.5936680782E-01   3.8096629927E+02   1.4709928588E+01   1.0220372372E+03   2.7012042561E+01   2.5173702879E+03
 -5.6800000000E+01   2.9113079107E+02   1.0338447065E+04   2.7553180427E+02   2.5431758736E+00   8.6665985207E-01   3.8049038890E+02   1.4709928588E+01   1.0220372372E+03   2.7012042561E+01   2.5173702879E+03
 -5.6750000000E+01   2.9364334333E+02   1.0324503076E+04   2.7476749406E+02   2.5687188023E+00   8.7401279041E-01   3.8001507305E+02   1.4709928588E+01   1.0220372372E+03   2.7012042561E+01   2.5173702879E+03
 -5.6700000000E+01   2.9617466099E+02   1.0310559562E+04   2.7400530401E+02   2.5945181104E+00   8.8142609194E-01   3.7954035097E+02   1.4709928588E+01   1.0220372372E+03   2.7012042561E+01   2.5173702879E+03
 -5.6650000000E+01   2.9872484805E+02   1.0296616527E+04   2.7324522824E+02   2.6205763679E+00   8.8890022915E-01   3.7906622193E+02   1.4709928588E+01   1.0220372372E+03   2.7012042561E+01   2.5173702879E+03
 -5.6600000000E+01   3.0129400867E+02   1.0282673975E+04   2.7248726087E+02   2.6468961702E+00   8.9643567799E-01   3.7859268517E+02   1.4709928588E+01   1.0220372372E+03   2.7012042561E+01   2.5173702879E+03
 -5.6550000000E+01   3.0388224714E+02   1.0268731909E+04   2.7173139607E+02   2.6734801392E+00   9.0403291786E-01   3.7811973997E+02   1.4709928588E+01   1.0220372372E+03   2.7012042561E+01   2.5173702879E+03
 -5.6500000000E+01   3.0648966788E+02   1.0254790335E+04   2.7097762799E+02   2.7003309225E+00   9.1169243162E-01   3.7764738558E+02   1.4709928588E+01   1.0220372372E+03   2.7012042561E+01   2.5173702879E+03
 -5.6450000000E+01   3.0911637545E+02   1.0240849255E+04   2.7022595082E+02   2.7274511946E+00   9.1941470565E-01   3.7717562126E+02   1.4709928588E+01   1.0220372372E+03   2.7012042561E+01   2.5173702879E+03
 -5.6400000000E+01   3.1176247452E+02   1.0226908673E+04   2.6947635876E+02   2.7548436563E+00   9.2720022983E-01   3.7670444628E+02   1.4709928588E+01   1.0220372372E+03   2.7012042561E+01   2.5173702879E+03
 -5.6350000000E+01   3.1442806990E+02   1.0212968595E+04   2.6872884604E+02   2.7825110357E+00   9.3504949761E-01   3.7623385990E+02   1.4709928588E+01   1.0220372372E+03   2.7012042561E+01   2.5173702879E+03
 -5.6300000000E+01   3.1711326650E+02   1.0199029024E+04   2.6798340687E+02   2.8104560882E+00   9.4296300599E-01   3.7576386138E+02   1.4709928588E+01   1.0220372372E+03   2.7012042561E+01   2.5173702879E+03
 -5.6250000000E+01   3.1981816932E+02   1.0185089963E+04   2.6724003551E+02   2.8386815964E+00   9.5094125556E-01   3.7529445000E+02   1.4709928588E+01   1.0220372372E+03   2.7012042561E+01   2.5173702879E+03
 -5.6200000000E+01   3.2254288350E+02   1.0171151418E+04   2.6649872622E+02   2.8671903711E+00   9.5898475053E-01   3.7482562501E+02   1.4709928588E+01   1.0220372372E+03   2.7012042561E+01   2.5173702879E+03
 -5.6150000000E+01   3.2528751424E+02   1.0157213393E+04   2.6575947328E+02   2.8959852509E+00   9.6709399872E-01   3.7435738569E+02   1.4709928588E+01   1.0220372372E+03   2.7012042561E+01   2.5173702879E+03
 -5.6100000000E+01   3.2805216685E+02   1.0143275891E+04   2.6502227099E+02   2.9250691029E+00   9.7526951165E-01   3.7388973131E+02   1.4709928588E+01   1.0220372372E+03   2.7012042561E+01   2.5173702879E+03
 -5.6050000000E+01   3.3083694671E+02   1.0129338917E+04   2.6428711366E+02   2.9544448228E+00   9.8351180447E-01   3.7342266112E+02   1.4709928588E+01   1.0220372372E+03   2.7012042561E+01   2.5173702879E+03
 -5.6000000000E+01   3.3364195930E+02   1.0115402476E+04   2.6355399561E+02   2.9841153353E+00   9.9182139608E-01   3.7295617441E+02   1.4709928588E+01   1.0220372372E+03   2.7012042561E+01   2.5173702879E+03
 -5.5950000000E+01   3.3646731016E+02   1.0101466571E+04   2.6282291120E+02   3.0140835943E+00   1.0001988091E+00   3.7249027044E+02   1.4709928588E+01   1.0220372372E+03   2.7012042561E+01   2.5173702879E+03
 -5.5900000000E+01   3.3931310488E+02   1.0087531208E+04   2.6209385477E+02   3.0443525831E+00   1.0086445698E+00   3.7202494849E+02   1.4709928588E+01   1.0220372372E+03   2.7012042561E+01   2.5173702879E+03
 -5.5850000000E+01   3.4217944913E+02   1.0073596389E+04   2.6136682070E+02   3.0749253150E+00   1.0171592084E+00   3.7156020783E+02   1.4709928588E+01   1.0220372372E+03   2.7012042561E+01   2.5173702879E+03
 -5.5800000000E+01   3.4506644863E+02   1.0059662121E+04   2.6064180339E+02   3.1058048331E+00   1.0257432587E+00   3.7109604773E+02   1.4709928588E+01   1.0220372372E+03   2.7012042561E+01   2.5173702879E+03
 -5.5750000000E+01   3.4797420916E+02   1.0045728407E+04   2.5991879724E+02   3.1369942112E+00   1.0343972586E+00   3.7063246747E+02   1.4709928588E+01   1.0220372372E+03   2.7012042561E+01   2.5173702879E+03
 -5.5700000000E+01   3.5090283651E+02   1.0031795252E+04   2.5919779666E+02   3.1684965536E+00   1.0431217496E+00   3.7016946632E+02   1.4709928588E+01   1.0220372372E+03   2.7012042561E+01   2.5173702879E+03
 -5.5650000000E+01   3.5385243654E+02   1.0017862661E+04   2.5847879611E+02   3.2003149957E+00   1.0519172772E+00   3.6970704356E+02   1.4709928588E+01   1.0220372372E+03   2.7012042561E+01   2.5173702879E+03
 -5.5600000000E+01   3.5682311511E+02   1.0003930637E+04   2.5776179002E+02   3.2324527042E+00   1.0607843906E+00   3.6924519847E+02   1.4709928588E+01   1.0220372372E+03   2.7012042561E+01   2.5173702879E+03
 -5.5550000000E+01   3.5981497813E+02   9.9899991860E+03   2.5704677286E+02   3.2649128774E+00   1.0697236432E+00   3.6878393033E+02   1.4709928588E+01   1.0220372372E+03   2.7012042561E+01   2.5173702879E+03
 -5.5500000000E+01   3.6282813151E+02   9.9760683124E+03   2.5633373913E+02   3.2976987456E+00   1.0787355922E+00   3.6832323840E+02   1.4709928588E+01   1.0220372372E+03   2.7012042561E+01   2.5173702879E+03
 -5.5450000000E+01   3.6586268116E+02   9.9621380207E+03   2.5562268331E+02   3.3308135712E+00   1.0878207987E+00   3.6786312199E+02   1.4709928588E+01   1.0220372372E+03   2.7012042561E+01   2.5173702879E+03
 -5.5400000000E+01   3.6891873302E+02   9.9482083157E+03   2.5491359992E+02   3.3642606492E+00   1.0969798278E+00   3.6740358036E+02   1.4709928588E+01   1.0220372372E+03   2.7012042561E+01   2.5173702879E+03
 -5.5350000000E+01   3.7199639300E+02   9.9342792021E+03   2.5420648350E+02   3.3980433077E+00   1.1062132487E+00   3.6694461280E+02   1.4709928588E+01   1.0220372372E+03   2.7012042561E+01   2.5173702879E+03
 -5.5300000000E+01   3.7509576703E+02   9.9203506848E+03   2.5350132857E+02   3.4321649079E+00   1.1155216345E+00   3.6648621859E+02   1.4709928588E+01   1.0220372372E+03   2.7012042561E+01   2.5173702879E+03
 -5.5250000000E+01   3.7821696098E+02   9.9064227686E+03   2.5279812970E+02   3.4666288443E+00   1.1249055627E+00   3.6602839701E+02   1.4709928588E+01   1.0220372372E+03   2.7012042561E+01   2.5173702879E+03
 -5.5200000000E+01   3.8136008075E+02   9.8924954584E+03   2.5209688147E+02   3.5014385457E+00   1.1343656144E+00   3.6557114736E+02   1.4709928588E+01   1.0220372372E+03   2.7012042561E+01   2.5173702879E+03
 -5.5150000000E+01   3.8452523216E+02   9.8785687590E+03   2.5139757847E+02   3.5365974749E+00   1.1439023751E+00   3.6511446891E+02   1.4709928588E+01   1.0220372372E+03   2.7012042561E+01   2.5173702879E+03
 -5.5100000000E+01   3.8771252103E+02   9.8646426755E+03   2.5070021529E+02   3.5721091292E+00   1.1535164344E+00   3.6465836095E+02   1.4709928588E+01   1.0220372372E+03   2.7012042561E+01   2.5173702879E+03
 -5.5050000000E+01   3.9092205311E+02   9.8507172127E+03   2.5000478656E+02   3.6079770409E+00   1.1632083861E+00   3.6420282277E+02   1.4709928588E+01   1.0220372372E+03   2.7012042561E+01   2.5173702879E+03
 -5.5000000000E+01   3.9415393411E+02   9.8367923758E+03   2.4931128691E+02   3.6442047776E+00   1.1729788280E+00   3.6374785365E+02   1.4709928588E+01   1.0220372372E+03   2.7012042561E+01   2.5173702879E+03
 -5.4950000000E+01   3.9740826970E+02   9.8228681697E+03   2.4861971099E+02   3.6807959423E+00   1.1828283622E+00   3.6329345290E+02   1.4709928588E+01   1.0220372372E+03   2.7012042561E+01   2.5173702879E+03
 -5.4900000000E+01   4.0068516544E+02   9.8089445997E+03   2.4793005347E+02   3.7177541742E+00   1.1927575953E+00   3.6283961979E+02   1.4709928588E+01   1.0220372372E+03   2.7012042561E+01   2.5173702879E+03
 -5.4850000000E+01   4.0398472686E+02   9.7950216707E+03   2.4724230902E+02   3.7550831486E+00   1.2027671377E+00   3.6238635361E+02   1.4709928588E+01   1.0220372372E+03   2.7012042561E+01   2.5173702879E+03
 -5.4800000000E+01   4.0730705940E+02   9.7810993881E+03   2.4655647233E+02   3.7927865774E+00   1.2128576044E+00   3.6193365367E+02   1.4709928588E+01   1.0220372372E+03   2.7012042561E+01   2.5173702879E+03
 -5.4750000000E+01   4.1065226840E+02   9.7671777570E+03   2.4587253812E+02   3.8308682098E+00   1.2230296146E+00   3.6148151924E+02   1.4709928588E+01   1.0220372372E+03   2.7012042561E+01   2.5173702879E+03
 -5.4700000000E+01   4.1402045912E+02   9.7532567826E+03   2.4519050110E+02   3.8693318323E+00   1.2332837919E+00   3.6102994963E+02   1.4709928588E+01   1.0220372372E+03   2.7012042561E+01   2.5173702879E+03
 -5.4650000000E+01   4.1741173671E+02   9.7393364703E+03   2.4451035602E+02   3.9081812689E+00   1.2436207641E+00   3.6057894413E+02   1.4709928588E+01   1.0220372372E+03   2.7012042561E+01   2.5173702879E+03
 -5.4600000000E+01   4.2082620623E+02   9.7254168254E+03   2.4383209762E+02   3.9474203821E+00   1.2540411637E+00   3.6012850204E+02   1.4709928588E+01   1.0220372372E+03   2.7012042561E+01   2.5173702879E+03
 -5.4550000000E+01   4.2426397261E+02   9.7114978533E+03   2.4315572067E+02   3.9870530726E+00   1.2645456272E+00   3.5967862264E+02   1.4709928588E+01   1.0220372372E+03   2.7012042561E+01   2.5173702879E+03
 -5.4500000000E+01   4.2772514064E+02   9.6975795594E+03   2.4248121996E+02   4.0270832803E+00   1.2751347960E+00   3.5922930525E+02   1.4709928588E+01   1.0220372372E+03   2.7012042561E+01   2.5173702879E+03
 -5.4450000000E+01   4.3120981502E+02   9.6836619492E+03   2.4180859028E+02   4.0675149842E+00   1.2858093155E+00   3.5878054915E+02   1.4709928588E+01   1.0220372372E+03   2.7012042561E+01   2.5173702879E+03
 -5.4400000000E+01   4.3471810028E+02   9.6697450281E+03   2.4113782643E+02   4.1083522028E+00   1.2965698360E+00   3.5833235364E+02   1.4709928588E+01   1.0220372372E+03   2.7012042561E+01   2.5173702879E+03
 -5.4350000000E+01   4.3825010083E+02   9.6558288018E+03   2.4046892324E+02   4.1495989951E+00   1.3074170120E+00   3.5788471803E+02   1.4709928588E+01   1.0220372372E+03   2.7012042561E+01   2.5173702879E+03
 -5.4300000000E+01   4.4180592089E+02   9.6419132757E+03   2.3980187556E+02   4.1912594601E+00   1.3183515027E+00   3.5743764161E+02   1.4709928588E+01   1.0220372372E+03   2.7012042561E+01   2.5173702879E+03
 -5.4250000000E+01   4.4538566456E+02   9.6279984556E+03   2.3913667823E+02   4.2333377379E+00   1.3293739720E+00   3.5699112369E+02   1.4709928588E+01   1.0220372372E+03   2.7012042561E+01   2.5173702879E+03
 -5.4200000000E+01   4.4898943576E+02   9.6140843470E+03   2.3847332612E+02   4.2758380098E+00   1.3404850881E+00   3.5654516357E+02   1.4709928588E+01   1.0220372372E+03   2.7012042561E+01   2.5173702879E+03
 -5.4150000000E+01   4.5261733822E+02   9.6001709558E+03   2.3781181412E+02   4.3187644987E+00   1.3516855240E+00   3.5609976055E+02   1.4709928588E+01   1.0220372372E+03   2.7012042561E+01   2.5173702879E+03
 -5.4100000000E+01   4.5626947549E+02   9.5862582876E+03   2.3715213711E+02   4.3621214698E+00   1.3629759573E+00   3.5565491394E+02   1.4709928588E+01   1.0220372372E+03   2.7012042561E+01   2.5173702879E+03
 -5.4050000000E+01   4.5994595095E+02   9.5723463483E+03   2.3649429001E+02   4.4059132306E+00   1.3743570704E+00   3.5521062303E+02   1.4709928588E+01   1.0220372372E+03   2.7012042561E+01   2.5173702879E+03
 -5.4000000000E+01   4.6364686776E+02   9.5584351436E+03   2.3583826774E+02   4.4501441314E+00   1.3858295503E+00   3.5476688715E+02   1.4709928588E+01   1.0220372372E+03   2.7012042561E+01   2.5173702879E+03
 -5.3950000000E+01   4.6737232888E+02   9.5445246796E+03   2.3518406524E+02   4.4948185662E+00   1.3973940887E+00   3.5432370559E+02   1.4709928588E+01   1.0220372372E+03   2.7012042561E+01   2.5173702879E+03
 -5.3900000000E+01   4.7112243707E+02   9.5306149621E+03   2.3453167747E+02   4.5399409723E+00   1.4090513821E+00   3.5388107765E+02   1.4709928588E+01   1.0220372372E+03   2.7012042561E+01   2.5173702879E+03
 -5.3850000000E+01   4.7489729483E+02   9.5167059971E+03   2.3388109938E+02   4.5855158316E+00   1.4208021317E+00   3.5343900266E+02   1.4709928588E+01   1.0220372372E+03   2.7012042561E+01   2.5173702879E+03
 -5.3800000000E+01   4.7869700448E+02   9.5027977906E+03   2.3323232596E+02   4.6315476704E+00   1.4326470438E+00   3.5299747992E+02   1.4709928588E+01   1.0220372372E+03   2.7012042561E+01   2.5173702879E+03
 -5.3750000000E+01   4.8252166806E+02   9.4888903487E+03   2.3258535221E+02   4.6780410602E+00   1.4445868292E+00   3.5255650873E+02   1.4709928588E+01   1.0220372372E+03   2.7012042561E+01   2.5173702879E+03
 -5.3700000000E+01   4.8637138738E+02   9.4749836775E+03   2.3194017312E+02   4.7250006179E+00   1.4566222037E+00   3.5211608842E+02   1.4709928588E+01   1.0220372372E+03   2.7012042561E+01   2.5173702879E+03
 -5.3650000000E+01   4.9024626402E+02   9.4610777832E+03   2.3129678372E+02   4.7724310064E+00   1.4687538881E+00   3.5167621828E+02   1.4709928588E+01   1.0220372372E+03   2.7012042561E+01   2.5173702879E+03
 -5.3600000000E+01   4.9414639925E+02   9.4471726719E+03   2.3065517905E+02   4.8203369351E+00   1.4809826079E+00   3.5123689764E+02   1.4709928588E+01   1.0220372372E+03   2.7012042561E+01   2.5173702879E+03
 -5.3550000000E+01   4.9807189411E+02   9.4332683499E+03   2.3001535416E+02   4.8687231602E+00   1.4933090938E+00   3.5079812581E+02   1.4709928588E+01   1.0220372372E+03   2.7012042561E+01   2.5173702879E+03
 -5.3500000000E+01   5.0202284935E+02   9.4193648236E+03   2.2937730411E+02   4.9175944851E+00   1.5057340814E+00   3.5035990210E+02   1.4709928588E+01   1.0220372372E+03   2.7012042561E+01   2.5173702879E+03
 -5.3450000000E+01   5.0599936543E+02   9.4054620992E+03   2.2874102397E+02   4.9669557613E+00   1.5182583111E+00   3.4992222583E+02   1.4709928588E+01   1.0220372372E+03   2.7012042561E+01   2.5173702879E+03
 -5.3400000000E+01   5.1000154252E+02   9.3915601832E+03   2.2810650884E+02   5.0168118884E+00   1.5308825287E+00   3.4948509631E+02   1.4709928588E+01   1.0220372372E+03   2.7012042561E+01   2.5173702879E+03
 -5.3350000000E+01   5.1402948049E+02   9.3776590820E+03   2.2747375382E+02   5.0671678147E+00   1.5436074847E+00   3.4904851286E+02   1.4709928588E+01   1.0220372372E+03   2.7012042561E+01   2.5173702879E+03
 -5.3300000000E+01   5.1808327889E+02   9.3637588020E+03   2.2684275403E+02   5.1180285379E+00   1.5564339349E+00   3.4861247480E+02   1.4709928588E+01   1.0220372372E+03   2.7012042561E+01   2.5173702879E+03
 -5.3250000000E+01   5.2216303698E+02   9.3498593499E+03   2.2621350460E+02   5.1693991051E+00   1.5693626402E+00   3.4817698144E+02   1.4709928588E+01   1.0220372372E+03   2.7012042561E+01   2.5173702879E+03
 -5.3200000000E+01   5.2626885365E+02   9.3359607322E+03   2.2558600067E+02   5.2212846141E+00   1.5823943666E+00   3.4774203212E+02   1.4709928588E+01   1.0220372372E+03   2.7012042561E+01   2.5173702879E+03
 -5.3150000000E+01   5.3040082750E+02   9.3220629555E+03   2.2496023740E+02   5.2736902129E+00   1.5955298854E+00   3.4730762614E+02   1.4709928588E+01   1.0220372372E+03   2.7012042561E+01   2.5173702879E+03
 -5.3100000000E+01   5.3455905676E+02   9.3081660266E+03   2.2433620997E+02   5.3266211010E+00   1.6087699729E+00   3.4687376282E+02   1.4709928588E+01   1.0220372372E+03   2.7012042561E+01   2.5173702879E+03
 -5.3050000000E+01   5.3874363932E+02   9.2942699521E+03   2.2371391355E+02   5.3800825295E+00   1.6221154108E+00   3.4644044150E+02   1.4709928588E+01   1.0220372372E+03   2.7012042561E+01   2.5173702879E+03
 -5.3000000000E+01   5.4295467270E+02   9.2803747389E+03   2.2309334335E+02   5.4340798017E+00   1.6355669859E+00   3.4600766150E+02   1.4709928588E+01   1.0220372372E+03   2.7012042561E+01   2.5173702879E+03
 -5.2950000000E+01   5.4719225408E+02   9.2664803937E+03   2.2247449458E+02   5.4886182736E+00   1.6491254906E+00   3.4557542212E+02   1.4709928588E+01   1.0220372372E+03   2.7012042561E+01   2.5173702879E+03
 -5.2900000000E+01   5.5145648023E+02   9.2525869235E+03   2.2185736246E+02   5.5437033546E+00   1.6627917222E+00   3.4514372271E+02   1.4709928588E+01   1.0220372372E+03   2.7012042561E+01   2.5173702879E+03
 -5.2850000000E+01   5.5574744757E+02   9.2386943352E+03   2.2124194223E+02   5.5993405075E+00   1.6765664836E+00   3.4471256259E+02   1.4709928588E+01   1.0220372372E+03   2.7012042561E+01   2.5173702879E+03
 -5.2800000000E+01   5.6006525210E+02   9.2248026358E+03   2.2062822914E+02   5.6555352498E+00   1.6904505832E+00   3.4428194108E+02   1.4709928588E+01   1.0220372372E+03   2.7012042561E+01   2.5173702879E+03
 -5.2750000000E+01   5.6440998944E+02   9.2109118324E+03   2.2001621846E+02   5.7122931537E+00   1.7044448345E+00   3.4385185752E+02   1.4709928588E+01   1.0220372372E+03   2.7012042561E+01   2.5173702879E+03
 -5.2700000000E+01   5.6878175478E+02   9.1970219319E+03   2.1940590547E+02   5.7696198466E+00   1.7185500566E+00   3.4342231122E+02   1.4709928588E+01   1.0220372372E+03   2.7012042561E+01   2.5173702879E+03
 -5.2650000000E+01   5.7318064294E+02   9.1831329417E+03   2.1879728545E+02   5.8275210119E+00   1.7327670740E+00   3.4299330151E+02   1.4709928588E+01   1.0220372372E+03   2.7012042561E+01   2.5173702879E+03
 -5.2600000000E+01   5.7760674825E+02   9.1692448688E+03   2.1819035370E+02   5.8860023896E+00   1.7470967169E+00   3.4256482774E+02   1.4709928588E+01   1.0220372372E+03   2.7012042561E+01   2.5173702879E+03
 -5.2550000000E+01   5.8206016467E+02   9.1553577205E+03   2.1758510556E+02   5.9450697764E+00   1.7615398207E+00   3.4213688922E+02   1.4709928588E+01   1.0220372372E+03   2.7012042561E+01   2.5173702879E+03
 -5.2500000000E+01   5.8654098568E+02   9.1414715041E+03   2.1698153634E+02   6.0047290269E+00   1.7760972266E+00   3.4170948529E+02   1.4709928588E+01   1.0220372372E+03   2.7012042561E+01   2.5173702879E+03
 -5.2450000000E+01   5.9104930432E+02   9.1275862270E+03   2.1637964139E+02   6.0649860537E+00   1.7907697814E+00   3.4128261529E+02   1.4709928588E+01   1.0220372372E+03   2.7012042561E+01   2.5173702879E+03
 -5.2400000000E+01   5.9558521319E+02   9.1137018966E+03   2.1577941606E+02   6.1258468280E+00   1.8055583372E+00   3.4085627853E+02   1.4709928588E+01   1.0220372372E+03   2.7012042561E+01   2.5173702879E+03
 -5.2350000000E+01   6.0014880439E+02   9.0998185204E+03   2.1518085572E+02   6.1873173804E+00   1.8204637520E+00   3.4043047437E+02   1.4709928588E+01   1.0220372372E+03   2.7012042561E+01   2.5173702879E+03
 -5.2300000000E+01   6.0474016958E+02   9.0859361058E+03   2.1458395576E+02   6.2494038013E+00   1.8354868896E+00   3.4000520213E+02   1.4709928588E+01   1.0220372372E+03   2.7012042561E+01   2.5173702879E+03
 -5.2250000000E+01   6.0935939993E+02   9.0720546605E+03   2.1398871156E+02   6.3121122416E+00   1.8506286191E+00   3.3958046114E+02   1.4709928588E+01   1.0220372372E+03   2.7012042561E+01   2.5173702879E+03
 -5.2200000000E+01   6.1400658610E+02   9.0581741921E+03   2.1339511854E+02   6.3754489132E+00   1.8658898157E+00   3.3915625075E+02   1.4709928588E+01   1.0220372372E+03   2.7012042561E+01   2.5173702879E+03
 -5.2150000000E+01   6.1868181828E+02   9.0442947083E+03   2.1280317212E+02   6.4394200896E+00   1.8812713601E+00   3.3873257029E+02   1.4709928588E+01   1.0220372372E+03   2.7012042561E+01   2.5173702879E+03
 -5.2100000000E+01   6.2338518614E+02   9.0304162168E+03   2.1221286772E+02   6.5040321067E+00   1.8967741391E+00   3.3830941911E+02   1.4709928588E+01   1.0220372372E+03   2.7012042561E+01   2.5173702879E+03
 -5.2050000000E+01   6.2811677883E+02   9.0165387254E+03   2.1162420079E+02   6.5692913630E+00   1.9123990449E+00   3.3788679653E+02   1.4709928588E+01   1.0220372372E+03   2.7012042561E+01   2.5173702879E+03
 -5.2000000000E+01   6.3287668499E+02   9.0026622420E+03   2.1103716680E+02   6.6352043207E+00   1.9281469759E+00   3.3746470189E+02   1.4709928588E+01   1.0220372372E+03   2.7012042561E+01   2.5173702879E+03
 -5.1950000000E+01   6.3766499272E+02   8.9887867745E+03   2.1045176120E+02   6.7017775059E+00   1.9440188363E+00   3.3704313455E+02   1.4709928588E+01   1.0220372372E+03   2.7012042561E+01   2.5173702879E+03
 -5.1900000000E+01   6.4248178959E+02   8.9749123309E+03   2.0986797949E+02   6.7690175095E+00   1.9600155360E+00   3.3662209384E+02   1.4709928588E+01   1.0220372372E+03   2.7012042561E+01   2.5173702879E+03
 -5.1850000000E+01   6.4732716261E+02   8.9610389191E+03   2.0928581715E+02   6.8369309878E+00   1.9761379912E+00   3.3620157910E+02   1.4709928588E+01   1.0220372372E+03   2.7012042561E+01   2.5173702879E+03
 -5.1800000000E+01   6.5220119825E+02   8.9471665474E+03   2.0870526971E+02   6.9055246629E+00   1.9923871238E+00   3.3578158967E+02   1.4709928588E+01   1.0220372372E+03   2.7012042561E+01   2.5173702879E+03
 -5.1750000000E+01   6.5710398242E+02   8.9332952238E+03   2.0812633267E+02   6.9748053238E+00   2.0087638617E+00   3.3536212490E+02   1.4709928588E+01   1.0220372372E+03   2.7012042561E+01   2.5173702879E+03
 -5.1700000000E+01   6.6203560042E+02   8.9194249566E+03   2.0754900157E+02   7.0447798265E+00   2.0252691390E+00   3.3494318414E+02   1.4709928588E+01   1.0220372372E+03   2.7012042561E+01   2.5173702879E+03
 -5.1650000000E+01   6.6699613703E+02   8.9055557540E+03   2.0697327195E+02   7.1154550951E+00   2.0419038958E+00   3.3452476673E+02   1.4709928588E+01   1.0220372372E+03   2.7012042561E+01   2.5173702879E+03
 -5.1600000000E+01   6.7198567640E+02   8.8916876244E+03   2.0639913938E+02   7.1868381223E+00   2.0586690782E+00   3.3410687201E+02   1.4709928588E+01   1.0220372372E+03   2.7012042561E+01   2.5173702879E+03
 -5.1550000000E+01   6.7700430210E+02   8.8778205761E+03   2.0582659942E+02   7.2589359700E+00   2.0755656385E+00   3.3368949933E+02   1.4709928588E+01   1.0220372372E+03   2.7012042561E+01   2.5173702879E+03
 -5.1500000000E+01   6.8205209710E+02   8.8639546176E+03   2.0525564765E+02   7.3317557700E+00   2.0925945352E+00   3.3327264804E+02   1.4709928588E+01   1.0220372372E+03   2.7012042561E+01   2.5173702879E+03
 -5.1450000000E+01   6.8712914375E+02   8.8500897573E+03   2.0468627968E+02   7.4053047248E+00   2.1097567328E+00   3.3285631749E+02   1.4709928588E+01   1.0220372372E+03   2.7012042561E+01   2.5173702879E+03
 -5.1400000000E+01   6.9223552379E+02   8.8362260040E+03   2.0411849109E+02   7.4795901083E+00   2.1270532023E+00   3.3244050703E+02   1.4709928588E+01   1.0220372372E+03   2.7012042561E+01   2.5173702879E+03
 -5.1350000000E+01   6.9737131832E+02   8.8223633662E+03   2.0355227753E+02   7.5546192663E+00   2.1444849208E+00   3.3202521601E+02   1.4709928588E+01   1.0220372372E+03   2.7012042561E+01   2.5173702879E+03
 -5.1300000000E+01   7.0253660783E+02   8.8085018526E+03   2.0298763461E+02   7.6303996173E+00   2.1620528715E+00   3.3161044377E+02   1.4709928588E+01   1.0220372372E+03   2.7012042561E+01   2.5173702879E+03
 -5.1250000000E+01   7.0773147216E+02   8.7946414720E+03   2.0242455797E+02   7.7069386533E+00   2.1797580441E+00   3.3119618968E+02   1.4709928588E+01   1.0220372372E+03   2.7012042561E+01   2.5173702879E+03
 -5.1200000000E+01   7.1295599047E+02   8.7807822331E+03   2.0186304329E+02   7.7842439403E+00   2.1976014347E+00   3.3078245308E+02   1.4709928588E+01   1.0220372372E+03   2.7012042561E+01   2.5173702879E+03
 -5.1150000000E+01   7.1821024131E+02   8.7669241450E+03   2.0130308621E+02   7.8623231194E+00   2.2155840457E+00   3.3036923333E+02   1.4709928588E+01   1.0220372372E+03   2.7012042561E+01   2.5173702879E+03
 -5.1100000000E+01   7.2349430253E+02   8.7530672165E+03   2.0074468242E+02   7.9411839070E+00   2.2337068858E+00   3.2995652979E+02   1.4709928588E+01   1.0220372372E+03   2.7012042561E+01   2.5173702879E+03
 -5.1050000000E+01   7.2880825132E+02   8.7392114566E+03   2.0018782762E+02   8.0208340959E+00   2.2519709702E+00   3.2954434179E+02   1.4709928588E+01   1.0220372372E+03   2.7012042561E+01   2.5173702879E+03
 -5.1000000000E+01   7.3415216420E+02   8.7253568744E+03   1.9963251750E+02   8.1012815562E+00   2.2703773206E+00   3.2913266872E+02   1.4709928588E+01   1.0220372372E+03   2.7012042561E+01   2.5173702879E+03
 -5.0950000000E+01   7.3952611698E+02   8.7115034792E+03   1.9907874778E+02   8.1825342355E+00   2.2889269652E+00   3.2872150991E+02   1.4709928588E+01   1.0220372372E+03   2.7012042561E+01   2.5173702879E+03
 -5.0900000000E+01   7.4493018479E+02   8.6976512800E+03   1.9852651418E+02   8.2646001602E+00   2.3076209386E+00   3.2831086473E+02   1.4709928588E+01   1.0220372372E+03   2.7012042561E+01   2.5173702879E+03
 -5.0850000000E+01   7.5036444206E+02   8.6838002861E+03   1.9797581246E+02   8.3474874358E+00   2.3264602821E+00   3.2790073253E+02   1.4709928588E+01   1.0220372372E+03   2.7012042561E+01   2.5173702879E+03
 -5.0800000000E+01   7.5582896251E+02   8.6699505070E+03   1.9742663835E+02   8.4312042482E+00   2.3454460435E+00   3.2749111268E+02   1.4709928588E+01   1.0220372372E+03   2.7012042561E+01   2.5173702879E+03
 -5.0750000000E+01   7.6132381912E+02   8.6561019520E+03   1.9687898761E+02   8.5157588639E+00   2.3645792773E+00   3.2708200454E+02   1.4709928588E+01   1.0220372372E+03   2.7012042561E+01   2.5173702879E+03
 -5.0700000000E+01   7.6684908417E+02   8.6422546306E+03   1.9633285604E+02   8.6011596312E+00   2.3838610444E+00   3.2667340746E+02   1.4709928588E+01   1.0220372372E+03   2.7012042561E+01   2.5173702879E+03
 -5.0650000000E+01   7.7240482920E+02   8.6284085524E+03   1.9578823940E+02   8.6874149808E+00   2.4032924128E+00   3.2626532081E+02   1.4709928588E+01   1.0220372372E+03   2.7012042561E+01   2.5173702879E+03
 -5.0600000000E+01   7.7799112501E+02   8.6145637268E+03   1.9524513349E+02   8.7745334268E+00   2.4228744569E+00   3.2585774394E+02   1.4709928588E+01   1.0220372372E+03   2.7012042561E+01   2.5173702879E+03
 -5.0550000000E+01   7.8360804167E+02   8.6007201638E+03   1.9470353414E+02   8.8625235673E+00   2.4426082579E+00   3.2545067623E+02   1.4709928588E+01   1.0220372372E+03   2.7012042561E+01   2.5173702879E+03
 -5.0500000000E+01   7.8925564847E+02   8.5868778729E+03   1.9416343715E+02   8.9513940851E+00   2.4624949037E+00   3.2504411704E+02   1.4709928588E+01   1.0220372372E+03   2.7012042561E+01   2.5173702879E+03
 -5.0450000000E+01   7.9493401395E+02   8.5730368640E+03   1.9362483836E+02   9.0411537490E+00   2.4825354892E+00   3.2463806573E+02   1.4709928588E+01   1.0220372372E+03   2.7012042561E+01   2.5173702879E+03
 -5.0400000000E+01   8.0064320589E+02   8.5591971470E+03   1.9308773361E+02   9.1318114140E+00   2.5027311161E+00   3.2423252167E+02   1.4709928588E+01   1.0220372372E+03   2.7012042561E+01   2.5173702879E+03
 -5.0350000000E+01   8.0638329129E+02   8.5453587319E+03   1.9255211877E+02   9.2233760228E+00   2.5230828927E+00   3.2382748422E+02   1.4709928588E+01   1.0220372372E+03   2.7012042561E+01   2.5173702879E+03
 -5.0300000000E+01   8.1215433637E+02   8.5315216286E+03   1.9201798969E+02   9.3158566062E+00   2.5435919345E+00   3.2342295275E+02   1.4709928588E+01   1.0220372372E+03   2.7012042561E+01   2.5173702879E+03
 -5.0250000000E+01   8.1795640657E+02   8.5176858473E+03   1.9148534225E+02   9.4092622839E+00   2.5642593638E+00   3.2301892662E+02   1.4709928588E+01   1.0220372372E+03   2.7012042561E+01   2.5173702879E+03
 -5.0200000000E+01   8.2378956652E+02   8.5038513983E+03   1.9095417235E+02   9.5036022658E+00   2.5850863099E+00   3.2261540522E+02   1.4709928588E+01   1.0220372372E+03   2.7012042561E+01   2.5173702879E+03
 -5.0150000000E+01   8.2965388006E+02   8.4900182916E+03   1.9042447589E+02   9.5988858524E+00   2.6060739090E+00   3.2221238790E+02   1.4709928588E+01   1.0220372372E+03   2.7012042561E+01   2.5173702879E+03
 -5.0100000000E+01   8.3554941022E+02   8.4761865376E+03   1.8989624877E+02   9.6951224359E+00   2.6272233044E+00   3.2180987404E+02   1.4709928588E+01   1.0220372372E+03   2.7012042561E+01   2.5173702879E+03
 -5.0050000000E+01   8.4147621921E+02   8.4623561468E+03   1.8936948693E+02   9.7923215012E+00   2.6485356465E+00   3.2140786301E+02   1.4709928588E+01   1.0220372372E+03   2.7012042561E+01   2.5173702879E+03
 -5.0000000000E+01   8.4743436844E+02   8.4485271295E+03   1.8884418630E+02   9.8904926265E+00   2.6700120926E+00   3.2100635417E+02   1.4709928588E+01   1.0220372372E+03   2.7012042561E+01   2.5173702879E+03
 -4.9950000000E+01   8.5342391847E+02   8.4346994963E+03   1.8832034282E+02   9.9896454845E+00   2.6916538074E+00   3.2060534691E+02   1.4709928588E+01   1.0220372372E+03   2.7012042561E+01   2.5173702879E+03
 -4.9900000000E+01   8.5944492903E+02   8.4208732579E+03   1.8779795246E+02   1.0089789843E+01   2.7134619625E+00   3.2020484060E+02   1.4709928588E+01   1.0220372372E+03   2.7012042561E+01   2.5173702879E+03
 -4.9850000000E+01   8.6549745902E+02   8.4070484249E+03   1.8727701117E+02   1.0190935566E+01   2.7354377368E+00   3.1980483460E+02   1.4709928588E+01   1.0220372372E+03   2.7012042561E+01   2.5173702879E+03
 -4.9800000000E+01   8.7158156649E+02   8.3932250081E+03   1.8675751495E+02   1.0293092615E+01   2.7575823163E+00   3.1940532830E+02   1.4709928588E+01   1.0220372372E+03   2.7012042561E+01   2.5173702879E+03
 -4.9750000000E+01   8.7769730864E+02   8.3794030183E+03   1.8623945979E+02   1.0396271049E+01   2.7798968943E+00   3.1900632107E+02   1.4709928588E+01   1.0220372372E+03   2.7012042561E+01   2.5173702879E+03
 -4.9700000000E+01   8.8384474182E+02   8.3655824664E+03   1.8572284168E+02   1.0500481027E+01   2.8023826714E+00   3.1860781229E+02   1.4709928588E+01   1.0220372372E+03   2.7012042561E+01   2.5173702879E+03
 -4.9650000000E+01   8.9002392149E+02   8.3517633634E+03   1.8520765664E+02   1.0605732805E+01   2.8250408555E+00   3.1820980133E+02   1.4709928588E+01   1.0220372372E+03   2.7012042561E+01   2.5173702879E+03
 -4.9600000000E+01   8.9623490227E+02   8.3379457204E+03   1.8469390070E+02   1.0712036745E+01   2.8478726618E+00   3.1781228758E+02   1.4709928588E+01   1.0220372372E+03   2.7012042561E+01   2.5173702879E+03
 -4.9550000000E+01   9.0247773788E+02   8.3241295485E+03   1.8418156989E+02   1.0819403306E+01   2.8708793130E+00   3.1741527041E+02   1.4709928588E+01   1.0220372372E+03   2.7012042561E+01   2.5173702879E+03
 -4.9500000000E+01   9.0875248119E+02   8.3103148589E+03   1.8367066025E+02   1.0927843052E+01   2.8940620388E+00   3.1701874920E+02   1.4709928588E+01   1.0220372372E+03   2.7012042561E+01   2.5173702879E+03
 -4.9450000000E+01   9.1505918416E+02   8.2965016630E+03   1.8316116786E+02   1.1037366651E+01   2.9174220768E+00   3.1662272333E+02   1.4709928588E+01   1.0220372372E+03   2.7012042561E+01   2.5173702879E+03
 -4.9400000000E+01   9.2139789786E+02   8.2826899721E+03   1.8265308876E+02   1.1147984876E+01   2.9409606718E+00   3.1622719218E+02   1.4709928588E+01   1.0220372372E+03   2.7012042561E+01   2.5173702879E+03
 -4.9350000000E+01   9.2776867246E+02   8.2688797977E+03   1.8214641905E+02   1.1259708605E+01   2.9646790761E+00   3.1583215514E+02   1.4709928588E+01   1.0220372372E+03   2.7012042561E+01   2.5173702879E+03
 -4.9300000000E+01   9.3417155724E+02   8.2550711513E+03   1.8164115481E+02   1.1372548823E+01   2.9885785495E+00   3.1543761159E+02   1.4709928588E+01   1.0220372372E+03   2.7012042561E+01   2.5173702879E+03
 -4.9250000000E+01   9.4060660057E+02   8.2412640445E+03   1.8113729215E+02   1.1486516623E+01   3.0126603596E+00   3.1504356091E+02   1.4709928588E+01   1.0220372372E+03   2.7012042561E+01   2.5173702879E+03
 -4.9200000000E+01   9.4707384990E+02   8.2274584890E+03   1.8063482718E+02   1.1601623207E+01   3.0369257812E+00   3.1465000248E+02   1.4709928588E+01   1.0220372372E+03   2.7012042561E+01   2.5173702879E+03
 -4.9150000000E+01   9.5357335176E+02   8.2136544967E+03   1.8013375602E+02   1.1717879888E+01   3.0613760970E+00   3.1425693570E+02   1.4709928588E+01   1.0220372372E+03   2.7012042561E+01   2.5173702879E+03
 -4.9100000000E+01   9.6010515176E+02   8.1998520793E+03   1.7963407480E+02   1.1835298088E+01   3.0860125972E+00   3.1386435994E+02   1.4709928588E+01   1.0220372372E+03   2.7012042561E+01   2.5173702879E+03
 -4.9050000000E+01   9.6666929459E+02   8.1860512487E+03   1.7913577967E+02   1.1953889342E+01   3.1108365797E+00   3.1347227459E+02   1.4709928588E+01   1.0220372372E+03   2.7012042561E+01   2.5173702879E+03
 -4.9000000000E+01   9.7326582399E+02   8.1722520171E+03   1.7863886678E+02   1.2073665299E+01   3.1358493500E+00   3.1308067905E+02   1.4709928588E+01   1.0220372372E+03   2.7012042561E+01   2.5173702879E+03
 -4.8950000000E+01   9.7989478278E+02   8.1584543966E+03   1.7814333230E+02   1.2194637721E+01   3.1610522217E+00   3.1268957269E+02   1.4709928588E+01   1.0220372372E+03   2.7012042561E+01   2.5173702879E+03
 -4.8900000000E+01   9.8655621282E+02   8.1446583992E+03   1.7764917241E+02   1.2316818486E+01   3.1864465156E+00   3.1229895491E+02   1.4709928588E+01   1.0220372372E+03   2.7012042561E+01   2.5173702879E+03
 -4.8850000000E+01   9.9325015505E+02   8.1308640373E+03   1.7715638329E+02   1.2440219588E+01   3.2120335608E+00   3.1190882510E+02   1.4709928588E+01   1.0220372372E+03   2.7012042561E+01   2.5173702879E+03
 -4.8800000000E+01   9.9997664942E+02   8.1170713233E+03   1.7666496114E+02   1.2564853139E+01   3.2378146940E+00   3.1151918265E+02   1.4709928588E+01   1.0220372372E+03   2.7012042561E+01   2.5173702879E+03
 -4.8750000000E+01   1.0067357350E+03   8.1032802695E+03   1.7617490217E+02   1.2690731370E+01   3.2637912597E+00   3.1113002694E+02   1.4709928588E+01   1.0220372372E+03   2.7012042561E+01   2.5173702879E+03
 -4.8700000000E+01   1.0135274497E+03   8.0894908886E+03   1.7568620260E+02   1.2817866630E+01   3.2899646104E+00   3.1074135738E+02   1.4709928588E+01   1.0220372372E+03   2.7012042561E+01   2.5173702879E+03
 -4.8650000000E+01   1.0203518308E+03   8.0757031930E+03   1.7519885865E+02   1.2946271391E+01   3.3163361064E+00   3.1035317335E+02   1.4709928588E+01   1.0220372372E+03   2.7012042561E+01   2.5173702879E+03
 -4.8600000000E+01   1.0272089143E+03   8.0619171956E+03   1.7471286657E+02   1.3075958247E+01   3.3429071160E+00   3.0996547424E+02   1.4709928588E+01   1.0220372372E+03   2.7012042561E+01   2.5173702879E+03
 -4.8550000000E+01   1.0340987354E+03   8.0481329091E+03   1.7422822260E+02   1.3206939912E+01   3.3696790157E+00   3.0957825946E+02   1.4709928588E+01   1.0220372372E+03   2.7012042561E+01   2.5173702879E+03
 -4.8500000000E+01   1.0410213282E+03   8.0343503464E+03   1.7374492301E+02   1.3339229230E+01   3.3966531895E+00   3.0919152839E+02   1.4709928588E+01   1.0220372372E+03   2.7012042561E+01   2.5173702879E+03
 -4.8450000000E+01   1.0479767261E+03   8.0205695204E+03   1.7326296406E+02   1.3472839165E+01   3.4238310300E+00   3.0880528044E+02   1.4709928588E+01   1.0220372372E+03   2.7012042561E+01   2.5173702879E+03
 -4.8400000000E+01   1.0549649610E+03   8.0067904443E+03   1.7278234205E+02   1.3607782812E+01   3.4512139373E+00   3.0841951499E+02   1.4709928588E+01   1.0220372372E+03   2.7012042561E+01   2.5173702879E+03
 -4.8350000000E+01   1.0619860644E+03   7.9930131310E+03   1.7230305325E+02   1.3744073391E+01   3.4788033201E+00   3.0803423145E+02   1.4709928588E+01   1.0220372372E+03   2.7012042561E+01   2.5173702879E+03
 -4.8300000000E+01   1.0690400665E+03   7.9792375939E+03   1.7182509397E+02   1.3881724254E+01   3.5066005949E+00   3.0764942921E+02   1.4709928588E+01   1.0220372372E+03   2.7012042561E+01   2.5173702879E+03
 -4.8250000000E+01   1.0761269964E+03   7.9654638462E+03   1.7134846053E+02   1.4020748880E+01   3.5346071865E+00   3.0726510767E+02   1.4709928588E+01   1.0220372372E+03   2.7012042561E+01   2.5173702879E+03
 -4.8200000000E+01   1.0832468824E+03   7.9516919014E+03   1.7087314924E+02   1.4161160884E+01   3.5628245278E+00   3.0688126624E+02   1.4709928588E+01   1.0220372372E+03   2.7012042561E+01   2.5173702879E+03
 -4.8150000000E+01   1.0903997518E+03   7.9379217730E+03   1.7039915644E+02   1.4302974010E+01   3.5912540599E+00   3.0649790431E+02   1.4709928588E+01   1.0220372372E+03   2.7012042561E+01   2.5173702879E+03
 -4.8100000000E+01   1.0975856308E+03   7.9241534745E+03   1.6992647847E+02   1.4446202138E+01   3.6198972323E+00   3.0611502128E+02   1.4709928588E+01   1.0220372372E+03   2.7012042561E+01   2.5173702879E+03
 -4.8050000000E+01   1.1048045446E+03   7.9103870197E+03   1.6945511168E+02   1.4590859283E+01   3.6487555025E+00   3.0573261656E+02   1.4709928588E+01   1.0220372372E+03   2.7012042561E+01   2.5173702879E+03
 -4.8000000000E+01   1.1120565176E+03   7.8966224223E+03   1.6898505244E+02   1.4736959598E+01   3.6778303365E+00   3.0535068954E+02   1.4709928588E+01   1.0220372372E+03   2.7012042561E+01   2.5173702879E+03
 -4.7950000000E+01   1.1193415728E+03   7.8828596961E+03   1.6851629712E+02   1.4884517372E+01   3.7071232086E+00   3.0496923963E+02   1.4709928588E+01   1.0220372372E+03   2.7012042561E+01   2.5173702879E+03
 -4.7900000000E+01   1.1266597325E+03   7.8690988551E+03   1.6804884210E+02   1.5033547034E+01   3.7366356013E+00   3.0458826624E+02   1.4709928588E+01   1.0220372372E+03   2.7012042561E+01   2.5173702879E+03
 -4.7850000000E+01   1.1340110180E+03   7.8553399135E+03   1.6758268377E+02   1.5184063155E+01   3.7663690058E+00   3.0420776877E+02   1.4709928588E+01   1.0220372372E+03   2.7012042561E+01   2.5173702879E+03
 -4.7800000000E+01   1.1413954492E+03   7.8415828852E+03   1.6711781854E+02   1.5336080446E+01   3.7963249214E+00   3.0382774662E+02   1.4709928588E+01   1.0220372372E+03   2.7012042561E+01   2.5173702879E+03
 -4.7750000000E+01   1.1488130455E+03   7.8278277846E+03   1.6665424282E+02   1.5489613763E+01   3.8265048559E+00   3.0344819921E+02   1.4709928588E+01   1.0220372372E+03   2.7012042561E+01   2.5173702879E+03
 -4.7700000000E+01   1.1562638249E+03   7.8140746260E+03   1.6619195304E+02   1.5644678105E+01   3.8569103257E+00   3.0306912593E+02   1.4709928588E+01   1.0220372372E+03   2.7012042561E+01   2.5173702879E+03
 -4.7650000000E+01   1.1637478046E+03   7.8003234238E+03   1.6573094562E+02   1.5801288618E+01   3.8875428556E+00   3.0269052619E+02   1.4709928588E+01   1.0220372372E+03   2.7012042561E+01   2.5173702879E+03
 -4.7600000000E+01   1.1712650005E+03   7.7865741925E+03   1.6527121701E+02   1.5959460596E+01   3.9184039789E+00   3.0231239941E+02   1.4709928588E+01   1.0220372372E+03   2.7012042561E+01   2.5173702879E+03
 -4.7550000000E+01   1.1788154278E+03   7.7728269469E+03   1.6481276367E+02   1.6119209480E+01   3.9494952376E+00   3.0193474500E+02   1.4709928588E+01   1.0220372372E+03   2.7012042561E+01   2.5173702879E+03
 -4.7500000000E+01   1.1863991005E+03   7.7590817015E+03   1.6435558205E+02   1.6280550864E+01   3.9808181820E+00   3.0155756236E+02   1.4709928588E+01   1.0220372372E+03   2.7012042561E+01   2.5173702879E+03
 -4.7450000000E+01   1.1940160315E+03   7.7453384712E+03   1.6389966862E+02   1.6443500489E+01   4.0123743712E+00   3.0118085090E+02   1.4709928588E+01   1.0220372372E+03   2.7012042561E+01   2.5173702879E+03
 -4.7400000000E+01   1.2016662328E+03   7.7315972709E+03   1.6344501988E+02   1.6608074254E+01   4.0441653729E+00   3.0080461003E+02   1.4709928588E+01   1.0220372372E+03   2.7012042561E+01   2.5173702879E+03
 -4.7350000000E+01   1.2093497153E+03   7.7178581157E+03   1.6299163230E+02   1.6774288210E+01   4.0761927635E+00   3.0042883918E+02   1.4709928588E+01   1.0220372372E+03   2.7012042561E+01   2.5173702879E+03
 -4.7300000000E+01   1.2170664889E+03   7.7041210206E+03   1.6253950240E+02   1.6942158563E+01   4.1084581280E+00   3.0005353774E+02   1.4709928588E+01   1.0220372372E+03   2.7012042561E+01   2.5173702879E+03
 -4.7250000000E+01   1.2248165625E+03   7.6903860008E+03   1.6208862668E+02   1.7111701679E+01   4.1409630602E+00   2.9967870514E+02   1.4709928588E+01   1.0220372372E+03   2.7012042561E+01   2.5173702879E+03
 -4.7200000000E+01   1.2325999438E+03   7.6766530718E+03   1.6163900167E+02   1.7282934080E+01   4.1737091626E+00   2.9930434078E+02   1.4709928588E+01   1.0220372372E+03   2.7012042561E+01   2.5173702879E+03
 -4.7150000000E+01   1.2404166395E+03   7.6629222488E+03   1.6119062389E+02   1.7455872449E+01   4.2066980463E+00   2.9893044409E+02   1.4709928588E+01   1.0220372372E+03   2.7012042561E+01   2.5173702879E+03
 -4.7100000000E+01   1.2482666556E+03   7.6491935474E+03   1.6074348989E+02   1.7630533633E+01   4.2399313315E+00   2.9855701448E+02   1.4709928588E+01   1.0220372372E+03   2.7012042561E+01   2.5173702879E+03
 -4.7050000000E+01   1.2561499965E+03   7.6354669833E+03   1.6029759621E+02   1.7806934640E+01   4.2734106471E+00   2.9818405136E+02   1.4709928588E+01   1.0220372372E+03   2.7012042561E+01   2.5173702879E+03
 -4.7000000000E+01   1.2640666660E+03   7.6217425721E+03   1.5985293941E+02   1.7985092644E+01   4.3071376306E+00   2.9781155415E+02   1.4709928588E+01   1.0220372372E+03   2.7012042561E+01   2.5173702879E+03
 -4.6950000000E+01   1.2720166666E+03   7.6080203296E+03   1.5940951608E+02   1.8165024983E+01   4.3411139287E+00   2.9743952228E+02   1.4709928588E+01   1.0220372372E+03   2.7012042561E+01   2.5173702879E+03
 -4.6900000000E+01   1.2800000000E+03   7.5943002719E+03   1.5896732277E+02   1.8346749167E+01   4.3753411969E+00   2.9706795515E+02   1.4709928588E+01   1.0220372372E+03   2.7012042561E+01   2.5173702879E+03
 -4.6850000000E+01   1.2880166666E+03   7.5805824148E+03   1.5852635608E+02   1.8530282871E+01   4.4098210996E+00   2.9669685220E+02   1.4709928588E+01   1.0220372372E+03   2.7012042561E+01   2.5173702879E+03
 -4.6800000000E+01   1.2960666660E+03   7.5668667747E+03   1.5808661261E+02   1.8715643945E+01   4.4445553100E+00   2.9632621283E+02   1.4709928588E+01   1.0220372372E+03   2.7012042561E+01   2.5173702879E+03
 -4.6750000000E+01   1.3041499965E+03   7.5531533676E+03   1.5764808897E+02   1.8902850410E+01   4.4795455105E+00   2.9595603647E+02   1.4709928588E+01   1.0220372372E+03   2.7012042561E+01   2.5173702879E+03
 -4.6700000000E+01   1.3122666556E+03   7.5394422099E+03   1.5721078176E+02   1.9091920459E+01   4.5147933923E+00   2.9558632255E+02   1.4709928588E+01   1.0220372372E+03   2.7012042561E+01   2.5173702879E+03
 -4.6650000000E+01   1.3204166395E+03   7.5257333182E+03   1.5677468762E+02   1.9282872465E+01   4.5503006558E+00   2.9521707047E+02   1.4709928588E+01   1.0220372372E+03   2.7012042561E+01   2.5173702879E+03
 -4.6600000000E+01   1.3285999438E+03   7.5120267089E+03   1.5633980319E+02   1.9475724975E+01   4.5860690102E+00   2.9484827968E+02   1.4709928588E+01   1.0220372372E+03   2.7012042561E+01   2.5173702879E+03
 -4.6550000000E+01   1.3368165625E+03   7.4983223987E+03   1.5590612510E+02   1.9670496717E+01   4.6221001741E+00   2.9447994958E+02   1.4709928588E+01   1.0220372372E+03   2.7012042561E+01   2.5173702879E+03
 -4.6500000000E+01   1.3450664889E+03   7.4846204044E+03   1.5547365001E+02   1.9867206600E+01   4.6583958749E+00   2.9411207961E+02   1.4709928588E+01   1.0220372372E+03   2.7012042561E+01   2.5173702879E+03
 -4.6450000000E+01   1.3533497153E+03   7.4709207428E+03   1.5504237458E+02   2.0065873714E+01   4.6949578492E+00   2.9374466919E+02   1.4709928588E+01   1.0220372372E+03   2.7012042561E+01   2.5173702879E+03
 -4.6400000000E+01   1.3616662328E+03   7.4572234310E+03   1.5461229548E+02   2.0266517334E+01   4.7317878428E+00   2.9337771775E+02   1.4709928588E+01   1.0220372372E+03   2.7012042561E+01   2.5173702879E+03
 -4.6350000000E+01   1.3700160315E+03   7.4435284861E+03   1.5418340940E+02   2.0469156920E+01   4.7688876105E+00   2.9301122471E+02   1.4709928588E+01   1.0220372372E+03   2.7012042561E+01   2.5173702879E+03
 -4.6300000000E+01   1.3783991005E+03   7.4298359253E+03   1.5375571303E+02   2.0673812121E+01   4.8062589165E+00   2.9264518950E+02   1.4709928588E+01   1.0220372372E+03   2.7012042561E+01   2.5173702879E+03
 -4.6250000000E+01   1.3868154278E+03   7.4161457658E+03   1.5332920306E+02   2.0880502774E+01   4.8439035340E+00   2.9227961154E+02   1.4709928588E+01   1.0220372372E+03   2.7012042561E+01   2.5173702879E+03
 -4.6200000000E+01   1.3952650005E+03   7.4024580251E+03   1.5290387621E+02   2.1089248908E+01   4.8818232456E+00   2.9191449028E+02   1.4709928588E+01   1.0220372372E+03   2.7012042561E+01   2.5173702879E+03
 -4.6150000000E+01   1.4037478046E+03   7.3887727208E+03   1.5247972920E+02   2.1300070743E+01   4.9200198429E+00   2.9154982513E+02   1.4709928588E+01   1.0220372372E+03   2.7012042561E+01   2.5173702879E+03
 -4.6100000000E+01   1.4122638249E+03   7.3750898705E+03   1.5205675874E+02   2.1512988695E+01   4.9584951271E+00   2.9118561552E+02   1.4709928588E+01   1.0220372372E+03   2.7012042561E+01   2.5173702879E+03
 -4.6050000000E+01   1.4208130455E+03   7.3614094920E+03   1.5163496158E+02   2.1728023377E+01   4.9972509085E+00   2.9082186090E+02   1.4709928588E+01   1.0220372372E+03   2.7012042561E+01   2.5173702879E+03
 -4.6000000000E+01   1.4293954492E+03   7.3477316031E+03   1.5121433447E+02   2.1945195598E+01   5.0362890066E+00   2.9045856068E+02   1.4709928588E+01   1.0220372372E+03   2.7012042561E+01   2.5173702879E+03
 -4.5950000000E+01   1.4380110180E+03   7.3340562219E+03   1.5079487415E+02   2.2164526368E+01   5.0756112504E+00   2.9009571431E+02   1.4709928588E+01   1.0220372372E+03   2.7012042561E+01   2.5173702879E+03
 -4.5900000000E+01   1.4466597325E+03   7.3203833664E+03   1.5037657739E+02   2.2386036898E+01   5.1152194783E+00   2.8973332121E+02   1.4709928588E+01   1.0220372372E+03   2.7012042561E+01   2.5173702879E+03
 -4.5850000000E+01   1.4553415728E+03   7.3067130549E+03   1.4995944096E+02   2.2609748605E+01   5.1551155379E+00   2.8937138082E+02   1.4709928588E+01   1.0220372372E+03   2.7012042561E+01   2.5173702879E+03
 -4.5800000000E+01   1.4640565176E+03   7.2930453058E+03   1.4954346164E+02   2.2835683108E+01   5.1953012864E+00   2.8900989257E+02   1.4709928588E+01   1.0220372372E+03   2.7012042561E+01   2.5173702879E+03
 -4.5750000000E+01   1.4728045446E+03   7.2793801374E+03   1.4912863623E+02   2.3063862236E+01   5.2357785901E+00   2.8864885590E+02   1.4709928588E+01   1.0220372372E+03   2.7012042561E+01   2.5173702879E+03
 -4.5700000000E+01   1.4815856308E+03   7.2657175683E+03   1.4871496153E+02   2.3294308025E+01   5.2765493250E+00   2.8828827024E+02   1.4709928588E+01   1.0220372372E+03   2.7012042561E+01   2.5173702879E+03
 -4.5650000000E+01   1.4903997518E+03   7.2520576172E+03   1.4830243433E+02   2.3527042724E+01   5.3176153765E+00   2.8792813503E+02   1.4709928588E+01   1.0220372372E+03   2.7012042561E+01   2.5173702879E+03
 -4.5600000000E+01   1.4992468824E+03   7.2384003030E+03   1.4789105146E+02   2.3762088793E+01   5.3589786394E+00   2.8756844971E+02   1.4709928588E+01   1.0220372372E+03   2.7012042561E+01   2.5173702879E+03
 -4.5550000000E+01   1.5081269964E+03   7.2247456445E+03   1.4748080975E+02   2.3999468910E+01   5.4006410180E+00   2.8720921372E+02   1.4709928588E+01   1.0220372372E+03   2.7012042561E+01   2.5173702879E+03
 -4.5500000000E+01   1.5170400665E+03   7.2110936608E+03   1.4707170602E+02   2.4239205966E+01   5.4426044263E+00   2.8685042649E+02   1.4709928588E+01   1.0220372372E+03   2.7012042561E+01   2.5173702879E+03
 -4.5450000000E+01   1.5259860644E+03   7.1974443711E+03   1.4666373713E+02   2.4481323074E+01   5.4848707874E+00   2.8649208747E+02   1.4709928588E+01   1.0220372372E+03   2.7012042561E+01   2.5173702879E+03
 -4.5400000000E+01   1.5349649610E+03   7.1837977945E+03   1.4625689992E+02   2.4725843566E+01   5.5274420344E+00   2.8613419609E+02   1.4709928588E+01   1.0220372372E+03   2.7012042561E+01   2.5173702879E+03
 -4.5350000000E+01   1.5439767261E+03   7.1701539506E+03   1.4585119125E+02   2.4972790998E+01   5.5703201097E+00   2.8577675179E+02   1.4709928588E+01   1.0220372372E+03   2.7012042561E+01   2.5173702879E+03
 -4.5300000000E+01   1.5530213282E+03   7.1565128589E+03   1.4544660800E+02   2.5222189149E+01   5.6135069652E+00   2.8541975402E+02   1.4709928588E+01   1.0220372372E+03   2.7012042561E+01   2.5173702879E+03
 -4.5250000000E+01   1.5620987354E+03   7.1428745389E+03   1.4504314704E+02   2.5474062027E+01   5.6570045627E+00   2.8506320222E+02   1.4709928588E+01   1.0220372372E+03   2.7012042561E+01   2.5173702879E+03
 -4.5200000000E+01   1.5712089143E+03   7.1292390104E+03   1.4464080525E+02   2.5728433868E+01   5.7008148734E+00   2.8470709583E+02   1.4709928588E+01   1.0220372372E+03   2.7012042561E+01   2.5173702879E+03
 -4.5150000000E+01   1.5803518308E+03   7.1156062934E+03   1.4423957954E+02   2.5985329137E+01   5.7449398780E+00   2.8435143430E+02   1.4709928588E+01   1.0220372372E+03   2.7012042561E+01   2.5173702879E+03
 -4.5100000000E+01   1.5895274497E+03   7.1019764078E+03   1.4383946681E+02   2.6244772536E+01   5.7893815672E+00   2.8399621706E+02   1.4709928588E+01   1.0220372372E+03   2.7012042561E+01   2.5173702879E+03
 -4.5050000000E+01   1.5987357350E+03   7.0883493738E+03   1.4344046398E+02   2.6506788999E+01   5.8341419409E+00   2.8364144357E+02   1.4709928588E+01   1.0220372372E+03   2.7012042561E+01   2.5173702879E+03
 -4.5000000000E+01   1.6079766494E+03   7.0747252116E+03   1.4304256795E+02   2.6771403697E+01   5.8792230091E+00   2.8328711327E+02   1.4709928588E+01   1.0220372372E+03   2.7012042561E+01   2.5173702879E+03
 -4.4950000000E+01   1.6172501550E+03   7.0611039416E+03   1.4264577566E+02   2.7038642043E+01   5.9246267912E+00   2.8293322560E+02   1.4709928588E+01   1.0220372372E+03   2.7012042561E+01   2.5173702879E+03
 -4.4900000000E+01   1.6265562128E+03   7.0474855843E+03   1.4225008406E+02   2.7308529689E+01   5.9703553164E+00   2.8257978002E+02   1.4709928588E+01   1.0220372372E+03   2.7012042561E+01   2.5173702879E+03
 -4.4850000000E+01   1.6358947828E+03   7.0338701604E+03   1.4185549008E+02   2.7581092531E+01   6.0164106236E+00   2.8222677597E+02   1.4709928588E+01   1.0220372372E+03   2.7012042561E+01   2.5173702879E+03
 -4.4800000000E+01   1.6452658240E+03   7.0202576905E+03   1.4146199068E+02   2.7856356711E+01   6.0627947614E+00   2.8187421289E+02   1.4709928588E+01   1.0220372372E+03   2.7012042561E+01   2.5173702879E+03
 -4.4750000000E+01   1.6546692946E+03   7.0066481956E+03   1.4106958283E+02   2.8134348620E+01   6.1095097882E+00   2.8152209025E+02   1.4709928588E+01   1.0220372372E+03   2.7012042561E+01   2.5173702879E+03
 -4.4700000000E+01   1.6641051518E+03   6.9930416967E+03   1.4067826350E+02   2.8415094898E+01   6.1565577720E+00   2.8117040749E+02   1.4709928588E+01   1.0220372372E+03   2.7012042561E+01   2.5173702879E+03
 -4.4650000000E+01   1.6735733518E+03   6.9794382150E+03   1.4028802967E+02   2.8698622436E+01   6.2039407908E+00   2.8081916405E+02   1.4709928588E+01   1.0220372372E+03   2.7012042561E+01   2.5173702879E+03
 -4.4600000000E+01   1.6830738499E+03   6.9658377716E+03   1.3989887832E+02   2.8984958383E+01   6.2516609321E+00   2.8046835939E+02   1.4709928588E+01   1.0220372372E+03   2.7012042561E+01   2.5173702879E+03
 -4.4550000000E+01   1.6926066006E+03   6.9522403880E+03   1.3951080646E+02   2.9274130143E+01   6.2997202933E+00   2.8011799297E+02   1.4709928588E+01   1.0220372372E+03   2.7012042561E+01   2.5173702879E+03
 -4.4500000000E+01   1.7021715572E+03   6.9386460857E+03   1.3912381109E+02   2.9566165377E+01   6.3481209817E+00   2.7976806423E+02   1.4709928588E+01   1.0220372372E+03   2.7012042561E+01   2.5173702879E+03
 -4.4450000000E+01   1.7117686725E+03   6.9250548863E+03   1.3873788922E+02   2.9861092011E+01   6.3968651142E+00   2.7941857263E+02   1.4709928588E+01   1.0220372372E+03   2.7012042561E+01   2.5173702879E+03
 -4.4400000000E+01   1.7213978979E+03   6.9114668118E+03   1.3835303788E+02   3.0158938233E+01   6.4459548177E+00   2.7906951761E+02   1.4709928588E+01   1.0220372372E+03   2.7012042561E+01   2.5173702879E+03
 -4.4350000000E+01   1.7310591842E+03   6.8978818838E+03   1.3796925409E+02   3.0459732498E+01   6.4953922288E+00   2.7872089865E+02   1.4709928588E+01   1.0220372372E+03   2.7012042561E+01   2.5173702879E+03
 -4.4300000000E+01   1.7407524812E+03   6.8843001246E+03   1.3758653491E+02   3.0763503526E+01   6.5451794939E+00   2.7837271519E+02   1.4709928588E+01   1.0220372372E+03   2.7012042561E+01   2.5173702879E+03
 -4.4250000000E+01   1.7504777379E+03   6.8707215563E+03   1.3720487736E+02   3.1070280312E+01   6.5953187694E+00   2.7802496668E+02   1.4709928588E+01   1.0220372372E+03   2.7012042561E+01   2.5173702879E+03
 -4.4200000000E+01   1.7602349023E+03   6.8571462012E+03   1.3682427851E+02   3.1380092122E+01   6.6458122214E+00   2.7767765259E+02   1.4709928588E+01   1.0220372372E+03   2.7012042561E+01   2.5173702879E+03
 -4.4150000000E+01   1.7700239215E+03   6.8435740817E+03   1.3644473542E+02   3.1692968497E+01   6.6966620259E+00   2.7733077237E+02   1.4709928588E+01   1.0220372372E+03   2.7012042561E+01   2.5173702879E+03
 -4.4100000000E+01   1.7798447418E+03   6.8300052205E+03   1.3606624516E+02   3.2008939257E+01   6.7478703688E+00   2.7698432548E+02   1.4709928588E+01   1.0220372372E+03   2.7012042561E+01   2.5173702879E+03
 -4.4050000000E+01   1.7896973086E+03   6.8164396401E+03   1.3568880482E+02   3.2328034501E+01   6.7994394459E+00   2.7663831137E+02   1.4709928588E+01   1.0220372372E+03   2.7012042561E+01   2.5173702879E+03
 -4.4000000000E+01   1.7995815665E+03   6.8028773636E+03   1.3531241147E+02   3.2650284613E+01   6.8513714626E+00   2.7629272952E+02   1.4709928588E+01   1.0220372372E+03   2.7012042561E+01   2.5173702879E+03
 -4.3950000000E+01   1.8094974590E+03   6.7893184139E+03   1.3493706222E+02   3.2975720258E+01   6.9036686345E+00   2.7594757937E+02   1.4709928588E+01   1.0220372372E+03   2.7012042561E+01   2.5173702879E+03
 -4.3900000000E+01   1.8194449290E+03   6.7757628140E+03   1.3456275416E+02   3.3304372394E+01   6.9563331870E+00   2.7560286039E+02   1.4709928588E+01   1.0220372372E+03   2.7012042561E+01   2.5173702879E+03
 -4.3850000000E+01   1.8294239185E+03   6.7622105873E+03   1.3418948442E+02   3.3636272264E+01   7.0093673552E+00   2.7525857204E+02   1.4709928588E+01   1.0220372372E+03   2.7012042561E+01   2.5173702879E+03
 -4.3800000000E+01   1.8394343684E+03   6.7486617571E+03   1.3381725010E+02   3.3971451407E+01   7.0627733845E+00   2.7491471378E+02   1.4709928588E+01   1.0220372372E+03   2.7012042561E+01   2.5173702879E+03
 -4.3750000000E+01   1.8494762192E+03   6.7351163470E+03   1.3344604835E+02   3.4309941655E+01   7.1165535298E+00   2.7457128508E+02   1.4709928588E+01   1.0220372372E+03   2.7012042561E+01   2.5173702879E+03
 -4.3700000000E+01   1.8595494102E+03   6.7215743807E+03   1.3307587628E+02   3.4651775139E+01   7.1707100560E+00   2.7422828539E+02   1.4709928588E+01   1.0220372372E+03   2.7012042561E+01   2.5173702879E+03
 -4.3650000000E+01   1.8696538801E+03   6.7080358819E+03   1.3270673106E+02   3.4996984291E+01   7.2252452381E+00   2.7388571418E+02   1.4709928588E+01   1.0220372372E+03   2.7012042561E+01   2.5173702879E+03
 -4.3600000000E+01   1.8797895665E+03   6.6945008745E+03   1.3233860982E+02   3.5345601842E+01   7.2801613607E+00   2.7354357093E+02   1.4709928588E+01   1.0220372372E+03   2.7012042561E+01   2.5173702879E+03
 -4.3550000000E+01   1.8899564066E+03   6.6809693828E+03   1.3197150973E+02   3.5697660834E+01   7.3354607185E+00   2.7320185508E+02   1.4709928588E+01   1.0220372372E+03   2.7012042561E+01   2.5173702879E+03
 -4.3500000000E+01   1.9001543364E+03   6.6674414308E+03   1.3160542796E+02   3.6053194611E+01   7.3911456161E+00   2.7286056611E+02   1.4709928588E+01   1.0220372372E+03   2.7012042561E+01   2.5173702879E+03
 -4.3450000000E+01   1.9103832913E+03   6.6539170430E+03   1.3124036168E+02   3.6412236833E+01   7.4472183679E+00   2.7251970349E+02   1.4709928588E+01   1.0220372372E+03   2.7012042561E+01   2.5173702879E+03
 -4.3400000000E+01   1.9206432059E+03   6.6403962439E+03   1.3087630807E+02   3.6774821469E+01   7.5036812984E+00   2.7217926667E+02   1.4709928588E+01   1.0220372372E+03   2.7012042561E+01   2.5173702879E+03
 -4.3350000000E+01   1.9309340139E+03   6.6268790581E+03   1.3051326432E+02   3.7140982807E+01   7.5605367418E+00   2.7183925514E+02   1.4709928588E+01   1.0220372372E+03   2.7012042561E+01   2.5173702879E+03
 -4.3300000000E+01   1.9412556485E+03   6.6133655104E+03   1.3015122764E+02   3.7510755451E+01   7.6177870424E+00   2.7149966836E+02   1.4709928588E+01   1.0220372372E+03   2.7012042561E+01   2.5173702879E+03
 -4.3250000000E+01   1.9516080417E+03   6.5998556258E+03   1.2979019523E+02   3.7884174328E+01   7.6754345541E+00   2.7116050580E+02   1.4709928588E+01   1.0220372372E+03   2.7012042561E+01   2.5173702879E+03
 -4.3200000000E+01   1.9619911250E+03   6.5863494292E+03   1.2943016431E+02   3.8261274688E+01   7.7334816410E+00   2.7082176692E+02   1.4709928588E+01   1.0220372372E+03   2.7012042561E+01   2.5173702879E+03
 -4.3150000000E+01   1.9724048292E+03   6.5728469460E+03   1.2907113209E+02   3.8642092110E+01   7.7919306771E+00   2.7048345120E+02   1.4709928588E+01   1.0220372372E+03   2.7012042561E+01   2.5173702879E+03
 -4.3100000000E+01   1.9828490842E+03   6.5593482016E+03   1.2871309580E+02   3.9026662498E+01   7.8507840460E+00   2.7014555811E+02   1.4709928588E+01   1.0220372372E+03   2.7012042561E+01   2.5173702879E+03
 -4.3050000000E+01   1.9933238191E+03   6.5458532213E+03   1.2835605269E+02   3.9415022093E+01   7.9100441415E+00   2.6980808713E+02   1.4709928588E+01   1.0220372372E+03   2.7012042561E+01   2.5173702879E+03
 -4.3000000000E+01   2.0038289625E+03   6.5323620309E+03   1.2800000000E+02   3.9807207468E+01   7.9697133671E+00   2.6947103772E+02   1.4709928588E+01   1.0220372372E+03   2.7012042561E+01   2.5173702879E+03
 -4.2950000000E+01   2.0143644421E+03   6.5188746561E+03   1.2764493498E+02   4.0203255534E+01   8.0297941363E+00   2.6913440936E+02   1.4709928588E+01   1.0220372372E+03   2.7012042561E+01   2.5173702879E+03
 -4.2900000000E+01   2.0249301848E+03   6.5053911230E+03   1.2729085489E+02   4.0603203544E+01   8.0902888725E+00   2.6879820152E+02   1.4709928588E+01   1.0220372372E+03   2.7012042561E+01   2.5173702879E+03
 -4.2850000000E+01   2.0355261170E+03   6.4919114576E+03   1.2693775700E+02   4.1007089093E+01   8.1512000087E+00   2.6846241368E+02   1.4709928588E+01   1.0220372372E+03   2.7012042561E+01   2.5173702879E+03
 -4.2800000000E+01   2.0461521642E+03   6.4784356861E+03   1.2658563858E+02   4.1414950124E+01   8.2125299882E+00   2.6812704531E+02   1.4709928588E+01   1.0220372372E+03   2.7012042561E+01   2.5173702879E+03
 -4.2750000000E+01   2.0568082513E+03   6.4649638350E+03   1.2623449692E+02   4.1826824928E+01   8.2742812637E+00   2.6779209589E+02   1.4709928588E+01   1.0220372372E+03   2.7012042561E+01   2.5173702879E+03
 -4.2700000000E+01   2.0674943025E+03   6.4514959307E+03   1.2588432930E+02   4.2242752146E+01   8.3364562980E+00   2.6745756490E+02   1.4709928588E+01   1.0220372372E+03   2.7012042561E+01   2.5173702879E+03
 -4.2650000000E+01   2.0782102413E+03   6.4380320000E+03   1.2553513304E+02   4.2662770779E+01   8.3990575638E+00   2.6712345181E+02   1.4709928588E+01   1.0220372372E+03   2.7012042561E+01   2.5173702879E+03
 -4.2600000000E+01   2.0889559905E+03   6.4245720696E+03   1.2518690542E+02   4.3086920181E+01   8.4620875434E+00   2.6678975610E+02   1.4709928588E+01   1.0220372372E+03   2.7012042561E+01   2.5173702879E+03
 -4.2550000000E+01   2.0997314722E+03   6.4111161667E+03   1.2483964377E+02   4.3515240068E+01   8.5255487291E+00   2.6645647724E+02   1.4709928588E+01   1.0220372372E+03   2.7012042561E+01   2.5173702879E+03
 -4.2500000000E+01   2.1105366078E+03   6.3976643182E+03   1.2449334541E+02   4.3947770522E+01   8.5894436229E+00   2.6612361473E+02   1.4709928588E+01   1.0220372372E+03   2.7012042561E+01   2.5173702879E+03
 -4.2450000000E+01   2.1213713183E+03   6.3842165515E+03   1.2414800765E+02   4.4384551990E+01   8.6537747367E+00   2.6579116803E+02   1.4709928588E+01   1.0220372372E+03   2.7012042561E+01   2.5173702879E+03
 -4.2400000000E+01   2.1322355238E+03   6.3707728940E+03   1.2380362785E+02   4.4825625287E+01   8.7185445922E+00   2.6545913664E+02   1.4709928588E+01   1.0220372372E+03   2.7012042561E+01   2.5173702879E+03
 -4.2350000000E+01   2.1431291437E+03   6.3573333734E+03   1.2346020333E+02   4.5271031604E+01   8.7837557206E+00   2.6512752002E+02   1.4709928588E+01   1.0220372372E+03   2.7012042561E+01   2.5173702879E+03
 -4.2300000000E+01   2.1540520971E+03   6.3438980172E+03   1.2311773146E+02   4.5720812506E+01   8.8494106632E+00   2.6479631766E+02   1.4709928588E+01   1.0220372372E+03   2.7012042561E+01   2.5173702879E+03
 -4.2250000000E+01   2.1650043021E+03   6.3304668536E+03   1.2277620958E+02   4.6175009936E+01   8.9155119709E+00   2.6446552905E+02   1.4709928588E+01   1.0220372372E+03   2.7012042561E+01   2.5173702879E+03
 -4.2200000000E+01   2.1759856764E+03   6.3170399103E+03   1.2243563507E+02   4.6633666219E+01   8.9820622042E+00   2.6413515367E+02   1.4709928588E+01   1.0220372372E+03   2.7012042561E+01   2.5173702879E+03
 -4.2150000000E+01   2.1869961370E+03   6.3036172158E+03   1.2209600530E+02   4.7096824067E+01   9.0490639335E+00   2.6380519100E+02   1.4709928588E+01   1.0220372372E+03   2.7012042561E+01   2.5173702879E+03
 -4.2100000000E+01   2.1980356004E+03   6.2901987983E+03   1.2175731763E+02   4.7564526578E+01   9.1165197389E+00   2.6347564052E+02   1.4709928588E+01   1.0220372372E+03   2.7012042561E+01   2.5173702879E+03
 -4.2050000000E+01   2.2091039824E+03   6.2767846863E+03   1.2141956947E+02   4.8036817240E+01   9.1844322101E+00   2.6314650172E+02   1.4709928588E+01   1.0220372372E+03   2.7012042561E+01   2.5173702879E+03
 -4.2000000000E+01   2.2202011983E+03   6.2633749085E+03   1.2108275821E+02   4.8513739937E+01   9.2528039464E+00   2.6281777409E+02   1.4709928588E+01   1.0220372372E+03   2.7012042561E+01   2.5173702879E+03
 -4.1950000000E+01   2.2313271626E+03   6.2499694938E+03   1.2074688124E+02   4.8995338950E+01   9.3216375569E+00   2.6248945712E+02   1.4709928588E+01   1.0220372372E+03   2.7012042561E+01   2.5173702879E+03
 -4.1900000000E+01   2.2424817896E+03   6.2365684709E+03   1.2041193597E+02   4.9481658961E+01   9.3909356602E+00   2.6216155028E+02   1.4709928588E+01   1.0220372372E+03   2.7012042561E+01   2.5173702879E+03
 -4.1850000000E+01   2.2536649927E+03   6.2231718692E+03   1.2007791982E+02   4.9972745053E+01   9.4607008845E+00   2.6183405307E+02   1.4709928588E+01   1.0220372372E+03   2.7012042561E+01   2.5173702879E+03
 -4.1800000000E+01   2.2648766850E+03   6.2097797179E+03   1.1974483022E+02   5.0468642717E+01   9.5309358678E+00   2.6150696498E+02   1.4709928588E+01   1.0220372372E+03   2.7012042561E+01   2.5173702879E+03
 -4.1750000000E+01   2.2761167788E+03   6.1963920464E+03   1.1941266459E+02   5.0969397856E+01   9.6016432573E+00   2.6118028549E+02   1.4709928588E+01   1.0220372372E+03   2.7012042561E+01   2.5173702879E+03
 -4.1700000000E+01   2.2873851861E+03   6.1830088844E+03   1.1908142037E+02   5.1475056784E+01   9.6728257101E+00   2.6085401409E+02   1.4709928588E+01   1.0220372372E+03   2.7012042561E+01   2.5173702879E+03
 -4.1650000000E+01   2.2986818183E+03   6.1696302615E+03   1.1875109500E+02   5.1985666231E+01   9.7444858926E+00   2.6052815028E+02   1.4709928588E+01   1.0220372372E+03   2.7012042561E+01   2.5173702879E+03
 -4.1600000000E+01   2.3100065861E+03   6.1562562077E+03   1.1842168594E+02   5.2501273348E+01   9.8166264808E+00   2.6020269355E+02   1.4709928588E+01   1.0220372372E+03   2.7012042561E+01   2.5173702879E+03
 -4.1550000000E+01   2.3213593999E+03   6.1428867530E+03   1.1809319063E+02   5.3021925708E+01   9.8892501600E+00   2.5987764338E+02   1.4709928588E+01   1.0220372372E+03   2.7012042561E+01   2.5173702879E+03
 -4.1500000000E+01   2.3327401696E+03   6.1295219278E+03   1.1776560656E+02   5.3547671311E+01   9.9623596253E+00   2.5955299927E+02   1.4709928588E+01   1.0220372372E+03   2.7012042561E+01   2.5173702879E+03
 -4.1450000000E+01   2.3441488044E+03   6.1161617624E+03   1.1743893119E+02   5.4078558584E+01   1.0035957581E+01   2.5922876071E+02   1.4709928588E+01   1.0220372372E+03   2.7012042561E+01   2.5173702879E+03
 -4.1400000000E+01   2.3555852132E+03   6.1028062872E+03   1.1711316200E+02   5.4614636389E+01   1.0110046740E+01   2.5890492720E+02   1.4709928588E+01   1.0220372372E+03   2.7012042561E+01   2.5173702879E+03
 -4.1350000000E+01   2.3670493043E+03   6.0894555332E+03   1.1678829647E+02   5.5155954025E+01   1.0184629827E+01   2.5858149823E+02   1.4709928588E+01   1.0220372372E+03   2.7012042561E+01   2.5173702879E+03
 -4.1300000000E+01   2.3785409857E+03   6.0761095310E+03   1.1646433210E+02   5.5702561226E+01   1.0259709573E+01   2.5825847329E+02   1.4709928588E+01   1.0220372372E+03   2.7012042561E+01   2.5173702879E+03
 -4.1250000000E+01   2.3900601647E+03   6.0627683118E+03   1.1614126639E+02   5.6254508173E+01   1.0335288720E+01   2.5793585187E+02   1.4709928588E+01   1.0220372372E+03   2.7012042561E+01   2.5173702879E+03
 -4.1200000000E+01   2.4016067483E+03   6.0494319068E+03   1.1581909685E+02   5.6811845491E+01   1.0411370019E+01   2.5761363349E+02   1.4709928588E+01   1.0220372372E+03   2.7012042561E+01   2.5173702879E+03
 -4.1150000000E+01   2.4131806429E+03   6.0361003473E+03   1.1549782099E+02   5.7374624254E+01   1.0487956231E+01   2.5729181762E+02   1.4709928588E+01   1.0220372372E+03   2.7012042561E+01   2.5173702879E+03
 -4.1100000000E+01   2.4247817548E+03   6.0227736647E+03   1.1517743633E+02   5.7942895990E+01   1.0565050124E+01   2.5697040378E+02   1.4709928588E+01   1.0220372372E+03   2.7012042561E+01   2.5173702879E+03
 -4.1050000000E+01   2.4364099894E+03   6.0094518909E+03   1.1485794040E+02   5.8516712682E+01   1.0642654479E+01   2.5664939145E+02   1.4709928588E+01   1.0220372372E+03   2.7012042561E+01   2.5173702879E+03
 -4.1000000000E+01   2.4480652521E+03   5.9961350576E+03   1.1453933074E+02   5.9096126773E+01   1.0720772081E+01   2.5632878013E+02   1.4709928588E+01   1.0220372372E+03   2.7012042561E+01   2.5173702879E+03
 -4.0950000000E+01   2.4597474476E+03   5.9828231969E+03   1.1422160488E+02   5.9681191169E+01   1.0799405729E+01   2.5600856933E+02   1.4709928588E+01   1.0220372372E+03   2.7012042561E+01   2.5173702879E+03
 -4.0900000000E+01   2.4714564802E+03   5.9695163409E+03   1.1390476038E+02   6.0271959242E+01   1.0878558228E+01   2.5568875854E+02   1.4709928588E+01   1.0220372372E+03   2.7012042561E+01   2.5173702879E+03
 -4.0850000000E+01   2.4831922541E+03   5.9562145219E+03   1.1358879478E+02   6.0868484835E+01   1.0958232393E+01   2.5536934727E+02   1.4709928588E+01   1.0220372372E+03   2.7012042561E+01   2.5173702879E+03
 -4.0800000000E+01   2.4949546727E+03   5.9429177725E+03   1.1327370566E+02   6.1470822261E+01   1.1038431050E+01   2.5505033501E+02   1.4709928588E+01   1.0220372372E+03   2.7012042561E+01   2.5173702879E+03
 -4.0750000000E+01   2.5067436393E+03   5.9296261253E+03   1.1295949057E+02   6.2079026314E+01   1.1119157029E+01   2.5473172126E+02   1.4709928588E+01   1.0220372372E+03   2.7012042561E+01   2.5173702879E+03
 -4.0700000000E+01   2.5185590568E+03   5.9163396132E+03   1.1264614710E+02   6.2693152264E+01   1.1200413174E+01   2.5441350554E+02   1.4709928588E+01   1.0220372372E+03   2.7012042561E+01   2.5173702879E+03
 -4.0650000000E+01   2.5304008275E+03   5.9030582691E+03   1.1233367283E+02   6.3313255868E+01   1.1282202336E+01   2.5409568733E+02   1.4709928588E+01   1.0220372372E+03   2.7012042561E+01   2.5173702879E+03
 -4.0600000000E+01   2.5422688537E+03   5.8897821262E+03   1.1202206535E+02   6.3939393369E+01   1.1364527375E+01   2.5377826615E+02   1.4709928588E+01   1.0220372372E+03   2.7012042561E+01   2.5173702879E+03
 -4.0550000000E+01   2.5541630370E+03   5.8765112178E+03   1.1171132225E+02   6.4571621499E+01   1.1447391158E+01   2.5346124150E+02   1.4709928588E+01   1.0220372372E+03   2.7012042561E+01   2.5173702879E+03
 -4.0500000000E+01   2.5660832789E+03   5.8632455775E+03   1.1140144113E+02   6.5209997486E+01   1.1530796563E+01   2.5314461289E+02   1.4709928588E+01   1.0220372372E+03   2.7012042561E+01   2.5173702879E+03
 -4.0450000000E+01   2.5780294805E+03   5.8499852388E+03   1.1109241960E+02   6.5854579055E+01   1.1614746478E+01   2.5282837981E+02   1.4709928588E+01   1.0220372372E+03   2.7012042561E+01   2.5173702879E+03
 -4.0400000000E+01   2.5900015425E+03   5.8367302356E+03   1.1078425529E+02   6.6505424432E+01   1.1699243795E+01   2.5251254177E+02   1.4709928588E+01   1.0220372372E+03   2.7012042561E+01   2.5173702879E+03
 -4.0350000000E+01   2.6019993654E+03   5.8234806019E+03   1.1047694580E+02   6.7162592347E+01   1.1784291420E+01   2.5219709829E+02   1.4709928588E+01   1.0220372372E+03   2.7012042561E+01   2.5173702879E+03
 -4.0300000000E+01   2.6140228494E+03   5.8102363719E+03   1.1017048878E+02   6.7826142041E+01   1.1869892263E+01   2.5188204886E+02   1.4709928588E+01   1.0220372372E+03   2.7012042561E+01   2.5173702879E+03
 -4.0250000000E+01   2.6260718941E+03   5.7969975798E+03   1.0986488185E+02   6.8496133263E+01   1.1956049247E+01   2.5156739300E+02   1.4709928588E+01   1.0220372372E+03   2.7012042561E+01   2.5173702879E+03
 -4.0200000000E+01   2.6381463993E+03   5.7837642603E+03   1.0956012266E+02   6.9172626280E+01   1.2042765299E+01   2.5125313021E+02   1.4709928588E+01   1.0220372372E+03   2.7012042561E+01   2.5173702879E+03
 -4.0150000000E+01   2.6502462640E+03   5.7705364479E+03   1.0925620885E+02   6.9855681876E+01   1.2130043358E+01   2.5093926001E+02   1.4709928588E+01   1.0220372372E+03   2.7012042561E+01   2.5173702879E+03
 -4.0100000000E+01   2.6623713874E+03   5.7573141774E+03   1.0895313808E+02   7.0545361359E+01   1.2217886369E+01   2.5062578190E+02   1.4709928588E+01   1.0220372372E+03   2.7012042561E+01   2.5173702879E+03
 -4.0050000000E+01   2.6745216681E+03   5.7440974840E+03   1.0865090802E+02   7.1241726562E+01   1.2306297288E+01   2.5031269539E+02   1.4709928588E+01   1.0220372372E+03   2.7012042561E+01   2.5173702879E+03
 -4.0000000000E+01   2.6866970045E+03   5.7308864027E+03   1.0834951632E+02   7.1944839848E+01   1.2395279077E+01   2.5000000000E+02   1.4709928588E+01   1.0220372372E+03   2.7012042561E+01   2.5173702879E+03
 -3.9950000000E+01   2.6988972948E+03   5.7176809688E+03   1.0804896067E+02   7.2654764114E+01   1.2484834707E+01   2.4968769523E+02   1.4709928588E+01   1.0220372372E+03   2.7012042561E+01   2.5173702879E+03
 -3.9900000000E+01   2.7111224371E+03   5.7044812180E+03   1.0774923874E+02   7.3371562791E+01   1.2574967158E+01   2.4937578060E+02   1.4709928588E+01   1.0220372372E+03   2.7012042561E+01   2.5173702879E+03
 -3.9850000000E+01   2.7233723289E+03   5.6912871859E+03   1.0745034823E+02   7.4095299853E+01   1.2665679417E+01   2.4906425562E+02   1.4709928588E+01   1.0220372372E+03   2.7012042561E+01   2.5173702879E+03
 -3.9800000000E+01   2.7356468678E+03   5.6780989083E+03   1.0715228682E+02   7.4826039817E+01   1.2756974479E+01   2.4875311980E+02   1.4709928588E+01   1.0220372372E+03   2.7012042561E+01   2.5173702879E+03
 -3.9750000000E+01   2.7479459509E+03   5.6649164213E+03   1.0685505222E+02   7.5563847748E+01   1.2848855348E+01   2.4844237266E+02   1.4709928588E+01   1.0220372372E+03   2.7012042561E+01   2.5173702879E+03
 -3.9700000000E+01   2.7602694755E+03   5.6517397610E+03   1.0655864213E+02   7.6308789261E+01   1.2941325037E+01   2.4813201370E+02   1.4709928588E+01   1.0220372372E+03   2.7012042561E+01   2.5173702879E+03
 -3.9650000000E+01   2.7726173382E+03   5.6385689638E+03   1.0626305426E+02   7.7060930526E+01   1.3034386564E+01   2.4782204246E+02   1.4709928588E+01   1.0220372372E+03   2.7012042561E+01   2.5173702879E+03
 -3.9600000000E+01   2.7849894358E+03   5.6254040663E+03   1.0596828634E+02   7.7820338273E+01   1.3128042957E+01   2.4751245844E+02   1.4709928588E+01   1.0220372372E+03   2.7012042561E+01   2.5173702879E+03
 -3.9550000000E+01   2.7973856646E+03   5.6122451051E+03   1.0567433610E+02   7.8587079791E+01   1.3222297252E+01   2.4720326115E+02   1.4709928588E+01   1.0220372372E+03   2.7012042561E+01   2.5173702879E+03
 -3.9500000000E+01   2.8098059209E+03   5.5990921172E+03   1.0538120125E+02   7.9361222936E+01   1.3317152492E+01   2.4689445012E+02   1.4709928588E+01   1.0220372372E+03   2.7012042561E+01   2.5173702879E+03
 -3.9450000000E+01   2.8222501008E+03   5.5859451395E+03   1.0508887954E+02   8.0142836135E+01   1.3412611727E+01   2.4658602487E+02   1.4709928588E+01   1.0220372372E+03   2.7012042561E+01   2.5173702879E+03
 -3.9400000000E+01   2.8347181003E+03   5.5728042093E+03   1.0479736872E+02   8.0931988383E+01   1.3508678016E+01   2.4627798490E+02   1.4709928588E+01   1.0220372372E+03   2.7012042561E+01   2.5173702879E+03
 -3.9350000000E+01   2.8472098150E+03   5.5596693640E+03   1.0450666653E+02   8.1728749256E+01   1.3605354426E+01   2.4597032974E+02   1.4709928588E+01   1.0220372372E+03   2.7012042561E+01   2.5173702879E+03
 -3.9300000000E+01   2.8597251406E+03   5.5465406411E+03   1.0421677073E+02   8.2533188908E+01   1.3702644030E+01   2.4566305892E+02   1.4709928588E+01   1.0220372372E+03   2.7012042561E+01   2.5173702879E+03
 -3.9250000000E+01   2.8722639726E+03   5.5334180785E+03   1.0392767909E+02   8.3345378075E+01   1.3800549909E+01   2.4535617194E+02   1.4709928588E+01   1.0220372372E+03   2.7012042561E+01   2.5173702879E+03
 -3.9200000000E+01   2.8848262062E+03   5.5203017139E+03   1.0363938938E+02   8.4165388082E+01   1.3899075152E+01   2.4504966833E+02   1.4709928588E+01   1.0220372372E+03   2.7012042561E+01   2.5173702879E+03
 -3.9150000000E+01   2.8974117367E+03   5.5071915855E+03   1.0335189936E+02   8.4993290844E+01   1.3998222854E+01   2.4474354761E+02   1.4709928588E+01   1.0220372372E+03   2.7012042561E+01   2.5173702879E+03
 -3.9100000000E+01   2.9100204591E+03   5.4940877315E+03   1.0306520683E+02   8.5829158870E+01   1.4097996119E+01   2.4443780930E+02   1.4709928588E+01   1.0220372372E+03   2.7012042561E+01   2.5173702879E+03
 -3.9050000000E+01   2.9226522684E+03   5.4809901903E+03   1.0277930956E+02   8.6673065268E+01   1.4198398058E+01   2.4413245292E+02   1.4709928588E+01   1.0220372372E+03   2.7012042561E+01   2.5173702879E+03
 -3.9000000000E+01   2.9353070594E+03   5.4678990006E+03   1.0249420536E+02   8.7525083745E+01   1.4299431787E+01   2.4382747801E+02   1.4709928588E+01   1.0220372372E+03   2.7012042561E+01   2.5173702879E+03
 -3.8950000000E+01   2.9479847269E+03   5.4548142011E+03   1.0220989202E+02   8.8385288613E+01   1.4401100432E+01   2.4352288407E+02   1.4709928588E+01   1.0220372372E+03   2.7012042561E+01   2.5173702879E+03
 -3.8900000000E+01   2.9606851654E+03   5.4417358308E+03   1.0192636735E+02   8.9253754796E+01   1.4503407124E+01   2.4321867064E+02   1.4709928588E+01   1.0220372372E+03   2.7012042561E+01   2.5173702879E+03
 -3.8850000000E+01   2.9734082697E+03   5.4286639287E+03   1.0164362917E+02   9.0130557826E+01   1.4606355001E+01   2.4291483724E+02   1.4709928588E+01   1.0220372372E+03   2.7012042561E+01   2.5173702879E+03
 -3.8800000000E+01   2.9861539341E+03   5.4155985342E+03   1.0136167528E+02   9.1015773851E+01   1.4709947209E+01   2.4261138339E+02   1.4709928588E+01   1.0220372372E+03   2.7012042561E+01   2.5173702879E+03
 -3.8750000000E+01   2.9989220531E+03   5.4025396868E+03   1.0108050352E+02   9.1909479640E+01   1.4814186901E+01   2.4230830862E+02   1.4709928588E+01   1.0220372372E+03   2.7012042561E+01   2.5173702879E+03
 -3.8700000000E+01   3.0117125210E+03   5.3894874260E+03   1.0080011171E+02   9.2811752583E+01   1.4919077234E+01   2.4200561246E+02   1.4709928588E+01   1.0220372372E+03   2.7012042561E+01   2.5173702879E+03
 -3.8650000000E+01   3.0245252322E+03   5.3764417917E+03   1.0052049770E+02   9.3722670695E+01   1.5024621375E+01   2.4170329443E+02   1.4709928588E+01   1.0220372372E+03   2.7012042561E+01   2.5173702879E+03
 -3.8600000000E+01   3.0373600807E+03   5.3634028238E+03   1.0024165932E+02   9.4642312622E+01   1.5130822496E+01   2.4140135406E+02   1.4709928588E+01   1.0220372372E+03   2.7012042561E+01   2.5173702879E+03
 -3.8550000000E+01   3.0502169610E+03   5.3503705626E+03   9.9963594422E+01   9.5570757642E+01   1.5237683776E+01   2.4109979089E+02   1.4709928588E+01   1.0220372372E+03   2.7012042561E+01   2.5173702879E+03
 -3.8500000000E+01   3.0630957670E+03   5.3373450483E+03   9.9686300860E+01   9.6508085671E+01   1.5345208398E+01   2.4079860443E+02   1.4709928588E+01   1.0220372372E+03   2.7012042561E+01   2.5173702879E+03
 -3.8450000000E+01   3.0759963930E+03   5.3243263214E+03   9.9409776496E+01   9.7454377261E+01   1.5453399555E+01   2.4049779422E+02   1.4709928588E+01   1.0220372372E+03   2.7012042561E+01   2.5173702879E+03
 -3.8400000000E+01   3.0889187330E+03   5.3113144227E+03   9.9134019196E+01   9.8409713611E+01   1.5562260444E+01   2.4019735979E+02   1.4709928588E+01   1.0220372372E+03   2.7012042561E+01   2.5173702879E+03
 -3.8350000000E+01   3.1018626812E+03   5.2983093930E+03   9.8859026831E+01   9.9374176564E+01   1.5671794269E+01   2.3989730066E+02   1.4709928588E+01   1.0220372372E+03   2.7012042561E+01   2.5173702879E+03
 -3.8300000000E+01   3.1148281315E+03   5.2853112732E+03   9.8584797280E+01   1.0034784861E+02   1.5782004240E+01   2.3959761638E+02   1.4709928588E+01   1.0220372372E+03   2.7012042561E+01   2.5173702879E+03
 -3.8250000000E+01   3.1278149781E+03   5.2723201047E+03   9.8311328427E+01   1.0133081291E+02   1.5892893573E+01   2.3929830647E+02   1.4709928588E+01   1.0220372372E+03   2.7012042561E+01   2.5173702879E+03
 -3.8200000000E+01   3.1408231151E+03   5.2593359287E+03   9.8038618161E+01   1.0232315325E+02   1.6004465488E+01   2.3899937046E+02   1.4709928588E+01   1.0220372372E+03   2.7012042561E+01   2.5173702879E+03
 -3.8150000000E+01   3.1538524365E+03   5.2463587868E+03   9.7766664379E+01   1.0332495410E+02   1.6116723214E+01   2.3870080789E+02   1.4709928588E+01   1.0220372372E+03   2.7012042561E+01   2.5173702879E+03
 -3.8100000000E+01   3.1669028365E+03   5.2333887208E+03   9.7495464982E+01   1.0433630059E+02   1.6229669985E+01   2.3840261828E+02   1.4709928588E+01   1.0220372372E+03   2.7012042561E+01   2.5173702879E+03
 -3.8050000000E+01   3.1799742092E+03   5.2204257725E+03   9.7225017878E+01   1.0535727850E+02   1.6343309038E+01   2.3810480118E+02   1.4709928588E+01   1.0220372372E+03   2.7012042561E+01   2.5173702879E+03
 -3.8000000000E+01   3.1930664486E+03   5.2074699839E+03   9.6955320978E+01   1.0638797431E+02   1.6457643620E+01   2.3780735613E+02   1.4709928588E+01   1.0220372372E+03   2.7012042561E+01   2.5173702879E+03
 -3.7950000000E+01   3.2061794491E+03   5.1945213974E+03   9.6686372204E+01   1.0742847514E+02   1.6572676978E+01   2.3751028264E+02   1.4709928588E+01   1.0220372372E+03   2.7012042561E+01   2.5173702879E+03
 -3.7900000000E+01   3.2193131049E+03   5.1815800553E+03   9.6418169478E+01   1.0847886881E+02   1.6688412370E+01   2.3721358026E+02   1.4709928588E+01   1.0220372372E+03   2.7012042561E+01   2.5173702879E+03
 -3.7850000000E+01   3.2324673102E+03   5.1686460002E+03   9.6150710732E+01   1.0953924380E+02   1.6804853056E+01   2.3691724853E+02   1.4709928588E+01   1.0220372372E+03   2.7012042561E+01   2.5173702879E+03
 -3.7800000000E+01   3.2456419593E+03   5.1557192748E+03   9.5883993903E+01   1.1060968929E+02   1.6922002301E+01   2.3662128699E+02   1.4709928588E+01   1.0220372372E+03   2.7012042561E+01   2.5173702879E+03
 -3.7750000000E+01   3.2588369467E+03   5.1427999221E+03   9.5618016931E+01   1.1169029514E+02   1.7039863377E+01   2.3632569516E+02   1.4709928588E+01   1.0220372372E+03   2.7012042561E+01   2.5173702879E+03
 -3.7700000000E+01   3.2720521668E+03   5.1298879852E+03   9.5352777765E+01   1.1278115188E+02   1.7158439559E+01   2.3603047260E+02   1.4709928588E+01   1.0220372372E+03   2.7012042561E+01   2.5173702879E+03
 -3.7650000000E+01   3.2852875142E+03   5.1169835074E+03   9.5088274357E+01   1.1388235076E+02   1.7277734130E+01   2.3573561883E+02   1.4709928588E+01   1.0220372372E+03   2.7012042561E+01   2.5173702879E+03
 -3.7600000000E+01   3.2985428835E+03   5.1040865320E+03   9.4824504668E+01   1.1499398371E+02   1.7397750374E+01   2.3544113340E+02   1.4709928588E+01   1.0220372372E+03   2.7012042561E+01   2.5173702879E+03
 -3.7550000000E+01   3.3118181693E+03   5.0911971028E+03   9.4561466662E+01   1.1611614335E+02   1.7518491582E+01   2.3514701584E+02   1.4709928588E+01   1.0220372372E+03   2.7012042561E+01   2.5173702879E+03
 -3.7500000000E+01   3.3251132665E+03   5.0783152634E+03   9.4299158308E+01   1.1724892301E+02   1.7639961050E+01   2.3485326570E+02   1.4709928588E+01   1.0220372372E+03   2.7012042561E+01   2.5173702879E+03
 -3.7450000000E+01   3.3384280699E+03   5.0654410579E+03   9.4037577584E+01   1.1839241672E+02   1.7762162077E+01   2.3455988252E+02   1.4709928588E+01   1.0220372372E+03   2.7012042561E+01   2.5173702879E+03
 -3.7400000000E+01   3.3517624745E+03   5.0525745304E+03   9.3776722470E+01   1.1954671921E+02   1.7885097967E+01   2.3426686584E+02   1.4709928588E+01   1.0220372372E+03   2.7012042561E+01   2.5173702879E+03
 -3.7350000000E+01   3.3651163754E+03   5.0397157251E+03   9.3516590955E+01   1.2071192594E+02   1.8008772029E+01   2.3397421521E+02   1.4709928588E+01   1.0220372372E+03   2.7012042561E+01   2.5173702879E+03
 -3.7300000000E+01   3.3784896679E+03   5.0268646866E+03   9.3257181030E+01   1.2188813306E+02   1.8133187575E+01   2.3368193015E+02   1.4709928588E+01   1.0220372372E+03   2.7012042561E+01   2.5173702879E+03
 -3.7250000000E+01   3.3918822471E+03   5.0140214595E+03   9.2998490694E+01   1.2307543743E+02   1.8258347923E+01   2.3339001023E+02   1.4709928588E+01   1.0220372372E+03   2.7012042561E+01   2.5173702879E+03
 -3.7200000000E+01   3.4052940087E+03   5.0011860886E+03   9.2740517950E+01   1.2427393664E+02   1.8384256394E+01   2.3309845498E+02   1.4709928588E+01   1.0220372372E+03   2.7012042561E+01   2.5173702879E+03
 -3.7150000000E+01   3.4187248481E+03   4.9883586188E+03   9.2483260809E+01   1.2548372899E+02   1.8510916312E+01   2.3280726394E+02   1.4709928588E+01   1.0220372372E+03   2.7012042561E+01   2.5173702879E+03
 -3.7100000000E+01   3.4321746610E+03   4.9755390954E+03   9.2226717286E+01   1.2670491352E+02   1.8638331006E+01   2.3251643667E+02   1.4709928588E+01   1.0220372372E+03   2.7012042561E+01   2.5173702879E+03
 -3.7050000000E+01   3.4456433433E+03   4.9627275637E+03   9.1970885400E+01   1.2793758996E+02   1.8766503808E+01   2.3222597270E+02   1.4709928588E+01   1.0220372372E+03   2.7012042561E+01   2.5173702879E+03
 -3.7000000000E+01   3.4591307911E+03   4.9499240691E+03   9.1715763178E+01   1.2918185879E+02   1.8895438055E+01   2.3193587158E+02   1.4709928588E+01   1.0220372372E+03   2.7012042561E+01   2.5173702879E+03
 -3.6950000000E+01   3.4726369003E+03   4.9371286572E+03   9.1461348651E+01   1.3043782123E+02   1.9025137085E+01   2.3164613287E+02   1.4709928588E+01   1.0220372372E+03   2.7012042561E+01   2.5173702879E+03
 -3.6900000000E+01   3.4861615675E+03   4.9243413741E+03   9.1207639856E+01   1.3170557919E+02   1.9155604242E+01   2.3135675610E+02   1.4709928588E+01   1.0220372372E+03   2.7012042561E+01   2.5173702879E+03
 -3.6850000000E+01   3.4997046889E+03   4.9115622655E+03   9.0954634835E+01   1.3298523536E+02   1.9286842873E+01   2.3106774083E+02   1.4709928588E+01   1.0220372372E+03   2.7012042561E+01   2.5173702879E+03
 -3.6800000000E+01   3.5132661612E+03   4.8987913777E+03   9.0702331637E+01   1.3427689313E+02   1.9418856325E+01   2.3077908660E+02   1.4709928588E+01   1.0220372372E+03   2.7012042561E+01   2.5173702879E+03
 -3.6750000000E+01   3.5268458813E+03   4.8860287570E+03   9.0450728313E+01   1.3558065664E+02   1.9551647953E+01   2.3049079296E+02   1.4709928588E+01   1.0220372372E+03   2.7012042561E+01   2.5173702879E+03
 -3.6700000000E+01   3.5404437461E+03   4.8732744499E+03   9.0199822924E+01   1.3689663077E+02   1.9685221110E+01   2.3020285946E+02   1.4709928588E+01   1.0220372372E+03   2.7012042561E+01   2.5173702879E+03
 -3.6650000000E+01   3.5540596527E+03   4.8605285031E+03   8.9949613533E+01   1.3822492115E+02   1.9819579156E+01   2.2991528566E+02   1.4709928588E+01   1.0220372372E+03   2.7012042561E+01   2.5173702879E+03
 -3.6600000000E+01   3.5676934985E+03   4.8477909634E+03   8.9700098209E+01   1.3956563413E+02   1.9954725451E+01   2.2962807110E+02   1.4709928588E+01   1.0220372372E+03   2.7012042561E+01   2.5173702879E+03
 -3.6550000000E+01   3.5813451810E+03   4.8350618778E+03   8.9451275026E+01   1.4091887682E+02   2.0090663358E+01   2.2934121533E+02   1.4709928588E+01   1.0220372372E+03   2.7012042561E+01   2.5173702879E+03
 -3.6500000000E+01   3.5950145979E+03   4.8223412934E+03   8.9203142066E+01   1.4228475709E+02   2.0227396245E+01   2.2905471791E+02   1.4709928588E+01   1.0220372372E+03   2.7012042561E+01   2.5173702879E+03
 -3.6450000000E+01   3.6087016472E+03   4.8096292577E+03   8.8955697413E+01   1.4366338353E+02   2.0364927478E+01   2.2876857839E+02   1.4709928588E+01   1.0220372372E+03   2.7012042561E+01   2.5173702879E+03
 -3.6400000000E+01   3.6224062270E+03   4.7969258180E+03   8.8708939158E+01   1.4505486550E+02   2.0503260428E+01   2.2848279632E+02   1.4709928588E+01   1.0220372372E+03   2.7012042561E+01   2.5173702879E+03
 -3.6350000000E+01   3.6361282355E+03   4.7842310220E+03   8.8462865397E+01   1.4645931310E+02   2.0642398469E+01   2.2819737125E+02   1.4709928588E+01   1.0220372372E+03   2.7012042561E+01   2.5173702879E+03
 -3.6300000000E+01   3.6498675714E+03   4.7715449175E+03   8.8217474231E+01   1.4787683719E+02   2.0782344974E+01   2.2791230274E+02   1.4709928588E+01   1.0220372372E+03   2.7012042561E+01   2.5173702879E+03
 -3.6250000000E+01   3.6636241335E+03   4.7588675526E+03   8.7972763767E+01   1.4930754938E+02   2.0923103321E+01   2.2762759035E+02   1.4709928588E+01   1.0220372372E+03   2.7012042561E+01   2.5173702879E+03
 -3.6200000000E+01   3.6773978206E+03   4.7461989753E+03   8.7728732116E+01   1.5075156203E+02   2.1064676888E+01   2.2734323362E+02   1.4709928588E+01   1.0220372372E+03   2.7012042561E+01   2.5173702879E+03
 -3.6150000000E+01   3.6911885320E+03   4.7335392340E+03   8.7485377396E+01   1.5220898828E+02   2.1207069055E+01   2.2705923211E+02   1.4709928588E+01   1.0220372372E+03   2.7012042561E+01   2.5173702879E+03
 -3.6100000000E+01   3.7049961671E+03   4.7208883772E+03   8.7242697728E+01   1.5367994201E+02   2.1350283203E+01   2.2677558539E+02   1.4709928588E+01   1.0220372372E+03   2.7012042561E+01   2.5173702879E+03
 -3.6050000000E+01   3.7188206257E+03   4.7082464534E+03   8.7000691241E+01   1.5516453784E+02   2.1494322715E+01   2.2649229300E+02   1.4709928588E+01   1.0220372372E+03   2.7012042561E+01   2.5173702879E+03
 -3.6000000000E+01   3.7326618075E+03   4.6956135114E+03   8.6759356066E+01   1.5666289119E+02   2.1639190975E+01   2.2620935451E+02   1.4709928588E+01   1.0220372372E+03   2.7012042561E+01   2.5173702879E+03
 -3.5950000000E+01   3.7465196128E+03   4.6829896003E+03   8.6518690342E+01   1.5817511820E+02   2.1784891369E+01   2.2592676947E+02   1.4709928588E+01   1.0220372372E+03   2.7012042561E+01   2.5173702879E+03
 -3.5900000000E+01   3.7603939420E+03   4.6703747690E+03   8.6278692212E+01   1.5970133581E+02   2.1931427282E+01   2.2564453744E+02   1.4709928588E+01   1.0220372372E+03   2.7012042561E+01   2.5173702879E+03
 -3.5850000000E+01   3.7742846957E+03   4.6577690669E+03   8.6039359823E+01   1.6124166169E+02   2.2078802102E+01   2.2536265798E+02   1.4709928588E+01   1.0220372372E+03   2.7012042561E+01   2.5173702879E+03
 -3.5800000000E+01   3.7881917748E+03   4.6451725434E+03   8.5800691330E+01   1.6279621429E+02   2.2227019218E+01   2.2508113065E+02   1.4709928588E+01   1.0220372372E+03   2.7012042561E+01   2.5173702879E+03
 -3.5750000000E+01   3.8021150804E+03   4.6325852480E+03   8.5562684890E+01   1.6436511280E+02   2.2376082016E+01   2.2479995500E+02   1.4709928588E+01   1.0220372372E+03   2.7012042561E+01   2.5173702879E+03
 -3.5700000000E+01   3.8160545140E+03   4.6200072306E+03   8.5325338666E+01   1.6594847721E+02   2.2525993887E+01   2.2451913061E+02   1.4709928588E+01   1.0220372372E+03   2.7012042561E+01   2.5173702879E+03
 -3.5650000000E+01   3.8300099772E+03   4.6074385409E+03   8.5088650829E+01   1.6754642823E+02   2.2676758219E+01   2.2423865703E+02   1.4709928588E+01   1.0220372372E+03   2.7012042561E+01   2.5173702879E+03
 -3.5600000000E+01   3.8439813721E+03   4.5948792291E+03   8.4852619550E+01   1.6915908737E+02   2.2828378403E+01   2.2395853382E+02   1.4709928588E+01   1.0220372372E+03   2.7012042561E+01   2.5173702879E+03
 -3.5550000000E+01   3.8579686007E+03   4.5823293453E+03   8.4617243009E+01   1.7078657687E+02   2.2980857827E+01   2.2367876055E+02   1.4709928588E+01   1.0220372372E+03   2.7012042561E+01   2.5173702879E+03
 -3.5500000000E+01   3.8719715657E+03   4.5697889399E+03   8.4382519390E+01   1.7242901976E+02   2.3134199882E+01   2.2339933678E+02   1.4709928588E+01   1.0220372372E+03   2.7012042561E+01   2.5173702879E+03
 -3.5450000000E+01   3.8859901697E+03   4.5572580634E+03   8.4148446882E+01   1.7408653982E+02   2.3288407956E+01   2.2312026206E+02   1.4709928588E+01   1.0220372372E+03   2.7012042561E+01   2.5173702879E+03
 -3.5400000000E+01   3.9000243159E+03   4.5447367664E+03   8.3915023677E+01   1.7575926158E+02   2.3443485439E+01   2.2284153598E+02   1.4709928588E+01   1.0220372372E+03   2.7012042561E+01   2.5173702879E+03
 -3.5350000000E+01   3.9140739075E+03   4.5322250998E+03   8.3682247976E+01   1.7744731036E+02   2.3599435720E+01   2.2256315808E+02   1.4709928588E+01   1.0220372372E+03   2.7012042561E+01   2.5173702879E+03
 -3.5300000000E+01   3.9281388483E+03   4.5197231146E+03   8.3450117983E+01   1.7915081220E+02   2.3756262186E+01   2.2228512794E+02   1.4709928588E+01   1.0220372372E+03   2.7012042561E+01   2.5173702879E+03
 -3.5250000000E+01   3.9422190420E+03   4.5072308618E+03   8.3218631905E+01   1.8086989393E+02   2.3913968224E+01   2.2200744511E+02   1.4709928588E+01   1.0220372372E+03   2.7012042561E+01   2.5173702879E+03
 -3.5200000000E+01   3.9563143930E+03   4.4947483927E+03   8.2987787957E+01   1.8260468314E+02   2.4072557222E+01   2.2173010918E+02   1.4709928588E+01   1.0220372372E+03   2.7012042561E+01   2.5173702879E+03
 -3.5150000000E+01   3.9704248057E+03   4.4822757588E+03   8.2757584357E+01   1.8435530815E+02   2.4232032564E+01   2.2145311970E+02   1.4709928588E+01   1.0220372372E+03   2.7012042561E+01   2.5173702879E+03
 -3.5100000000E+01   3.9845501850E+03   4.4698130115E+03   8.2528019330E+01   1.8612189806E+02   2.4392397635E+01   2.2117647624E+02   1.4709928588E+01   1.0220372372E+03   2.7012042561E+01   2.5173702879E+03
 -3.5050000000E+01   3.9986904360E+03   4.4573602025E+03   8.2299091103E+01   1.8790458271E+02   2.4553655817E+01   2.2090017836E+02   1.4709928588E+01   1.0220372372E+03   2.7012042561E+01   2.5173702879E+03
 -3.5000000000E+01   4.0128454640E+03   4.4449173839E+03   8.2070797911E+01   1.8970349271E+02   2.4715810493E+01   2.2062422565E+02   1.4709928588E+01   1.0220372372E+03   2.7012042561E+01   2.5173702879E+03
 -3.4950000000E+01   4.0270151748E+03   4.4324846074E+03   8.1843137992E+01   1.9151875940E+02   2.4878865041E+01   2.2034861765E+02   1.4709928588E+01   1.0220372372E+03   2.7012042561E+01   2.5173702879E+03
 -3.4900000000E+01   4.0411994745E+03   4.4200619253E+03   8.1616109589E+01   1.9335051488E+02   2.5042822840E+01   2.2007335396E+02   1.4709928588E+01   1.0220372372E+03   2.7012042561E+01   2.5173702879E+03
 -3.4850000000E+01   4.0553982694E+03   4.4076493898E+03   8.1389710950E+01   1.9519889200E+02   2.5207687266E+01   2.1979843413E+02   1.4709928588E+01   1.0220372372E+03   2.7012042561E+01   2.5173702879E+03
 -3.4800000000E+01   4.0696114662E+03   4.3952470534E+03   8.1163940329E+01   1.9706402434E+02   2.5373461694E+01   2.1952385773E+02   1.4709928588E+01   1.0220372372E+03   2.7012042561E+01   2.5173702879E+03
 -3.4750000000E+01   4.0838389719E+03   4.3828549686E+03   8.0938795984E+01   1.9894604623E+02   2.5540149495E+01   2.1924962434E+02   1.4709928588E+01   1.0220372372E+03   2.7012042561E+01   2.5173702879E+03
 -3.4700000000E+01   4.0980806937E+03   4.3704731881E+03   8.0714276176E+01   2.0084509276E+02   2.5707754040E+01   2.1897573353E+02   1.4709928588E+01   1.0220372372E+03   2.7012042561E+01   2.5173702879E+03
 -3.4650000000E+01   4.1123365394E+03   4.3581017649E+03   8.0490379174E+01   2.0276129973E+02   2.5876278695E+01   2.1870218486E+02   1.4709928588E+01   1.0220372372E+03   2.7012042561E+01   2.5173702879E+03
 -3.4600000000E+01   4.1266064169E+03   4.3457407517E+03   8.0267103251E+01   2.0469480367E+02   2.6045726825E+01   2.1842897792E+02   1.4709928588E+01   1.0220372372E+03   2.7012042561E+01   2.5173702879E+03
 -3.4550000000E+01   4.1408902344E+03   4.3333902019E+03   8.0044446682E+01   2.0664574186E+02   2.6216101792E+01   2.1815611228E+02   1.4709928588E+01   1.0220372372E+03   2.7012042561E+01   2.5173702879E+03
 -3.4500000000E+01   4.1551879007E+03   4.3210501686E+03   7.9822407751E+01   2.0861425231E+02   2.6387406955E+01   2.1788358750E+02   1.4709928588E+01   1.0220372372E+03   2.7012042561E+01   2.5173702879E+03
 -3.4450000000E+01   4.1694993247E+03   4.3087207052E+03   7.9600984743E+01   2.1060047374E+02   2.6559645671E+01   2.1761140317E+02   1.4709928588E+01   1.0220372372E+03   2.7012042561E+01   2.5173702879E+03
 -3.4400000000E+01   4.1838244156E+03   4.2964018653E+03   7.9380175951E+01   2.1260454559E+02   2.6732821290E+01   2.1733955885E+02   1.4709928588E+01   1.0220372372E+03   2.7012042561E+01   2.5173702879E+03
 -3.4350000000E+01   4.1981630832E+03   4.2840937025E+03   7.9159979671E+01   2.1462660803E+02   2.6906937164E+01   2.1706805413E+02   1.4709928588E+01   1.0220372372E+03   2.7012042561E+01   2.5173702879E+03
 -3.4300000000E+01   4.2125152374E+03   4.2717962705E+03   7.8940394202E+01   2.1666680192E+02   2.7081996637E+01   2.1679688857E+02   1.4709928588E+01   1.0220372372E+03   2.7012042561E+01   2.5173702879E+03
 -3.4250000000E+01   4.2268807885E+03   4.2595096234E+03   7.8721417853E+01   2.1872526886E+02   2.7258003052E+01   2.1652606176E+02   1.4709928588E+01   1.0220372372E+03   2.7012042561E+01   2.5173702879E+03
 -3.4200000000E+01   4.2412596471E+03   4.2472338152E+03   7.8503048931E+01   2.2080215113E+02   2.7434959747E+01   2.1625557328E+02   1.4709928588E+01   1.0220372372E+03   2.7012042561E+01   2.5173702879E+03
 -3.4150000000E+01   4.2556517244E+03   4.2349688999E+03   7.8285285753E+01   2.2289759171E+02   2.7612870056E+01   2.1598542269E+02   1.4709928588E+01   1.0220372372E+03   2.7012042561E+01   2.5173702879E+03
 -3.4100000000E+01   4.2700569316E+03   4.2227149321E+03   7.8068126638E+01   2.2501173429E+02   2.7791737309E+01   2.1571560958E+02   1.4709928588E+01   1.0220372372E+03   2.7012042561E+01   2.5173702879E+03
 -3.4050000000E+01   4.2844751805E+03   4.2104719660E+03   7.7851569911E+01   2.2714472324E+02   2.7971564833E+01   2.1544613353E+02   1.4709928588E+01   1.0220372372E+03   2.7012042561E+01   2.5173702879E+03
 -3.4000000000E+01   4.2989063832E+03   4.1982400563E+03   7.7635613900E+01   2.2929670360E+02   2.8152355949E+01   2.1517699411E+02   1.4709928588E+01   1.0220372372E+03   2.7012042561E+01   2.5173702879E+03
 -3.3950000000E+01   4.3133504520E+03   4.1860192576E+03   7.7420256940E+01   2.3146782111E+02   2.8334113973E+01   2.1490819090E+02   1.4709928588E+01   1.0220372372E+03   2.7012042561E+01   2.5173702879E+03
 -3.3900000000E+01   4.3278072997E+03   4.1738096247E+03   7.7205497368E+01   2.3365822217E+02   2.8516842218E+01   2.1463972349E+02   1.4709928588E+01   1.0220372372E+03   2.7012042561E+01   2.5173702879E+03
 -3.3850000000E+01   4.3422768395E+03   4.1616112125E+03   7.6991333527E+01   2.3586805386E+02   2.8700543991E+01   2.1437159145E+02   1.4709928588E+01   1.0220372372E+03   2.7012042561E+01   2.5173702879E+03
 -3.3800000000E+01   4.3567589848E+03   4.1494240762E+03   7.6777763765E+01   2.3809746391E+02   2.8885222592E+01   2.1410379437E+02   1.4709928588E+01   1.0220372372E+03   2.7012042561E+01   2.5173702879E+03
 -3.3750000000E+01   4.3712536495E+03   4.1372482708E+03   7.6564786434E+01   2.4034660070E+02   2.9070881321E+01   2.1383633183E+02   1.4709928588E+01   1.0220372372E+03   2.7012042561E+01   2.5173702879E+03
 -3.3700000000E+01   4.3857607478E+03   4.1250838516E+03   7.6352399890E+01   2.4261561326E+02   2.9257523467E+01   2.1356920340E+02   1.4709928588E+01   1.0220372372E+03   2.7012042561E+01   2.5173702879E+03
 -3.3650000000E+01   4.4002801944E+03   4.1129308741E+03   7.6140602496E+01   2.4490465128E+02   2.9445152317E+01   2.1330240868E+02   1.4709928588E+01   1.0220372372E+03   2.7012042561E+01   2.5173702879E+03
 -3.3600000000E+01   4.4148119040E+03   4.1007893937E+03   7.5929392615E+01   2.4721386505E+02   2.9633771150E+01   2.1303594724E+02   1.4709928588E+01   1.0220372372E+03   2.7012042561E+01   2.5173702879E+03
 -3.3550000000E+01   4.4293557921E+03   4.0886594661E+03   7.5718768619E+01   2.4954340552E+02   2.9823383241E+01   2.1276981867E+02   1.4709928588E+01   1.0220372372E+03   2.7012042561E+01   2.5173702879E+03
 -3.3500000000E+01   4.4439117743E+03   4.0765411470E+03   7.5508728883E+01   2.5189342423E+02   3.0013991858E+01   2.1250402256E+02   1.4709928588E+01   1.0220372372E+03   2.7012042561E+01   2.5173702879E+03
 -3.3450000000E+01   4.4584797666E+03   4.0644344922E+03   7.5299271786E+01   2.5426407334E+02   3.0205600263E+01   2.1223855848E+02   1.4709928588E+01   1.0220372372E+03   2.7012042561E+01   2.5173702879E+03
 -3.3400000000E+01   4.4730596855E+03   4.0523395578E+03   7.5090395711E+01   2.5665550562E+02   3.0398211712E+01   2.1197342602E+02   1.4709928588E+01   1.0220372372E+03   2.7012042561E+01   2.5173702879E+03
 -3.3350000000E+01   4.4876514478E+03   4.0402563997E+03   7.4882099047E+01   2.5906787443E+02   3.0591829453E+01   2.1170862477E+02   1.4709928588E+01   1.0220372372E+03   2.7012042561E+01   2.5173702879E+03
 -3.3300000000E+01   4.5022549706E+03   4.0281850742E+03   7.4674380186E+01   2.6150133370E+02   3.0786456728E+01   2.1144415432E+02   1.4709928588E+01   1.0220372372E+03   2.7012042561E+01   2.5173702879E+03
 -3.3250000000E+01   4.5168701714E+03   4.0161256375E+03   7.4467237527E+01   2.6395603796E+02   3.0982096774E+01   2.1118001425E+02   1.4709928588E+01   1.0220372372E+03   2.7012042561E+01   2.5173702879E+03
 -3.3200000000E+01   4.5314969681E+03   4.0040781460E+03   7.4260669470E+01   2.6643214230E+02   3.1178752819E+01   2.1091620415E+02   1.4709928588E+01   1.0220372372E+03   2.7012042561E+01   2.5173702879E+03
 -3.3150000000E+01   4.5461352791E+03   3.9920426563E+03   7.4054674421E+01   2.6892980235E+02   3.1376428084E+01   2.1065272360E+02   1.4709928588E+01   1.0220372372E+03   2.7012042561E+01   2.5173702879E+03
 -3.3100000000E+01   4.5607850229E+03   3.9800192247E+03   7.3849250791E+01   2.7144917431E+02   3.1575125783E+01   2.1038957220E+02   1.4709928588E+01   1.0220372372E+03   2.7012042561E+01   2.5173702879E+03
 -3.3050000000E+01   4.5754461187E+03   3.9680079082E+03   7.3644396996E+01   2.7399041490E+02   3.1774849123E+01   2.1012674954E+02   1.4709928588E+01   1.0220372372E+03   2.7012042561E+01   2.5173702879E+03
 -3.3000000000E+01   4.5901184858E+03   3.9560087633E+03   7.3440111453E+01   2.7655368137E+02   3.1975601301E+01   2.0986425519E+02   1.4709928588E+01   1.0220372372E+03   2.7012042561E+01   2.5173702879E+03
 -3.2950000000E+01   4.6048020440E+03   3.9440218471E+03   7.3236392588E+01   2.7913913151E+02   3.2177385510E+01   2.0960208876E+02   1.4709928588E+01   1.0220372372E+03   2.7012042561E+01   2.5173702879E+03
 -3.2900000000E+01   4.6194967135E+03   3.9320472165E+03   7.3033238827E+01   2.8174692357E+02   3.2380204931E+01   2.0934024983E+02   1.4709928588E+01   1.0220372372E+03   2.7012042561E+01   2.5173702879E+03
 -3.2850000000E+01   4.6342024148E+03   3.9200849285E+03   7.2830648604E+01   2.8437721634E+02   3.2584062740E+01   2.0907873800E+02   1.4709928588E+01   1.0220372372E+03   2.7012042561E+01   2.5173702879E+03
 -3.2800000000E+01   4.6489190689E+03   3.9081350403E+03   7.2628620356E+01   2.8703016906E+02   3.2788962102E+01   2.0881755285E+02   1.4709928588E+01   1.0220372372E+03   2.7012042561E+01   2.5173702879E+03
 -3.2750000000E+01   4.6636465971E+03   3.8961976091E+03   7.2427152522E+01   2.8970594145E+02   3.2994906176E+01   2.0855669398E+02   1.4709928588E+01   1.0220372372E+03   2.7012042561E+01   2.5173702879E+03
 -3.2700000000E+01   4.6783849210E+03   3.8842726923E+03   7.2226243550E+01   2.9240469369E+02   3.3201898111E+01   2.0829616098E+02   1.4709928588E+01   1.0220372372E+03   2.7012042561E+01   2.5173702879E+03
 -3.2650000000E+01   4.6931339628E+03   3.8723603473E+03   7.2025891887E+01   2.9512658641E+02   3.3409941048E+01   2.0803595344E+02   1.4709928588E+01   1.0220372372E+03   2.7012042561E+01   2.5173702879E+03
 -3.2600000000E+01   4.7078936450E+03   3.8604606315E+03   7.1826095990E+01   2.9787178066E+02   3.3619038116E+01   2.0777607096E+02   1.4709928588E+01   1.0220372372E+03   2.7012042561E+01   2.5173702879E+03
 -3.2550000000E+01   4.7226638903E+03   3.8485736027E+03   7.1626854315E+01   3.0064043793E+02   3.3829192439E+01   2.0751651313E+02   1.4709928588E+01   1.0220372372E+03   2.7012042561E+01   2.5173702879E+03
 -3.2500000000E+01   4.7374446220E+03   3.8366993184E+03   7.1428165326E+01   3.0343272008E+02   3.4040407129E+01   2.0725727955E+02   1.4709928588E+01   1.0220372372E+03   2.7012042561E+01   2.5173702879E+03
 -3.2450000000E+01   4.7522357637E+03   3.8248378363E+03   7.1230027490E+01   3.0624878941E+02   3.4252685290E+01   2.0699836980E+02   1.4709928588E+01   1.0220372372E+03   2.7012042561E+01   2.5173702879E+03
 -3.2400000000E+01   4.7670372394E+03   3.8129892144E+03   7.1032439277E+01   3.0908880855E+02   3.4466030015E+01   2.0673978349E+02   1.4709928588E+01   1.0220372372E+03   2.7012042561E+01   2.5173702879E+03
 -3.2350000000E+01   4.7818489735E+03   3.8011535105E+03   7.0835399163E+01   3.1195294052E+02   3.4680444387E+01   2.0648152020E+02   1.4709928588E+01   1.0220372372E+03   2.7012042561E+01   2.5173702879E+03
 -3.2300000000E+01   4.7966708908E+03   3.7893307826E+03   7.0638905627E+01   3.1484134868E+02   3.4895931481E+01   2.0622357955E+02   1.4709928588E+01   1.0220372372E+03   2.7012042561E+01   2.5173702879E+03
 -3.2250000000E+01   4.8115029165E+03   3.7775210887E+03   7.0442957154E+01   3.1775419674E+02   3.5112494360E+01   2.0596596112E+02   1.4709928588E+01   1.0220372372E+03   2.7012042561E+01   2.5173702879E+03
 -3.2200000000E+01   4.8263449760E+03   3.7657244869E+03   7.0247552231E+01   3.2069164869E+02   3.5330136077E+01   2.0570866451E+02   1.4709928588E+01   1.0220372372E+03   2.7012042561E+01   2.5173702879E+03
 -3.2150000000E+01   4.8411969953E+03   3.7539410355E+03   7.0052689351E+01   3.2365386886E+02   3.5548859674E+01   2.0545168933E+02   1.4709928588E+01   1.0220372372E+03   2.7012042561E+01   2.5173702879E+03
 -3.2100000000E+01   4.8560589008E+03   3.7421707926E+03   6.9858367010E+01   3.2664102185E+02   3.5768668184E+01   2.0519503516E+02   1.4709928588E+01   1.0220372372E+03   2.7012042561E+01   2.5173702879E+03
 -3.2050000000E+01   4.8709306191E+03   3.7304138166E+03   6.9664583708E+01   3.2965327251E+02   3.5989564628E+01   2.0493870160E+02   1.4709928588E+01   1.0220372372E+03   2.7012042561E+01   2.5173702879E+03
 -3.2000000000E+01   4.8858120773E+03   3.7186701660E+03   6.9471337951E+01   3.3269078598E+02   3.6211552015E+01   2.0468268827E+02   1.4709928588E+01   1.0220372372E+03   2.7012042561E+01   2.5173702879E+03
 -3.1950000000E+01   4.9007032029E+03   3.7069398990E+03   6.9278628246E+01   3.3575372759E+02   3.6434633345E+01   2.0442699475E+02   1.4709928588E+01   1.0220372372E+03   2.7012042561E+01   2.5173702879E+03
 -3.1900000000E+01   4.9156039238E+03   3.6952230742E+03   6.9086453108E+01   3.3884226292E+02   3.6658811605E+01   2.0417162065E+02   1.4709928588E+01   1.0220372372E+03   2.7012042561E+01   2.5173702879E+03
 -3.1850000000E+01   4.9305141682E+03   3.6835197503E+03   6.8894811054E+01   3.4195655774E+02   3.6884089771E+01   2.0391656557E+02   1.4709928588E+01   1.0220372372E+03   2.7012042561E+01   2.5173702879E+03
 -3.1800000000E+01   4.9454338648E+03   3.6718299857E+03   6.8703700604E+01   3.4509677798E+02   3.7110470807E+01   2.0366182910E+02   1.4709928588E+01   1.0220372372E+03   2.7012042561E+01   2.5173702879E+03
 -3.1750000000E+01   4.9603629426E+03   3.6601538392E+03   6.8513120284E+01   3.4826308976E+02   3.7337957665E+01   2.0340741086E+02   1.4709928588E+01   1.0220372372E+03   2.7012042561E+01   2.5173702879E+03
 -3.1700000000E+01   4.9753013310E+03   3.6484913694E+03   6.8323068623E+01   3.5145565932E+02   3.7566553287E+01   2.0315331044E+02   1.4709928588E+01   1.0220372372E+03   2.7012042561E+01   2.5173702879E+03
 -3.1650000000E+01   4.9902489598E+03   3.6368426352E+03   6.8133544156E+01   3.5467465302E+02   3.7796260599E+01   2.0289952745E+02   1.4709928588E+01   1.0220372372E+03   2.7012042561E+01   2.5173702879E+03
 -3.1600000000E+01   5.0052057592E+03   3.6252076954E+03   6.7944545419E+01   3.5792023733E+02   3.8027082518E+01   2.0264606149E+02   1.4709928588E+01   1.0220372372E+03   2.7012042561E+01   2.5173702879E+03
 -3.1550000000E+01   5.0201716597E+03   3.6135866088E+03   6.7756070954E+01   3.6119257881E+02   3.8259021947E+01   2.0239291217E+02   1.4709928588E+01   1.0220372372E+03   2.7012042561E+01   2.5173702879E+03
 -3.1500000000E+01   5.0351465924E+03   3.6019794343E+03   6.7568119307E+01   3.6449184406E+02   3.8492081776E+01   2.0214007908E+02   1.4709928588E+01   1.0220372372E+03   2.7012042561E+01   2.5173702879E+03
 -3.1450000000E+01   5.0501304886E+03   3.5903862309E+03   6.7380689027E+01   3.6781819972E+02   3.8726264884E+01   2.0188756184E+02   1.4709928588E+01   1.0220372372E+03   2.7012042561E+01   2.5173702879E+03
 -3.1400000000E+01   5.0651232799E+03   3.5788070575E+03   6.7193778669E+01   3.7117181247E+02   3.8961574134E+01   2.0163536004E+02   1.4709928588E+01   1.0220372372E+03   2.7012042561E+01   2.5173702879E+03
 -3.1350000000E+01   5.0801248986E+03   3.5672419732E+03   6.7007386791E+01   3.7455284895E+02   3.9198012378E+01   2.0138347331E+02   1.4709928588E+01   1.0220372372E+03   2.7012042561E+01   2.5173702879E+03
 -3.1300000000E+01   5.0951352771E+03   3.5556910371E+03   6.6821511953E+01   3.7796147580E+02   3.9435582454E+01   2.0113190123E+02   1.4709928588E+01   1.0220372372E+03   2.7012042561E+01   2.5173702879E+03
 -3.1250000000E+01   5.1101543483E+03   3.5441543081E+03   6.6636152721E+01   3.8139785960E+02   3.9674287186E+01   2.0088064342E+02   1.4709928588E+01   1.0220372372E+03   2.7012042561E+01   2.5173702879E+03
 -3.1200000000E+01   5.1251820454E+03   3.5326318455E+03   6.6451307666E+01   3.8486216684E+02   3.9914129386E+01   2.0062969949E+02   1.4709928588E+01   1.0220372372E+03   2.7012042561E+01   2.5173702879E+03
 -3.1150000000E+01   5.1402183022E+03   3.5211237085E+03   6.6266975362E+01   3.8835456395E+02   4.0155111849E+01   2.0037906904E+02   1.4709928588E+01   1.0220372372E+03   2.7012042561E+01   2.5173702879E+03
 -3.1100000000E+01   5.1552630527E+03   3.5096299560E+03   6.6083154385E+01   3.9187521719E+02   4.0397237360E+01   2.0012875169E+02   1.4709928588E+01   1.0220372372E+03   2.7012042561E+01   2.5173702879E+03
 -3.1050000000E+01   5.1703162312E+03   3.4981506475E+03   6.5899843317E+01   3.9542429271E+02   4.0640508686E+01   1.9987874703E+02   1.4709928588E+01   1.0220372372E+03   2.7012042561E+01   2.5173702879E+03
 -3.1000000000E+01   5.1853777726E+03   3.4866858421E+03   6.5717040744E+01   3.9900195648E+02   4.0884928582E+01   1.9962905469E+02   1.4709928588E+01   1.0220372372E+03   2.7012042561E+01   2.5173702879E+03
 -3.0950000000E+01   5.2004476120E+03   3.4752355989E+03   6.5534745256E+01   4.0260837426E+02   4.1130499787E+01   1.9937967427E+02   1.4709928588E+01   1.0220372372E+03   2.7012042561E+01   2.5173702879E+03
 -3.0900000000E+01   5.2155256851E+03   3.4637999774E+03   6.5352955445E+01   4.0624371159E+02   4.1377225027E+01   1.9913060537E+02   1.4709928588E+01   1.0220372372E+03   2.7012042561E+01   2.5173702879E+03
 -3.0850000000E+01   5.2306119277E+03   3.4523790368E+03   6.5171669910E+01   4.0990813378E+02   4.1625107011E+01   1.9888184762E+02   1.4709928588E+01   1.0220372372E+03   2.7012042561E+01   2.5173702879E+03
 -3.0800000000E+01   5.2457062762E+03   3.4409728363E+03   6.4990887250E+01   4.1360180583E+02   4.1874148435E+01   1.9863340063E+02   1.4709928588E+01   1.0220372372E+03   2.7012042561E+01   2.5173702879E+03
 -3.0750000000E+01   5.2608086673E+03   3.4295814353E+03   6.4810606072E+01   4.1732489248E+02   4.2124351979E+01   1.9838526399E+02   1.4709928588E+01   1.0220372372E+03   2.7012042561E+01   2.5173702879E+03
 -3.0700000000E+01   5.2759190380E+03   3.4182048930E+03   6.4630824984E+01   4.2107755809E+02   4.2375720307E+01   1.9813743734E+02   1.4709928588E+01   1.0220372372E+03   2.7012042561E+01   2.5173702879E+03
 -3.0650000000E+01   5.2910373259E+03   3.4068432688E+03   6.4451542599E+01   4.2485996670E+02   4.2628256069E+01   1.9788992027E+02   1.4709928588E+01   1.0220372372E+03   2.7012042561E+01   2.5173702879E+03
 -3.0600000000E+01   5.3061634688E+03   3.3954966220E+03   6.4272757534E+01   4.2867228195E+02   4.2881961897E+01   1.9764271241E+02   1.4709928588E+01   1.0220372372E+03   2.7012042561E+01   2.5173702879E+03
 -3.0550000000E+01   5.3212974048E+03   3.3841650120E+03   6.4094468408E+01   4.3251466705E+02   4.3136840410E+01   1.9739581336E+02   1.4709928588E+01   1.0220372372E+03   2.7012042561E+01   2.5173702879E+03
 -3.0500000000E+01   5.3364390726E+03   3.3728484979E+03   6.3916673847E+01   4.3638728478E+02   4.3392894209E+01   1.9714922275E+02   1.4709928588E+01   1.0220372372E+03   2.7012042561E+01   2.5173702879E+03
 -3.0450000000E+01   5.3515884110E+03   3.3615471392E+03   6.3739372478E+01   4.4029029745E+02   4.3650125879E+01   1.9690294018E+02   1.4709928588E+01   1.0220372372E+03   2.7012042561E+01   2.5173702879E+03
 -3.0400000000E+01   5.3667453596E+03   3.3502609952E+03   6.3562562934E+01   4.4422386685E+02   4.3908537990E+01   1.9665696527E+02   1.4709928588E+01   1.0220372372E+03   2.7012042561E+01   2.5173702879E+03
 -3.0350000000E+01   5.3819098579E+03   3.3389901251E+03   6.3386243850E+01   4.4818815423E+02   4.4168133093E+01   1.9641129763E+02   1.4709928588E+01   1.0220372372E+03   2.7012042561E+01   2.5173702879E+03
 -3.0300000000E+01   5.3970818460E+03   3.3277345883E+03   6.3210413865E+01   4.5218332029E+02   4.4428913727E+01   1.9616593689E+02   1.4709928588E+01   1.0220372372E+03   2.7012042561E+01   2.5173702879E+03
 -3.0250000000E+01   5.4122612645E+03   3.3164944439E+03   6.3035071623E+01   4.5620952512E+02   4.4690882408E+01   1.9592088266E+02   1.4709928588E+01   1.0220372372E+03   2.7012042561E+01   2.5173702879E+03
 -3.0200000000E+01   5.4274480540E+03   3.3052697514E+03   6.2860215770E+01   4.6026692818E+02   4.4954041640E+01   1.9567613456E+02   1.4709928588E+01   1.0220372372E+03   2.7012042561E+01   2.5173702879E+03
 -3.0150000000E+01   5.4426421559E+03   3.2940605699E+03   6.2685844959E+01   4.6435568828E+02   4.5218393908E+01   1.9543169220E+02   1.4709928588E+01   1.0220372372E+03   2.7012042561E+01   2.5173702879E+03
 -3.0100000000E+01   5.4578435117E+03   3.2828669586E+03   6.2511957842E+01   4.6847596350E+02   4.5483941680E+01   1.9518755520E+02   1.4709928588E+01   1.0220372372E+03   2.7012042561E+01   2.5173702879E+03
 -3.0050000000E+01   5.4730520632E+03   3.2716889768E+03   6.2338553079E+01   4.7262791124E+02   4.5750687405E+01   1.9494372319E+02   1.4709928588E+01   1.0220372372E+03   2.7012042561E+01   2.5173702879E+03
 -3.0000000000E+01   5.4882677529E+03   3.2605266836E+03   6.2165629331E+01   4.7681168809E+02   4.6018633519E+01   1.9470019577E+02   1.4709928588E+01   1.0220372372E+03   2.7012042561E+01   2.5173702879E+03
 -2.9950000000E+01   5.5034905233E+03   3.2493801382E+03   6.1993185265E+01   4.8102744987E+02   4.6287782434E+01   1.9445697257E+02   1.4709928588E+01   1.0220372372E+03   2.7012042561E+01   2.5173702879E+03
 -2.9900000000E+01   5.5187203175E+03   3.2382493997E+03   6.1821219549E+01   4.8527535157E+02   4.6558136550E+01   1.9421405321E+02   1.4709928588E+01   1.0220372372E+03   2.7012042561E+01   2.5173702879E+03
 -2.9850000000E+01   5.5339570789E+03   3.2271345272E+03   6.1649730856E+01   4.8955554729E+02   4.6829698244E+01   1.9397143731E+02   1.4709928588E+01   1.0220372372E+03   2.7012042561E+01   2.5173702879E+03
 -2.9800000000E+01   5.5492007512E+03   3.2160355796E+03   6.1478717863E+01   4.9386819026E+02   4.7102469879E+01   1.9372912449E+02   1.4709928588E+01   1.0220372372E+03   2.7012042561E+01   2.5173702879E+03
 -2.9750000000E+01   5.5644512786E+03   3.2049526162E+03   6.1308179252E+01   4.9821343275E+02   4.7376453797E+01   1.9348711437E+02   1.4709928588E+01   1.0220372372E+03   2.7012042561E+01   2.5173702879E+03
 -2.9700000000E+01   5.5797086055E+03   3.1938856957E+03   6.1138113705E+01   5.0259142606E+02   4.7651652322E+01   1.9324540658E+02   1.4709928588E+01   1.0220372372E+03   2.7012042561E+01   2.5173702879E+03
 -2.9650000000E+01   5.5949726768E+03   3.1828348772E+03   6.0968519910E+01   5.0700232049E+02   4.7928067760E+01   1.9300400073E+02   1.4709928588E+01   1.0220372372E+03   2.7012042561E+01   2.5173702879E+03
 -2.9600000000E+01   5.6102434376E+03   3.1718002194E+03   6.0799396560E+01   5.1144626528E+02   4.8205702399E+01   1.9276289645E+02   1.4709928588E+01   1.0220372372E+03   2.7012042561E+01   2.5173702879E+03
 -2.9550000000E+01   5.6255208335E+03   3.1607817814E+03   6.0630742348E+01   5.1592340858E+02   4.8484558506E+01   1.9252209336E+02   1.4709928588E+01   1.0220372372E+03   2.7012042561E+01   2.5173702879E+03
 -2.9500000000E+01   5.6408048105E+03   3.1497796217E+03   6.0462555974E+01   5.2043389745E+02   4.8764638330E+01   1.9228159109E+02   1.4709928588E+01   1.0220372372E+03   2.7012042561E+01   2.5173702879E+03
 -2.9450000000E+01   5.6560953147E+03   3.1387937992E+03   6.0294836140E+01   5.2497787775E+02   4.9045944101E+01   1.9204138926E+02   1.4709928588E+01   1.0220372372E+03   2.7012042561E+01   2.5173702879E+03
 -2.9400000000E+01   5.6713922929E+03   3.1278243726E+03   6.0127581552E+01   5.2955549417E+02   4.9328478029E+01   1.9180148749E+02   1.4709928588E+01   1.0220372372E+03   2.7012042561E+01   2.5173702879E+03
 -2.9350000000E+01   5.6866956919E+03   3.1168714004E+03   5.9960790919E+01   5.3416689013E+02   4.9612242306E+01   1.9156188542E+02   1.4709928588E+01   1.0220372372E+03   2.7012042561E+01   2.5173702879E+03
 -2.9300000000E+01   5.7020054592E+03   3.1059349411E+03   5.9794462954E+01   5.3881220781E+02   4.9897239102E+01   1.9132258266E+02   1.4709928588E+01   1.0220372372E+03   2.7012042561E+01   2.5173702879E+03
 -2.9250000000E+01   5.7173215422E+03   3.0950150534E+03   5.9628596373E+01   5.4349158804E+02   5.0183470569E+01   1.9108357884E+02   1.4709928588E+01   1.0220372372E+03   2.7012042561E+01   2.5173702879E+03
 -2.9200000000E+01   5.7326438892E+03   3.0841117956E+03   5.9463189898E+01   5.4820517030E+02   5.0470938839E+01   1.9084487358E+02   1.4709928588E+01   1.0220372372E+03   2.7012042561E+01   2.5173702879E+03
 -2.9150000000E+01   5.7479724485E+03   3.0732252260E+03   5.9298242250E+01   5.5295309269E+02   5.0759646023E+01   1.9060646653E+02   1.4709928588E+01   1.0220372372E+03   2.7012042561E+01   2.5173702879E+03
 -2.9100000000E+01   5.7633071687E+03   3.0623554029E+03   5.9133752159E+01   5.5773549185E+02   5.1049594213E+01   1.9036835729E+02   1.4709928588E+01   1.0220372372E+03   2.7012042561E+01   2.5173702879E+03
 -2.9050000000E+01   5.7786479990E+03   3.0515023846E+03   5.8969718354E+01   5.6255250294E+02   5.1340785479E+01   1.9013054551E+02   1.4709928588E+01   1.0220372372E+03   2.7012042561E+01   2.5173702879E+03
 -2.9000000000E+01   5.7939948888E+03   3.0406662291E+03   5.8806139571E+01   5.6740425960E+02   5.1633221872E+01   1.8989303081E+02   1.4709928588E+01   1.0220372372E+03   2.7012042561E+01   2.5173702879E+03
 -2.8950000000E+01   5.8093477877E+03   3.0298469945E+03   5.8643014545E+01   5.7229089392E+02   5.1926905422E+01   1.8965581281E+02   1.4709928588E+01   1.0220372372E+03   2.7012042561E+01   2.5173702879E+03
 -2.8900000000E+01   5.8247066460E+03   3.0190447388E+03   5.8480342020E+01   5.7721253636E+02   5.2221838139E+01   1.8941889115E+02   1.4709928588E+01   1.0220372372E+03   2.7012042561E+01   2.5173702879E+03
 -2.8850000000E+01   5.8400714139E+03   3.0082595198E+03   5.8318120739E+01   5.8216931575E+02   5.2518022009E+01   1.8918226546E+02   1.4709928588E+01   1.0220372372E+03   2.7012042561E+01   2.5173702879E+03
 -2.8800000000E+01   5.8554420424E+03   2.9974913954E+03   5.8156349452E+01   5.8716135921E+02   5.2815459002E+01   1.8894593536E+02   1.4709928588E+01   1.0220372372E+03   2.7012042561E+01   2.5173702879E+03
 -2.8750000000E+01   5.8708184825E+03   2.9867404231E+03   5.7995026909E+01   5.9218879213E+02   5.3114151062E+01   1.8870990050E+02   1.4709928588E+01   1.0220372372E+03   2.7012042561E+01   2.5173702879E+03
 -2.8700000000E+01   5.8862006857E+03   2.9760066607E+03   5.7834151866E+01   5.9725173812E+02   5.3414100115E+01   1.8847416049E+02   1.4709928588E+01   1.0220372372E+03   2.7012042561E+01   2.5173702879E+03
 -2.8650000000E+01   5.9015886037E+03   2.9652901655E+03   5.7673723082E+01   6.0235031898E+02   5.3715308064E+01   1.8823871497E+02   1.4709928588E+01   1.0220372372E+03   2.7012042561E+01   2.5173702879E+03
 -2.8600000000E+01   5.9169821887E+03   2.9545909951E+03   5.7513739318E+01   6.0748465463E+02   5.4017776792E+01   1.8800356358E+02   1.4709928588E+01   1.0220372372E+03   2.7012042561E+01   2.5173702879E+03
 -2.8550000000E+01   5.9323813930E+03   2.9439092067E+03   5.7354199340E+01   6.1265486306E+02   5.4321508158E+01   1.8776870594E+02   1.4709928588E+01   1.0220372372E+03   2.7012042561E+01   2.5173702879E+03
 -2.8500000000E+01   5.9477861696E+03   2.9332448575E+03   5.7195101918E+01   6.1786106033E+02   5.4626504001E+01   1.8753414169E+02   1.4709928588E+01   1.0220372372E+03   2.7012042561E+01   2.5173702879E+03
 -2.8450000000E+01   5.9631964715E+03   2.9225980046E+03   5.7036445824E+01   6.2310336049E+02   5.4932766138E+01   1.8729987047E+02   1.4709928588E+01   1.0220372372E+03   2.7012042561E+01   2.5173702879E+03
 -2.8400000000E+01   5.9786122521E+03   2.9119687050E+03   5.6878229832E+01   6.2838187554E+02   5.5240296364E+01   1.8706589189E+02   1.4709928588E+01   1.0220372372E+03   2.7012042561E+01   2.5173702879E+03
 -2.8350000000E+01   5.9940334652E+03   2.9013570154E+03   5.6720452724E+01   6.3369671538E+02   5.5549096450E+01   1.8683220561E+02   1.4709928588E+01   1.0220372372E+03   2.7012042561E+01   2.5173702879E+03
 -2.8300000000E+01   6.0094600650E+03   2.8907629927E+03   5.6563113280E+01   6.3904798777E+02   5.5859168148E+01   1.8659881126E+02   1.4709928588E+01   1.0220372372E+03   2.7012042561E+01   2.5173702879E+03
 -2.8250000000E+01   6.0248920057E+03   2.8801866936E+03   5.6406210287E+01   6.4443579831E+02   5.6170513185E+01   1.8636570846E+02   1.4709928588E+01   1.0220372372E+03   2.7012042561E+01   2.5173702879E+03
 -2.8200000000E+01   6.0403292422E+03   2.8696281743E+03   5.6249742535E+01   6.4986025032E+02   5.6483133266E+01   1.8613289687E+02   1.4709928588E+01   1.0220372372E+03   2.7012042561E+01   2.5173702879E+03
 -2.8150000000E+01   6.0557717295E+03   2.8590874915E+03   5.6093708816E+01   6.5532144489E+02   5.6797030075E+01   1.8590037610E+02   1.4709928588E+01   1.0220372372E+03   2.7012042561E+01   2.5173702879E+03
 -2.8100000000E+01   6.0712194230E+03   2.8485647012E+03   5.5938107926E+01   6.6081948076E+02   5.7112205271E+01   1.8566814581E+02   1.4709928588E+01   1.0220372372E+03   2.7012042561E+01   2.5173702879E+03
 -2.8050000000E+01   6.0866722784E+03   2.8380598596E+03   5.5782938664E+01   6.6635445430E+02   5.7428660491E+01   1.8543620562E+02   1.4709928588E+01   1.0220372372E+03   2.7012042561E+01   2.5173702879E+03
 -2.8000000000E+01   6.1021302517E+03   2.8275730228E+03   5.5628199833E+01   6.7192645946E+02   5.7746397351E+01   1.8520455517E+02   1.4709928588E+01   1.0220372372E+03   2.7012042561E+01   2.5173702879E+03
 -2.7950000000E+01   6.1175932993E+03   2.8171042464E+03   5.5473890239E+01   6.7753558774E+02   5.8065417440E+01   1.8497319411E+02   1.4709928588E+01   1.0220372372E+03   2.7012042561E+01   2.5173702879E+03
 -2.7900000000E+01   6.1330613777E+03   2.8066535863E+03   5.5320008692E+01   6.8318192809E+02   5.8385722328E+01   1.8474212206E+02   1.4709928588E+01   1.0220372372E+03   2.7012042561E+01   2.5173702879E+03
 -2.7850000000E+01   6.1485344440E+03   2.7962210979E+03   5.5166554004E+01   6.8886556694E+02   5.8707313558E+01   1.8451133868E+02   1.4709928588E+01   1.0220372372E+03   2.7012042561E+01   2.5173702879E+03
 -2.7800000000E+01   6.1640124554E+03   2.7858068368E+03   5.5013524990E+01   6.9458658808E+02   5.9030192653E+01   1.8428084360E+02   1.4709928588E+01   1.0220372372E+03   2.7012042561E+01   2.5173702879E+03
 -2.7750000000E+01   6.1794953695E+03   2.7754108581E+03   5.4860920471E+01   7.0034507266E+02   5.9354361110E+01   1.8405063645E+02   1.4709928588E+01   1.0220372372E+03   2.7012042561E+01   2.5173702879E+03
 -2.7700000000E+01   6.1949831443E+03   2.7650332169E+03   5.4708739269E+01   7.0614109912E+02   5.9679820404E+01   1.8382071689E+02   1.4709928588E+01   1.0220372372E+03   2.7012042561E+01   2.5173702879E+03
 -2.7650000000E+01   6.2104757378E+03   2.7546739683E+03   5.4556980209E+01   7.1197474314E+02   6.0006571985E+01   1.8359108454E+02   1.4709928588E+01   1.0220372372E+03   2.7012042561E+01   2.5173702879E+03
 -2.7600000000E+01   6.2259731086E+03   2.7443331670E+03   5.4405642120E+01   7.1784607763E+02   6.0334617280E+01   1.8336173906E+02   1.4709928588E+01   1.0220372372E+03   2.7012042561E+01   2.5173702879E+03
 -2.7550000000E+01   6.2414752154E+03   2.7340108677E+03   5.4254723834E+01   7.2375517261E+02   6.0663957693E+01   1.8313268007E+02   1.4709928588E+01   1.0220372372E+03   2.7012042561E+01   2.5173702879E+03
 -2.7500000000E+01   6.2569820176E+03   2.7237071248E+03   5.4104224188E+01   7.2970209523E+02   6.0994594601E+01   1.8290390724E+02   1.4709928588E+01   1.0220372372E+03   2.7012042561E+01   2.5173702879E+03
 -2.7450000000E+01   6.2724934743E+03   2.7134219926E+03   5.3954142020E+01   7.3568690968E+02   6.1326529360E+01   1.8267542019E+02   1.4709928588E+01   1.0220372372E+03   2.7012042561E+01   2.5173702879E+03
 -2.7400000000E+01   6.2880095453E+03   2.7031555253E+03   5.3804476171E+01   7.4170967717E+02   6.1659763301E+01   1.8244721857E+02   1.4709928588E+01   1.0220372372E+03   2.7012042561E+01   2.5173702879E+03
 -2.7350000000E+01   6.3035301907E+03   2.6929077768E+03   5.3655225488E+01   7.4777045587E+02   6.1994297731E+01   1.8221930202E+02   1.4709928588E+01   1.0220372372E+03   2.7012042561E+01   2.5173702879E+03
 -2.7300000000E+01   6.3190553707E+03   2.6826788009E+03   5.3506388817E+01   7.5386930086E+02   6.2330133931E+01   1.8199167019E+02   1.4709928588E+01   1.0220372372E+03   2.7012042561E+01   2.5173702879E+03
 -2.7250000000E+01   6.3345850460E+03   2.6724686513E+03   5.3357965012E+01   7.6000626406E+02   6.2667273159E+01   1.8176432273E+02   1.4709928588E+01   1.0220372372E+03   2.7012042561E+01   2.5173702879E+03
 -2.7200000000E+01   6.3501191774E+03   2.6622773813E+03   5.3209952926E+01   7.6618139425E+02   6.3005716648E+01   1.8153725927E+02   1.4709928588E+01   1.0220372372E+03   2.7012042561E+01   2.5173702879E+03
 -2.7150000000E+01   6.3656577262E+03   2.6521050443E+03   5.3062351417E+01   7.7239473693E+02   6.3345465607E+01   1.8131047946E+02   1.4709928588E+01   1.0220372372E+03   2.7012042561E+01   2.5173702879E+03
 -2.7100000000E+01   6.3812006537E+03   2.6419516932E+03   5.2915159347E+01   7.7864633437E+02   6.3686521220E+01   1.8108398295E+02   1.4709928588E+01   1.0220372372E+03   2.7012042561E+01   2.5173702879E+03
 -2.7050000000E+01   6.3967479218E+03   2.6318173810E+03   5.2768375580E+01   7.8493622546E+02   6.4028884645E+01   1.8085776939E+02   1.4709928588E+01   1.0220372372E+03   2.7012042561E+01   2.5173702879E+03
 -2.7000000000E+01   6.4122994925E+03   2.6217021603E+03   5.2621998983E+01   7.9126444577E+02   6.4372557017E+01   1.8063183841E+02   1.4709928588E+01   1.0220372372E+03   2.7012042561E+01   2.5173702879E+03
 -2.6950000000E+01   6.4278553282E+03   2.6116060835E+03   5.2476028426E+01   7.9763102739E+02   6.4717539446E+01   1.8040618967E+02   1.4709928588E+01   1.0220372372E+03   2.7012042561E+01   2.5173702879E+03
 -2.6900000000E+01   6.4434153914E+03   2.6015292031E+03   5.2330462784E+01   8.0403599900E+02   6.5063833015E+01   1.8018082282E+02   1.4709928588E+01   1.0220372372E+03   2.7012042561E+01   2.5173702879E+03
 -2.6850000000E+01   6.4589796451E+03   2.5914715710E+03   5.2185300933E+01   8.1047938572E+02   6.5411438784E+01   1.7995573750E+02   1.4709928588E+01   1.0220372372E+03   2.7012042561E+01   2.5173702879E+03
 -2.6800000000E+01   6.4745480525E+03   2.5814332391E+03   5.2040541754E+01   8.1696120914E+02   6.5760357786E+01   1.7973093336E+02   1.4709928588E+01   1.0220372372E+03   2.7012042561E+01   2.5173702879E+03
 -2.6750000000E+01   6.4901205771E+03   2.5714142591E+03   5.1896184128E+01   8.2348148720E+02   6.6110591030E+01   1.7950641005E+02   1.4709928588E+01   1.0220372372E+03   2.7012042561E+01   2.5173702879E+03
 -2.6700000000E+01   6.5056971825E+03   2.5614146825E+03   5.1752226942E+01   8.3004023424E+02   6.6462139500E+01   1.7928216722E+02   1.4709928588E+01   1.0220372372E+03   2.7012042561E+01   2.5173702879E+03
 -2.6650000000E+01   6.5212778329E+03   2.5514345605E+03   5.1608669086E+01   8.3663746085E+02   6.6815004154E+01   1.7905820451E+02   1.4709928588E+01   1.0220372372E+03   2.7012042561E+01   2.5173702879E+03
 -2.6600000000E+01   6.5368624925E+03   2.5414739441E+03   5.1465509452E+01   8.4327317391E+02   6.7169185924E+01   1.7883452159E+02   1.4709928588E+01   1.0220372372E+03   2.7012042561E+01   2.5173702879E+03
 -2.6550000000E+01   6.5524511259E+03   2.5315328841E+03   5.1322746934E+01   8.4994737649E+02   6.7524685717E+01   1.7861111809E+02   1.4709928588E+01   1.0220372372E+03   2.7012042561E+01   2.5173702879E+03
 -2.6500000000E+01   6.5680436979E+03   2.5216114311E+03   5.1180380432E+01   8.5666006783E+02   6.7881504416E+01   1.7838799368E+02   1.4709928588E+01   1.0220372372E+03   2.7012042561E+01   2.5173702879E+03
 -2.6450000000E+01   6.5836401736E+03   2.5117096355E+03   5.1038408847E+01   8.6341124329E+02   6.8239642874E+01   1.7816514799E+02   1.4709928588E+01   1.0220372372E+03   2.7012042561E+01   2.5173702879E+03
 -2.6400000000E+01   6.5992405185E+03   2.5018275473E+03   5.0896831083E+01   8.7020089431E+02   6.8599101924E+01   1.7794258069E+02   1.4709928588E+01   1.0220372372E+03   2.7012042561E+01   2.5173702879E+03
 -2.6350000000E+01   6.6148446982E+03   2.4919652166E+03   5.0755646048E+01   8.7702900835E+02   6.8959882369E+01   1.7772029142E+02   1.4709928588E+01   1.0220372372E+03   2.7012042561E+01   2.5173702879E+03
 -2.6300000000E+01   6.6304526786E+03   2.4821226929E+03   5.0614852653E+01   8.8389556888E+02   6.9321984988E+01   1.7749827985E+02   1.4709928588E+01   1.0220372372E+03   2.7012042561E+01   2.5173702879E+03
 -2.6250000000E+01   6.6460644259E+03   2.4723000258E+03   5.0474449811E+01   8.9080055530E+02   6.9685410533E+01   1.7727654561E+02   1.4709928588E+01   1.0220372372E+03   2.7012042561E+01   2.5173702879E+03
 -2.6200000000E+01   6.6616799066E+03   2.4624972642E+03   5.0334436439E+01   8.9774394292E+02   7.0050159731E+01   1.7705508837E+02   1.4709928588E+01   1.0220372372E+03   2.7012042561E+01   2.5173702879E+03
 -2.6150000000E+01   6.6772990873E+03   2.4527144574E+03   5.0194811457E+01   9.0472570292E+02   7.0416233284E+01   1.7683390777E+02   1.4709928588E+01   1.0220372372E+03   2.7012042561E+01   2.5173702879E+03
 -2.6100000000E+01   6.6929219350E+03   2.4429516538E+03   5.0055573786E+01   9.1174580229E+02   7.0783631865E+01   1.7661300348E+02   1.4709928588E+01   1.0220372372E+03   2.7012042561E+01   2.5173702879E+03
 -2.6050000000E+01   6.7085484170E+03   2.4332089020E+03   4.9916722353E+01   9.1880420381E+02   7.1152356123E+01   1.7639237515E+02   1.4709928588E+01   1.0220372372E+03   2.7012042561E+01   2.5173702879E+03
 -2.6000000000E+01   6.7241785008E+03   2.4234862502E+03   4.9778256087E+01   9.2590086600E+02   7.1522406682E+01   1.7617202243E+02   1.4709928588E+01   1.0220372372E+03   2.7012042561E+01   2.5173702879E+03
 -2.5950000000E+01   6.7398121540E+03   2.4137837463E+03   4.9640173918E+01   9.3303574309E+02   7.1893784137E+01   1.7595194498E+02   1.4709928588E+01   1.0220372372E+03   2.7012042561E+01   2.5173702879E+03
 -2.5900000000E+01   6.7554493447E+03   2.4041014380E+03   4.9502474782E+01   9.4020878494E+02   7.2266489058E+01   1.7573214245E+02   1.4709928588E+01   1.0220372372E+03   2.7012042561E+01   2.5173702879E+03
 -2.5850000000E+01   6.7710900412E+03   2.3944393727E+03   4.9365157616E+01   9.4741993709E+02   7.2640521990E+01   1.7551261451E+02   1.4709928588E+01   1.0220372372E+03   2.7012042561E+01   2.5173702879E+03
 -2.5800000000E+01   6.7867342119E+03   2.3847975976E+03   4.9228221360E+01   9.5466914063E+02   7.3015883450E+01   1.7529336080E+02   1.4709928588E+01   1.0220372372E+03   2.7012042561E+01   2.5173702879E+03
 -2.5750000000E+01   6.8023818256E+03   2.3751761596E+03   4.9091664957E+01   9.6195633220E+02   7.3392573929E+01   1.7507438099E+02   1.4709928588E+01   1.0220372372E+03   2.7012042561E+01   2.5173702879E+03
 -2.5700000000E+01   6.8180328512E+03   2.3655751054E+03   4.8955487355E+01   9.6928144399E+02   7.3770593893E+01   1.7485567474E+02   1.4709928588E+01   1.0220372372E+03   2.7012042561E+01   2.5173702879E+03
 -2.5650000000E+01   6.8336872581E+03   2.3559944812E+03   4.8819687502E+01   9.7664440362E+02   7.4149943780E+01   1.7463724169E+02   1.4709928588E+01   1.0220372372E+03   2.7012042561E+01   2.5173702879E+03
 -2.5600000000E+01   6.8493450158E+03   2.3464343332E+03   4.8684264350E+01   9.8404513420E+02   7.4530624002E+01   1.7441908152E+02   1.4709928588E+01   1.0220372372E+03   2.7012042561E+01   2.5173702879E+03
 -2.5550000000E+01   6.8650060938E+03   2.3368947072E+03   4.8549216855E+01   9.9148355424E+02   7.4912634945E+01   1.7420119387E+02   1.4709928588E+01   1.0220372372E+03   2.7012042561E+01   2.5173702879E+03
 -2.5500000000E+01   6.8806704623E+03   2.3273756487E+03   4.8414543974E+01   9.9895957762E+02   7.5295976968E+01   1.7398357842E+02   1.4709928588E+01   1.0220372372E+03   2.7012042561E+01   2.5173702879E+03
 -2.5450000000E+01   6.8963380915E+03   2.3178772029E+03   4.8280244669E+01   1.0064731136E+03   7.5680650404E+01   1.7376623481E+02   1.4709928588E+01   1.0220372372E+03   2.7012042561E+01   2.5173702879E+03
 -2.5400000000E+01   6.9120089517E+03   2.3083994148E+03   4.8146317902E+01   1.0140240666E+03   7.6066655558E+01   1.7354916272E+02   1.4709928588E+01   1.0220372372E+03   2.7012042561E+01   2.5173702879E+03
 -2.5350000000E+01   6.9276830138E+03   2.2989423291E+03   4.8012762641E+01   1.0216123367E+03   7.6453992711E+01   1.7333236179E+02   1.4709928588E+01   1.0220372372E+03   2.7012042561E+01   2.5173702879E+03
 -2.5300000000E+01   6.9433602486E+03   2.2895059902E+03   4.7879577855E+01   1.0292378188E+03   7.6842662116E+01   1.7311583170E+02   1.4709928588E+01   1.0220372372E+03   2.7012042561E+01   2.5173702879E+03
 -2.5250000000E+01   6.9590406273E+03   2.2800904421E+03   4.7746762516E+01   1.0369004033E+03   7.7232663999E+01   1.7289957210E+02   1.4709928588E+01   1.0220372372E+03   2.7012042561E+01   2.5173702879E+03
 -2.5200000000E+01   6.9747241212E+03   2.2706957287E+03   4.7614315600E+01   1.0445999757E+03   7.7623998560E+01   1.7268358266E+02   1.4709928588E+01   1.0220372372E+03   2.7012042561E+01   2.5173702879E+03
 -2.5150000000E+01   6.9904107021E+03   2.2613218934E+03   4.7482236084E+01   1.0523364167E+03   7.8016665972E+01   1.7246786303E+02   1.4709928588E+01   1.0220372372E+03   2.7012042561E+01   2.5173702879E+03
 -2.5100000000E+01   7.0061003418E+03   2.2519689794E+03   4.7350522950E+01   1.0601096021E+03   7.8410666382E+01   1.7225241289E+02   1.4709928588E+01   1.0220372372E+03   2.7012042561E+01   2.5173702879E+03
 -2.5050000000E+01   7.0217930123E+03   2.2426370296E+03   4.7219175181E+01   1.0679194030E+03   7.8805999910E+01   1.7203723189E+02   1.4709928588E+01   1.0220372372E+03   2.7012042561E+01   2.5173702879E+03
 -2.5000000000E+01   7.0374886860E+03   2.2333260866E+03   4.7088191763E+01   1.0757656855E+03   7.9202666649E+01   1.7182231970E+02   1.4709928588E+01   1.0220372372E+03   2.7012042561E+01   2.5173702879E+03
 -2.4950000000E+01   7.0531873355E+03   2.2240361926E+03   4.6957571686E+01   1.0836483106E+03   7.9600666666E+01   1.7160767598E+02   1.4709928588E+01   1.0220372372E+03   2.7012042561E+01   2.5173702879E+03
 -2.4900000000E+01   7.0688889334E+03   2.2147673896E+03   4.6827313942E+01   1.0915671346E+03   8.0000000000E+01   1.7139330040E+02   1.4709928588E+01   1.0220372372E+03   2.7012042561E+01   2.5173702879E+03
 -2.4850000000E+01   7.0845934528E+03   2.2055197193E+03   4.6697417526E+01   1.0995220088E+03   8.0400666666E+01   1.7117919262E+02   1.4709928588E+01   1.0220372372E+03   2.7012042561E+01   2.5173702879E+03
 -2.4800000000E+01   7.1003008669E+03   2.1962932229E+03   4.6567881436E+01   1.1075127795E+03   8.0802666649E+01   1.7096535230E+02   1.4709928588E+01   1.0220372372E+03   2.7012042561E+01   2.5173702879E+03
 -2.4750000000E+01   7.1160111492E+03   2.1870879414E+03   4.6438704671E+01   1.1155392879E+03   8.1205999910E+01   1.7075177912E+02   1.4709928588E+01   1.0220372372E+03   2.7012042561E+01   2.5173702879E+03
 -2.4700000000E+01   7.1317242732E+03   2.1779039156E+03   4.6309886236E+01   1.1236013703E+03   8.1610666382E+01   1.7053847274E+02   1.4709928588E+01   1.0220372372E+03   2.7012042561E+01   2.5173702879E+03
 -2.4650000000E+01   7.1474402128E+03   2.1687411858E+03   4.6181425136E+01   1.1316988580E+03   8.2016665972E+01   1.7032543283E+02   1.4709928588E+01   1.0220372372E+03   2.7012042561E+01   2.5173702879E+03
 -2.4600000000E+01   7.1631589422E+03   2.1595997920E+03   4.6053320381E+01   1.1398315772E+03   8.2423998560E+01   1.7011265905E+02   1.4709928588E+01   1.0220372372E+03   2.7012042561E+01   2.5173702879E+03
 -2.4550000000E+01   7.1788804356E+03   2.1504797739E+03   4.5925570981E+01   1.1479993490E+03   8.2832663999E+01   1.6990015107E+02   1.4709928588E+01   1.0220372372E+03   2.7012042561E+01   2.5173702879E+03
 -2.4500000000E+01   7.1946046676E+03   2.1413811708E+03   4.5798175951E+01   1.1562019895E+03   8.3242662116E+01   1.6968790856E+02   1.4709928588E+01   1.0220372372E+03   2.7012042561E+01   2.5173702879E+03
 -2.4450000000E+01   7.2103316127E+03   2.1323040218E+03   4.5671134307E+01   1.1644393097E+03   8.3653992711E+01   1.6947593119E+02   1.4709928588E+01   1.0220372372E+03   2.7012042561E+01   2.5173702879E+03
 -2.4400000000E+01   7.2260612461E+03   2.1232483655E+03   4.5544445070E+01   1.1727111156E+03   8.4066655558E+01   1.6926421862E+02   1.4709928588E+01   1.0220372372E+03   2.7012042561E+01   2.5173702879E+03
 -2.4350000000E+01   7.2417935428E+03   2.1142142404E+03   4.5418107263E+01   1.1810172080E+03   8.4480650404E+01   1.6905277053E+02   1.4709928588E+01   1.0220372372E+03   2.7012042561E+01   2.5173702879E+03
 -2.4300000000E+01   7.2575284782E+03   2.1052016843E+03   4.5292119909E+01   1.1893573826E+03   8.4895976968E+01   1.6884158659E+02   1.4709928588E+01   1.0220372372E+03   2.7012042561E+01   2.5173702879E+03
 -2.4250000000E+01   7.2732660278E+03   2.0962107350E+03   4.5166482038E+01   1.1977314301E+03   8.5312634945E+01   1.6863066646E+02   1.4709928588E+01   1.0220372372E+03   2.7012042561E+01   2.5173702879E+03
 -2.4200000000E+01   7.2890061673E+03   2.0872414297E+03   4.5041192679E+01   1.2061391360E+03   8.5730624002E+01   1.6842000981E+02   1.4709928588E+01   1.0220372372E+03   2.7012042561E+01   2.5173702879E+03
 -2.4150000000E+01   7.3047488728E+03   2.0782938054E+03   4.4916250866E+01   1.2145802807E+03   8.6149943780E+01   1.6820961632E+02   1.4709928588E+01   1.0220372372E+03   2.7012042561E+01   2.5173702879E+03
 -2.4100000000E+01   7.3204941205E+03   2.0693678987E+03   4.4791655635E+01   1.2230546396E+03   8.6570593893E+01   1.6799948566E+02   1.4709928588E+01   1.0220372372E+03   2.7012042561E+01   2.5173702879E+03
 -2.4050000000E+01   7.3362418865E+03   2.0604637459E+03   4.4667406024E+01   1.2315619828E+03   8.6992573929E+01   1.6778961750E+02   1.4709928588E+01   1.0220372372E+03   2.7012042561E+01   2.5173702879E+03
 -2.4000000000E+01   7.3519921477E+03   2.0515813828E+03   4.4543501075E+01   1.2401020755E+03   8.7415883450E+01   1.6758001151E+02   1.4709928588E+01   1.0220372372E+03   2.7012042561E+01   2.5173702879E+03
 -2.3950000000E+01   7.3677448806E+03   2.0427208449E+03   4.4419939831E+01   1.2486746777E+03   8.7840521990E+01   1.6737066736E+02   1.4709928588E+01   1.0220372372E+03   2.7012042561E+01   2.5173702879E+03
 -2.3900000000E+01   7.3835000622E+03   2.0338821674E+03   4.4296721340E+01   1.2572795442E+03   8.8266489058E+01   1.6716158473E+02   1.4709928588E+01   1.0220372372E+03   2.7012042561E+01   2.5173702879E+03
 -2.3850000000E+01   7.3992576697E+03   2.0250653852E+03   4.4173844650E+01   1.2659164251E+03   8.8693784137E+01   1.6695276329E+02   1.4709928588E+01   1.0220372372E+03   2.7012042561E+01   2.5173702879E+03
 -2.3800000000E+01   7.4150176805E+03   2.0162705325E+03   4.4051308813E+01   1.2745850648E+03   8.9122406682E+01   1.6674420271E+02   1.4709928588E+01   1.0220372372E+03   2.7012042561E+01   2.5173702879E+03
 -2.3750000000E+01   7.4307800721E+03   2.0074976436E+03   4.3929112884E+01   1.2832852033E+03   8.9552356123E+01   1.6653590268E+02   1.4709928588E+01   1.0220372372E+03   2.7012042561E+01   2.5173702879E+03
 -2.3700000000E+01   7.4465448221E+03   1.9987467520E+03   4.3807255919E+01   1.2920165750E+03   8.9983631865E+01   1.6632786285E+02   1.4709928588E+01   1.0220372372E+03   2.7012042561E+01   2.5173702879E+03
 -2.3650000000E+01   7.4623119086E+03   1.9900178911E+03   4.3685736980E+01   1.3007789097E+03   9.0416233284E+01   1.6612008291E+02   1.4709928588E+01   1.0220372372E+03   2.7012042561E+01   2.5173702879E+03
 -2.3600000000E+01   7.4780813095E+03   1.9813110939E+03   4.3564555127E+01   1.3095719317E+03   9.0850159731E+01   1.6591256253E+02   1.4709928588E+01   1.0220372372E+03   2.7012042561E+01   2.5173702879E+03
 -2.3550000000E+01   7.4938530033E+03   1.9726263928E+03   4.3443709426E+01   1.3183953608E+03   9.1285410533E+01   1.6570530140E+02   1.4709928588E+01   1.0220372372E+03   2.7012042561E+01   2.5173702879E+03
 -2.3500000000E+01   7.5096269684E+03   1.9639638200E+03   4.3323198944E+01   1.3272489113E+03   9.1721984988E+01   1.6549829917E+02   1.4709928588E+01   1.0220372372E+03   2.7012042561E+01   2.5173702879E+03
 -2.3450000000E+01   7.5254031834E+03   1.9553234074E+03   4.3203022752E+01   1.3361322930E+03   9.2159882369E+01   1.6529155554E+02   1.4709928588E+01   1.0220372372E+03   2.7012042561E+01   2.5173702879E+03
 -2.3400000000E+01   7.5411816272E+03   1.9467051864E+03   4.3083179922E+01   1.3450452104E+03   9.2599101924E+01   1.6508507018E+02   1.4709928588E+01   1.0220372372E+03   2.7012042561E+01   2.5173702879E+03
 -2.3350000000E+01   7.5569622788E+03   1.9381091879E+03   4.2963669530E+01   1.3539873632E+03   9.3039642874E+01   1.6487884276E+02   1.4709928588E+01   1.0220372372E+03   2.7012042561E+01   2.5173702879E+03
 -2.3300000000E+01   7.5727451174E+03   1.9295354426E+03   4.2844490653E+01   1.3629584462E+03   9.3481504416E+01   1.6467287296E+02   1.4709928588E+01   1.0220372372E+03   2.7012042561E+01   2.5173702879E+03
 -2.3250000000E+01   7.5885301224E+03   1.9209839807E+03   4.2725642372E+01   1.3719581493E+03   9.3924685717E+01   1.6446716047E+02   1.4709928588E+01   1.0220372372E+03   2.7012042561E+01   2.5173702879E+03
 -2.3200000000E+01   7.6043172733E+03   1.9124548322E+03   4.2607123769E+01   1.3809861576E+03   9.4369185924E+01   1.6426170495E+02   1.4709928588E+01   1.0220372372E+03   2.7012042561E+01   2.5173702879E+03
 -2.3150000000E+01   7.6201065500E+03   1.9039480263E+03   4.2488933930E+01   1.3900421512E+03   9.4815004154E+01   1.6405650610E+02   1.4709928588E+01   1.0220372372E+03   2.7012042561E+01   2.5173702879E+03
 -2.3100000000E+01   7.6358979322E+03   1.8954635922E+03   4.2371071944E+01   1.3991258057E+03   9.5262139500E+01   1.6385156358E+02   1.4709928588E+01   1.0220372372E+03   2.7012042561E+01   2.5173702879E+03
 -2.3050000000E+01   7.6516914002E+03   1.8870015586E+03   4.2253536900E+01   1.4082367917E+03   9.5710591030E+01   1.6364687708E+02   1.4709928588E+01   1.0220372372E+03   2.7012042561E+01   2.5173702879E+03
 -2.3000000000E+01   7.6674869340E+03   1.8785619536E+03   4.2136327893E+01   1.4173747751E+03   9.6160357786E+01   1.6344244628E+02   1.4709928588E+01   1.0220372372E+03   2.7012042561E+01   2.5173702879E+03
 -2.2950000000E+01   7.6832845143E+03   1.8701448052E+03   4.2019444016E+01   1.4265394172E+03   9.6611438784E+01   1.6323827086E+02   1.4709928588E+01   1.0220372372E+03   2.7012042561E+01   2.5173702879E+03
 -2.2900000000E+01   7.6990841215E+03   1.8617501407E+03   4.1902884369E+01   1.4357303747E+03   9.7063833015E+01   1.6303435050E+02   1.4709928588E+01   1.0220372372E+03   2.7012042561E+01   2.5173702879E+03
 -2.2850000000E+01   7.7148857365E+03   1.8533779873E+03   4.1786648052E+01   1.4449472994E+03   9.7517539446E+01   1.6283068488E+02   1.4709928588E+01   1.0220372372E+03   2.7012042561E+01   2.5173702879E+03
 -2.2800000000E+01   7.7306893401E+03   1.8450283714E+03   4.1670734169E+01   1.4541898389E+03   9.7972557017E+01   1.6262727368E+02   1.4709928588E+01   1.0220372372E+03   2.7012042561E+01   2.5173702879E+03
 -2.2750000000E+01   7.7464949135E+03   1.8367013194E+03   4.1555141824E+01   1.4634576360E+03   9.8428884645E+01   1.6242411659E+02   1.4709928588E+01   1.0220372372E+03   2.7012042561E+01   2.5173702879E+03
 -2.2700000000E+01   7.7623024380E+03   1.8283968571E+03   4.1439870126E+01   1.4727503291E+03   9.8886521220E+01   1.6222121328E+02   1.4709928588E+01   1.0220372372E+03   2.7012042561E+01   2.5173702879E+03
 -2.2650000000E+01   7.7781118949E+03   1.8201150097E+03   4.1324918185E+01   1.4820675521E+03   9.9345465607E+01   1.6201856345E+02   1.4709928588E+01   1.0220372372E+03   2.7012042561E+01   2.5173702879E+03
 -2.2600000000E+01   7.7939232659E+03   1.8118558024E+03   4.1210285115E+01   1.4914089347E+03   9.9805716648E+01   1.6181616677E+02   1.4709928588E+01   1.0220372372E+03   2.7012042561E+01   2.5173702879E+03
 -2.2550000000E+01   7.8097365327E+03   1.8036192596E+03   4.1095970031E+01   1.5007741021E+03   1.0026727316E+02   1.6161402293E+02   1.4709928588E+01   1.0220372372E+03   2.7012042561E+01   2.5173702879E+03
 -2.2500000000E+01   7.8255516772E+03   1.7954054055E+03   4.0981972050E+01   1.5101626752E+03   1.0073013393E+02   1.6141213161E+02   1.4709928588E+01   1.0220372372E+03   2.7012042561E+01   2.5173702879E+03
 -2.2450000000E+01   7.8413686816E+03   1.7872142638E+03   4.0868290294E+01   1.5195742706E+03   1.0119429773E+02   1.6121049249E+02   1.4709928588E+01   1.0220372372E+03   2.7012042561E+01   2.5173702879E+03
 -2.2400000000E+01   7.8571875279E+03   1.7790458578E+03   4.0754923885E+01   1.5290085009E+03   1.0165976330E+02   1.6100910527E+02   1.4709928588E+01   1.0220372372E+03   2.7012042561E+01   2.5173702879E+03
 -2.2350000000E+01   7.8730081987E+03   1.7709002103E+03   4.0641871948E+01   1.5384649744E+03   1.0212652936E+02   1.6080796963E+02   1.4709928588E+01   1.0220372372E+03   2.7012042561E+01   2.5173702879E+03
 -2.2300000000E+01   7.8888306764E+03   1.7627773438E+03   4.0529133611E+01   1.5479432954E+03   1.0259459460E+02   1.6060708524E+02   1.4709928588E+01   1.0220372372E+03   2.7012042561E+01   2.5173702879E+03
 -2.2250000000E+01   7.9046549438E+03   1.7546772803E+03   4.0416708004E+01   1.5574430642E+03   1.0306395769E+02   1.6040645181E+02   1.4709928588E+01   1.0220372372E+03   2.7012042561E+01   2.5173702879E+03
 -2.2200000000E+01   7.9204809837E+03   1.7466000413E+03   4.0304594259E+01   1.5669638770E+03   1.0353461728E+02   1.6020606901E+02   1.4709928588E+01   1.0220372372E+03   2.7012042561E+01   2.5173702879E+03
 -2.2150000000E+01   7.9363087791E+03   1.7385456481E+03   4.0192791512E+01   1.5765053263E+03   1.0400657199E+02   1.6000593653E+02   1.4709928588E+01   1.0220372372E+03   2.7012042561E+01   2.5173702879E+03
 -2.2100000000E+01   7.9521383131E+03   1.7305141213E+03   4.0081298899E+01   1.5860670005E+03   1.0447982040E+02   1.5980605406E+02   1.4709928588E+01   1.0220372372E+03   2.7012042561E+01   2.5173702879E+03
 -2.2050000000E+01   7.9679695691E+03   1.7225054813E+03   3.9970115561E+01   1.5956484846E+03   1.0495436111E+02   1.5960642129E+02   1.4709928588E+01   1.0220372372E+03   2.7012042561E+01   2.5173702879E+03
 -2.2000000000E+01   7.9838025305E+03   1.7145197478E+03   3.9859240640E+01   1.6052493596E+03   1.0543019265E+02   1.5940703791E+02   1.4709928588E+01   1.0220372372E+03   2.7012042561E+01   2.5173702879E+03
 -2.1950000000E+01   7.9996371809E+03   1.7065569403E+03   3.9748673279E+01   1.6148692028E+03   1.0590731356E+02   1.5920790359E+02   1.4709928588E+01   1.0220372372E+03   2.7012042561E+01   2.5173702879E+03
 -2.1900000000E+01   8.0154735040E+03   1.6986170778E+03   3.9638412626E+01   1.6245075883E+03   1.0638572233E+02   1.5900901804E+02   1.4709928588E+01   1.0220372372E+03   2.7012042561E+01   2.5173702879E+03
 -2.1850000000E+01   8.0313114837E+03   1.6907001787E+03   3.9528457831E+01   1.6341640863E+03   1.0686541744E+02   1.5881038094E+02   1.4709928588E+01   1.0220372372E+03   2.7012042561E+01   2.5173702879E+03
 -2.1800000000E+01   8.0471511041E+03   1.6828062612E+03   3.9418808044E+01   1.6438382638E+03   1.0734639735E+02   1.5861199199E+02   1.4709928588E+01   1.0220372372E+03   2.7012042561E+01   2.5173702879E+03
 -2.1750000000E+01   8.0629923493E+03   1.6749353430E+03   3.9309462419E+01   1.6535296843E+03   1.0782866049E+02   1.5841385086E+02   1.4709928588E+01   1.0220372372E+03   2.7012042561E+01   2.5173702879E+03
 -2.1700000000E+01   8.0788352037E+03   1.6670874413E+03   3.9200420113E+01   1.6632379083E+03   1.0831220527E+02   1.5821595726E+02   1.4709928588E+01   1.0220372372E+03   2.7012042561E+01   2.5173702879E+03
 -2.1650000000E+01   8.0946796516E+03   1.6592625727E+03   3.9091680285E+01   1.6729624926E+03   1.0879703007E+02   1.5801831086E+02   1.4709928588E+01   1.0220372372E+03   2.7012042561E+01   2.5173702879E+03
 -2.1600000000E+01   8.1105256778E+03   1.6514607537E+03   3.8983242095E+01   1.6827029914E+03   1.0928313327E+02   1.5782091138E+02   1.4709928588E+01   1.0220372372E+03   2.7012042561E+01   2.5173702879E+03
 -2.1550000000E+01   8.1263732668E+03   1.6436820001E+03   3.8875104707E+01   1.6924589555E+03   1.0977051318E+02   1.5762375848E+02   1.4709928588E+01   1.0220372372E+03   2.7012042561E+01   2.5173702879E+03
 -2.1500000000E+01   8.1422224037E+03   1.6359263273E+03   3.8767267286E+01   1.7022299328E+03   1.1025916815E+02   1.5742685188E+02   1.4709928588E+01   1.0220372372E+03   2.7012042561E+01   2.5173702879E+03
 -2.1450000000E+01   8.1580730733E+03   1.6281937503E+03   3.8659729000E+01   1.7120154683E+03   1.1074909645E+02   1.5723019125E+02   1.4709928588E+01   1.0220372372E+03   2.7012042561E+01   2.5173702879E+03
 -2.1400000000E+01   8.1739252609E+03   1.6204842837E+03   3.8552489019E+01   1.7218151042E+03   1.1124029636E+02   1.5703377630E+02   1.4709928588E+01   1.0220372372E+03   2.7012042561E+01   2.5173702879E+03
 -2.1350000000E+01   8.1897789517E+03   1.6127979415E+03   3.8445546516E+01   1.7316283801E+03   1.1173276614E+02   1.5683760671E+02   1.4709928588E+01   1.0220372372E+03   2.7012042561E+01   2.5173702879E+03
 -2.1300000000E+01   8.2056341311E+03   1.6051347373E+03   3.8338900666E+01   1.7414548328E+03   1.1222650400E+02   1.5664168218E+02   1.4709928588E+01   1.0220372372E+03   2.7012042561E+01   2.5173702879E+03
 -2.1250000000E+01   8.2214907846E+03   1.5974946843E+03   3.8232550646E+01   1.7512939965E+03   1.1272150816E+02   1.5644600240E+02   1.4709928588E+01   1.0220372372E+03   2.7012042561E+01   2.5173702879E+03
 -2.1200000000E+01   8.2373488980E+03   1.5898777953E+03   3.8126495635E+01   1.7611454029E+03   1.1321777679E+02   1.5625056707E+02   1.4709928588E+01   1.0220372372E+03   2.7012042561E+01   2.5173702879E+03
 -2.1150000000E+01   8.2532084570E+03   1.5822840825E+03   3.8020734814E+01   1.7710085816E+03   1.1371530806E+02   1.5605537588E+02   1.4709928588E+01   1.0220372372E+03   2.7012042561E+01   2.5173702879E+03
 -2.1100000000E+01   8.2690694476E+03   1.5747135576E+03   3.7915267369E+01   1.7808830596E+03   1.1421410011E+02   1.5586042853E+02   1.4709928588E+01   1.0220372372E+03   2.7012042561E+01   2.5173702879E+03
 -2.1050000000E+01   8.2849318557E+03   1.5671662322E+03   3.7810092484E+01   1.7907683617E+03   1.1471415106E+02   1.5566572471E+02   1.4709928588E+01   1.0220372372E+03   2.7012042561E+01   2.5173702879E+03
 -2.1000000000E+01   8.3007956677E+03   1.5596421169E+03   3.7705209349E+01   1.8006640108E+03   1.1521545900E+02   1.5547126412E+02   1.4709928588E+01   1.0220372372E+03   2.7012042561E+01   2.5173702879E+03
 -2.0950000000E+01   8.3166608698E+03   1.5521412224E+03   3.7600617154E+01   1.8105695274E+03   1.1571802201E+02   1.5527704645E+02   1.4709928588E+01   1.0220372372E+03   2.7012042561E+01   2.5173702879E+03
 -2.0900000000E+01   8.3325274483E+03   1.5446635585E+03   3.7496315091E+01   1.8204844305E+03   1.1622183814E+02   1.5508307140E+02   1.4709928588E+01   1.0220372372E+03   2.7012042561E+01   2.5173702879E+03
 -2.0850000000E+01   8.3483953900E+03   1.5372091348E+03   3.7392302358E+01   1.8304082369E+03   1.1672690542E+02   1.5488933867E+02   1.4709928588E+01   1.0220372372E+03   2.7012042561E+01   2.5173702879E+03
 -2.0800000000E+01   8.3642646815E+03   1.5297779604E+03   3.7288578149E+01   1.8403404618E+03   1.1723322187E+02   1.5469584795E+02   1.4709928588E+01   1.0220372372E+03   2.7012042561E+01   2.5173702879E+03
 -2.0750000000E+01   8.3801353095E+03   1.5223700438E+03   3.7185141666E+01   1.8502806186E+03   1.1774078548E+02   1.5450259895E+02   1.4709928588E+01   1.0220372372E+03   2.7012042561E+01   2.5173702879E+03
 -2.0700000000E+01   8.3960072609E+03   1.5149853931E+03   3.7081992111E+01   1.8602282194E+03   1.1824959421E+02   1.5430959135E+02   1.4709928588E+01   1.0220372372E+03   2.7012042561E+01   2.5173702879E+03
 -2.0650000000E+01   8.4118805230E+03   1.5076240162E+03   3.6979128686E+01   1.8701827745E+03   1.1875964602E+02   1.5411682487E+02   1.4709928588E+01   1.0220372372E+03   2.7012042561E+01   2.5173702879E+03
 -2.0600000000E+01   8.4277550827E+03   1.5002859200E+03   3.6876550599E+01   1.8801437929E+03   1.1927093884E+02   1.5392429919E+02   1.4709928588E+01   1.0220372372E+03   2.7012042561E+01   2.5173702879E+03
 -2.0550000000E+01   8.4436309273E+03   1.4929711115E+03   3.6774257058E+01   1.8901107826E+03   1.1978347057E+02   1.5373201402E+02   1.4709928588E+01   1.0220372372E+03   2.7012042561E+01   2.5173702879E+03
 -2.0500000000E+01   8.4595080444E+03   1.4856795969E+03   3.6672247274E+01   1.9000832501E+03   1.2029723910E+02   1.5353996906E+02   1.4709928588E+01   1.0220372372E+03   2.7012042561E+01   2.5173702879E+03
 -2.0450000000E+01   8.4753864212E+03   1.4784113821E+03   3.6570520459E+01   1.9100607008E+03   1.2081224231E+02   1.5334816400E+02   1.4709928588E+01   1.0220372372E+03   2.7012042561E+01   2.5173702879E+03
 -2.0400000000E+01   8.4912660456E+03   1.4711664723E+03   3.6469075829E+01   1.9200426394E+03   1.2132847803E+02   1.5315659855E+02   1.4709928588E+01   1.0220372372E+03   2.7012042561E+01   2.5173702879E+03
 -2.0350000000E+01   8.5071469052E+03   1.4639448724E+03   3.6367912601E+01   1.9300285693E+03   1.2184594410E+02   1.5296527240E+02   1.4709928588E+01   1.0220372372E+03   2.7012042561E+01   2.5173702879E+03
 -2.0300000000E+01   8.5230289879E+03   1.4567465870E+03   3.6267029994E+01   1.9400179935E+03   1.2236463833E+02   1.5277418527E+02   1.4709928588E+01   1.0220372372E+03   2.7012042561E+01   2.5173702879E+03
 -2.0250000000E+01   8.5389122816E+03   1.4495716200E+03   3.6166427230E+01   1.9500104141E+03   1.2288455851E+02   1.5258333684E+02   1.4709928588E+01   1.0220372372E+03   2.7012042561E+01   2.5173702879E+03
 -2.0200000000E+01   8.5547967745E+03   1.4424199748E+03   3.6066103532E+01   1.9600053325E+03   1.2340570240E+02   1.5239272682E+02   1.4709928588E+01   1.0220372372E+03   2.7012042561E+01   2.5173702879E+03
 -2.0150000000E+01   8.5706824546E+03   1.4352916545E+03   3.5966058127E+01   1.9700022498E+03   1.2392806776E+02   1.5220235492E+02   1.4709928588E+01   1.0220372372E+03   2.7012042561E+01   2.5173702879E+03
 -2.0100000000E+01   8.5865693104E+03   1.4281866617E+03   3.5866290243E+01   1.9800006666E+03   1.2445165232E+02   1.5201222084E+02   1.4709928588E+01   1.0220372372E+03   2.7012042561E+01   2.5173702879E+03
 -2.0050000000E+01   8.6024573301E+03   1.4211049984E+03   3.5766799109E+01   1.9900000833E+03   1.2497645380E+02   1.5182232427E+02   1.4709928588E+01   1.0220372372E+03   2.7012042561E+01   2.5173702879E+03
 -2.0000000000E+01   8.6183465023E+03   1.4140466664E+03   3.5667583958E+01   2.0000000000E+03   1.2550246988E+02   1.5163266493E+02   1.4709928588E+01   1.0220372372E+03   2.7012042561E+01   2.5173702879E+03
 -1.9950000000E+01   8.6342368157E+03   1.4070116666E+03   3.5568644025E+01   2.0099999167E+03   1.2602969824E+02   1.5144324251E+02   1.4709928588E+01   1.0220372372E+03   2.7012042561E+01   2.5173702879E+03
 -1.9900000000E+01   8.6501282589E+03   1.4000000000E+03   3.5469978545E+01   2.0199993334E+03   1.2655813655E+02   1.5125405672E+02   1.4709928588E+01   1.0220372372E+03   2.7012042561E+01   2.5173702879E+03
 -1.9850000000E+01   8.6660208208E+03   1.3930116666E+03   3.5371586759E+01   2.0299977502E+03   1.2708778243E+02   1.5106510727E+02   1.4709928588E+01   1.0220372372E+03   2.7012042561E+01   2.5173702879E+03
 -1.9800000000E+01   8.6819144902E+03   1.3860466664E+03   3.5273467905E+01   2.0399946675E+03   1.2761863352E+02   1.5087639386E+02   1.4709928588E+01   1.0220372372E+03   2.7012042561E+01   2.5173702879E+03
 -1.9750000000E+01   8.6978092563E+03   1.3791049984E+03   3.5175621228E+01   2.0499895859E+03   1.2815068741E+02   1.5068791619E+02   1.4709928588E+01   1.0220372372E+03   2.7012042561E+01   2.5173702879E+03
 -1.9700000000E+01   8.7137051082E+03   1.3721866617E+03   3.5078045973E+01   2.0599820065E+03   1.2868394168E+02   1.5049967397E+02   1.4709928588E+01   1.0220372372E+03   2.7012042561E+01   2.5173702879E+03
 -1.9650000000E+01   8.7296020351E+03   1.3652916545E+03   3.4980741385E+01   2.0699714307E+03   1.2921839391E+02   1.5031166690E+02   1.4709928588E+01   1.0220372372E+03   2.7012042561E+01   2.5173702879E+03
 -1.9600000000E+01   8.7455000263E+03   1.3584199748E+03   3.4883706716E+01   2.0799573606E+03   1.2975404164E+02   1.5012389470E+02   1.4709928588E+01   1.0220372372E+03   2.7012042561E+01   2.5173702879E+03
 -1.9550000000E+01   8.7613990713E+03   1.3515716200E+03   3.4786941215E+01   2.0899392992E+03   1.3029088241E+02   1.4993635707E+02   1.4709928588E+01   1.0220372372E+03   2.7012042561E+01   2.5173702879E+03
 -1.9500000000E+01   8.7772991596E+03   1.3447465870E+03   3.4690444137E+01   2.0999167499E+03   1.3082891373E+02   1.4974905371E+02   1.4709928588E+01   1.0220372372E+03   2.7012042561E+01   2.5173702879E+03
 -1.9450000000E+01   8.7932002808E+03   1.3379448724E+03   3.4594214736E+01   2.1098892174E+03   1.3136813309E+02   1.4956198434E+02   1.4709928588E+01   1.0220372372E+03   2.7012042561E+01   2.5173702879E+03
 -1.9400000000E+01   8.8091024247E+03   1.3311664723E+03   3.4498252270E+01   2.1198562071E+03   1.3190853799E+02   1.4937514865E+02   1.4709928588E+01   1.0220372372E+03   2.7012042561E+01   2.5173702879E+03
 -1.9350000000E+01   8.8250055812E+03   1.3244113821E+03   3.4402555999E+01   2.1298172255E+03   1.3245012588E+02   1.4918854637E+02   1.4709928588E+01   1.0220372372E+03   2.7012042561E+01   2.5173702879E+03
 -1.9300000000E+01   8.8409097400E+03   1.3176795969E+03   3.4307125184E+01   2.1397717806E+03   1.3299289421E+02   1.4900217719E+02   1.4709928588E+01   1.0220372372E+03   2.7012042561E+01   2.5173702879E+03
 -1.9250000000E+01   8.8568148913E+03   1.3109711115E+03   3.4211959089E+01   2.1497193814E+03   1.3353684041E+02   1.4881604083E+02   1.4709928588E+01   1.0220372372E+03   2.7012042561E+01   2.5173702879E+03
 -1.9200000000E+01   8.8727210252E+03   1.3042859200E+03   3.4117056980E+01   2.1596595382E+03   1.3408196190E+02   1.4863013699E+02   1.4709928588E+01   1.0220372372E+03   2.7012042561E+01   2.5173702879E+03
 -1.9150000000E+01   8.8886281318E+03   1.2976240162E+03   3.4022418124E+01   2.1695917631E+03   1.3462825607E+02   1.4844446539E+02   1.4709928588E+01   1.0220372372E+03   2.7012042561E+01   2.5173702879E+03
 -1.9100000000E+01   8.9045362014E+03   1.2909853931E+03   3.3928041791E+01   2.1795155695E+03   1.3517572031E+02   1.4825902573E+02   1.4709928588E+01   1.0220372372E+03   2.7012042561E+01   2.5173702879E+03
 -1.9050000000E+01   8.9204452245E+03   1.2843700438E+03   3.3833927252E+01   2.1894304726E+03   1.3572435198E+02   1.4807381773E+02   1.4709928588E+01   1.0220372372E+03   2.7012042561E+01   2.5173702879E+03
 -1.9000000000E+01   8.9363551916E+03   1.2777779604E+03   3.3740073783E+01   2.1993359892E+03   1.3627414844E+02   1.4788884109E+02   1.4709928588E+01   1.0220372372E+03   2.7012042561E+01   2.5173702879E+03
 -1.8950000000E+01   8.9522660931E+03   1.2712091348E+03   3.3646480657E+01   2.2092316383E+03   1.3682510701E+02   1.4770409553E+02   1.4709928588E+01   1.0220372372E+03   2.7012042561E+01   2.5173702879E+03
 -1.8900000000E+01   8.9681779197E+03   1.2646635585E+03   3.3553147154E+01   2.2191169404E+03   1.3737722503E+02   1.4751958076E+02   1.4709928588E+01   1.0220372372E+03   2.7012042561E+01   2.5173702879E+03
 -1.8850000000E+01   8.9840906622E+03   1.2581412224E+03   3.3460072553E+01   2.2289914184E+03   1.3793049979E+02   1.4733529648E+02   1.4709928588E+01   1.0220372372E+03   2.7012042561E+01   2.5173702879E+03
 -1.8800000000E+01   9.0000043115E+03   1.2516421169E+03   3.3367256136E+01   2.2388545971E+03   1.3848492858E+02   1.4715124242E+02   1.4709928588E+01   1.0220372372E+03   2.7012042561E+01   2.5173702879E+03
 -1.8750000000E+01   9.0159188584E+03   1.2451662322E+03   3.3274697187E+01   2.2487060035E+03   1.3904050869E+02   1.4696741828E+02   1.4709928588E+01   1.0220372372E+03   2.7012042561E+01   2.5173702879E+03
 -1.8700000000E+01   9.0318342940E+03   1.2387135576E+03   3.3182394991E+01   2.2585451672E+03   1.3959723736E+02   1.4678382378E+02   1.4709928588E+01   1.0220372372E+03   2.7012042561E+01   2.5173702879E+03
 -1.8650000000E+01   9.0477506093E+03   1.2322840825E+03   3.3090348836E+01   2.2683716199E+03   1.4015511185E+02   1.4660045863E+02   1.4709928588E+01   1.0220372372E+03   2.7012042561E+01   2.5173702879E+03
 -1.8600000000E+01   9.0636677955E+03   1.2258777953E+03   3.2998558012E+01   2.2781848958E+03   1.4071412939E+02   1.4641732254E+02   1.4709928588E+01   1.0220372372E+03   2.7012042561E+01   2.5173702879E+03
 -1.8550000000E+01   9.0795858438E+03   1.2194946843E+03   3.2907021812E+01   2.2879845317E+03   1.4127428719E+02   1.4623441522E+02   1.4709928588E+01   1.0220372372E+03   2.7012042561E+01   2.5173702879E+03
 -1.8500000000E+01   9.0955047457E+03   1.2131347373E+03   3.2815739527E+01   2.2977700672E+03   1.4183558245E+02   1.4605173640E+02   1.4709928588E+01   1.0220372372E+03   2.7012042561E+01   2.5173702879E+03
 -1.8450000000E+01   9.1114244926E+03   1.2067979415E+03   3.2724710455E+01   2.3075410445E+03   1.4239801238E+02   1.4586928579E+02   1.4709928588E+01   1.0220372372E+03   2.7012042561E+01   2.5173702879E+03
 -1.8400000000E+01   9.1273450759E+03   1.2004842837E+03   3.2633933892E+01   2.3172970086E+03   1.4296157413E+02   1.4568706309E+02   1.4709928588E+01   1.0220372372E+03   2.7012042561E+01   2.5173702879E+03
 -1.8350000000E+01   9.1432664872E+03   1.1941937503E+03   3.2543409138E+01   2.3270375074E+03   1.4352626488E+02   1.4550506804E+02   1.4709928588E+01   1.0220372372E+03   2.7012042561E+01   2.5173702879E+03
 -1.8300000000E+01   9.1591887182E+03   1.1879263273E+03   3.2453135495E+01   2.3367620917E+03   1.4409208178E+02   1.4532330033E+02   1.4709928588E+01   1.0220372372E+03   2.7012042561E+01   2.5173702879E+03
 -1.8250000000E+01   9.1751117607E+03   1.1816820001E+03   3.2363112267E+01   2.3464703157E+03   1.4465902195E+02   1.4514175969E+02   1.4709928588E+01   1.0220372372E+03   2.7012042561E+01   2.5173702879E+03
 -1.8200000000E+01   9.1910356065E+03   1.1754607537E+03   3.2273338758E+01   2.3561617362E+03   1.4522708252E+02   1.4496044583E+02   1.4709928588E+01   1.0220372372E+03   2.7012042561E+01   2.5173702879E+03
 -1.8150000000E+01   9.2069602474E+03   1.1692625727E+03   3.2183814275E+01   2.3658359137E+03   1.4579626060E+02   1.4477935848E+02   1.4709928588E+01   1.0220372372E+03   2.7012042561E+01   2.5173702879E+03
 -1.8100000000E+01   9.2228856756E+03   1.1630874413E+03   3.2094538129E+01   2.3754924117E+03   1.4636655329E+02   1.4459849734E+02   1.4709928588E+01   1.0220372372E+03   2.7012042561E+01   2.5173702879E+03
 -1.8050000000E+01   9.2388118829E+03   1.1569353430E+03   3.2005509630E+01   2.3851307972E+03   1.4693795767E+02   1.4441786214E+02   1.4709928588E+01   1.0220372372E+03   2.7012042561E+01   2.5173702879E+03
 -1.8000000000E+01   9.2547388616E+03   1.1508062612E+03   3.1916728091E+01   2.3947506404E+03   1.4751047081E+02   1.4423745260E+02   1.4709928588E+01   1.0220372372E+03   2.7012042561E+01   2.5173702879E+03
 -1.7950000000E+01   9.2706666039E+03   1.1447001787E+03   3.1828192827E+01   2.4043515154E+03   1.4808408977E+02   1.4405726842E+02   1.4709928588E+01   1.0220372372E+03   2.7012042561E+01   2.5173702879E+03
 -1.7900000000E+01   9.2865951020E+03   1.1386170778E+03   3.1739903156E+01   2.4139329995E+03   1.4865881160E+02   1.4387730933E+02   1.4709928588E+01   1.0220372372E+03   2.7012042561E+01   2.5173702879E+03
 -1.7850000000E+01   9.3025243483E+03   1.1325569403E+03   3.1651858395E+01   2.4234946737E+03   1.4923463335E+02   1.4369757505E+02   1.4709928588E+01   1.0220372372E+03   2.7012042561E+01   2.5173702879E+03
 -1.7800000000E+01   9.3184543353E+03   1.1265197478E+03   3.1564057865E+01   2.4330361230E+03   1.4981155202E+02   1.4351806530E+02   1.4709928588E+01   1.0220372372E+03   2.7012042561E+01   2.5173702879E+03
 -1.7750000000E+01   9.3343850555E+03   1.1205054813E+03   3.1476500889E+01   2.4425569358E+03   1.5038956463E+02   1.4333877979E+02   1.4709928588E+01   1.0220372372E+03   2.7012042561E+01   2.5173702879E+03
 -1.7700000000E+01   9.3503165014E+03   1.1145141213E+03   3.1389186792E+01   2.4520567046E+03   1.5096866818E+02   1.4315971826E+02   1.4709928588E+01   1.0220372372E+03   2.7012042561E+01   2.5173702879E+03
 -1.7650000000E+01   9.3662486656E+03   1.1085456481E+03   3.1302114899E+01   2.4615350256E+03   1.5154885967E+02   1.4298088041E+02   1.4709928588E+01   1.0220372372E+03   2.7012042561E+01   2.5173702879E+03
 -1.7600000000E+01   9.3821815410E+03   1.1026000413E+03   3.1215284539E+01   2.4709914991E+03   1.5213013608E+02   1.4280226596E+02   1.4709928588E+01   1.0220372372E+03   2.7012042561E+01   2.5173702879E+03
 -1.7550000000E+01   9.3981151202E+03   1.0966772803E+03   3.1128695041E+01   2.4804257294E+03   1.5271249436E+02   1.4262387465E+02   1.4709928588E+01   1.0220372372E+03   2.7012042561E+01   2.5173702879E+03
 -1.7500000000E+01   9.4140493962E+03   1.0907773438E+03   3.1042345738E+01   2.4898373248E+03   1.5329593148E+02   1.4244570618E+02   1.4709928588E+01   1.0220372372E+03   2.7012042561E+01   2.5173702879E+03
 -1.7450000000E+01   9.4299843619E+03   1.0849002103E+03   3.0956235963E+01   2.4992258979E+03   1.5388044439E+02   1.4226776029E+02   1.4709928588E+01   1.0220372372E+03   2.7012042561E+01   2.5173702879E+03
 -1.7400000000E+01   9.4459200103E+03   1.0790458578E+03   3.0870365052E+01   2.5085910653E+03   1.5446603001E+02   1.4209003669E+02   1.4709928588E+01   1.0220372372E+03   2.7012042561E+01   2.5173702879E+03
 -1.7350000000E+01   9.4618563344E+03   1.0732142638E+03   3.0784732343E+01   2.5179324479E+03   1.5505268529E+02   1.4191253511E+02   1.4709928588E+01   1.0220372372E+03   2.7012042561E+01   2.5173702879E+03
 -1.7300000000E+01   9.4777933273E+03   1.0674054055E+03   3.0699337173E+01   2.5272496709E+03   1.5564040713E+02   1.4173525526E+02   1.4709928588E+01   1.0220372372E+03   2.7012042561E+01   2.5173702879E+03
 -1.7250000000E+01   9.4937309824E+03   1.0616192596E+03   3.0614178886E+01   2.5365423640E+03   1.5622919244E+02   1.4155819687E+02   1.4709928588E+01   1.0220372372E+03   2.7012042561E+01   2.5173702879E+03
 -1.7200000000E+01   9.5096692928E+03   1.0558558024E+03   3.0529256823E+01   2.5458101611E+03   1.5681903812E+02   1.4138135967E+02   1.4709928588E+01   1.0220372372E+03   2.7012042561E+01   2.5173702879E+03
 -1.7150000000E+01   9.5256082518E+03   1.0501150097E+03   3.0444570328E+01   2.5550527006E+03   1.5740994105E+02   1.4120474338E+02   1.4709928588E+01   1.0220372372E+03   2.7012042561E+01   2.5173702879E+03
 -1.7100000000E+01   9.5415478530E+03   1.0443968571E+03   3.0360118750E+01   2.5642696253E+03   1.5800189811E+02   1.4102834772E+02   1.4709928588E+01   1.0220372372E+03   2.7012042561E+01   2.5173702879E+03
 -1.7050000000E+01   9.5574880896E+03   1.0387013194E+03   3.0275901436E+01   2.5734605828E+03   1.5859490618E+02   1.4085217242E+02   1.4709928588E+01   1.0220372372E+03   2.7012042561E+01   2.5173702879E+03
 -1.7000000000E+01   9.5734289553E+03   1.0330283714E+03   3.0191917736E+01   2.5826252249E+03   1.5918896210E+02   1.4067621720E+02   1.4709928588E+01   1.0220372372E+03   2.7012042561E+01   2.5173702879E+03
 -1.6950000000E+01   9.5893704436E+03   1.0273779873E+03   3.0108167002E+01   2.5917632083E+03   1.5978406274E+02   1.4050048179E+02   1.4709928588E+01   1.0220372372E+03   2.7012042561E+01   2.5173702879E+03
 -1.6900000000E+01   9.6053125482E+03   1.0217501407E+03   3.0024648588E+01   2.6008741943E+03   1.6038020493E+02   1.4032496591E+02   1.4709928588E+01   1.0220372372E+03   2.7012042561E+01   2.5173702879E+03
 -1.6850000000E+01   9.6212552628E+03   1.0161448052E+03   2.9941361850E+01   2.6099578488E+03   1.6097738551E+02   1.4014966928E+02   1.4709928588E+01   1.0220372372E+03   2.7012042561E+01   2.5173702879E+03
 -1.6800000000E+01   9.6371985812E+03   1.0105619536E+03   2.9858306144E+01   2.6190138424E+03   1.6157560130E+02   1.3997459164E+02   1.4709928588E+01   1.0220372372E+03   2.7012042561E+01   2.5173702879E+03
 -1.6750000000E+01   9.6531424972E+03   1.0050015586E+03   2.9775480831E+01   2.6280418507E+03   1.6217484912E+02   1.3979973271E+02   1.4709928588E+01   1.0220372372E+03   2.7012042561E+01   2.5173702879E+03
 -1.6700000000E+01   9.6690870046E+03   9.9946359223E+02   2.9692885270E+01   2.6370415538E+03   1.6277512578E+02   1.3962509222E+02   1.4709928588E+01   1.0220372372E+03   2.7012042561E+01   2.5173702879E+03
 -1.6650000000E+01   9.6850320975E+03   9.9394802630E+02   2.9610518825E+01   2.6460126368E+03   1.6337642808E+02   1.3945066989E+02   1.4709928588E+01   1.0220372372E+03   2.7012042561E+01   2.5173702879E+03
 -1.6600000000E+01   9.7009777698E+03   9.8845483215E+02   2.9528380860E+01   2.6549547896E+03   1.6397875282E+02   1.3927646545E+02   1.4709928588E+01   1.0220372372E+03   2.7012042561E+01   2.5173702879E+03
 -1.6550000000E+01   9.7169240157E+03   9.8298398073E+02   2.9446470742E+01   2.6638677070E+03   1.6458209677E+02   1.3910247864E+02   1.4709928588E+01   1.0220372372E+03   2.7012042561E+01   2.5173702879E+03
 -1.6500000000E+01   9.7328708292E+03   9.7753544259E+02   2.9364787837E+01   2.6727510887E+03   1.6518645673E+02   1.3892870917E+02   1.4709928588E+01   1.0220372372E+03   2.7012042561E+01   2.5173702879E+03
 -1.6450000000E+01   9.7488182045E+03   9.7210918788E+02   2.9283331516E+01   2.6816046392E+03   1.6579182945E+02   1.3875515677E+02   1.4709928588E+01   1.0220372372E+03   2.7012042561E+01   2.5173702879E+03
 -1.6400000000E+01   9.7647661359E+03   9.6670518636E+02   2.9202101151E+01   2.6904280683E+03   1.6639821171E+02   1.3858182118E+02   1.4709928588E+01   1.0220372372E+03   2.7012042561E+01   2.5173702879E+03
 -1.6350000000E+01   9.7807146177E+03   9.6132340742E+02   2.9121096115E+01   2.6992210903E+03   1.6700560026E+02   1.3840870213E+02   1.4709928588E+01   1.0220372372E+03   2.7012042561E+01   2.5173702879E+03
 -1.6300000000E+01   9.7966636442E+03   9.5596382002E+02   2.9040315782E+01   2.7079834250E+03   1.6761399186E+02   1.3823579934E+02   1.4709928588E+01   1.0220372372E+03   2.7012042561E+01   2.5173702879E+03
 -1.6250000000E+01   9.8126132099E+03   9.5062639276E+02   2.8959759529E+01   2.7167147967E+03   1.6822338324E+02   1.3806311254E+02   1.4709928588E+01   1.0220372372E+03   2.7012042561E+01   2.5173702879E+03
 -1.6200000000E+01   9.8285633091E+03   9.4531109385E+02   2.8879426735E+01   2.7254149352E+03   1.6883377115E+02   1.3789064147E+02   1.4709928588E+01   1.0220372372E+03   2.7012042561E+01   2.5173702879E+03
 -1.6150000000E+01   9.8445139365E+03   9.4001789112E+02   2.8799316779E+01   2.7340835749E+03   1.6944515232E+02   1.3771838585E+02   1.4709928588E+01   1.0220372372E+03   2.7012042561E+01   2.5173702879E+03
 -1.6100000000E+01   9.8604650866E+03   9.3474675201E+02   2.8719429045E+01   2.7427204558E+03   1.7005752347E+02   1.3754634541E+02   1.4709928588E+01   1.0220372372E+03   2.7012042561E+01   2.5173702879E+03
 -1.6050000000E+01   9.8764167540E+03   9.2949764358E+02   2.8639762914E+01   2.7513253223E+03   1.7067088132E+02   1.3737451989E+02   1.4709928588E+01   1.0220372372E+03   2.7012042561E+01   2.5173702879E+03
 -1.6000000000E+01   9.8923689335E+03   9.2427053253E+02   2.8560317773E+01   2.7598979245E+03   1.7128522259E+02   1.3720290902E+02   1.4709928588E+01   1.0220372372E+03   2.7012042561E+01   2.5173702879E+03
 -1.5950000000E+01   9.9083216196E+03   9.1906538516E+02   2.8481093009E+01   2.7684380172E+03   1.7190054399E+02   1.3703151253E+02   1.4709928588E+01   1.0220372372E+03   2.7012042561E+01   2.5173702879E+03
 -1.5900000000E+01   9.9242748073E+03   9.1388216743E+02   2.8402088009E+01   2.7769453604E+03   1.7251684222E+02   1.3686033015E+02   1.4709928588E+01   1.0220372372E+03   2.7012042561E+01   2.5173702879E+03
 -1.5850000000E+01   9.9402284914E+03   9.0872084489E+02   2.8323302166E+01   2.7854197193E+03   1.7313411397E+02   1.3668936162E+02   1.4709928588E+01   1.0220372372E+03   2.7012042561E+01   2.5173702879E+03
 -1.5800000000E+01   9.9561826667E+03   9.0358138276E+02   2.8244734869E+01   2.7938608640E+03   1.7375235595E+02   1.3651860666E+02   1.4709928588E+01   1.0220372372E+03   2.7012042561E+01   2.5173702879E+03
 -1.5750000000E+01   9.9721373282E+03   8.9846374588E+02   2.8166385515E+01   2.8022685699E+03   1.7437156483E+02   1.3634806501E+02   1.4709928588E+01   1.0220372372E+03   2.7012042561E+01   2.5173702879E+03
 -1.5700000000E+01   9.9880924709E+03   8.9336789873E+02   2.8088253497E+01   2.8106426174E+03   1.7499173731E+02   1.3617773641E+02   1.4709928588E+01   1.0220372372E+03   2.7012042561E+01   2.5173702879E+03
 -1.5650000000E+01   1.0004048090E+04   8.8829380541E+02   2.8010338213E+01   2.8189827920E+03   1.7561287006E+02   1.3600762058E+02   1.4709928588E+01   1.0220372372E+03   2.7012042561E+01   2.5173702879E+03
 -1.5600000000E+01   1.0020004180E+04   8.8324142969E+02   2.7932639062E+01   2.8272888844E+03   1.7623495975E+02   1.3583771727E+02   1.4709928588E+01   1.0220372372E+03   2.7012042561E+01   2.5173702879E+03
 -1.5550000000E+01   1.0035960737E+04   8.7821073496E+02   2.7855155444E+01   2.8355606903E+03   1.7685800305E+02   1.3566802620E+02   1.4709928588E+01   1.0220372372E+03   2.7012042561E+01   2.5173702879E+03
 -1.5500000000E+01   1.0051917755E+04   8.7320168428E+02   2.7777886761E+01   2.8437980105E+03   1.7748199664E+02   1.3549854711E+02   1.4709928588E+01   1.0220372372E+03   2.7012042561E+01   2.5173702879E+03
 -1.5450000000E+01   1.0067875230E+04   8.6821424035E+02   2.7700832418E+01   2.8520006510E+03   1.7810693716E+02   1.3532927975E+02   1.4709928588E+01   1.0220372372E+03   2.7012042561E+01   2.5173702879E+03
 -1.5400000000E+01   1.0083833157E+04   8.6324836551E+02   2.7623991819E+01   2.8601684228E+03   1.7873282129E+02   1.3516022383E+02   1.4709928588E+01   1.0220372372E+03   2.7012042561E+01   2.5173702879E+03
 -1.5350000000E+01   1.0099791532E+04   8.5830402176E+02   2.7547364371E+01   2.8683011420E+03   1.7935964567E+02   1.3499137910E+02   1.4709928588E+01   1.0220372372E+03   2.7012042561E+01   2.5173702879E+03
 -1.5300000000E+01   1.0115750349E+04   8.5338117077E+02   2.7470949484E+01   2.8763986297E+03   1.7998740696E+02   1.3482274529E+02   1.4709928588E+01   1.0220372372E+03   2.7012042561E+01   2.5173702879E+03
 -1.5250000000E+01   1.0131709605E+04   8.4847977385E+02   2.7394746568E+01   2.8844607121E+03   1.8061610179E+02   1.3465432215E+02   1.4709928588E+01   1.0220372372E+03   2.7012042561E+01   2.5173702879E+03
 -1.5200000000E+01   1.0147669294E+04   8.4359979198E+02   2.7318755035E+01   2.8924872205E+03   1.8124572683E+02   1.3448610940E+02   1.4709928588E+01   1.0220372372E+03   2.7012042561E+01   2.5173702879E+03
 -1.5150000000E+01   1.0163629413E+04   8.3874118581E+02   2.7242974297E+01   2.9004779912E+03   1.8187627869E+02   1.3431810679E+02   1.4709928588E+01   1.0220372372E+03   2.7012042561E+01   2.5173702879E+03
 -1.5100000000E+01   1.0179589956E+04   8.3390391563E+02   2.7167403772E+01   2.9084328654E+03   1.8250775404E+02   1.3415031404E+02   1.4709928588E+01   1.0220372372E+03   2.7012042561E+01   2.5173702879E+03
 -1.5050000000E+01   1.0195550920E+04   8.2908794144E+02   2.7092042875E+01   2.9163516894E+03   1.8314014950E+02   1.3398273091E+02   1.4709928588E+01   1.0220372372E+03   2.7012042561E+01   2.5173702879E+03
 -1.5000000000E+01   1.0211512300E+04   8.2429322288E+02   2.7016891025E+01   2.9242343145E+03   1.8377346169E+02   1.3381535713E+02   1.4709928588E+01   1.0220372372E+03   2.7012042561E+01   2.5173702879E+03
 -1.4950000000E+01   1.0227474091E+04   8.1951971927E+02   2.6941947642E+01   2.9320805970E+03   1.8440768727E+02   1.3364819243E+02   1.4709928588E+01   1.0220372372E+03   2.7012042561E+01   2.5173702879E+03
 -1.4900000000E+01   1.0243436290E+04   8.1476738962E+02   2.6867212148E+01   2.9398903979E+03   1.8504282284E+02   1.3348123656E+02   1.4709928588E+01   1.0220372372E+03   2.7012042561E+01   2.5173702879E+03
 -1.4850000000E+01   1.0259398892E+04   8.1003619260E+02   2.6792683966E+01   2.9476635833E+03   1.8567886504E+02   1.3331448925E+02   1.4709928588E+01   1.0220372372E+03   2.7012042561E+01   2.5173702879E+03
 -1.4800000000E+01   1.0275361893E+04   8.0532608658E+02   2.6718362522E+01   2.9554000243E+03   1.8631581049E+02   1.3314795025E+02   1.4709928588E+01   1.0220372372E+03   2.7012042561E+01   2.5173702879E+03
 -1.4750000000E+01   1.0291325289E+04   8.0063702960E+02   2.6644247241E+01   2.9630995967E+03   1.8695365582E+02   1.3298161929E+02   1.4709928588E+01   1.0220372372E+03   2.7012042561E+01   2.5173702879E+03
 -1.4700000000E+01   1.0307289076E+04   7.9596897939E+02   2.6570337551E+01   2.9707621812E+03   1.8759239764E+02   1.3281549612E+02   1.4709928588E+01   1.0220372372E+03   2.7012042561E+01   2.5173702879E+03
 -1.4650000000E+01   1.0323253249E+04   7.9132189339E+02   2.6496632884E+01   2.9783876633E+03   1.8823203256E+02   1.3264958047E+02   1.4709928588E+01   1.0220372372E+03   2.7012042561E+01   2.5173702879E+03
 -1.4600000000E+01   1.0339217805E+04   7.8669572870E+02   2.6423132668E+01   2.9859759334E+03   1.8887255722E+02   1.3248387208E+02   1.4709928588E+01   1.0220372372E+03   2.7012042561E+01   2.5173702879E+03
 -1.4550000000E+01   1.0355182740E+04   7.8209044214E+02   2.6349836339E+01   2.9935268864E+03   1.8951396822E+02   1.3231837070E+02   1.4709928588E+01   1.0220372372E+03   2.7012042561E+01   2.5173702879E+03
 -1.4500000000E+01   1.0371148049E+04   7.7750599021E+02   2.6276743329E+01   3.0010404224E+03   1.9015626219E+02   1.3215307607E+02   1.4709928588E+01   1.0220372372E+03   2.7012042561E+01   2.5173702879E+03
 -1.4450000000E+01   1.0387113730E+04   7.7294232914E+02   2.6203853076E+01   3.0085164458E+03   1.9079943572E+02   1.3198798792E+02   1.4709928588E+01   1.0220372372E+03   2.7012042561E+01   2.5173702879E+03
 -1.4400000000E+01   1.0403079777E+04   7.6839941482E+02   2.6131165016E+01   3.0159548658E+03   1.9144348544E+02   1.3182310601E+02   1.4709928588E+01   1.0220372372E+03   2.7012042561E+01   2.5173702879E+03
 -1.4350000000E+01   1.0419046187E+04   7.6387720288E+02   2.6058678589E+01   3.0233555964E+03   1.9208840796E+02   1.3165843007E+02   1.4709928588E+01   1.0220372372E+03   2.7012042561E+01   2.5173702879E+03
 -1.4300000000E+01   1.0435012957E+04   7.5937564865E+02   2.5986393235E+01   3.0307185560E+03   1.9273419988E+02   1.3149395985E+02   1.4709928588E+01   1.0220372372E+03   2.7012042561E+01   2.5173702879E+03
 -1.4250000000E+01   1.0450980083E+04   7.5489470717E+02   2.5914308397E+01   3.0380436678E+03   1.9338085783E+02   1.3132969509E+02   1.4709928588E+01   1.0220372372E+03   2.7012042561E+01   2.5173702879E+03
 -1.4200000000E+01   1.0466947560E+04   7.5043433320E+02   2.5842423518E+01   3.0453308594E+03   1.9402837840E+02   1.3116563553E+02   1.4709928588E+01   1.0220372372E+03   2.7012042561E+01   2.5173702879E+03
 -1.4150000000E+01   1.0482915386E+04   7.4599448120E+02   2.5770738044E+01   3.0525800629E+03   1.9467675822E+02   1.3100178091E+02   1.4709928588E+01   1.0220372372E+03   2.7012042561E+01   2.5173702879E+03
 -1.4100000000E+01   1.0498883556E+04   7.4157510537E+02   2.5699251422E+01   3.0597912151E+03   1.9532599389E+02   1.3083813099E+02   1.4709928588E+01   1.0220372372E+03   2.7012042561E+01   2.5173702879E+03
 -1.4050000000E+01   1.0514852067E+04   7.3717615963E+02   2.5627963099E+01   3.0669642569E+03   1.9597608202E+02   1.3067468550E+02   1.4709928588E+01   1.0220372372E+03   2.7012042561E+01   2.5173702879E+03
 -1.4000000000E+01   1.0530820916E+04   7.3279759761E+02   2.5556872527E+01   3.0740991340E+03   1.9662701922E+02   1.3051144419E+02   1.4709928588E+01   1.0220372372E+03   2.7012042561E+01   2.5173702879E+03
 -1.3950000000E+01   1.0546790098E+04   7.2843937269E+02   2.5485979156E+01   3.0811957962E+03   1.9727880210E+02   1.3034840680E+02   1.4709928588E+01   1.0220372372E+03   2.7012042561E+01   2.5173702879E+03
 -1.3900000000E+01   1.0562759611E+04   7.2410143796E+02   2.5415282439E+01   3.0882541977E+03   1.9793142728E+02   1.3018557309E+02   1.4709928588E+01   1.0220372372E+03   2.7012042561E+01   2.5173702879E+03
 -1.3850000000E+01   1.0578729451E+04   7.1978374627E+02   2.5344781831E+01   3.0952742971E+03   1.9858489137E+02   1.3002294279E+02   1.4709928588E+01   1.0220372372E+03   2.7012042561E+01   2.5173702879E+03
 -1.3800000000E+01   1.0594699615E+04   7.1548625018E+02   2.5274476788E+01   3.1022560571E+03   1.9923919097E+02   1.2986051565E+02   1.4709928588E+01   1.0220372372E+03   2.7012042561E+01   2.5173702879E+03
 -1.3750000000E+01   1.0610670099E+04   7.1120890200E+02   2.5204366767E+01   3.1091994447E+03   1.9989432271E+02   1.2969829141E+02   1.4709928588E+01   1.0220372372E+03   2.7012042561E+01   2.5173702879E+03
 -1.3700000000E+01   1.0626640899E+04   7.0695165380E+02   2.5134451228E+01   3.1161044311E+03   2.0055028320E+02   1.2953626983E+02   1.4709928588E+01   1.0220372372E+03   2.7012042561E+01   2.5173702879E+03
 -1.3650000000E+01   1.0642612013E+04   7.0271445736E+02   2.5064729630E+01   3.1229709916E+03   2.0120706905E+02   1.2937445065E+02   1.4709928588E+01   1.0220372372E+03   2.7012042561E+01   2.5173702879E+03
 -1.3600000000E+01   1.0658583437E+04   6.9849726425E+02   2.4995201437E+01   3.1297991057E+03   2.0186467689E+02   1.2921283362E+02   1.4709928588E+01   1.0220372372E+03   2.7012042561E+01   2.5173702879E+03
 -1.3550000000E+01   1.0674555168E+04   6.9430002576E+02   2.4925866111E+01   3.1365887567E+03   2.0252310332E+02   1.2905141849E+02   1.4709928588E+01   1.0220372372E+03   2.7012042561E+01   2.5173702879E+03
 -1.3500000000E+01   1.0690527203E+04   6.9012269294E+02   2.4856723117E+01   3.1433399322E+03   2.0318234497E+02   1.2889020499E+02   1.4709928588E+01   1.0220372372E+03   2.7012042561E+01   2.5173702879E+03
 -1.3450000000E+01   1.0706499539E+04   6.8596521661E+02   2.4787771922E+01   3.1500526235E+03   2.0384239847E+02   1.2872919289E+02   1.4709928588E+01   1.0220372372E+03   2.7012042561E+01   2.5173702879E+03
 -1.3400000000E+01   1.0722472172E+04   6.8182754734E+02   2.4719011994E+01   3.1567268261E+03   2.0450326043E+02   1.2856838193E+02   1.4709928588E+01   1.0220372372E+03   2.7012042561E+01   2.5173702879E+03
 -1.3350000000E+01   1.0738445099E+04   6.7770963546E+02   2.4650442803E+01   3.1633625391E+03   2.0516492748E+02   1.2840777185E+02   1.4709928588E+01   1.0220372372E+03   2.7012042561E+01   2.5173702879E+03
 -1.3300000000E+01   1.0754418317E+04   6.7361143108E+02   2.4582063818E+01   3.1699597658E+03   2.0582739624E+02   1.2824736241E+02   1.4709928588E+01   1.0220372372E+03   2.7012042561E+01   2.5173702879E+03
 -1.3250000000E+01   1.0770391824E+04   6.6953288407E+02   2.4513874513E+01   3.1765185128E+03   2.0649066336E+02   1.2808715336E+02   1.4709928588E+01   1.0220372372E+03   2.7012042561E+01   2.5173702879E+03
 -1.3200000000E+01   1.0786365615E+04   6.6547394406E+02   2.4445874362E+01   3.1830387909E+03   2.0715472545E+02   1.2792714445E+02   1.4709928588E+01   1.0220372372E+03   2.7012042561E+01   2.5173702879E+03
 -1.3150000000E+01   1.0802339689E+04   6.6143456048E+02   2.4378062839E+01   3.1895206143E+03   2.0781957916E+02   1.2776733542E+02   1.4709928588E+01   1.0220372372E+03   2.7012042561E+01   2.5173702879E+03
 -1.3100000000E+01   1.0818314042E+04   6.5741468251E+02   2.4310439422E+01   3.1959640010E+03   2.0848522111E+02   1.2760772602E+02   1.4709928588E+01   1.0220372372E+03   2.7012042561E+01   2.5173702879E+03
 -1.3050000000E+01   1.0834288671E+04   6.5341425914E+02   2.4243003588E+01   3.2023689726E+03   2.0915164795E+02   1.2744831602E+02   1.4709928588E+01   1.0220372372E+03   2.7012042561E+01   2.5173702879E+03
 -1.3000000000E+01   1.0850263573E+04   6.4943323912E+02   2.4175754818E+01   3.2087355542E+03   2.0981885633E+02   1.2728910515E+02   1.4709928588E+01   1.0220372372E+03   2.7012042561E+01   2.5173702879E+03
 -1.2950000000E+01   1.0866238746E+04   6.4547157099E+02   2.4108692592E+01   3.2150637745E+03   2.1048684287E+02   1.2713009317E+02   1.4709928588E+01   1.0220372372E+03   2.7012042561E+01   2.5173702879E+03
 -1.2900000000E+01   1.0882214186E+04   6.4152920309E+02   2.4041816393E+01   3.2213536656E+03   2.1115560424E+02   1.2697127984E+02   1.4709928588E+01   1.0220372372E+03   2.7012042561E+01   2.5173702879E+03
 -1.2850000000E+01   1.0898189891E+04   6.3760608354E+02   2.3975125705E+01   3.2276052631E+03   2.1182513709E+02   1.2681266489E+02   1.4709928588E+01   1.0220372372E+03   2.7012042561E+01   2.5173702879E+03
 -1.2800000000E+01   1.0914165859E+04   6.3370216027E+02   2.3908620013E+01   3.2338186058E+03   2.1249543805E+02   1.2665424809E+02   1.4709928588E+01   1.0220372372E+03   2.7012042561E+01   2.5173702879E+03
 -1.2750000000E+01   1.0930142085E+04   6.2981738099E+02   2.3842298805E+01   3.2399937359E+03   2.1316650381E+02   1.2649602919E+02   1.4709928588E+01   1.0220372372E+03   2.7012042561E+01   2.5173702879E+03
 -1.2700000000E+01   1.0946118568E+04   6.2595169322E+02   2.3776161568E+01   3.2461306991E+03   2.1383833101E+02   1.2633800794E+02   1.4709928588E+01   1.0220372372E+03   2.7012042561E+01   2.5173702879E+03
 -1.2650000000E+01   1.0962095304E+04   6.2210504430E+02   2.3710207792E+01   3.2522295441E+03   2.1451091631E+02   1.2618018409E+02   1.4709928588E+01   1.0220372372E+03   2.7012042561E+01   2.5173702879E+03
 -1.2600000000E+01   1.0978072292E+04   6.1827738134E+02   2.3644436968E+01   3.2582903228E+03   2.1518425639E+02   1.2602255739E+02   1.4709928588E+01   1.0220372372E+03   2.7012042561E+01   2.5173702879E+03
 -1.2550000000E+01   1.0994049528E+04   6.1446865130E+02   2.3578848589E+01   3.2643130903E+03   2.1585834792E+02   1.2586512761E+02   1.4709928588E+01   1.0220372372E+03   2.7012042561E+01   2.5173702879E+03
 -1.2500000000E+01   1.1010027010E+04   6.1067880092E+02   2.3513442148E+01   3.2702979048E+03   2.1653318758E+02   1.2570789449E+02   1.4709928588E+01   1.0220372372E+03   2.7012042561E+01   2.5173702879E+03
 -1.2450000000E+01   1.1026004735E+04   6.0690777677E+02   2.3448217141E+01   3.2762448274E+03   2.1720877203E+02   1.2555085779E+02   1.4709928588E+01   1.0220372372E+03   2.7012042561E+01   2.5173702879E+03
 -1.2400000000E+01   1.1041982701E+04   6.0315552526E+02   2.3383173065E+01   3.2821539224E+03   2.1788509797E+02   1.2539401727E+02   1.4709928588E+01   1.0220372372E+03   2.7012042561E+01   2.5173702879E+03
 -1.2350000000E+01   1.1057960905E+04   5.9942199257E+02   2.3318309418E+01   3.2880252569E+03   2.1856216208E+02   1.2523737267E+02   1.4709928588E+01   1.0220372372E+03   2.7012042561E+01   2.5173702879E+03
 -1.2300000000E+01   1.1073939344E+04   5.9570712476E+02   2.3253625699E+01   3.2938589009E+03   2.1923996105E+02   1.2508092375E+02   1.4709928588E+01   1.0220372372E+03   2.7012042561E+01   2.5173702879E+03
 -1.2250000000E+01   1.1089918017E+04   5.9201086768E+02   2.3189121409E+01   3.2996549273E+03   2.1991849158E+02   1.2492467028E+02   1.4709928588E+01   1.0220372372E+03   2.7012042561E+01   2.5173702879E+03
 -1.2200000000E+01   1.1105896920E+04   5.8833316703E+02   2.3124796050E+01   3.3054134119E+03   2.2059775037E+02   1.2476861200E+02   1.4709928588E+01   1.0220372372E+03   2.7012042561E+01   2.5173702879E+03
 -1.2150000000E+01   1.1121876051E+04   5.8467396833E+02   2.3060649127E+01   3.3111344331E+03   2.2127773413E+02   1.2461274867E+02   1.4709928588E+01   1.0220372372E+03   2.7012042561E+01   2.5173702879E+03
 -1.2100000000E+01   1.1137855409E+04   5.8103321695E+02   2.2996680143E+01   3.3168180719E+03   2.2195843956E+02   1.2445708004E+02   1.4709928588E+01   1.0220372372E+03   2.7012042561E+01   2.5173702879E+03
 -1.2050000000E+01   1.1153834989E+04   5.7741085809E+02   2.2932888606E+01   3.3224644123E+03   2.2263986338E+02   1.2430160589E+02   1.4709928588E+01   1.0220372372E+03   2.7012042561E+01   2.5173702879E+03
 -1.2000000000E+01   1.1169814791E+04   5.7380683679E+02   2.2869274024E+01   3.3280735405E+03   2.2332200230E+02   1.2414632595E+02   1.4709928588E+01   1.0220372372E+03   2.7012042561E+01   2.5173702879E+03
 -1.1950000000E+01   1.1185794811E+04   5.7022109794E+02   2.2805835904E+01   3.3336455457E+03   2.2400485306E+02   1.2399123999E+02   1.4709928588E+01   1.0220372372E+03   2.7012042561E+01   2.5173702879E+03
 -1.1900000000E+01   1.1201775048E+04   5.6665358629E+02   2.2742573759E+01   3.3391805192E+03   2.2468841237E+02   1.2383634777E+02   1.4709928588E+01   1.0220372372E+03   2.7012042561E+01   2.5173702879E+03
 -1.1850000000E+01   1.1217755499E+04   5.6310424642E+02   2.2679487099E+01   3.3446785551E+03   2.2537267698E+02   1.2368164904E+02   1.4709928588E+01   1.0220372372E+03   2.7012042561E+01   2.5173702879E+03
 -1.1800000000E+01   1.1233736162E+04   5.5957302277E+02   2.2616575438E+01   3.3501397497E+03   2.2605764362E+02   1.2352714356E+02   1.4709928588E+01   1.0220372372E+03   2.7012042561E+01   2.5173702879E+03
 -1.1750000000E+01   1.1249717034E+04   5.5605985965E+02   2.2553838291E+01   3.3555642017E+03   2.2674330904E+02   1.2337283110E+02   1.4709928588E+01   1.0220372372E+03   2.7012042561E+01   2.5173702879E+03
 -1.1700000000E+01   1.1265698113E+04   5.5256470121E+02   2.2491275173E+01   3.3609520122E+03   2.2742966998E+02   1.2321871141E+02   1.4709928588E+01   1.0220372372E+03   2.7012042561E+01   2.5173702879E+03
 -1.1650000000E+01   1.1281679398E+04   5.4908749148E+02   2.2428885602E+01   3.3663032846E+03   2.2811672321E+02   1.2306478424E+02   1.4709928588E+01   1.0220372372E+03   2.7012042561E+01   2.5173702879E+03
 -1.1600000000E+01   1.1297660886E+04   5.4562817434E+02   2.2366669096E+01   3.3716181245E+03   2.2880446549E+02   1.2291104937E+02   1.4709928588E+01   1.0220372372E+03   2.7012042561E+01   2.5173702879E+03
 -1.1550000000E+01   1.1313642574E+04   5.4218669355E+02   2.2304625175E+01   3.3768966395E+03   2.2949289357E+02   1.2275750654E+02   1.4709928588E+01   1.0220372372E+03   2.7012042561E+01   2.5173702879E+03
 -1.1500000000E+01   1.1329624461E+04   5.3876299275E+02   2.2242753361E+01   3.3821389397E+03   2.3018200424E+02   1.2260415552E+02   1.4709928588E+01   1.0220372372E+03   2.7012042561E+01   2.5173702879E+03
 -1.1450000000E+01   1.1345606545E+04   5.3535701542E+02   2.2181053176E+01   3.3873451369E+03   2.3087179427E+02   1.2245099607E+02   1.4709928588E+01   1.0220372372E+03   2.7012042561E+01   2.5173702879E+03
 -1.1400000000E+01   1.1361588823E+04   5.3196870495E+02   2.2119524143E+01   3.3925153454E+03   2.3156226044E+02   1.2229802795E+02   1.4709928588E+01   1.0220372372E+03   2.7012042561E+01   2.5173702879E+03
 -1.1350000000E+01   1.1377571294E+04   5.2859800460E+02   2.2058165789E+01   3.3976496810E+03   2.3225339956E+02   1.2214525092E+02   1.4709928588E+01   1.0220372372E+03   2.7012042561E+01   2.5173702879E+03
 -1.1300000000E+01   1.1393553955E+04   5.2524485752E+02   2.1996977640E+01   3.4027482619E+03   2.3294520840E+02   1.2199266474E+02   1.4709928588E+01   1.0220372372E+03   2.7012042561E+01   2.5173702879E+03
 -1.1250000000E+01   1.1409536804E+04   5.2190920672E+02   2.1935959223E+01   3.4078112079E+03   2.3363768378E+02   1.2184026918E+02   1.4709928588E+01   1.0220372372E+03   2.7012042561E+01   2.5173702879E+03
 -1.1200000000E+01   1.1425519839E+04   5.1859099512E+02   2.1875110068E+01   3.4128386408E+03   2.3433082250E+02   1.2168806399E+02   1.4709928588E+01   1.0220372372E+03   2.7012042561E+01   2.5173702879E+03
 -1.1150000000E+01   1.1441503059E+04   5.1529016554E+02   2.1814429705E+01   3.4178306843E+03   2.3502462138E+02   1.2153604894E+02   1.4709928588E+01   1.0220372372E+03   2.7012042561E+01   2.5173702879E+03
 -1.1100000000E+01   1.1457486462E+04   5.1200666067E+02   2.1753917667E+01   3.4227874636E+03   2.3571907723E+02   1.2138422379E+02   1.4709928588E+01   1.0220372372E+03   2.7012042561E+01   2.5173702879E+03
 -1.1050000000E+01   1.1473470045E+04   5.0874042311E+02   2.1693573485E+01   3.4277091061E+03   2.3641418690E+02   1.2123258830E+02   1.4709928588E+01   1.0220372372E+03   2.7012042561E+01   2.5173702879E+03
 -1.1000000000E+01   1.1489453806E+04   5.0549139537E+02   2.1633396695E+01   3.4325957404E+03   2.3710994721E+02   1.2108114224E+02   1.4709928588E+01   1.0220372372E+03   2.7012042561E+01   2.5173702879E+03
 -1.0950000000E+01   1.1505437744E+04   5.0225951983E+02   2.1573386832E+01   3.4374474971E+03   2.3780635500E+02   1.2092988537E+02   1.4709928588E+01   1.0220372372E+03   2.7012042561E+01   2.5173702879E+03
 -1.0900000000E+01   1.1521421856E+04   4.9904473882E+02   2.1513543433E+01   3.4422645082E+03   2.3850340712E+02   1.2077881745E+02   1.4709928588E+01   1.0220372372E+03   2.7012042561E+01   2.5173702879E+03
 -1.0850000000E+01   1.1537406142E+04   4.9584699453E+02   2.1453866036E+01   3.4470469073E+03   2.3920110043E+02   1.2062793824E+02   1.4709928588E+01   1.0220372372E+03   2.7012042561E+01   2.5173702879E+03
 -1.0800000000E+01   1.1553390599E+04   4.9266622911E+02   2.1394354181E+01   3.4517948297E+03   2.3989943179E+02   1.2047724752E+02   1.4709928588E+01   1.0220372372E+03   2.7012042561E+01   2.5173702879E+03
 -1.0750000000E+01   1.1569375224E+04   4.8950238459E+02   2.1335007409E+01   3.4565084120E+03   2.4059839806E+02   1.2032674505E+02   1.4709928588E+01   1.0220372372E+03   2.7012042561E+01   2.5173702879E+03
 -1.0700000000E+01   1.1585360017E+04   4.8635540292E+02   2.1275825262E+01   3.4611877922E+03   2.4129799612E+02   1.2017643058E+02   1.4709928588E+01   1.0220372372E+03   2.7012042561E+01   2.5173702879E+03
 -1.0650000000E+01   1.1601344976E+04   4.8322522598E+02   2.1216807282E+01   3.4658331099E+03   2.4199822285E+02   1.2002630389E+02   1.4709928588E+01   1.0220372372E+03   2.7012042561E+01   2.5173702879E+03
 -1.0600000000E+01   1.1617330099E+04   4.8011179556E+02   2.1157953016E+01   3.4704445058E+03   2.4269907515E+02   1.1987636474E+02   1.4709928588E+01   1.0220372372E+03   2.7012042561E+01   2.5173702879E+03
 -1.0550000000E+01   1.1633315384E+04   4.7701505340E+02   2.1099262007E+01   3.4750221222E+03   2.4340054991E+02   1.1972661290E+02   1.4709928588E+01   1.0220372372E+03   2.7012042561E+01   2.5173702879E+03
 -1.0500000000E+01   1.1649300829E+04   4.7393494114E+02   2.1040733805E+01   3.4795661025E+03   2.4410264403E+02   1.1957704813E+02   1.4709928588E+01   1.0220372372E+03   2.7012042561E+01   2.5173702879E+03
 -1.0450000000E+01   1.1665286432E+04   4.7087140036E+02   2.0982367956E+01   3.4840765914E+03   2.4480535443E+02   1.1942767020E+02   1.4709928588E+01   1.0220372372E+03   2.7012042561E+01   2.5173702879E+03
 -1.0400000000E+01   1.1681272193E+04   4.6782437258E+02   2.0924164012E+01   3.4885537347E+03   2.4550867802E+02   1.1927847888E+02   1.4709928588E+01   1.0220372372E+03   2.7012042561E+01   2.5173702879E+03
 -1.0350000000E+01   1.1697258109E+04   4.6479379923E+02   2.0866121521E+01   3.4929976795E+03   2.4621261173E+02   1.1912947393E+02   1.4709928588E+01   1.0220372372E+03   2.7012042561E+01   2.5173702879E+03
 -1.0300000000E+01   1.1713244178E+04   4.6177962172E+02   2.0808240038E+01   3.4974085739E+03   2.4691715249E+02   1.1898065512E+02   1.4709928588E+01   1.0220372372E+03   2.7012042561E+01   2.5173702879E+03
 -1.0250000000E+01   1.1729230400E+04   4.5878178136E+02   2.0750519114E+01   3.5017865673E+03   2.4762229725E+02   1.1883202221E+02   1.4709928588E+01   1.0220372372E+03   2.7012042561E+01   2.5173702879E+03
 -1.0200000000E+01   1.1745216772E+04   4.5580021944E+02   2.0692958306E+01   3.5061318097E+03   2.4832804296E+02   1.1868357498E+02   1.4709928588E+01   1.0220372372E+03   2.7012042561E+01   2.5173702879E+03
 -1.0150000000E+01   1.1761203292E+04   4.5283487716E+02   2.0635557167E+01   3.5104444527E+03   2.4903438656E+02   1.1853531320E+02   1.4709928588E+01   1.0220372372E+03   2.7012042561E+01   2.5173702879E+03
 -1.0100000000E+01   1.1777189960E+04   4.4988569570E+02   2.0578315257E+01   3.5147246484E+03   2.4974132504E+02   1.1838723662E+02   1.4709928588E+01   1.0220372372E+03   2.7012042561E+01   2.5173702879E+03
 -1.0050000000E+01   1.1793176774E+04   4.4695261617E+02   2.0521232132E+01   3.5189725501E+03   2.5044885535E+02   1.1823934503E+02   1.4709928588E+01   1.0220372372E+03   2.7012042561E+01   2.5173702879E+03
 -1.0000000000E+01   1.1809163731E+04   4.4403557965E+02   2.0464307353E+01   3.5231883119E+03   2.5115697448E+02   1.1809163819E+02   1.4709928588E+01   1.0220372372E+03   2.7012042561E+01   2.5173702879E+03
 -9.9500000000E+00   1.1825150831E+04   4.4113452716E+02   2.0407540480E+01   3.5273720888E+03   2.5186567942E+02   1.1794411586E+02   1.4709928588E+01   1.0220372372E+03   2.7012042561E+01   2.5173702879E+03
 -9.9000000000E+00   1.1841138071E+04   4.3824939970E+02   2.0350931075E+01   3.5315240365E+03   2.5257496716E+02   1.1779677782E+02   1.4709928588E+01   1.0220372372E+03   2.7012042561E+01   2.5173702879E+03
 -9.8500000000E+00   1.1857125451E+04   4.3538013821E+02   2.0294478702E+01   3.5356443117E+03   2.5328483471E+02   1.1764962384E+02   1.4709928588E+01   1.0220372372E+03   2.7012042561E+01   2.5173702879E+03
 -9.8000000000E+00   1.1873112970E+04   4.3252668362E+02   2.0238182924E+01   3.5397330718E+03   2.5399527908E+02   1.1750265368E+02   1.4709928588E+01   1.0220372372E+03   2.7012042561E+01   2.5173702879E+03
 -9.7500000000E+00   1.1889100624E+04   4.2968897680E+02   2.0182043308E+01   3.5437904749E+03   2.5470629729E+02   1.1735586713E+02   1.4709928588E+01   1.0220372372E+03   2.7012042561E+01   2.5173702879E+03
 -9.7000000000E+00   1.1905088414E+04   4.2686695861E+02   2.0126059420E+01   3.5478166797E+03   2.5541788637E+02   1.1720926394E+02   1.4709928588E+01   1.0220372372E+03   2.7012042561E+01   2.5173702879E+03
 -9.6500000000E+00   1.1921076337E+04   4.2406056988E+02   2.0070230829E+01   3.5518118458E+03   2.5613004336E+02   1.1706284389E+02   1.4709928588E+01   1.0220372372E+03   2.7012042561E+01   2.5173702879E+03
 -9.6000000000E+00   1.1937064392E+04   4.2126975139E+02   2.0014557102E+01   3.5557761332E+03   2.5684276530E+02   1.1691660675E+02   1.4709928588E+01   1.0220372372E+03   2.7012042561E+01   2.5173702879E+03
 -9.5500000000E+00   1.1953052578E+04   4.1849444393E+02   1.9959037812E+01   3.5597097025E+03   2.5755604925E+02   1.1677055230E+02   1.4709928588E+01   1.0220372372E+03   2.7012042561E+01   2.5173702879E+03
 -9.5000000000E+00   1.1969040893E+04   4.1573458825E+02   1.9903672529E+01   3.5636127152E+03   2.5826989226E+02   1.1662468030E+02   1.4709928588E+01   1.0220372372E+03   2.7012042561E+01   2.5173702879E+03
 -9.4500000000E+00   1.1985029336E+04   4.1299012510E+02   1.9848460827E+01   3.5674853330E+03   2.5898429142E+02   1.1647899052E+02   1.4709928588E+01   1.0220372372E+03   2.7012042561E+01   2.5173702879E+03
 -9.4000000000E+00   1.2001017905E+04   4.1026099519E+02   1.9793402279E+01   3.5713277181E+03   2.5969924380E+02   1.1633348274E+02   1.4709928588E+01   1.0220372372E+03   2.7012042561E+01   2.5173702879E+03
 -9.3500000000E+00   1.2017006600E+04   4.0754713923E+02   1.9738496460E+01   3.5751400333E+03   2.6041474648E+02   1.1618815674E+02   1.4709928588E+01   1.0220372372E+03   2.7012042561E+01   2.5173702879E+03
 -9.3000000000E+00   1.2032995418E+04   4.0484849793E+02   1.9683742947E+01   3.5789224419E+03   2.6113079656E+02   1.1604301228E+02   1.4709928588E+01   1.0220372372E+03   2.7012042561E+01   2.5173702879E+03
 -9.2500000000E+00   1.2048984359E+04   4.0216501197E+02   1.9629141317E+01   3.5826751075E+03   2.6184739116E+02   1.1589804913E+02   1.4709928588E+01   1.0220372372E+03   2.7012042561E+01   2.5173702879E+03
 -9.2000000000E+00   1.2064973421E+04   3.9949662205E+02   1.9574691149E+01   3.5863981942E+03   2.6256452737E+02   1.1575326708E+02   1.4709928588E+01   1.0220372372E+03   2.7012042561E+01   2.5173702879E+03
 -9.1500000000E+00   1.2080962603E+04   3.9684326884E+02   1.9520392023E+01   3.5900918662E+03   2.6328220234E+02   1.1560866589E+02   1.4709928588E+01   1.0220372372E+03   2.7012042561E+01   2.5173702879E+03
 -9.1000000000E+00   1.2096951904E+04   3.9420489302E+02   1.9466243520E+01   3.5937562884E+03   2.6400041317E+02   1.1546424534E+02   1.4709928588E+01   1.0220372372E+03   2.7012042561E+01   2.5173702879E+03
 -9.0500000000E+00   1.2112941322E+04   3.9158143528E+02   1.9412245221E+01   3.5973916257E+03   2.6471915703E+02   1.1532000520E+02   1.4709928588E+01   1.0220372372E+03   2.7012042561E+01   2.5173702879E+03
 -9.0000000000E+00   1.2128930856E+04   3.8897283631E+02   1.9358396711E+01   3.6009980435E+03   2.6543843105E+02   1.1517594525E+02   1.4709928588E+01   1.0220372372E+03   2.7012042561E+01   2.5173702879E+03
 -8.9500000000E+00   1.2144920504E+04   3.8637903679E+02   1.9304697574E+01   3.6045757073E+03   2.6615823239E+02   1.1503206526E+02   1.4709928588E+01   1.0220372372E+03   2.7012042561E+01   2.5173702879E+03
 -8.9000000000E+00   1.2160910266E+04   3.8379997744E+02   1.9251147396E+01   3.6081247828E+03   2.6687855823E+02   1.1488836501E+02   1.4709928588E+01   1.0220372372E+03   2.7012042561E+01   2.5173702879E+03
 -8.8500000000E+00   1.2176900141E+04   3.8123559895E+02   1.9197745762E+01   3.6116454361E+03   2.6759940573E+02   1.1474484427E+02   1.4709928588E+01   1.0220372372E+03   2.7012042561E+01   2.5173702879E+03
 -8.8000000000E+00   1.2192890126E+04   3.7868584206E+02   1.9144492262E+01   3.6151378332E+03   2.6832077208E+02   1.1460150283E+02   1.4709928588E+01   1.0220372372E+03   2.7012042561E+01   2.5173702879E+03
 -8.7500000000E+00   1.2208880222E+04   3.7615064750E+02   1.9091386484E+01   3.6186021404E+03   2.6904265448E+02   1.1445834044E+02   1.4709928588E+01   1.0220372372E+03   2.7012042561E+01   2.5173702879E+03
 -8.7000000000E+00   1.2224870426E+04   3.7362995605E+02   1.9038428019E+01   3.6220385242E+03   2.6976505012E+02   1.1431535690E+02   1.4709928588E+01   1.0220372372E+03   2.7012042561E+01   2.5173702879E+03
 -8.6500000000E+00   1.2240860738E+04   3.7112370846E+02   1.8985616457E+01   3.6254471510E+03   2.7048795623E+02   1.1417255198E+02   1.4709928588E+01   1.0220372372E+03   2.7012042561E+01   2.5173702879E+03
 -8.6000000000E+00   1.2256851156E+04   3.6863184554E+02   1.8932951392E+01   3.6288281875E+03   2.7121137002E+02   1.1402992545E+02   1.4709928588E+01   1.0220372372E+03   2.7012042561E+01   2.5173702879E+03
 -8.5500000000E+00   1.2272841680E+04   3.6615430812E+02   1.8880432417E+01   3.6321818003E+03   2.7193528872E+02   1.1388747709E+02   1.4709928588E+01   1.0220372372E+03   2.7012042561E+01   2.5173702879E+03
 -8.5000000000E+00   1.2288832307E+04   3.6369103705E+02   1.8828059127E+01   3.6355081559E+03   2.7265970957E+02   1.1374520668E+02   1.4709928588E+01   1.0220372372E+03   2.7012042561E+01   2.5173702879E+03
 -8.4500000000E+00   1.2304823038E+04   3.6124197320E+02   1.8775831118E+01   3.6388074212E+03   2.7338462983E+02   1.1360311400E+02   1.4709928588E+01   1.0220372372E+03   2.7012042561E+01   2.5173702879E+03
 -8.4000000000E+00   1.2320813870E+04   3.5880705749E+02   1.8723747986E+01   3.6420797627E+03   2.7411004674E+02   1.1346119882E+02   1.4709928588E+01   1.0220372372E+03   2.7012042561E+01   2.5173702879E+03
 -8.3500000000E+00   1.2336804803E+04   3.5638623086E+02   1.8671809330E+01   3.6453253470E+03   2.7483595758E+02   1.1331946093E+02   1.4709928588E+01   1.0220372372E+03   2.7012042561E+01   2.5173702879E+03
 -8.3000000000E+00   1.2352795836E+04   3.5397943428E+02   1.8620014748E+01   3.6485443407E+03   2.7556235963E+02   1.1317790009E+02   1.4709928588E+01   1.0220372372E+03   2.7012042561E+01   2.5173702879E+03
 -8.2500000000E+00   1.2368786967E+04   3.5158660877E+02   1.8568363843E+01   3.6517369102E+03   2.7628925016E+02   1.1303651610E+02   1.4709928588E+01   1.0220372372E+03   2.7012042561E+01   2.5173702879E+03
 -8.2000000000E+00   1.2384778196E+04   3.4920769539E+02   1.8516856214E+01   3.6549032220E+03   2.7701662648E+02   1.1289530873E+02   1.4709928588E+01   1.0220372372E+03   2.7012042561E+01   2.5173702879E+03
 -8.1500000000E+00   1.2400769522E+04   3.4684263523E+02   1.8465491464E+01   3.6580434423E+03   2.7774448589E+02   1.1275427776E+02   1.4709928588E+01   1.0220372372E+03   2.7012042561E+01   2.5173702879E+03
 -8.1000000000E+00   1.2416760943E+04   3.4449136943E+02   1.8414269197E+01   3.6611577371E+03   2.7847282571E+02   1.1261342296E+02   1.4709928588E+01   1.0220372372E+03   2.7012042561E+01   2.5173702879E+03
 -8.0500000000E+00   1.2432752458E+04   3.4215383918E+02   1.8363189018E+01   3.6642462724E+03   2.7920164326E+02   1.1247274413E+02   1.4709928588E+01   1.0220372372E+03   2.7012042561E+01   2.5173702879E+03
 -8.0000000000E+00   1.2448744066E+04   3.3982998570E+02   1.8312250533E+01   3.6673092140E+03   2.7993093587E+02   1.1233224103E+02   1.4709928588E+01   1.0220372372E+03   2.7012042561E+01   2.5173702879E+03
 -7.9500000000E+00   1.2464735767E+04   3.3751975027E+02   1.8261453348E+01   3.6703467275E+03   2.8066070088E+02   1.1219191345E+02   1.4709928588E+01   1.0220372372E+03   2.7012042561E+01   2.5173702879E+03
 -7.9000000000E+00   1.2480727560E+04   3.3522307424E+02   1.8210797072E+01   3.6733589782E+03   2.8139093566E+02   1.1205176117E+02   1.4709928588E+01   1.0220372372E+03   2.7012042561E+01   2.5173702879E+03
 -7.8500000000E+00   1.2496719443E+04   3.3293989899E+02   1.8160281314E+01   3.6763461311E+03   2.8212163756E+02   1.1191178398E+02   1.4709928588E+01   1.0220372372E+03   2.7012042561E+01   2.5173702879E+03
 -7.8000000000E+00   1.2512711415E+04   3.3067016595E+02   1.8109905684E+01   3.6793083513E+03   2.8285280395E+02   1.1177198164E+02   1.4709928588E+01   1.0220372372E+03   2.7012042561E+01   2.5173702879E+03
 -7.7500000000E+00   1.2528703475E+04   3.2841381664E+02   1.8059669793E+01   3.6822458033E+03   2.8358443221E+02   1.1163235395E+02   1.4709928588E+01   1.0220372372E+03   2.7012042561E+01   2.5173702879E+03
 -7.7000000000E+00   1.2544695623E+04   3.2617079260E+02   1.8009573253E+01   3.6851586513E+03   2.8431651974E+02   1.1149290068E+02   1.4709928588E+01   1.0220372372E+03   2.7012042561E+01   2.5173702879E+03
 -7.6500000000E+00   1.2560687858E+04   3.2394103546E+02   1.7959615679E+01   3.6880470595E+03   2.8504906393E+02   1.1135362162E+02   1.4709928588E+01   1.0220372372E+03   2.7012042561E+01   2.5173702879E+03
 -7.6000000000E+00   1.2576680178E+04   3.2172448689E+02   1.7909796684E+01   3.6909111915E+03   2.8578206220E+02   1.1121451656E+02   1.4709928588E+01   1.0220372372E+03   2.7012042561E+01   2.5173702879E+03
 -7.5500000000E+00   1.2592672583E+04   3.1952108866E+02   1.7860115884E+01   3.6937512106E+03   2.8651551197E+02   1.1107558526E+02   1.4709928588E+01   1.0220372372E+03   2.7012042561E+01   2.5173702879E+03
 -7.5000000000E+00   1.2608665072E+04   3.1733078257E+02   1.7810572897E+01   3.6965672799E+03   2.8724941066E+02   1.1093682752E+02   1.4709928588E+01   1.0220372372E+03   2.7012042561E+01   2.5173702879E+03
 -7.4500000000E+00   1.2624657643E+04   3.1515351050E+02   1.7761167338E+01   3.6993595621E+03   2.8798375572E+02   1.1079824312E+02   1.4709928588E+01   1.0220372372E+03   2.7012042561E+01   2.5173702879E+03
 -7.4000000000E+00   1.2640650296E+04   3.1298921442E+02   1.7711898829E+01   3.7021282193E+03   2.8871854459E+02   1.1065983184E+02   1.4709928588E+01   1.0220372372E+03   2.7012042561E+01   2.5173702879E+03
 -7.3500000000E+00   1.2656643031E+04   3.1083783634E+02   1.7662766987E+01   3.7048734136E+03   2.8945377474E+02   1.1052159347E+02   1.4709928588E+01   1.0220372372E+03   2.7012042561E+01   2.5173702879E+03
 -7.3000000000E+00   1.2672635845E+04   3.0869931837E+02   1.7613771434E+01   3.7075953063E+03   2.9018944362E+02   1.1038352778E+02   1.4709928588E+01   1.0220372372E+03   2.7012042561E+01   2.5173702879E+03
 -7.2500000000E+00   1.2688628739E+04   3.0657360269E+02   1.7564911792E+01   3.7102940586E+03   2.9092554873E+02   1.1024563458E+02   1.4709928588E+01   1.0220372372E+03   2.7012042561E+01   2.5173702879E+03
 -7.2000000000E+00   1.2704621712E+04   3.0446063154E+02   1.7516187685E+01   3.7129698309E+03   2.9166208754E+02   1.1010791363E+02   1.4709928588E+01   1.0220372372E+03   2.7012042561E+01   2.5173702879E+03
 -7.1500000000E+00   1.2720614762E+04   3.0236034727E+02   1.7467598735E+01   3.7156227837E+03   2.9239905756E+02   1.0997036472E+02   1.4709928588E+01   1.0220372372E+03   2.7012042561E+01   2.5173702879E+03
 -7.1000000000E+00   1.2736607888E+04   3.0027269229E+02   1.7419144568E+01   3.7182530764E+03   2.9313645630E+02   1.0983298764E+02   1.4709928588E+01   1.0220372372E+03   2.7012042561E+01   2.5173702879E+03
 -7.0500000000E+00   1.2752601091E+04   2.9819760909E+02   1.7370824811E+01   3.7208608685E+03   2.9387428126E+02   1.0969578218E+02   1.4709928588E+01   1.0220372372E+03   2.7012042561E+01   2.5173702879E+03
 -7.0000000000E+00   1.2768594368E+04   2.9613504026E+02   1.7322639090E+01   3.7234463186E+03   2.9461252999E+02   1.0955874812E+02   1.4709928588E+01   1.0220372372E+03   2.7012042561E+01   2.5173702879E+03
 -6.9500000000E+00   1.2784587720E+04   2.9408492847E+02   1.7274587033E+01   3.7260095851E+03   2.9535120001E+02   1.0942188524E+02   1.4709928588E+01   1.0220372372E+03   2.7012042561E+01   2.5173702879E+03
 -6.9000000000E+00   1.2800581145E+04   2.9204721648E+02   1.7226668271E+01   3.7285508257E+03   2.9609028887E+02   1.0928519333E+02   1.4709928588E+01   1.0220372372E+03   2.7012042561E+01   2.5173702879E+03
 -6.8500000000E+00   1.2816574643E+04   2.9002184712E+02   1.7178882432E+01   3.7310701976E+03   2.9682979414E+02   1.0914867218E+02   1.4709928588E+01   1.0220372372E+03   2.7012042561E+01   2.5173702879E+03
 -6.8000000000E+00   1.2832568213E+04   2.8800876334E+02   1.7131229149E+01   3.7335678577E+03   2.9756971337E+02   1.0901232158E+02   1.4709928588E+01   1.0220372372E+03   2.7012042561E+01   2.5173702879E+03
 -6.7500000000E+00   1.2848561854E+04   2.8600790817E+02   1.7083708053E+01   3.7360439620E+03   2.9831004414E+02   1.0887614131E+02   1.4709928588E+01   1.0220372372E+03   2.7012042561E+01   2.5173702879E+03
 -6.7000000000E+00   1.2864555565E+04   2.8401922474E+02   1.7036318778E+01   3.7384986663E+03   2.9905078405E+02   1.0874013116E+02   1.4709928588E+01   1.0220372372E+03   2.7012042561E+01   2.5173702879E+03
 -6.6500000000E+00   1.2880549346E+04   2.8204265625E+02   1.6989060959E+01   3.7409321256E+03   2.9979193068E+02   1.0860429091E+02   1.4709928588E+01   1.0220372372E+03   2.7012042561E+01   2.5173702879E+03
 -6.6000000000E+00   1.2896543196E+04   2.8007814604E+02   1.6941934230E+01   3.7433444944E+03   3.0053348164E+02   1.0846862036E+02   1.4709928588E+01   1.0220372372E+03   2.7012042561E+01   2.5173702879E+03
 -6.5500000000E+00   1.2912537113E+04   2.7812563752E+02   1.6894938228E+01   3.7457359267E+03   3.0127543455E+02   1.0833311929E+02   1.4709928588E+01   1.0220372372E+03   2.7012042561E+01   2.5173702879E+03
 -6.5000000000E+00   1.2928531098E+04   2.7618507420E+02   1.6848072590E+01   3.7481065758E+03   3.0201778704E+02   1.0819778749E+02   1.4709928588E+01   1.0220372372E+03   2.7012042561E+01   2.5173702879E+03
 -6.4500000000E+00   1.2944525150E+04   2.7425639972E+02   1.6801336955E+01   3.7504565945E+03   3.0276053674E+02   1.0806262475E+02   1.4709928588E+01   1.0220372372E+03   2.7012042561E+01   2.5173702879E+03
 -6.4000000000E+00   1.2960519267E+04   2.7233955778E+02   1.6754730963E+01   3.7527861349E+03   3.0350368130E+02   1.0792763086E+02   1.4709928588E+01   1.0220372372E+03   2.7012042561E+01   2.5173702879E+03
 -6.3500000000E+00   1.2976513449E+04   2.7043449221E+02   1.6708254252E+01   3.7550953487E+03   3.0424721837E+02   1.0779280560E+02   1.4709928588E+01   1.0220372372E+03   2.7012042561E+01   2.5173702879E+03
 -6.3000000000E+00   1.2992507696E+04   2.6854114697E+02   1.6661906466E+01   3.7573843867E+03   3.0499114562E+02   1.0765814877E+02   1.4709928588E+01   1.0220372372E+03   2.7012042561E+01   2.5173702879E+03
 -6.2500000000E+00   1.3008502007E+04   2.6665946607E+02   1.6615687246E+01   3.7596533993E+03   3.0573546072E+02   1.0752366016E+02   1.4709928588E+01   1.0220372372E+03   2.7012042561E+01   2.5173702879E+03
 -6.2000000000E+00   1.3024496380E+04   2.6478939369E+02   1.6569596235E+01   3.7619025361E+03   3.0648016136E+02   1.0738933955E+02   1.4709928588E+01   1.0220372372E+03   2.7012042561E+01   2.5173702879E+03
 -6.1500000000E+00   1.3040490816E+04   2.6293087407E+02   1.6523633078E+01   3.7641319461E+03   3.0722524524E+02   1.0725518674E+02   1.4709928588E+01   1.0220372372E+03   2.7012042561E+01   2.5173702879E+03
 -6.1000000000E+00   1.3056485314E+04   2.6108385160E+02   1.6477797421E+01   3.7663417778E+03   3.0797071006E+02   1.0712120152E+02   1.4709928588E+01   1.0220372372E+03   2.7012042561E+01   2.5173702879E+03
 -6.0500000000E+00   1.3072479872E+04   2.5924827076E+02   1.6432088909E+01   3.7685321789E+03   3.0871655353E+02   1.0698738367E+02   1.4709928588E+01   1.0220372372E+03   2.7012042561E+01   2.5173702879E+03
 -6.0000000000E+00   1.3088474491E+04   2.5742407616E+02   1.6386507191E+01   3.7707032964E+03   3.0946277338E+02   1.0685373299E+02   1.4709928588E+01   1.0220372372E+03   2.7012042561E+01   2.5173702879E+03
 -5.9500000000E+00   1.3104469169E+04   2.5561121251E+02   1.6341051913E+01   3.7728552768E+03   3.1020936736E+02   1.0672024927E+02   1.4709928588E+01   1.0220372372E+03   2.7012042561E+01   2.5173702879E+03
 -5.9000000000E+00   1.3120463907E+04   2.5380962466E+02   1.6295722726E+01   3.7749882657E+03   3.1095633319E+02   1.0658693229E+02   1.4709928588E+01   1.0220372372E+03   2.7012042561E+01   2.5173702879E+03
 -5.8500000000E+00   1.3136458703E+04   2.5201925756E+02   1.6250519279E+01   3.7771024083E+03   3.1170366863E+02   1.0645378187E+02   1.4709928588E+01   1.0220372372E+03   2.7012042561E+01   2.5173702879E+03
 -5.8000000000E+00   1.3152453556E+04   2.5024005627E+02   1.6205441225E+01   3.7791978489E+03   3.1245137146E+02   1.0632079777E+02   1.4709928588E+01   1.0220372372E+03   2.7012042561E+01   2.5173702879E+03
 -5.7500000000E+00   1.3168448467E+04   2.4847196601E+02   1.6160488214E+01   3.7812747311E+03   3.1319943945E+02   1.0618797980E+02   1.4709928588E+01   1.0220372372E+03   2.7012042561E+01   2.5173702879E+03
 -5.7000000000E+00   1.3184443434E+04   2.4671493209E+02   1.6115659901E+01   3.7833331981E+03   3.1394787037E+02   1.0605532775E+02   1.4709928588E+01   1.0220372372E+03   2.7012042561E+01   2.5173702879E+03
 -5.6500000000E+00   1.3200438456E+04   2.4496889994E+02   1.6070955939E+01   3.7853733920E+03   3.1469666203E+02   1.0592284141E+02   1.4709928588E+01   1.0220372372E+03   2.7012042561E+01   2.5173702879E+03
 -5.6000000000E+00   1.3216433535E+04   2.4323381515E+02   1.6026375983E+01   3.7873954544E+03   3.1544581222E+02   1.0579052058E+02   1.4709928588E+01   1.0220372372E+03   2.7012042561E+01   2.5173702879E+03
 -5.5500000000E+00   1.3232428667E+04   2.4150962340E+02   1.5981919690E+01   3.7893995263E+03   3.1619531877E+02   1.0565836504E+02   1.4709928588E+01   1.0220372372E+03   2.7012042561E+01   2.5173702879E+03
 -5.5000000000E+00   1.3248423854E+04   2.3979627052E+02   1.5937586716E+01   3.7913857477E+03   3.1694517949E+02   1.0552637460E+02   1.4709928588E+01   1.0220372372E+03   2.7012042561E+01   2.5173702879E+03
 -5.4500000000E+00   1.3264419094E+04   2.3809370246E+02   1.5893376720E+01   3.7933542581E+03   3.1769539223E+02   1.0539454904E+02   1.4709928588E+01   1.0220372372E+03   2.7012042561E+01   2.5173702879E+03
 -5.4000000000E+00   1.3280414387E+04   2.3640186528E+02   1.5849289359E+01   3.7953051963E+03   3.1844595482E+02   1.0526288816E+02   1.4709928588E+01   1.0220372372E+03   2.7012042561E+01   2.5173702879E+03
 -5.3500000000E+00   1.3296409733E+04   2.3472070522E+02   1.5805324294E+01   3.7972387003E+03   3.1919686511E+02   1.0513139175E+02   1.4709928588E+01   1.0220372372E+03   2.7012042561E+01   2.5173702879E+03
 -5.3000000000E+00   1.3312405130E+04   2.3305016860E+02   1.5761481186E+01   3.7991549072E+03   3.1994812098E+02   1.0500005961E+02   1.4709928588E+01   1.0220372372E+03   2.7012042561E+01   2.5173702879E+03
 -5.2500000000E+00   1.3328400578E+04   2.3139020191E+02   1.5717759697E+01   3.8010539538E+03   3.2069972029E+02   1.0486889153E+02   1.4709928588E+01   1.0220372372E+03   2.7012042561E+01   2.5173702879E+03
 -5.2000000000E+00   1.3344396076E+04   2.2974075175E+02   1.5674159488E+01   3.8029359757E+03   3.2145166093E+02   1.0473788731E+02   1.4709928588E+01   1.0220372372E+03   2.7012042561E+01   2.5173702879E+03
 -5.1500000000E+00   1.3360391625E+04   2.2810176487E+02   1.5630680224E+01   3.8048011080E+03   3.2220394079E+02   1.0460704675E+02   1.4709928588E+01   1.0220372372E+03   2.7012042561E+01   2.5173702879E+03
 -5.1000000000E+00   1.3376387223E+04   2.2647318814E+02   1.5587321570E+01   3.8066494851E+03   3.2295655777E+02   1.0447636963E+02   1.4709928588E+01   1.0220372372E+03   2.7012042561E+01   2.5173702879E+03
 -5.0500000000E+00   1.3392382870E+04   2.2485496859E+02   1.5544083189E+01   3.8084812406E+03   3.2370950979E+02   1.0434585575E+02   1.4709928588E+01   1.0220372372E+03   2.7012042561E+01   2.5173702879E+03
 -5.0000000000E+00   1.3408378566E+04   2.2324705338E+02   1.5500964750E+01   3.8102965073E+03   3.2446279476E+02   1.0421550492E+02   1.4709928588E+01   1.0220372372E+03   2.7012042561E+01   2.5173702879E+03
 -4.9500000000E+00   1.3424374309E+04   2.2164938979E+02   1.5457965919E+01   3.8120954173E+03   3.2521641062E+02   1.0408531692E+02   1.4709928588E+01   1.0220372372E+03   2.7012042561E+01   2.5173702879E+03
 -4.9000000000E+00   1.3440370100E+04   2.2006192526E+02   1.5415086364E+01   3.8138781019E+03   3.2597035532E+02   1.0395529156E+02   1.4709928588E+01   1.0220372372E+03   2.7012042561E+01   2.5173702879E+03
 -4.8500000000E+00   1.3456365938E+04   2.1848460738E+02   1.5372325755E+01   3.8156446919E+03   3.2672462679E+02   1.0382542863E+02   1.4709928588E+01   1.0220372372E+03   2.7012042561E+01   2.5173702879E+03
 -4.8000000000E+00   1.3472361821E+04   2.1691738385E+02   1.5329683761E+01   3.8173953169E+03   3.2747922301E+02   1.0369572792E+02   1.4709928588E+01   1.0220372372E+03   2.7012042561E+01   2.5173702879E+03
 -4.7500000000E+00   1.3488357751E+04   2.1536020254E+02   1.5287160054E+01   3.8191301061E+03   3.2823414194E+02   1.0356618924E+02   1.4709928588E+01   1.0220372372E+03   2.7012042561E+01   2.5173702879E+03
 -4.7000000000E+00   1.3504353726E+04   2.1381301146E+02   1.5244754306E+01   3.8208491878E+03   3.2898938157E+02   1.0343681238E+02   1.4709928588E+01   1.0220372372E+03   2.7012042561E+01   2.5173702879E+03
 -4.6500000000E+00   1.3520349746E+04   2.1227575876E+02   1.5202466188E+01   3.8225526896E+03   3.2974493988E+02   1.0330759714E+02   1.4709928588E+01   1.0220372372E+03   2.7012042561E+01   2.5173702879E+03
 -4.6000000000E+00   1.3536345810E+04   2.1074839273E+02   1.5160295376E+01   3.8242407384E+03   3.3050081487E+02   1.0317854332E+02   1.4709928588E+01   1.0220372372E+03   2.7012042561E+01   2.5173702879E+03
 -4.5500000000E+00   1.3552341918E+04   2.0923086181E+02   1.5118241543E+01   3.8259134602E+03   3.3125700456E+02   1.0304965072E+02   1.4709928588E+01   1.0220372372E+03   2.7012042561E+01   2.5173702879E+03
 -4.5000000000E+00   1.3568338069E+04   2.0772311461E+02   1.5076304365E+01   3.8275709802E+03   3.3201350697E+02   1.0292091913E+02   1.4709928588E+01   1.0220372372E+03   2.7012042561E+01   2.5173702879E+03
 -4.4500000000E+00   1.3584334263E+04   2.0622509984E+02   1.5034483519E+01   3.8292134231E+03   3.3277032011E+02   1.0279234835E+02   1.4709928588E+01   1.0220372372E+03   2.7012042561E+01   2.5173702879E+03
 -4.4000000000E+00   1.3600330499E+04   2.0473676642E+02   1.4992778681E+01   3.8308409126E+03   3.3352744203E+02   1.0266393819E+02   1.4709928588E+01   1.0220372372E+03   2.7012042561E+01   2.5173702879E+03
 -4.3500000000E+00   1.3616326778E+04   2.0325806336E+02   1.4951189530E+01   3.8324535718E+03   3.3428487079E+02   1.0253568844E+02   1.4709928588E+01   1.0220372372E+03   2.7012042561E+01   2.5173702879E+03
 -4.3000000000E+00   1.3632323098E+04   2.0178893986E+02   1.4909715746E+01   3.8340515228E+03   3.3504260443E+02   1.0240759890E+02   1.4709928588E+01   1.0220372372E+03   2.7012042561E+01   2.5173702879E+03
 -4.2500000000E+00   1.3648319458E+04   2.0032934526E+02   1.4868357007E+01   3.8356348872E+03   3.3580064102E+02   1.0227966937E+02   1.4709928588E+01   1.0220372372E+03   2.7012042561E+01   2.5173702879E+03
 -4.2000000000E+00   1.3664315860E+04   1.9887922906E+02   1.4827112995E+01   3.8372037857E+03   3.3655897864E+02   1.0215189966E+02   1.4709928588E+01   1.0220372372E+03   2.7012042561E+01   2.5173702879E+03
 -4.1500000000E+00   1.3680312301E+04   1.9743854089E+02   1.4785983392E+01   3.8387583383E+03   3.3731761538E+02   1.0202428956E+02   1.4709928588E+01   1.0220372372E+03   2.7012042561E+01   2.5173702879E+03
 -4.1000000000E+00   1.3696308782E+04   1.9600723055E+02   1.4744967880E+01   3.8402986642E+03   3.3807654932E+02   1.0189683887E+02   1.4709928588E+01   1.0220372372E+03   2.7012042561E+01   2.5173702879E+03
 -4.0500000000E+00   1.3712305303E+04   1.9458524801E+02   1.4704066143E+01   3.8418248818E+03   3.3883577859E+02   1.0176954740E+02   1.4709928588E+01   1.0220372372E+03   2.7012042561E+01   2.5173702879E+03
 -4.0000000000E+00   1.3728301862E+04   1.9317254337E+02   1.4663277865E+01   3.8433371088E+03   3.3959530129E+02   1.0164241494E+02   1.4709928588E+01   1.0220372372E+03   2.7012042561E+01   2.5173702879E+03
 -3.9500000000E+00   1.3744298460E+04   1.9176906689E+02   1.4622602732E+01   3.8448354622E+03   3.4035511554E+02   1.0151544129E+02   1.4709928588E+01   1.0220372372E+03   2.7012042561E+01   2.5173702879E+03
 -3.9000000000E+00   1.3760295095E+04   1.9037476899E+02   1.4582040429E+01   3.8463200580E+03   3.4111521948E+02   1.0138862627E+02   1.4709928588E+01   1.0220372372E+03   2.7012042561E+01   2.5173702879E+03
 -3.8500000000E+00   1.3776291768E+04   1.8898960025E+02   1.4541590644E+01   3.8477910117E+03   3.4187561125E+02   1.0126196966E+02   1.4709928588E+01   1.0220372372E+03   2.7012042561E+01   2.5173702879E+03
 -3.8000000000E+00   1.3792288478E+04   1.8761351142E+02   1.4501253064E+01   3.8492484380E+03   3.4263628901E+02   1.0113547128E+02   1.4709928588E+01   1.0220372372E+03   2.7012042561E+01   2.5173702879E+03
 -3.7500000000E+00   1.3808285225E+04   1.8624645337E+02   1.4461027379E+01   3.8506924506E+03   3.4339725091E+02   1.0100913092E+02   1.4709928588E+01   1.0220372372E+03   2.7012042561E+01   2.5173702879E+03
 -3.7000000000E+00   1.3824282008E+04   1.8488837718E+02   1.4420913277E+01   3.8521231628E+03   3.4415849513E+02   1.0088294838E+02   1.4709928588E+01   1.0220372372E+03   2.7012042561E+01   2.5173702879E+03
 -3.6500000000E+00   1.3840278828E+04   1.8353923404E+02   1.4380910450E+01   3.8535406869E+03   3.4492001984E+02   1.0075692348E+02   1.4709928588E+01   1.0220372372E+03   2.7012042561E+01   2.5173702879E+03
 -3.6000000000E+00   1.3856275682E+04   1.8219897534E+02   1.4341018588E+01   3.8549451345E+03   3.4568182325E+02   1.0063105601E+02   1.4709928588E+01   1.0220372372E+03   2.7012042561E+01   2.5173702879E+03
 -3.5500000000E+00   1.3872272572E+04   1.8086755260E+02   1.4301237385E+01   3.8563366165E+03   3.4644390353E+02   1.0050534577E+02   1.4709928588E+01   1.0220372372E+03   2.7012042561E+01   2.5173702879E+03
 -3.5000000000E+00   1.3888269496E+04   1.7954491752E+02   1.4261566532E+01   3.8577152429E+03   3.4720625892E+02   1.0037979258E+02   1.4709928588E+01   1.0220372372E+03   2.7012042561E+01   2.5173702879E+03
 -3.4500000000E+00   1.3904266455E+04   1.7823102197E+02   1.4222005724E+01   3.8590811232E+03   3.4796888761E+02   1.0025439623E+02   1.4709928588E+01   1.0220372372E+03   2.7012042561E+01   2.5173702879E+03
 -3.4000000000E+00   1.3920263448E+04   1.7692581795E+02   1.4182554655E+01   3.8604343659E+03   3.4873178784E+02   1.0012915652E+02   1.4709928588E+01   1.0220372372E+03   2.7012042561E+01   2.5173702879E+03
 -3.3500000000E+00   1.3936260474E+04   1.7562925766E+02   1.4143213022E+01   3.8617750789E+03   3.4949495785E+02   1.0000407327E+02   1.4709928588E+01   1.0220372372E+03   2.7012042561E+01   2.5173702879E+03
 -3.3000000000E+00   1.3952257534E+04   1.7434129344E+02   1.4103980520E+01   3.8631033692E+03   3.5025839587E+02   9.9879146274E+01   1.4709928588E+01   1.0220372372E+03   2.7012042561E+01   2.5173702879E+03
 -3.2500000000E+00   1.3968254627E+04   1.7306187780E+02   1.4064856847E+01   3.8644193434E+03   3.5102210017E+02   9.9754375340E+01   1.4709928588E+01   1.0220372372E+03   2.7012042561E+01   2.5173702879E+03
 -3.2000000000E+00   1.3984251751E+04   1.7179096341E+02   1.4025841701E+01   3.8657231069E+03   3.5178606901E+02   9.9629760271E+01   1.4709928588E+01   1.0220372372E+03   2.7012042561E+01   2.5173702879E+03
 -3.1500000000E+00   1.4000248909E+04   1.7052850312E+02   1.3986934780E+01   3.8670147646E+03   3.5255030066E+02   9.9505300874E+01   1.4709928588E+01   1.0220372372E+03   2.7012042561E+01   2.5173702879E+03
 -3.1000000000E+00   1.4016246097E+04   1.6927444993E+02   1.3948135786E+01   3.8682944208E+03   3.5331479339E+02   9.9380996954E+01   1.4709928588E+01   1.0220372372E+03   2.7012042561E+01   2.5173702879E+03
 -3.0500000000E+00   1.4032243318E+04   1.6802875700E+02   1.3909444418E+01   3.8695621788E+03   3.5407954551E+02   9.9256848317E+01   1.4709928588E+01   1.0220372372E+03   2.7012042561E+01   2.5173702879E+03
 -3.0000000000E+00   1.4048240569E+04   1.6679137769E+02   1.3870860377E+01   3.8708181412E+03   3.5484455531E+02   9.9132854769E+01   1.4709928588E+01   1.0220372372E+03   2.7012042561E+01   2.5173702879E+03
 -2.9500000000E+00   1.4064237851E+04   1.6556226548E+02   1.3832383367E+01   3.8720624100E+03   3.5560982110E+02   9.9009016116E+01   1.4709928588E+01   1.0220372372E+03   2.7012042561E+01   2.5173702879E+03
 -2.9000000000E+00   1.4080235164E+04   1.6434137405E+02   1.3794013089E+01   3.8732950865E+03   3.5637534120E+02   9.8885332164E+01   1.4709928588E+01   1.0220372372E+03   2.7012042561E+01   2.5173702879E+03
 -2.8500000000E+00   1.4096232506E+04   1.6312865725E+02   1.3755749249E+01   3.8745162710E+03   3.5714111393E+02   9.8761802721E+01   1.4709928588E+01   1.0220372372E+03   2.7012042561E+01   2.5173702879E+03
 -2.8000000000E+00   1.4112229879E+04   1.6192406906E+02   1.3717591550E+01   3.8757260634E+03   3.5790713763E+02   9.8638427593E+01   1.4709928588E+01   1.0220372372E+03   2.7012042561E+01   2.5173702879E+03
 -2.7500000000E+00   1.4128227281E+04   1.6072756368E+02   1.3679539699E+01   3.8769245626E+03   3.5867341065E+02   9.8515206588E+01   1.4709928588E+01   1.0220372372E+03   2.7012042561E+01   2.5173702879E+03
 -2.7000000000E+00   1.4144224711E+04   1.5953909543E+02   1.3641593402E+01   3.8781118669E+03   3.5943993133E+02   9.8392139512E+01   1.4709928588E+01   1.0220372372E+03   2.7012042561E+01   2.5173702879E+03
 -2.6500000000E+00   1.4160222171E+04   1.5835861884E+02   1.3603752366E+01   3.8792880741E+03   3.6020669805E+02   9.8269226175E+01   1.4709928588E+01   1.0220372372E+03   2.7012042561E+01   2.5173702879E+03
 -2.6000000000E+00   1.4176219659E+04   1.5718608857E+02   1.3566016298E+01   3.8804532808E+03   3.6097370916E+02   9.8146466383E+01   1.4709928588E+01   1.0220372372E+03   2.7012042561E+01   2.5173702879E+03
 -2.5500000000E+00   1.4192217175E+04   1.5602145949E+02   1.3528384909E+01   3.8816075833E+03   3.6174096306E+02   9.8023859945E+01   1.4709928588E+01   1.0220372372E+03   2.7012042561E+01   2.5173702879E+03
 -2.5000000000E+00   1.4208214719E+04   1.5486468661E+02   1.3490857906E+01   3.8827510770E+03   3.6250845813E+02   9.7901406669E+01   1.4709928588E+01   1.0220372372E+03   2.7012042561E+01   2.5173702879E+03
 -2.4500000000E+00   1.4224212291E+04   1.5371572511E+02   1.3453435002E+01   3.8838838567E+03   3.6327619276E+02   9.7779106364E+01   1.4709928588E+01   1.0220372372E+03   2.7012042561E+01   2.5173702879E+03
 -2.4000000000E+00   1.4240209889E+04   1.5257453036E+02   1.3416115907E+01   3.8850060163E+03   3.6404416537E+02   9.7656958840E+01   1.4709928588E+01   1.0220372372E+03   2.7012042561E+01   2.5173702879E+03
 -2.3500000000E+00   1.4256207515E+04   1.5144105789E+02   1.3378900333E+01   3.8861176492E+03   3.6481237437E+02   9.7534963904E+01   1.4709928588E+01   1.0220372372E+03   2.7012042561E+01   2.5173702879E+03
 -2.3000000000E+00   1.4272205167E+04   1.5031526340E+02   1.3341787992E+01   3.8872188481E+03   3.6558081818E+02   9.7413121366E+01   1.4709928588E+01   1.0220372372E+03   2.7012042561E+01   2.5173702879E+03
 -2.2500000000E+00   1.4288202846E+04   1.4919710276E+02   1.3304778600E+01   3.8883097049E+03   3.6634949524E+02   9.7291431037E+01   1.4709928588E+01   1.0220372372E+03   2.7012042561E+01   2.5173702879E+03
 -2.2000000000E+00   1.4304200550E+04   1.4808653201E+02   1.3267871869E+01   3.8893903107E+03   3.6711840398E+02   9.7169892725E+01   1.4709928588E+01   1.0220372372E+03   2.7012042561E+01   2.5173702879E+03
 -2.1500000000E+00   1.4320198280E+04   1.4698350737E+02   1.3231067516E+01   3.8904607562E+03   3.6788754286E+02   9.7048506242E+01   1.4709928588E+01   1.0220372372E+03   2.7012042561E+01   2.5173702879E+03
 -2.1000000000E+00   1.4336196036E+04   1.4588798521E+02   1.3194365256E+01   3.8915211312E+03   3.6865691033E+02   9.6927271397E+01   1.4709928588E+01   1.0220372372E+03   2.7012042561E+01   2.5173702879E+03
 -2.0500000000E+00   1.4352193817E+04   1.4479992211E+02   1.3157764806E+01   3.8925715249E+03   3.6942650486E+02   9.6806188000E+01   1.4709928588E+01   1.0220372372E+03   2.7012042561E+01   2.5173702879E+03
 -2.0000000000E+00   1.4368191623E+04   1.4371927479E+02   1.3121265884E+01   3.8936120257E+03   3.7019632492E+02   9.6685255864E+01   1.4709928588E+01   1.0220372372E+03   2.7012042561E+01   2.5173702879E+03
 -1.9500000000E+00   1.4384189453E+04   1.4264600015E+02   1.3084868208E+01   3.8946427215E+03   3.7096636901E+02   9.6564474798E+01   1.4709928588E+01   1.0220372372E+03   2.7012042561E+01   2.5173702879E+03
 -1.9000000000E+00   1.4400187308E+04   1.4158005527E+02   1.3048571497E+01   3.8956636994E+03   3.7173663560E+02   9.6443844614E+01   1.4709928588E+01   1.0220372372E+03   2.7012042561E+01   2.5173702879E+03
 -1.8500000000E+00   1.4416185186E+04   1.4052139739E+02   1.3012375471E+01   3.8966750459E+03   3.7250712321E+02   9.6323365123E+01   1.4709928588E+01   1.0220372372E+03   2.7012042561E+01   2.5173702879E+03
 -1.8000000000E+00   1.4432183089E+04   1.3946998392E+02   1.2976279851E+01   3.8976768468E+03   3.7327783034E+02   9.6203036138E+01   1.4709928588E+01   1.0220372372E+03   2.7012042561E+01   2.5173702879E+03
 -1.7500000000E+00   1.4448181015E+04   1.3842577248E+02   1.2940284358E+01   3.8986691871E+03   3.7404875550E+02   9.6082857470E+01   1.4709928588E+01   1.0220372372E+03   2.7012042561E+01   2.5173702879E+03
 -1.7000000000E+00   1.4464178964E+04   1.3738872080E+02   1.2904388714E+01   3.8996521514E+03   3.7481989723E+02   9.5962828932E+01   1.4709928588E+01   1.0220372372E+03   2.7012042561E+01   2.5173702879E+03
 -1.6500000000E+00   1.4480176937E+04   1.3635878685E+02   1.2868592644E+01   3.9006258234E+03   3.7559125406E+02   9.5842950336E+01   1.4709928588E+01   1.0220372372E+03   2.7012042561E+01   2.5173702879E+03
 -1.6000000000E+00   1.4496174932E+04   1.3533592872E+02   1.2832895869E+01   3.9015902864E+03   3.7636282453E+02   9.5723221494E+01   1.4709928588E+01   1.0220372372E+03   2.7012042561E+01   2.5173702879E+03
 -1.5500000000E+00   1.4512172949E+04   1.3432010470E+02   1.2797298116E+01   3.9025456227E+03   3.7713460719E+02   9.5603642220E+01   1.4709928588E+01   1.0220372372E+03   2.7012042561E+01   2.5173702879E+03
 -1.5000000000E+00   1.4528170989E+04   1.3331127324E+02   1.2761799108E+01   3.9034919143E+03   3.7790660059E+02   9.5484212326E+01   1.4709928588E+01   1.0220372372E+03   2.7012042561E+01   2.5173702879E+03
 -1.4500000000E+00   1.4544169051E+04   1.3230939298E+02   1.2726398573E+01   3.9044292424E+03   3.7867880332E+02   9.5364931627E+01   1.4709928588E+01   1.0220372372E+03   2.7012042561E+01   2.5173702879E+03
 -1.4000000000E+00   1.4560167135E+04   1.3131442272E+02   1.2691096237E+01   3.9053576874E+03   3.7945121394E+02   9.5245799935E+01   1.4709928588E+01   1.0220372372E+03   2.7012042561E+01   2.5173702879E+03
 -1.3500000000E+00   1.4576165240E+04   1.3032632144E+02   1.2655891828E+01   3.9062773293E+03   3.8022383103E+02   9.5126817065E+01   1.4709928588E+01   1.0220372372E+03   2.7012042561E+01   2.5173702879E+03
 -1.3000000000E+00   1.4592163366E+04   1.2934504828E+02   1.2620785074E+01   3.9071882474E+03   3.8099665319E+02   9.5007982830E+01   1.4709928588E+01   1.0220372372E+03   2.7012042561E+01   2.5173702879E+03
 -1.2500000000E+00   1.4608161514E+04   1.2837056257E+02   1.2585775705E+01   3.9080905204E+03   3.8176967902E+02   9.4889297046E+01   1.4709928588E+01   1.0220372372E+03   2.7012042561E+01   2.5173702879E+03
 -1.2000000000E+00   1.4624159682E+04   1.2740282381E+02   1.2550863449E+01   3.9089842261E+03   3.8254290712E+02   9.4770759526E+01   1.4709928588E+01   1.0220372372E+03   2.7012042561E+01   2.5173702879E+03
 -1.1500000000E+00   1.4640157871E+04   1.2644179167E+02   1.2516048038E+01   3.9098694422E+03   3.8331633611E+02   9.4652370085E+01   1.4709928588E+01   1.0220372372E+03   2.7012042561E+01   2.5173702879E+03
 -1.1000000000E+00   1.4656156080E+04   1.2548742598E+02   1.2481329203E+01   3.9107462452E+03   3.8408996461E+02   9.4534128539E+01   1.4709928588E+01   1.0220372372E+03   2.7012042561E+01   2.5173702879E+03
 -1.0500000000E+00   1.4672154310E+04   1.2453968677E+02   1.2446706676E+01   3.9116147114E+03   3.8486379126E+02   9.4416034702E+01   1.4709928588E+01   1.0220372372E+03   2.7012042561E+01   2.5173702879E+03
 -1.0000000000E+00   1.4688152559E+04   1.2359853423E+02   1.2412180190E+01   3.9124749163E+03   3.8563781469E+02   9.4298088391E+01   1.4709928588E+01   1.0220372372E+03   2.7012042561E+01   2.5173702879E+03
 -9.5000000000E-01   1.4704150828E+04   1.2266392872E+02   1.2377749479E+01   3.9133269347E+03   3.8641203356E+02   9.4180289420E+01   1.4709928588E+01   1.0220372372E+03   2.7012042561E+01   2.5173702879E+03
 -9.0000000000E-01   1.4720149116E+04   1.2173583077E+02   1.2343414277E+01   3.9141708411E+03   3.8718644652E+02   9.4062637606E+01   1.4709928588E+01   1.0220372372E+03   2.7012042561E+01   2.5173702879E+03
 -8.5000000000E-01   1.4736147424E+04   1.2081420110E+02   1.2309174319E+01   3.9150067092E+03   3.8796105222E+02   9.3945132765E+01   1.4709928588E+01   1.0220372372E+03   2.7012042561E+01   2.5173702879E+03
 -8.0000000000E-01   1.4752145751E+04   1.1989900059E+02   1.2275029340E+01   3.9158346119E+03   3.8873584935E+02   9.3827774713E+01   1.4709928588E+01   1.0220372372E+03   2.7012042561E+01   2.5173702879E+03
 -7.5000000000E-01   1.4768144096E+04   1.1899019030E+02   1.2240979078E+01   3.9166546219E+03   3.8951083658E+02   9.3710563267E+01   1.4709928588E+01   1.0220372372E+03   2.7012042561E+01   2.5173702879E+03
 -7.0000000000E-01   1.4784142461E+04   1.1808773145E+02   1.2207023269E+01   3.9174668111E+03   3.9028601260E+02   9.3593498244E+01   1.4709928588E+01   1.0220372372E+03   2.7012042561E+01   2.5173702879E+03
 -6.5000000000E-01   1.4800140843E+04   1.1719158545E+02   1.2173161652E+01   3.9182712507E+03   3.9106137610E+02   9.3476579460E+01   1.4709928588E+01   1.0220372372E+03   2.7012042561E+01   2.5173702879E+03
 -6.0000000000E-01   1.4816139244E+04   1.1630171387E+02   1.2139393966E+01   3.9190680116E+03   3.9183692578E+02   9.3359806734E+01   1.4709928588E+01   1.0220372372E+03   2.7012042561E+01   2.5173702879E+03
 -5.5000000000E-01   1.4832137663E+04   1.1541807846E+02   1.2105719948E+01   3.9198571639E+03   3.9261266036E+02   9.3243179883E+01   1.4709928588E+01   1.0220372372E+03   2.7012042561E+01   2.5173702879E+03
 -5.0000000000E-01   1.4848136099E+04   1.1454064114E+02   1.2072139341E+01   3.9206387771E+03   3.9338857855E+02   9.3126698724E+01   1.4709928588E+01   1.0220372372E+03   2.7012042561E+01   2.5173702879E+03
 -4.5000000000E-01   1.4864134553E+04   1.1366936400E+02   1.2038651885E+01   3.9214129202E+03   3.9416467908E+02   9.3010363075E+01   1.4709928588E+01   1.0220372372E+03   2.7012042561E+01   2.5173702879E+03
 -4.0000000000E-01   1.4880133025E+04   1.1280420931E+02   1.2005257321E+01   3.9221796617E+03   3.9494096067E+02   9.2894172756E+01   1.4709928588E+01   1.0220372372E+03   2.7012042561E+01   2.5173702879E+03
 -3.5000000000E-01   1.4896131514E+04   1.1194513950E+02   1.1971955392E+01   3.9229390695E+03   3.9571742208E+02   9.2778127583E+01   1.4709928588E+01   1.0220372372E+03   2.7012042561E+01   2.5173702879E+03
 -3.0000000000E-01   1.4912130020E+04   1.1109211718E+02   1.1938745840E+01   3.9236912107E+03   3.9649406204E+02   9.2662227376E+01   1.4709928588E+01   1.0220372372E+03   2.7012042561E+01   2.5173702879E+03
 -2.5000000000E-01   1.4928128542E+04   1.1024510513E+02   1.1905628410E+01   3.9244361523E+03   3.9727087931E+02   9.2546471954E+01   1.4709928588E+01   1.0220372372E+03   2.7012042561E+01   2.5173702879E+03
 -2.0000000000E-01   1.4944127082E+04   1.0940406631E+02   1.1872602846E+01   3.9251739602E+03   3.9804787266E+02   9.2430861136E+01   1.4709928588E+01   1.0220372372E+03   2.7012042561E+01   2.5173702879E+03
 -1.5000000000E-01   1.4960125637E+04   1.0856896384E+02   1.1839668893E+01   3.9259047001E+03   3.9882504086E+02   9.2315394741E+01   1.4709928588E+01   1.0220372372E+03   2.7012042561E+01   2.5173702879E+03
 -1.0000000000E-01   1.4976124209E+04   1.0773976101E+02   1.1806826297E+01   3.9266284372E+03   3.9960238267E+02   9.2200072589E+01   1.4709928588E+01   1.0220372372E+03   2.7012042561E+01   2.5173702879E+03
 -5.0000000000E-02   1.4992122797E+04   1.0691642129E+02   1.1774074804E+01   3.9273452359E+03   4.0037989689E+02   9.2084894500E+01   1.4709928588E+01   1.0220372372E+03   2.7012042561E+01   2.5173702879E+03
  0.0000000000E+00   1.5008121401E+04   1.0609890832E+02   1.1741414163E+01   3.9280551602E+03   4.0115758232E+02   9.1969860293E+01   1.4709928588E+01   1.0220372372E+03   2.7012042561E+01   2.5173702879E+03
  5.0000000000E-02   1.5024120021E+04   1.0528718591E+02   1.1708844120E+01   3.9287582734E+03   4.0193543774E+02   9.1854969789E+01   1.4709928588E+01   1.0220372372E+03   2.7012042561E+01   2.5173702879E+03
  1.0000000000E-01   1.5040118656E+04   1.0448121804E+02   1.1676364424E+01   3.9294546386E+03   4.0271346196E+02   9.1740222809E+01   1.4709928588E+01   1.0220372372E+03   2.7012042561E+01   2.5173702879E+03
  1.5000000000E-01   1.5056117307E+04   1.0368096885E+02   1.1643974826E+01   3.9301443181E+03   4.0349165381E+02   9.1625619172E+01   1.4709928588E+01   1.0220372372E+03   2.7012042561E+01   2.5173702879E+03
  2.0000000000E-01   1.5072115973E+04   1.0288640266E+02   1.1611675075E+01   3.9308273737E+03   4.0427001209E+02   9.1511158701E+01   1.4709928588E+01   1.0220372372E+03   2.7012042561E+01   2.5173702879E+03
  2.5000000000E-01   1.5088114654E+04   1.0209748397E+02   1.1579464921E+01   3.9315038667E+03   4.0504853565E+02   9.1396841216E+01   1.4709928588E+01   1.0220372372E+03   2.7012042561E+01   2.5173702879E+03
  3.0000000000E-01   1.5104113350E+04   1.0131417743E+02   1.1547344117E+01   3.9321738580E+03   4.0582722330E+02   9.1282666538E+01   1.4709928588E+01   1.0220372372E+03   2.7012042561E+01   2.5173702879E+03
  3.5000000000E-01   1.5120112060E+04   1.0053644787E+02   1.1515312414E+01   3.9328374077E+03   4.0660607391E+02   9.1168634490E+01   1.4709928588E+01   1.0220372372E+03   2.7012042561E+01   2.5173702879E+03
  4.0000000000E-01   1.5136110785E+04   9.9764260284E+01   1.1483369565E+01   3.9334945756E+03   4.0738508631E+02   9.1054744893E+01   1.4709928588E+01   1.0220372372E+03   2.7012042561E+01   2.5173702879E+03
  4.5000000000E-01   1.5152109525E+04   9.8997579848E+01   1.1451515324E+01   3.9341454209E+03   4.0816425936E+02   9.0940997569E+01   1.4709928588E+01   1.0220372372E+03   2.7012042561E+01   2.5173702879E+03
  5.0000000000E-01   1.5168108278E+04   9.8236371892E+01   1.1419749444E+01   3.9347900025E+03   4.0894359193E+02   9.0827392340E+01   1.4709928588E+01   1.0220372372E+03   2.7012042561E+01   2.5173702879E+03
  5.5000000000E-01   1.5184107046E+04   9.7480601919E+01   1.1388071682E+01   3.9354283785E+03   4.0972308289E+02   9.0713929029E+01   1.4709928588E+01   1.0220372372E+03   2.7012042561E+01   2.5173702879E+03
  6.0000000000E-01   1.5200105828E+04   9.6730235602E+01   1.1356481792E+01   3.9360606066E+03   4.1050273112E+02   9.0600607458E+01   1.4709928588E+01   1.0220372372E+03   2.7012042561E+01   2.5173702879E+03
  6.5000000000E-01   1.5216104623E+04   9.5985238780E+01   1.1324979531E+01   3.9366867441E+03   4.1128253549E+02   9.0487427451E+01   1.4709928588E+01   1.0220372372E+03   2.7012042561E+01   2.5173702879E+03
  7.0000000000E-01   1.5232103432E+04   9.5245577460E+01   1.1293564655E+01   3.9373068477E+03   4.1206249490E+02   9.0374388831E+01   1.4709928588E+01   1.0220372372E+03   2.7012042561E+01   2.5173702879E+03
  7.5000000000E-01   1.5248102255E+04   9.4511217816E+01   1.1262236922E+01   3.9379209737E+03   4.1284260826E+02   9.0261491420E+01   1.4709928588E+01   1.0220372372E+03   2.7012042561E+01   2.5173702879E+03
  8.0000000000E-01   1.5264101090E+04   9.3782126189E+01   1.1230996091E+01   3.9385291777E+03   4.1362287446E+02   9.0148735043E+01   1.4709928588E+01   1.0220372372E+03   2.7012042561E+01   2.5173702879E+03
  8.5000000000E-01   1.5280099939E+04   9.3058269088E+01   1.1199841920E+01   3.9391315152E+03   4.1440329241E+02   9.0036119524E+01   1.4709928588E+01   1.0220372372E+03   2.7012042561E+01   2.5173702879E+03
  9.0000000000E-01   1.5296098801E+04   9.2339613187E+01   1.1168774169E+01   3.9397280408E+03   4.1518386104E+02   8.9923644686E+01   1.4709928588E+01   1.0220372372E+03   2.7012042561E+01   2.5173702879E+03
  9.5000000000E-01   1.5312097676E+04   9.1626125326E+01   1.1137792598E+01   3.9403188088E+03   4.1596457928E+02   8.9811310354E+01   1.4709928588E+01   1.0220372372E+03   2.7012042561E+01   2.5173702879E+03
  1.0000000000E+00   1.5328096563E+04   9.0917772511E+01   1.1106896969E+01   3.9409038732E+03   4.1674544604E+02   8.9699116351E+01   1.4709928588E+01   1.0220372372E+03   2.7012042561E+01   2.5173702879E+03
  1.0500000000E+00   1.5344095463E+04   9.0214521914E+01   1.1076087042E+01   3.9414832873E+03   4.1752646028E+02   8.9587062504E+01   1.4709928588E+01   1.0220372372E+03   2.7012042561E+01   2.5173702879E+03
  1.1000000000E+00   1.5360094376E+04   8.9516340871E+01   1.1045362581E+01   3.9420571040E+03   4.1830762094E+02   8.9475148637E+01   1.4709928588E+01   1.0220372372E+03   2.7012042561E+01   2.5173702879E+03
  1.1500000000E+00   1.5376093300E+04   8.8823196883E+01   1.1014723347E+01   3.9426253757E+03   4.1908892697E+02   8.9363374574E+01   1.4709928588E+01   1.0220372372E+03   2.7012042561E+01   2.5173702879E+03
  1.2000000000E+00   1.5392092237E+04   8.8135057615E+01   1.0984169105E+01   3.9431881545E+03   4.1987037732E+02   8.9251740142E+01   1.4709928588E+01   1.0220372372E+03   2.7012042561E+01   2.5173702879E+03
  1.2500000000E+00   1.5408091186E+04   8.7451890898E+01   1.0953699619E+01   3.9437454918E+03   4.2065197097E+02   8.9140245166E+01   1.4709928588E+01   1.0220372372E+03   2.7012042561E+01   2.5173702879E+03
  1.3000000000E+00   1.5424090147E+04   8.6773664725E+01   1.0923314653E+01   3.9442974388E+03   4.2143370689E+02   8.9028889471E+01   1.4709928588E+01   1.0220372372E+03   2.7012042561E+01   2.5173702879E+03
  1.3500000000E+00   1.5440089119E+04   8.6100347251E+01   1.0893013974E+01   3.9448440460E+03   4.2221558405E+02   8.8917672884E+01   1.4709928588E+01   1.0220372372E+03   2.7012042561E+01   2.5173702879E+03
  1.4000000000E+00   1.5456088104E+04   8.5431906797E+01   1.0862797347E+01   3.9453853636E+03   4.2299760143E+02   8.8806595231E+01   1.4709928588E+01   1.0220372372E+03   2.7012042561E+01   2.5173702879E+03
  1.4500000000E+00   1.5472087099E+04   8.4768311845E+01   1.0832664539E+01   3.9459214414E+03   4.2377975804E+02   8.8695656338E+01   1.4709928588E+01   1.0220372372E+03   2.7012042561E+01   2.5173702879E+03
  1.5000000000E+00   1.5488086106E+04   8.4109531039E+01   1.0802615318E+01   3.9464523287E+03   4.2456205287E+02   8.8584856033E+01   1.4709928588E+01   1.0220372372E+03   2.7012042561E+01   2.5173702879E+03
  1.5500000000E+00   1.5504085124E+04   8.3455533184E+01   1.0772649452E+01   3.9469780743E+03   4.2534448492E+02   8.8474194141E+01   1.4709928588E+01   1.0220372372E+03   2.7012042561E+01   2.5173702879E+03
  1.6000000000E+00   1.5520084154E+04   8.2806287249E+01   1.0742766710E+01   3.9474987267E+03   4.2612705320E+02   8.8363670490E+01   1.4709928588E+01   1.0220372372E+03   2.7012042561E+01   2.5173702879E+03
  1.6500000000E+00   1.5536083194E+04   8.2161762361E+01   1.0712966861E+01   3.9480143338E+03   4.2690975673E+02   8.8253284907E+01   1.4709928588E+01   1.0220372372E+03   2.7012042561E+01   2.5173702879E+03
  1.7000000000E+00   1.5552082245E+04   8.1521927811E+01   1.0683249675E+01   3.9485249432E+03   4.2769259454E+02   8.8143037220E+01   1.4709928588E+01   1.0220372372E+03   2.7012042561E+01   2.5173702879E+03
  1.7500000000E+00   1.5568081307E+04   8.0886753047E+01   1.0653614923E+01   3.9490306021E+03   4.2847556564E+02   8.8032927257E+01   1.4709928588E+01   1.0220372372E+03   2.7012042561E+01   2.5173702879E+03
  1.8000000000E+00   1.5584080380E+04   8.0256207679E+01   1.0624062376E+01   3.9495313573E+03   4.2925866908E+02   8.7922954845E+01   1.4709928588E+01   1.0220372372E+03   2.7012042561E+01   2.5173702879E+03
  1.8500000000E+00   1.5600079463E+04   7.9630261476E+01   1.0594591806E+01   3.9500272549E+03   4.3004190390E+02   8.7813119812E+01   1.4709928588E+01   1.0220372372E+03   2.7012042561E+01   2.5173702879E+03
  1.9000000000E+00   1.5616078556E+04   7.9008884365E+01   1.0565202986E+01   3.9505183410E+03   4.3082526914E+02   8.7703421988E+01   1.4709928588E+01   1.0220372372E+03   2.7012042561E+01   2.5173702879E+03
  1.9500000000E+00   1.5632077660E+04   7.8392046433E+01   1.0535895689E+01   3.9510046610E+03   4.3160876386E+02   8.7593861200E+01   1.4709928588E+01   1.0220372372E+03   2.7012042561E+01   2.5173702879E+03
  2.0000000000E+00   1.5648076773E+04   7.7779717925E+01   1.0506669688E+01   3.9514862601E+03   4.3239238712E+02   8.7484437278E+01   1.4709928588E+01   1.0220372372E+03   2.7012042561E+01   2.5173702879E+03
  2.0500000000E+00   1.5664075897E+04   7.7171869243E+01   1.0477524759E+01   3.9519631828E+03   4.3317613799E+02   8.7375150050E+01   1.4709928588E+01   1.0220372372E+03   2.7012042561E+01   2.5173702879E+03
  2.1000000000E+00   1.5680075031E+04   7.6568470947E+01   1.0448460677E+01   3.9524354734E+03   4.3396001554E+02   8.7265999346E+01   1.4709928588E+01   1.0220372372E+03   2.7012042561E+01   2.5173702879E+03
  2.1500000000E+00   1.5696074175E+04   7.5969493753E+01   1.0419477217E+01   3.9529031759E+03   4.3474401884E+02   8.7156984995E+01   1.4709928588E+01   1.0220372372E+03   2.7012042561E+01   2.5173702879E+03
  2.2000000000E+00   1.5712073328E+04   7.5374908536E+01   1.0390574155E+01   3.9533663338E+03   4.3552814698E+02   8.7048106827E+01   1.4709928588E+01   1.0220372372E+03   2.7012042561E+01   2.5173702879E+03
  2.2500000000E+00   1.5728072491E+04   7.4784686324E+01   1.0361751269E+01   3.9538249901E+03   4.3631239904E+02   8.6939364671E+01   1.4709928588E+01   1.0220372372E+03   2.7012042561E+01   2.5173702879E+03
  2.3000000000E+00   1.5744071663E+04   7.4198798302E+01   1.0333008336E+01   3.9542791875E+03   4.3709677414E+02   8.6830758358E+01   1.4709928588E+01   1.0220372372E+03   2.7012042561E+01   2.5173702879E+03
  2.3500000000E+00   1.5760070845E+04   7.3617215811E+01   1.0304345134E+01   3.9547289684E+03   4.3788127136E+02   8.6722287719E+01   1.4709928588E+01   1.0220372372E+03   2.7012042561E+01   2.5173702879E+03
  2.4000000000E+00   1.5776070036E+04   7.3039910345E+01   1.0275761442E+01   3.9551743747E+03   4.3866588982E+02   8.6613952583E+01   1.4709928588E+01   1.0220372372E+03   2.7012042561E+01   2.5173702879E+03
  2.4500000000E+00   1.5792069236E+04   7.2466853554E+01   1.0247257040E+01   3.9556154480E+03   4.3945062862E+02   8.6505752781E+01   1.4709928588E+01   1.0220372372E+03   2.7012042561E+01   2.5173702879E+03
  2.5000000000E+00   1.5808068445E+04   7.1898017240E+01   1.0218831708E+01   3.9560522295E+03   4.4023548689E+02   8.6397688144E+01   1.4709928588E+01   1.0220372372E+03   2.7012042561E+01   2.5173702879E+03
  2.5500000000E+00   1.5824067663E+04   7.1333373361E+01   1.0190485226E+01   3.9564847599E+03   4.4102046375E+02   8.6289758504E+01   1.4709928588E+01   1.0220372372E+03   2.7012042561E+01   2.5173702879E+03
  2.6000000000E+00   1.5840066890E+04   7.0772894026E+01   1.0162217375E+01   3.9569130798E+03   4.4180555834E+02   8.6181963692E+01   1.4709928588E+01   1.0220372372E+03   2.7012042561E+01   2.5173702879E+03
  2.6500000000E+00   1.5856066126E+04   7.0216551495E+01   1.0134027938E+01   3.9573372292E+03   4.4259076978E+02   8.6074303539E+01   1.4709928588E+01   1.0220372372E+03   2.7012042561E+01   2.5173702879E+03
  2.7000000000E+00   1.5872065371E+04   6.9664318184E+01   1.0105916697E+01   3.9577572479E+03   4.4337609723E+02   8.5966777877E+01   1.4709928588E+01   1.0220372372E+03   2.7012042561E+01   2.5173702879E+03
  2.7500000000E+00   1.5888064624E+04   6.9116166657E+01   1.0077883435E+01   3.9581731751E+03   4.4416153982E+02   8.5859386538E+01   1.4709928588E+01   1.0220372372E+03   2.7012042561E+01   2.5173702879E+03
  2.8000000000E+00   1.5904063885E+04   6.8572069632E+01   1.0049927936E+01   3.9585850499E+03   4.4494709672E+02   8.5752129355E+01   1.4709928588E+01   1.0220372372E+03   2.7012042561E+01   2.5173702879E+03
  2.8500000000E+00   1.5920063155E+04   6.8031999974E+01   1.0022049984E+01   3.9589929109E+03   4.4573276707E+02   8.5645006159E+01   1.4709928588E+01   1.0220372372E+03   2.7012042561E+01   2.5173702879E+03
  2.9000000000E+00   1.5936062433E+04   6.7495930700E+01   9.9942493634E+00   3.9593967965E+03   4.4651855006E+02   8.5538016784E+01   1.4709928588E+01   1.0220372372E+03   2.7012042561E+01   2.5173702879E+03
  2.9500000000E+00   1.5952061719E+04   6.6963834979E+01   9.9665258605E+00   3.9597967445E+03   4.4730444483E+02   8.5431161061E+01   1.4709928588E+01   1.0220372372E+03   2.7012042561E+01   2.5173702879E+03
  3.0000000000E+00   1.5968061014E+04   6.6435686124E+01   9.9388792611E+00   3.9601927925E+03   4.4809045058E+02   8.5324438825E+01   1.4709928588E+01   1.0220372372E+03   2.7012042561E+01   2.5173702879E+03
  3.0500000000E+00   1.5984060316E+04   6.5911457601E+01   9.9113093519E+00   3.9605849779E+03   4.4887656648E+02   8.5217849909E+01   1.4709928588E+01   1.0220372372E+03   2.7012042561E+01   2.5173702879E+03
  3.1000000000E+00   1.6000059627E+04   6.5391123023E+01   9.8838159201E+00   3.9609733375E+03   4.4966279172E+02   8.5111394145E+01   1.4709928588E+01   1.0220372372E+03   2.7012042561E+01   2.5173702879E+03
  3.1500000000E+00   1.6016058945E+04   6.4874656150E+01   9.8563987535E+00   3.9613579079E+03   4.5044912549E+02   8.5005071368E+01   1.4709928588E+01   1.0220372372E+03   2.7012042561E+01   2.5173702879E+03
  3.2000000000E+00   1.6032058271E+04   6.4362030888E+01   9.8290576407E+00   3.9617387253E+03   4.5123556699E+02   8.4898881411E+01   1.4709928588E+01   1.0220372372E+03   2.7012042561E+01   2.5173702879E+03
  3.2500000000E+00   1.6048057604E+04   6.3853221293E+01   9.8017923707E+00   3.9621158257E+03   4.5202211541E+02   8.4792824109E+01   1.4709928588E+01   1.0220372372E+03   2.7012042561E+01   2.5173702879E+03
  3.3000000000E+00   1.6064056946E+04   6.3348201564E+01   9.7746027330E+00   3.9624892445E+03   4.5280876997E+02   8.4686899296E+01   1.4709928588E+01   1.0220372372E+03   2.7012042561E+01   2.5173702879E+03
  3.3500000000E+00   1.6080056294E+04   6.2846946049E+01   9.7474885179E+00   3.9628590172E+03   4.5359552989E+02   8.4581106806E+01   1.4709928588E+01   1.0220372372E+03   2.7012042561E+01   2.5173702879E+03
  3.4000000000E+00   1.6096055650E+04   6.2349429236E+01   9.7204495161E+00   3.9632251785E+03   4.5438239437E+02   8.4475446474E+01   1.4709928588E+01   1.0220372372E+03   2.7012042561E+01   2.5173702879E+03
  3.4500000000E+00   1.6112055013E+04   6.1855625764E+01   9.6934855191E+00   3.9635877632E+03   4.5516936264E+02   8.4369918135E+01   1.4709928588E+01   1.0220372372E+03   2.7012042561E+01   2.5173702879E+03
  3.5000000000E+00   1.6128054384E+04   6.1365510411E+01   9.6665963187E+00   3.9639468054E+03   4.5595643393E+02   8.4264521623E+01   1.4709928588E+01   1.0220372372E+03   2.7012042561E+01   2.5173702879E+03
  3.5500000000E+00   1.6144053762E+04   6.0879058102E+01   9.6397817075E+00   3.9643023392E+03   4.5674360748E+02   8.4159256776E+01   1.4709928588E+01   1.0220372372E+03   2.7012042561E+01   2.5173702879E+03
  3.6000000000E+00   1.6160053147E+04   6.0396243903E+01   9.6130414786E+00   3.9646543982E+03   4.5753088253E+02   8.4054123427E+01   1.4709928588E+01   1.0220372372E+03   2.7012042561E+01   2.5173702879E+03
  3.6500000000E+00   1.6176052538E+04   5.9917043024E+01   9.5863754256E+00   3.9650030157E+03   4.5831825831E+02   8.3949121412E+01   1.4709928588E+01   1.0220372372E+03   2.7012042561E+01   2.5173702879E+03
  3.7000000000E+00   1.6192051937E+04   5.9441430817E+01   9.5597833428E+00   3.9653482249E+03   4.5910573408E+02   8.3844250568E+01   1.4709928588E+01   1.0220372372E+03   2.7012042561E+01   2.5173702879E+03
  3.7500000000E+00   1.6208051342E+04   5.8969382774E+01   9.5332650250E+00   3.9656900583E+03   4.5989330909E+02   8.3739510731E+01   1.4709928588E+01   1.0220372372E+03   2.7012042561E+01   2.5173702879E+03
  3.8000000000E+00   1.6224050755E+04   5.8500874531E+01   9.5068202675E+00   3.9660285486E+03   4.6068098261E+02   8.3634901737E+01   1.4709928588E+01   1.0220372372E+03   2.7012042561E+01   2.5173702879E+03
  3.8500000000E+00   1.6240050174E+04   5.8035881861E+01   9.4804488664E+00   3.9663637277E+03   4.6146875389E+02   8.3530423423E+01   1.4709928588E+01   1.0220372372E+03   2.7012042561E+01   2.5173702879E+03
  3.9000000000E+00   1.6256049599E+04   5.7574380681E+01   9.4541506181E+00   3.9666956276E+03   4.6225662220E+02   8.3426075624E+01   1.4709928588E+01   1.0220372372E+03   2.7012042561E+01   2.5173702879E+03
  3.9500000000E+00   1.6272049031E+04   5.7116347044E+01   9.4279253197E+00   3.9670242797E+03   4.6304458683E+02   8.3321858179E+01   1.4709928588E+01   1.0220372372E+03   2.7012042561E+01   2.5173702879E+03
  4.0000000000E+00   1.6288048470E+04   5.6661757145E+01   9.4017727688E+00   3.9673497154E+03   4.6383264704E+02   8.3217770925E+01   1.4709928588E+01   1.0220372372E+03   2.7012042561E+01   2.5173702879E+03
  4.0500000000E+00   1.6304047915E+04   5.6210587315E+01   9.3756927637E+00   3.9676719655E+03   4.6462080213E+02   8.3113813698E+01   1.4709928588E+01   1.0220372372E+03   2.7012042561E+01   2.5173702879E+03
  4.1000000000E+00   1.6320047366E+04   5.5762814024E+01   9.3496851031E+00   3.9679910607E+03   4.6540905138E+02   8.3009986336E+01   1.4709928588E+01   1.0220372372E+03   2.7012042561E+01   2.5173702879E+03
  4.1500000000E+00   1.6336046823E+04   5.5318413879E+01   9.3237495863E+00   3.9683070315E+03   4.6619739409E+02   8.2906288678E+01   1.4709928588E+01   1.0220372372E+03   2.7012042561E+01   2.5173702879E+03
  4.2000000000E+00   1.6352046287E+04   5.4877363626E+01   9.2978860133E+00   3.9686199079E+03   4.6698582955E+02   8.2802720560E+01   1.4709928588E+01   1.0220372372E+03   2.7012042561E+01   2.5173702879E+03
  4.2500000000E+00   1.6368045757E+04   5.4439640144E+01   9.2720941844E+00   3.9689297197E+03   4.6777435707E+02   8.2699281822E+01   1.4709928588E+01   1.0220372372E+03   2.7012042561E+01   2.5173702879E+03
  4.3000000000E+00   1.6384045233E+04   5.4005220451E+01   9.2463739006E+00   3.9692364965E+03   4.6856297596E+02   8.2595972302E+01   1.4709928588E+01   1.0220372372E+03   2.7012042561E+01   2.5173702879E+03
  4.3500000000E+00   1.6400044714E+04   5.3574081698E+01   9.2207249635E+00   3.9695402675E+03   4.6935168552E+02   8.2492791838E+01   1.4709928588E+01   1.0220372372E+03   2.7012042561E+01   2.5173702879E+03
  4.4000000000E+00   1.6416044202E+04   5.3146201171E+01   9.1951471751E+00   3.9698410618E+03   4.7014048509E+02   8.2389740269E+01   1.4709928588E+01   1.0220372372E+03   2.7012042561E+01   2.5173702879E+03
  4.4500000000E+00   1.6432043695E+04   5.2721556293E+01   9.1696403381E+00   3.9701389080E+03   4.7092937397E+02   8.2286817434E+01   1.4709928588E+01   1.0220372372E+03   2.7012042561E+01   2.5173702879E+03
  4.5000000000E+00   1.6448043195E+04   5.2300124617E+01   9.1442042557E+00   3.9704338346E+03   4.7171835150E+02   8.2184023172E+01   1.4709928588E+01   1.0220372372E+03   2.7012042561E+01   2.5173702879E+03
  4.5500000000E+00   1.6464042700E+04   5.1881883831E+01   9.1188387316E+00   3.9707258699E+03   4.7250741701E+02   8.2081357322E+01   1.4709928588E+01   1.0220372372E+03   2.7012042561E+01   2.5173702879E+03
  4.6000000000E+00   1.6480042210E+04   5.1466811756E+01   9.0935435701E+00   3.9710150416E+03   4.7329656984E+02   8.1978819725E+01   1.4709928588E+01   1.0220372372E+03   2.7012042561E+01   2.5173702879E+03
  4.6500000000E+00   1.6496041726E+04   5.1054886344E+01   9.0683185760E+00   3.9713013776E+03   4.7408580932E+02   8.1876410220E+01   1.4709928588E+01   1.0220372372E+03   2.7012042561E+01   2.5173702879E+03
  4.7000000000E+00   1.6512041248E+04   5.0646085679E+01   9.0431635546E+00   3.9715849051E+03   4.7487513480E+02   8.1774128646E+01   1.4709928588E+01   1.0220372372E+03   2.7012042561E+01   2.5173702879E+03
  4.7500000000E+00   1.6528040775E+04   5.0240387977E+01   9.0180783119E+00   3.9718656514E+03   4.7566454563E+02   8.1671974845E+01   1.4709928588E+01   1.0220372372E+03   2.7012042561E+01   2.5173702879E+03
  4.8000000000E+00   1.6544040307E+04   4.9837771582E+01   8.9930626543E+00   3.9721436433E+03   4.7645404116E+02   8.1569948656E+01   1.4709928588E+01   1.0220372372E+03   2.7012042561E+01   2.5173702879E+03
  4.8500000000E+00   1.6560039845E+04   4.9438214972E+01   8.9681163888E+00   3.9724189075E+03   4.7724362076E+02   8.1468049920E+01   1.4709928588E+01   1.0220372372E+03   2.7012042561E+01   2.5173702879E+03
  4.9000000000E+00   1.6576039388E+04   4.9041696750E+01   8.9432393229E+00   3.9726914703E+03   4.7803328379E+02   8.1366278478E+01   1.4709928588E+01   1.0220372372E+03   2.7012042561E+01   2.5173702879E+03
  4.9500000000E+00   1.6592038937E+04   4.8648195650E+01   8.9184312645E+00   3.9729613580E+03   4.7882302961E+02   8.1264634171E+01   1.4709928588E+01   1.0220372372E+03   2.7012042561E+01   2.5173702879E+03
  5.0000000000E+00   1.6608038490E+04   4.8257690534E+01   8.8936920224E+00   3.9732285963E+03   4.7961285760E+02   8.1163116840E+01   1.4709928588E+01   1.0220372372E+03   2.7012042561E+01   2.5173702879E+03
  5.0500000000E+00   1.6624038048E+04   4.7870160394E+01   8.8690214056E+00   3.9734932110E+03   4.8040276714E+02   8.1061726326E+01   1.4709928588E+01   1.0220372372E+03   2.7012042561E+01   2.5173702879E+03
  5.1000000000E+00   1.6640037612E+04   4.7485584344E+01   8.8444192237E+00   3.9737552275E+03   4.8119275760E+02   8.0960462471E+01   1.4709928588E+01   1.0220372372E+03   2.7012042561E+01   2.5173702879E+03
  5.1500000000E+00   1.6656037180E+04   4.7103941630E+01   8.8198852870E+00   3.9740146709E+03   4.8198282836E+02   8.0859325117E+01   1.4709928588E+01   1.0220372372E+03   2.7012042561E+01   2.5173702879E+03
  5.2000000000E+00   1.6672036754E+04   4.6725211621E+01   8.7954194060E+00   3.9742715661E+03   4.8277297883E+02   8.0758314106E+01   1.4709928588E+01   1.0220372372E+03   2.7012042561E+01   2.5173702879E+03
  5.2500000000E+00   1.6688036332E+04   4.6349373813E+01   8.7710213921E+00   3.9745259380E+03   4.8356320839E+02   8.0657429279E+01   1.4709928588E+01   1.0220372372E+03   2.7012042561E+01   2.5173702879E+03
  5.3000000000E+00   1.6704035915E+04   4.5976407827E+01   8.7466910569E+00   3.9747778109E+03   4.8435351643E+02   8.0556670480E+01   1.4709928588E+01   1.0220372372E+03   2.7012042561E+01   2.5173702879E+03
  5.3500000000E+00   1.6720035503E+04   4.5606293407E+01   8.7224282127E+00   3.9750272090E+03   4.8514390238E+02   8.0456037550E+01   1.4709928588E+01   1.0220372372E+03   2.7012042561E+01   2.5173702879E+03
  5.4000000000E+00   1.6736035096E+04   4.5239010422E+01   8.6982326724E+00   3.9752741564E+03   4.8593436561E+02   8.0355530334E+01   1.4709928588E+01   1.0220372372E+03   2.7012042561E+01   2.5173702879E+03
  5.4500000000E+00   1.6752034693E+04   4.4874538866E+01   8.6741042492E+00   3.9755186769E+03   4.8672490556E+02   8.0255148672E+01   1.4709928588E+01   1.0220372372E+03   2.7012042561E+01   2.5173702879E+03
  5.5000000000E+00   1.6768034294E+04   4.4512858853E+01   8.6500427568E+00   3.9757607940E+03   4.8751552163E+02   8.0154892410E+01   1.4709928588E+01   1.0220372372E+03   2.7012042561E+01   2.5173702879E+03
  5.5500000000E+00   1.6784033901E+04   4.4153950622E+01   8.6260480098E+00   3.9760005311E+03   4.8830621325E+02   8.0054761389E+01   1.4709928588E+01   1.0220372372E+03   2.7012042561E+01   2.5173702879E+03
  5.6000000000E+00   1.6800033512E+04   4.3797794531E+01   8.6021198229E+00   3.9762379112E+03   4.8909697983E+02   7.9954755454E+01   1.4709928588E+01   1.0220372372E+03   2.7012042561E+01   2.5173702879E+03
  5.6500000000E+00   1.6816033127E+04   4.3444371062E+01   8.5782580115E+00   3.9764729573E+03   4.8988782080E+02   7.9854874448E+01   1.4709928588E+01   1.0220372372E+03   2.7012042561E+01   2.5173702879E+03
  5.7000000000E+00   1.6832032746E+04   4.3093660815E+01   8.5544623914E+00   3.9767056920E+03   4.9067873559E+02   7.9755118216E+01   1.4709928588E+01   1.0220372372E+03   2.7012042561E+01   2.5173702879E+03
  5.7500000000E+00   1.6848032370E+04   4.2745644513E+01   8.5307327791E+00   3.9769361378E+03   4.9146972364E+02   7.9655486601E+01   1.4709928588E+01   1.0220372372E+03   2.7012042561E+01   2.5173702879E+03
  5.8000000000E+00   1.6864031999E+04   4.2400302996E+01   8.5070689914E+00   3.9771643169E+03   4.9226078439E+02   7.9555979448E+01   1.4709928588E+01   1.0220372372E+03   2.7012042561E+01   2.5173702879E+03
  5.8500000000E+00   1.6880031631E+04   4.2057617225E+01   8.4834708458E+00   3.9773902514E+03   4.9305191728E+02   7.9456596601E+01   1.4709928588E+01   1.0220372372E+03   2.7012042561E+01   2.5173702879E+03
  5.9000000000E+00   1.6896031268E+04   4.1717568278E+01   8.4599381602E+00   3.9776139631E+03   4.9384312175E+02   7.9357337904E+01   1.4709928588E+01   1.0220372372E+03   2.7012042561E+01   2.5173702879E+03
  5.9500000000E+00   1.6912030909E+04   4.1380137352E+01   8.4364707529E+00   3.9778354736E+03   4.9463439726E+02   7.9258203204E+01   1.4709928588E+01   1.0220372372E+03   2.7012042561E+01   2.5173702879E+03
  6.0000000000E+00   1.6928030554E+04   4.1045305761E+01   8.4130684430E+00   3.9780548044E+03   4.9542574326E+02   7.9159192345E+01   1.4709928588E+01   1.0220372372E+03   2.7012042561E+01   2.5173702879E+03
  6.0500000000E+00   1.6944030203E+04   4.0713054937E+01   8.3897310498E+00   3.9782719766E+03   4.9621715921E+02   7.9060305172E+01   1.4709928588E+01   1.0220372372E+03   2.7012042561E+01   2.5173702879E+03
  6.1000000000E+00   1.6960029856E+04   4.0383366426E+01   8.3664583932E+00   3.9784870113E+03   4.9700864457E+02   7.8961541530E+01   1.4709928588E+01   1.0220372372E+03   2.7012042561E+01   2.5173702879E+03
  6.1500000000E+00   1.6976029512E+04   4.0056221891E+01   8.3432502938E+00   3.9786999293E+03   4.9780019881E+02   7.8862901266E+01   1.4709928588E+01   1.0220372372E+03   2.7012042561E+01   2.5173702879E+03
  6.2000000000E+00   1.6992029173E+04   3.9731603111E+01   8.3201065723E+00   3.9789107511E+03   4.9859182140E+02   7.8764384226E+01   1.4709928588E+01   1.0220372372E+03   2.7012042561E+01   2.5173702879E+03
  6.2500000000E+00   1.7008028838E+04   3.9409491979E+01   8.2970270502E+00   3.9791194972E+03   4.9938351180E+02   7.8665990255E+01   1.4709928588E+01   1.0220372372E+03   2.7012042561E+01   2.5173702879E+03
  6.3000000000E+00   1.7024028507E+04   3.9089870501E+01   8.2740115495E+00   3.9793261879E+03   5.0017526951E+02   7.8567719199E+01   1.4709928588E+01   1.0220372372E+03   2.7012042561E+01   2.5173702879E+03
  6.3500000000E+00   1.7040028179E+04   3.8772720800E+01   8.2510598926E+00   3.9795308431E+03   5.0096709400E+02   7.8469570905E+01   1.4709928588E+01   1.0220372372E+03   2.7012042561E+01   2.5173702879E+03
  6.4000000000E+00   1.7056027855E+04   3.8458025108E+01   8.2281719022E+00   3.9797334827E+03   5.0175898475E+02   7.8371545221E+01   1.4709928588E+01   1.0220372372E+03   2.7012042561E+01   2.5173702879E+03
  6.4500000000E+00   1.7072027535E+04   3.8145765772E+01   8.2053474019E+00   3.9799341263E+03   5.0255094126E+02   7.8273641991E+01   1.4709928588E+01   1.0220372372E+03   2.7012042561E+01   2.5173702879E+03
  6.5000000000E+00   1.7088027218E+04   3.7835925250E+01   8.1825862156E+00   3.9801327934E+03   5.0334296301E+02   7.8175861065E+01   1.4709928588E+01   1.0220372372E+03   2.7012042561E+01   2.5173702879E+03
  6.5500000000E+00   1.7104026905E+04   3.7528486113E+01   8.1598881675E+00   3.9803295033E+03   5.0413504950E+02   7.8078202288E+01   1.4709928588E+01   1.0220372372E+03   2.7012042561E+01   2.5173702879E+03
  6.6000000000E+00   1.7120026596E+04   3.7223431041E+01   8.1372530826E+00   3.9805242750E+03   5.0492720023E+02   7.7980665508E+01   1.4709928588E+01   1.0220372372E+03   2.7012042561E+01   2.5173702879E+03
  6.6500000000E+00   1.7136026290E+04   3.6920742825E+01   8.1146807861E+00   3.9807171275E+03   5.0571941471E+02   7.7883250573E+01   1.4709928588E+01   1.0220372372E+03   2.7012042561E+01   2.5173702879E+03
  6.7000000000E+00   1.7152025988E+04   3.6620404365E+01   8.0921711040E+00   3.9809080795E+03   5.0651169243E+02   7.7785957331E+01   1.4709928588E+01   1.0220372372E+03   2.7012042561E+01   2.5173702879E+03
  6.7500000000E+00   1.7168025689E+04   3.6322398674E+01   8.0697238625E+00   3.9810971496E+03   5.0730403292E+02   7.7688785629E+01   1.4709928588E+01   1.0220372372E+03   2.7012042561E+01   2.5173702879E+03
  6.8000000000E+00   1.7184025393E+04   3.6026708868E+01   8.0473388885E+00   3.9812843561E+03   5.0809643568E+02   7.7591735316E+01   1.4709928588E+01   1.0220372372E+03   2.7012042561E+01   2.5173702879E+03
  6.8500000000E+00   1.7200025101E+04   3.5733318176E+01   8.0250160091E+00   3.9814697171E+03   5.0888890023E+02   7.7494806241E+01   1.4709928588E+01   1.0220372372E+03   2.7012042561E+01   2.5173702879E+03
  6.9000000000E+00   1.7216024813E+04   3.5442209932E+01   8.0027550522E+00   3.9816532508E+03   5.0968142609E+02   7.7397998250E+01   1.4709928588E+01   1.0220372372E+03   2.7012042561E+01   2.5173702879E+03
  6.9500000000E+00   1.7232024527E+04   3.5153367579E+01   7.9805558460E+00   3.9818349750E+03   5.1047401279E+02   7.7301311195E+01   1.4709928588E+01   1.0220372372E+03   2.7012042561E+01   2.5173702879E+03
  7.0000000000E+00   1.7248024245E+04   3.4866774666E+01   7.9584182191E+00   3.9820149074E+03   5.1126665985E+02   7.7204744922E+01   1.4709928588E+01   1.0220372372E+03   2.7012042561E+01   2.5173702879E+03
  7.0500000000E+00   1.7264023966E+04   3.4582414846E+01   7.9363420009E+00   3.9821930654E+03   5.1205936681E+02   7.7108299282E+01   1.4709928588E+01   1.0220372372E+03   2.7012042561E+01   2.5173702879E+03
  7.1000000000E+00   1.7280023690E+04   3.4300271880E+01   7.9143270208E+00   3.9823694664E+03   5.1285213319E+02   7.7011974124E+01   1.4709928588E+01   1.0220372372E+03   2.7012042561E+01   2.5173702879E+03
  7.1500000000E+00   1.7296023418E+04   3.4020329635E+01   7.8923731091E+00   3.9825441276E+03   5.1364495854E+02   7.6915769296E+01   1.4709928588E+01   1.0220372372E+03   2.7012042561E+01   2.5173702879E+03
  7.2000000000E+00   1.7312023148E+04   3.3742572079E+01   7.8704800964E+00   3.9827170659E+03   5.1443784240E+02   7.6819684650E+01   1.4709928588E+01   1.0220372372E+03   2.7012042561E+01   2.5173702879E+03
  7.2500000000E+00   1.7328022882E+04   3.3466983286E+01   7.8486478137E+00   3.9828882983E+03   5.1523078431E+02   7.6723720035E+01   1.4709928588E+01   1.0220372372E+03   2.7012042561E+01   2.5173702879E+03
  7.3000000000E+00   1.7344022618E+04   3.3193547434E+01   7.8268760925E+00   3.9830578414E+03   5.1602378382E+02   7.6627875300E+01   1.4709928588E+01   1.0220372372E+03   2.7012042561E+01   2.5173702879E+03
  7.3500000000E+00   1.7360022358E+04   3.2922248802E+01   7.8051647649E+00   3.9832257118E+03   5.1681684047E+02   7.6532150297E+01   1.4709928588E+01   1.0220372372E+03   2.7012042561E+01   2.5173702879E+03
  7.4000000000E+00   1.7376022101E+04   3.2653071774E+01   7.7835136634E+00   3.9833919257E+03   5.1760995384E+02   7.6436544875E+01   1.4709928588E+01   1.0220372372E+03   2.7012042561E+01   2.5173702879E+03
  7.4500000000E+00   1.7392021846E+04   3.2386000834E+01   7.7619226208E+00   3.9835564995E+03   5.1840312346E+02   7.6341058885E+01   1.4709928588E+01   1.0220372372E+03   2.7012042561E+01   2.5173702879E+03
  7.5000000000E+00   1.7408021595E+04   3.2121020567E+01   7.7403914706E+00   3.9837194491E+03   5.1919634890E+02   7.6245692178E+01   1.4709928588E+01   1.0220372372E+03   2.7012042561E+01   2.5173702879E+03
  7.5500000000E+00   1.7424021346E+04   3.1858115660E+01   7.7189200466E+00   3.9838807905E+03   5.1998962974E+02   7.6150444605E+01   1.4709928588E+01   1.0220372372E+03   2.7012042561E+01   2.5173702879E+03
  7.6000000000E+00   1.7440021100E+04   3.1597270900E+01   7.6975081832E+00   3.9840405394E+03   5.2078296552E+02   7.6055316017E+01   1.4709928588E+01   1.0220372372E+03   2.7012042561E+01   2.5173702879E+03
  7.6500000000E+00   1.7456020857E+04   3.1338471174E+01   7.6761557152E+00   3.9841987114E+03   5.2157635583E+02   7.5960306265E+01   1.4709928588E+01   1.0220372372E+03   2.7012042561E+01   2.5173702879E+03
  7.7000000000E+00   1.7472020617E+04   3.1081701466E+01   7.6548624777E+00   3.9843553219E+03   5.2236980023E+02   7.5865415202E+01   1.4709928588E+01   1.0220372372E+03   2.7012042561E+01   2.5173702879E+03
  7.7500000000E+00   1.7488020379E+04   3.0826946863E+01   7.6336283065E+00   3.9845103862E+03   5.2316329831E+02   7.5770642678E+01   1.4709928588E+01   1.0220372372E+03   2.7012042561E+01   2.5173702879E+03
  7.8000000000E+00   1.7504020145E+04   3.0574192545E+01   7.6124530377E+00   3.9846639196E+03   5.2395684964E+02   7.5675988546E+01   1.4709928588E+01   1.0220372372E+03   2.7012042561E+01   2.5173702879E+03
  7.8500000000E+00   1.7520019913E+04   3.0323423795E+01   7.5913365080E+00   3.9848159368E+03   5.2475045381E+02   7.5581452657E+01   1.4709928588E+01   1.0220372372E+03   2.7012042561E+01   2.5173702879E+03
  7.9000000000E+00   1.7536019683E+04   3.0074625990E+01   7.5702785544E+00   3.9849664530E+03   5.2554411040E+02   7.5487034865E+01   1.4709928588E+01   1.0220372372E+03   2.7012042561E+01   2.5173702879E+03
  7.9500000000E+00   1.7552019456E+04   2.9827784603E+01   7.5492790144E+00   3.9851154826E+03   5.2633781899E+02   7.5392735021E+01   1.4709928588E+01   1.0220372372E+03   2.7012042561E+01   2.5173702879E+03
  8.0000000000E+00   1.7568019232E+04   2.9582885205E+01   7.5283377260E+00   3.9852630404E+03   5.2713157919E+02   7.5298552978E+01   1.4709928588E+01   1.0220372372E+03   2.7012042561E+01   2.5173702879E+03
  8.0500000000E+00   1.7584019011E+04   2.9339913463E+01   7.5074545275E+00   3.9854091407E+03   5.2792539058E+02   7.5204488589E+01   1.4709928588E+01   1.0220372372E+03   2.7012042561E+01   2.5173702879E+03
  8.1000000000E+00   1.7600018792E+04   2.9098855138E+01   7.4866292580E+00   3.9855537979E+03   5.2871925277E+02   7.5110541708E+01   1.4709928588E+01   1.0220372372E+03   2.7012042561E+01   2.5173702879E+03
  8.1500000000E+00   1.7616018575E+04   2.8859696085E+01   7.4658617565E+00   3.9856970260E+03   5.2951316535E+02   7.5016712186E+01   1.4709928588E+01   1.0220372372E+03   2.7012042561E+01   2.5173702879E+03
  8.2000000000E+00   1.7632018361E+04   2.8622422254E+01   7.4451518630E+00   3.9858388391E+03   5.3030712794E+02   7.4922999878E+01   1.4709928588E+01   1.0220372372E+03   2.7012042561E+01   2.5173702879E+03
  8.2500000000E+00   1.7648018149E+04   2.8387019689E+01   7.4244994177E+00   3.9859792511E+03   5.3110114012E+02   7.4829404638E+01   1.4709928588E+01   1.0220372372E+03   2.7012042561E+01   2.5173702879E+03
  8.3000000000E+00   1.7664017940E+04   2.8153474526E+01   7.4039042610E+00   3.9861182757E+03   5.3189520152E+02   7.4735926318E+01   1.4709928588E+01   1.0220372372E+03   2.7012042561E+01   2.5173702879E+03
  8.3500000000E+00   1.7680017733E+04   2.7921772994E+01   7.3833662343E+00   3.9862559266E+03   5.3268931174E+02   7.4642564773E+01   1.4709928588E+01   1.0220372372E+03   2.7012042561E+01   2.5173702879E+03
  8.4000000000E+00   1.7696017529E+04   2.7691901416E+01   7.3628851788E+00   3.9863922172E+03   5.3348347041E+02   7.4549319857E+01   1.4709928588E+01   1.0220372372E+03   2.7012042561E+01   2.5173702879E+03
  8.4500000000E+00   1.7712017327E+04   2.7463846203E+01   7.3424609367E+00   3.9865271608E+03   5.3427767714E+02   7.4456191425E+01   1.4709928588E+01   1.0220372372E+03   2.7012042561E+01   2.5173702879E+03
  8.5000000000E+00   1.7728017127E+04   2.7237593860E+01   7.3220933504E+00   3.9866607708E+03   5.3507193155E+02   7.4363179330E+01   1.4709928588E+01   1.0220372372E+03   2.7012042561E+01   2.5173702879E+03
  8.5500000000E+00   1.7744016930E+04   2.7013130982E+01   7.3017822626E+00   3.9867930601E+03   5.3586623326E+02   7.4270283428E+01   1.4709928588E+01   1.0220372372E+03   2.7012042561E+01   2.5173702879E+03
  8.6000000000E+00   1.7760016734E+04   2.6790444252E+01   7.2815275167E+00   3.9869240418E+03   5.3666058190E+02   7.4177503574E+01   1.4709928588E+01   1.0220372372E+03   2.7012042561E+01   2.5173702879E+03
  8.6500000000E+00   1.7776016541E+04   2.6569520445E+01   7.2613289563E+00   3.9870537286E+03   5.3745497710E+02   7.4084839621E+01   1.4709928588E+01   1.0220372372E+03   2.7012042561E+01   2.5173702879E+03
  8.7000000000E+00   1.7792016351E+04   2.6350346424E+01   7.2411864257E+00   3.9871821334E+03   5.3824941849E+02   7.3992291426E+01   1.4709928588E+01   1.0220372372E+03   2.7012042561E+01   2.5173702879E+03
  8.7500000000E+00   1.7808016162E+04   2.6132909142E+01   7.2210997693E+00   3.9873092686E+03   5.3904390571E+02   7.3899858844E+01   1.4709928588E+01   1.0220372372E+03   2.7012042561E+01   2.5173702879E+03
  8.8000000000E+00   1.7824015976E+04   2.5917195639E+01   7.2010688322E+00   3.9874351469E+03   5.3983843839E+02   7.3807541731E+01   1.4709928588E+01   1.0220372372E+03   2.7012042561E+01   2.5173702879E+03
  8.8500000000E+00   1.7840015791E+04   2.5703193041E+01   7.1810934598E+00   3.9875597804E+03   5.4063301618E+02   7.3715339942E+01   1.4709928588E+01   1.0220372372E+03   2.7012042561E+01   2.5173702879E+03
  8.9000000000E+00   1.7856015609E+04   2.5490888564E+01   7.1611734981E+00   3.9876831815E+03   5.4142763871E+02   7.3623253333E+01   1.4709928588E+01   1.0220372372E+03   2.7012042561E+01   2.5173702879E+03
  8.9500000000E+00   1.7872015429E+04   2.5280269510E+01   7.1413087932E+00   3.9878053623E+03   5.4222230564E+02   7.3531281761E+01   1.4709928588E+01   1.0220372372E+03   2.7012042561E+01   2.5173702879E+03
  9.0000000000E+00   1.7888015251E+04   2.5071323266E+01   7.1214991919E+00   3.9879263347E+03   5.4301701661E+02   7.3439425081E+01   1.4709928588E+01   1.0220372372E+03   2.7012042561E+01   2.5173702879E+03
  9.0500000000E+00   1.7904015075E+04   2.4864037305E+01   7.1017445414E+00   3.9880461107E+03   5.4381177126E+02   7.3347683150E+01   1.4709928588E+01   1.0220372372E+03   2.7012042561E+01   2.5173702879E+03
  9.1000000000E+00   1.7920014901E+04   2.4658399186E+01   7.0820446892E+00   3.9881647019E+03   5.4460656926E+02   7.3256055825E+01   1.4709928588E+01   1.0220372372E+03   2.7012042561E+01   2.5173702879E+03
  9.1500000000E+00   1.7936014729E+04   2.4454396552E+01   7.0623994833E+00   3.9882821201E+03   5.4540141026E+02   7.3164542963E+01   1.4709928588E+01   1.0220372372E+03   2.7012042561E+01   2.5173702879E+03
  9.2000000000E+00   1.7952014559E+04   2.4252017130E+01   7.0428087722E+00   3.9883983768E+03   5.4619629392E+02   7.3073144420E+01   1.4709928588E+01   1.0220372372E+03   2.7012042561E+01   2.5173702879E+03
  9.2500000000E+00   1.7968014391E+04   2.4051248733E+01   7.0232724046E+00   3.9885134834E+03   5.4699121990E+02   7.2981860054E+01   1.4709928588E+01   1.0220372372E+03   2.7012042561E+01   2.5173702879E+03
  9.3000000000E+00   1.7984014225E+04   2.3852079253E+01   7.0037902298E+00   3.9886274512E+03   5.4778618786E+02   7.2890689723E+01   1.4709928588E+01   1.0220372372E+03   2.7012042561E+01   2.5173702879E+03
  9.3500000000E+00   1.8000014061E+04   2.3654496670E+01   6.9843620975E+00   3.9887402914E+03   5.4858119747E+02   7.2799633283E+01   1.4709928588E+01   1.0220372372E+03   2.7012042561E+01   2.5173702879E+03
  9.4000000000E+00   1.8016013898E+04   2.3458489041E+01   6.9649878578E+00   3.9888520151E+03   5.4937624840E+02   7.2708690592E+01   1.4709928588E+01   1.0220372372E+03   2.7012042561E+01   2.5173702879E+03
  9.4500000000E+00   1.8032013738E+04   2.3264044510E+01   6.9456673612E+00   3.9889626333E+03   5.5017134032E+02   7.2617861509E+01   1.4709928588E+01   1.0220372372E+03   2.7012042561E+01   2.5173702879E+03
  9.5000000000E+00   1.8048013579E+04   2.3071151298E+01   6.9264004586E+00   3.9890721569E+03   5.5096647290E+02   7.2527145891E+01   1.4709928588E+01   1.0220372372E+03   2.7012042561E+01   2.5173702879E+03
  9.5500000000E+00   1.8064013422E+04   2.2879797710E+01   6.9071870014E+00   3.9891805967E+03   5.5176164582E+02   7.2436543597E+01   1.4709928588E+01   1.0220372372E+03   2.7012042561E+01   2.5173702879E+03
  9.6000000000E+00   1.8080013268E+04   2.2689972130E+01   6.8880268412E+00   3.9892879633E+03   5.5255685875E+02   7.2346054485E+01   1.4709928588E+01   1.0220372372E+03   2.7012042561E+01   2.5173702879E+03
  9.6500000000E+00   1.8096013114E+04   2.2501663022E+01   6.8689198302E+00   3.9893942672E+03   5.5335211138E+02   7.2255678413E+01   1.4709928588E+01   1.0220372372E+03   2.7012042561E+01   2.5173702879E+03
  9.7000000000E+00   1.8112012963E+04   2.2314858930E+01   6.8498658211E+00   3.9894995190E+03   5.5414740340E+02   7.2165415242E+01   1.4709928588E+01   1.0220372372E+03   2.7012042561E+01   2.5173702879E+03
  9.7500000000E+00   1.8128012813E+04   2.2129548477E+01   6.8308646667E+00   3.9896037290E+03   5.5494273448E+02   7.2075264828E+01   1.4709928588E+01   1.0220372372E+03   2.7012042561E+01   2.5173702879E+03
  9.8000000000E+00   1.8144012665E+04   2.1945720365E+01   6.8119162205E+00   3.9897069074E+03   5.5573810431E+02   7.1985227033E+01   1.4709928588E+01   1.0220372372E+03   2.7012042561E+01   2.5173702879E+03
  9.8500000000E+00   1.8160012519E+04   2.1763363372E+01   6.7930203363E+00   3.9898090644E+03   5.5653351259E+02   7.1895301714E+01   1.4709928588E+01   1.0220372372E+03   2.7012042561E+01   2.5173702879E+03
  9.9000000000E+00   1.8176012374E+04   2.1582466358E+01   6.7741768682E+00   3.9899102102E+03   5.5732895901E+02   7.1805488732E+01   1.4709928588E+01   1.0220372372E+03   2.7012042561E+01   2.5173702879E+03
  9.9500000000E+00   1.8192012231E+04   2.1403018256E+01   6.7553856709E+00   3.9900103545E+03   5.5812444325E+02   7.1715787945E+01   1.4709928588E+01   1.0220372372E+03   2.7012042561E+01   2.5173702879E+03
  1.0000000000E+01   1.8208012090E+04   2.1225008077E+01   6.7366465993E+00   3.9901095074E+03   5.5891996503E+02   7.1626199215E+01   1.4709928588E+01   1.0220372372E+03   2.7012042561E+01   2.5173702879E+03
  1.0050000000E+01   1.8224011950E+04   2.1048424910E+01   6.7179595089E+00   3.9902076785E+03   5.5971552404E+02   7.1536722401E+01   1.4709928588E+01   1.0220372372E+03   2.7012042561E+01   2.5173702879E+03
  1.0100000000E+01   1.8240011812E+04   2.0873257917E+01   6.6993242555E+00   3.9903048776E+03   5.6051111998E+02   7.1447357362E+01   1.4709928588E+01   1.0220372372E+03   2.7012042561E+01   2.5173702879E+03
  1.0150000000E+01   1.8256011676E+04   2.0699496339E+01   6.6807406952E+00   3.9904011141E+03   5.6130675256E+02   7.1358103961E+01   1.4709928588E+01   1.0220372372E+03   2.7012042561E+01   2.5173702879E+03
  1.0200000000E+01   1.8272011541E+04   2.0527129489E+01   6.6622086847E+00   3.9904963977E+03   5.6210242147E+02   7.1268962056E+01   1.4709928588E+01   1.0220372372E+03   2.7012042561E+01   2.5173702879E+03
  1.0250000000E+01   1.8288011407E+04   2.0356146756E+01   6.6437280811E+00   3.9905907377E+03   5.6289812644E+02   7.1179931509E+01   1.4709928588E+01   1.0220372372E+03   2.7012042561E+01   2.5173702879E+03
  1.0300000000E+01   1.8304011275E+04   2.0186537602E+01   6.6252987415E+00   3.9906841434E+03   5.6369386717E+02   7.1091012181E+01   1.4709928588E+01   1.0220372372E+03   2.7012042561E+01   2.5173702879E+03
  1.0350000000E+01   1.8320011145E+04   2.0018291564E+01   6.6069205240E+00   3.9907766240E+03   5.6448964337E+02   7.1002203932E+01   1.4709928588E+01   1.0220372372E+03   2.7012042561E+01   2.5173702879E+03
  1.0400000000E+01   1.8336011016E+04   1.9851398251E+01   6.5885932867E+00   3.9908681886E+03   5.6528545477E+02   7.0913506625E+01   1.4709928588E+01   1.0220372372E+03   2.7012042561E+01   2.5173702879E+03
  1.0450000000E+01   1.8352010889E+04   1.9685847347E+01   6.5703168881E+00   3.9909588463E+03   5.6608130106E+02   7.0824920120E+01   1.4709928588E+01   1.0220372372E+03   2.7012042561E+01   2.5173702879E+03
  1.0500000000E+01   1.8368010763E+04   1.9521628604E+01   6.5520911872E+00   3.9910486059E+03   5.6687718199E+02   7.0736444279E+01   1.4709928588E+01   1.0220372372E+03   2.7012042561E+01   2.5173702879E+03
  1.0550000000E+01   1.8384010639E+04   1.9358731851E+01   6.5339160435E+00   3.9911374764E+03   5.6767309726E+02   7.0648078963E+01   1.4709928588E+01   1.0220372372E+03   2.7012042561E+01   2.5173702879E+03
  1.0600000000E+01   1.8400010516E+04   1.9197146986E+01   6.5157913166E+00   3.9912254666E+03   5.6846904661E+02   7.0559824035E+01   1.4709928588E+01   1.0220372372E+03   2.7012042561E+01   2.5173702879E+03
  1.0650000000E+01   1.8416010394E+04   1.9036863976E+01   6.4977168667E+00   3.9913125850E+03   5.6926502975E+02   7.0471679357E+01   1.4709928588E+01   1.0220372372E+03   2.7012042561E+01   2.5173702879E+03
  1.0700000000E+01   1.8432010274E+04   1.8877872864E+01   6.4796925543E+00   3.9913988404E+03   5.7006104642E+02   7.0383644791E+01   1.4709928588E+01   1.0220372372E+03   2.7012042561E+01   2.5173702879E+03
  1.0750000000E+01   1.8448010155E+04   1.8720163757E+01   6.4617182404E+00   3.9914842411E+03   5.7085709634E+02   7.0295720199E+01   1.4709928588E+01   1.0220372372E+03   2.7012042561E+01   2.5173702879E+03
  1.0800000000E+01   1.8464010038E+04   1.8563726836E+01   6.4437937863E+00   3.9915687958E+03   5.7165317926E+02   7.0207905445E+01   1.4709928588E+01   1.0220372372E+03   2.7012042561E+01   2.5173702879E+03
  1.0850000000E+01   1.8480009921E+04   1.8408552351E+01   6.4259190536E+00   3.9916525126E+03   5.7244929489E+02   7.0120200390E+01   1.4709928588E+01   1.0220372372E+03   2.7012042561E+01   2.5173702879E+03
  1.0900000000E+01   1.8496009807E+04   1.8254630619E+01   6.4080939045E+00   3.9917353998E+03   5.7324544298E+02   7.0032604898E+01   1.4709928588E+01   1.0220372372E+03   2.7012042561E+01   2.5173702879E+03
  1.0950000000E+01   1.8512009693E+04   1.8101952026E+01   6.3903182014E+00   3.9918174658E+03   5.7404162327E+02   6.9945118832E+01   1.4709928588E+01   1.0220372372E+03   2.7012042561E+01   2.5173702879E+03
  1.1000000000E+01   1.8528009581E+04   1.7950507028E+01   6.3725918070E+00   3.9918987184E+03   5.7483783549E+02   6.9857742055E+01   1.4709928588E+01   1.0220372372E+03   2.7012042561E+01   2.5173702879E+03
  1.1050000000E+01   1.8544009470E+04   1.7800286147E+01   6.3549145848E+00   3.9919791659E+03   5.7563407940E+02   6.9770474431E+01   1.4709928588E+01   1.0220372372E+03   2.7012042561E+01   2.5173702879E+03
  1.1100000000E+01   1.8560009361E+04   1.7651279971E+01   6.3372863982E+00   3.9920588161E+03   5.7643035472E+02   6.9683315824E+01   1.4709928588E+01   1.0220372372E+03   2.7012042561E+01   2.5173702879E+03
  1.1150000000E+01   1.8576009252E+04   1.7503479159E+01   6.3197071112E+00   3.9921376769E+03   5.7722666122E+02   6.9596266096E+01   1.4709928588E+01   1.0220372372E+03   2.7012042561E+01   2.5173702879E+03
  1.1200000000E+01   1.8592009145E+04   1.7356874431E+01   6.3021765882E+00   3.9922157561E+03   5.7802299863E+02   6.9509325113E+01   1.4709928588E+01   1.0220372372E+03   2.7012042561E+01   2.5173702879E+03
  1.1250000000E+01   1.8608009039E+04   1.7211456578E+01   6.2846946939E+00   3.9922930613E+03   5.7881936671E+02   6.9422492738E+01   1.4709928588E+01   1.0220372372E+03   2.7012042561E+01   2.5173702879E+03
  1.1300000000E+01   1.8624008935E+04   1.7067216454E+01   6.2672612935E+00   3.9923696004E+03   5.7961576520E+02   6.9335768836E+01   1.4709928588E+01   1.0220372372E+03   2.7012042561E+01   2.5173702879E+03
  1.1350000000E+01   1.8640008831E+04   1.6924144978E+01   6.2498762523E+00   3.9924453807E+03   5.8041219388E+02   6.9249153271E+01   1.4709928588E+01   1.0220372372E+03   2.7012042561E+01   2.5173702879E+03
  1.1400000000E+01   1.8656008729E+04   1.6782233134E+01   6.2325394363E+00   3.9925204099E+03   5.8120865247E+02   6.9162645908E+01   1.4709928588E+01   1.0220372372E+03   2.7012042561E+01   2.5173702879E+03
  1.1450000000E+01   1.8672008628E+04   1.6641471972E+01   6.2152507117E+00   3.9925946953E+03   5.8200514076E+02   6.9076246611E+01   1.4709928588E+01   1.0220372372E+03   2.7012042561E+01   2.5173702879E+03
  1.1500000000E+01   1.8688008528E+04   1.6501852605E+01   6.1980099450E+00   3.9926682442E+03   5.8280165849E+02   6.8989955246E+01   1.4709928588E+01   1.0220372372E+03   2.7012042561E+01   2.5173702879E+03
  1.1550000000E+01   1.8704008430E+04   1.6363366208E+01   6.1808170033E+00   3.9927410640E+03   5.8359820543E+02   6.8903771678E+01   1.4709928588E+01   1.0220372372E+03   2.7012042561E+01   2.5173702879E+03
  1.1600000000E+01   1.8720008332E+04   1.6226004022E+01   6.1636717539E+00   3.9928131619E+03   5.8439478133E+02   6.8817695772E+01   1.4709928588E+01   1.0220372372E+03   2.7012042561E+01   2.5173702879E+03
  1.1650000000E+01   1.8736008236E+04   1.6089757349E+01   6.1465740645E+00   3.9928845449E+03   5.8519138598E+02   6.8731727394E+01   1.4709928588E+01   1.0220372372E+03   2.7012042561E+01   2.5173702879E+03
  1.1700000000E+01   1.8752008140E+04   1.5954617553E+01   6.1295238031E+00   3.9929552202E+03   5.8598801912E+02   6.8645866409E+01   1.4709928588E+01   1.0220372372E+03   2.7012042561E+01   2.5173702879E+03
  1.1750000000E+01   1.8768008046E+04   1.5820576063E+01   6.1125208383E+00   3.9930251947E+03   5.8678468054E+02   6.8560112683E+01   1.4709928588E+01   1.0220372372E+03   2.7012042561E+01   2.5173702879E+03
  1.1800000000E+01   1.8784007953E+04   1.5687624365E+01   6.0955650387E+00   3.9930944753E+03   5.8758136999E+02   6.8474466083E+01   1.4709928588E+01   1.0220372372E+03   2.7012042561E+01   2.5173702879E+03
  1.1850000000E+01   1.8800007861E+04   1.5555754010E+01   6.0786562736E+00   3.9931630690E+03   5.8837808726E+02   6.8388926474E+01   1.4709928588E+01   1.0220372372E+03   2.7012042561E+01   2.5173702879E+03
  1.1900000000E+01   1.8816007770E+04   1.5424956609E+01   6.0617944125E+00   3.9932309825E+03   5.8917483212E+02   6.8303493722E+01   1.4709928588E+01   1.0220372372E+03   2.7012042561E+01   2.5173702879E+03
  1.1950000000E+01   1.8832007680E+04   1.5295223832E+01   6.0449793252E+00   3.9932982225E+03   5.8997160434E+02   6.8218167695E+01   1.4709928588E+01   1.0220372372E+03   2.7012042561E+01   2.5173702879E+03
  1.2000000000E+01   1.8848007591E+04   1.5166547411E+01   6.0282108821E+00   3.9933647957E+03   5.9076840370E+02   6.8132948259E+01   1.4709928588E+01   1.0220372372E+03   2.7012042561E+01   2.5173702879E+03
  1.2050000000E+01   1.8864007503E+04   1.5038919137E+01   6.0114889538E+00   3.9934307086E+03   5.9156522998E+02   6.8047835280E+01   1.4709928588E+01   1.0220372372E+03   2.7012042561E+01   2.5173702879E+03
  1.2100000000E+01   1.8880007416E+04   1.4912330859E+01   5.9948134112E+00   3.9934959679E+03   5.9236208296E+02   6.7962828626E+01   1.4709928588E+01   1.0220372372E+03   2.7012042561E+01   2.5173702879E+03
  1.2150000000E+01   1.8896007330E+04   1.4786774488E+01   5.9781841256E+00   3.9935605799E+03   5.9315896242E+02   6.7877928164E+01   1.4709928588E+01   1.0220372372E+03   2.7012042561E+01   2.5173702879E+03
  1.2200000000E+01   1.8912007245E+04   1.4662241990E+01   5.9616009687E+00   3.9936245511E+03   5.9395586815E+02   6.7793133761E+01   1.4709928588E+01   1.0220372372E+03   2.7012042561E+01   2.5173702879E+03
  1.2250000000E+01   1.8928007161E+04   1.4538725392E+01   5.9450638126E+00   3.9936878878E+03   5.9475279993E+02   6.7708445286E+01   1.4709928588E+01   1.0220372372E+03   2.7012042561E+01   2.5173702879E+03
  1.2300000000E+01   1.8944007078E+04   1.4416216777E+01   5.9285725297E+00   3.9937505962E+03   5.9554975756E+02   6.7623862604E+01   1.4709928588E+01   1.0220372372E+03   2.7012042561E+01   2.5173702879E+03
  1.2350000000E+01   1.8960006996E+04   1.4294708287E+01   5.9121269927E+00   3.9938126826E+03   5.9634674081E+02   6.7539385585E+01   1.4709928588E+01   1.0220372372E+03   2.7012042561E+01   2.5173702879E+03
  1.2400000000E+01   1.8976006915E+04   1.4174192120E+01   5.8957270748E+00   3.9938741532E+03   5.9714374948E+02   6.7455014096E+01   1.4709928588E+01   1.0220372372E+03   2.7012042561E+01   2.5173702879E+03
  1.2450000000E+01   1.8992006835E+04   1.4054660531E+01   5.8793726493E+00   3.9939350139E+03   5.9794078337E+02   6.7370748006E+01   1.4709928588E+01   1.0220372372E+03   2.7012042561E+01   2.5173702879E+03
  1.2500000000E+01   1.9008006756E+04   1.3936105831E+01   5.8630635901E+00   3.9939952710E+03   5.9873784227E+02   6.7286587182E+01   1.4709928588E+01   1.0220372372E+03   2.7012042561E+01   2.5173702879E+03
  1.2550000000E+01   1.9024006677E+04   1.3818520388E+01   5.8467997713E+00   3.9940549302E+03   5.9953492597E+02   6.7202531494E+01   1.4709928588E+01   1.0220372372E+03   2.7012042561E+01   2.5173702879E+03
  1.2600000000E+01   1.9040006600E+04   1.3701896624E+01   5.8305810675E+00   3.9941139976E+03   6.0033203427E+02   6.7118580810E+01   1.4709928588E+01   1.0220372372E+03   2.7012042561E+01   2.5173702879E+03
  1.2650000000E+01   1.9056006523E+04   1.3586227019E+01   5.8144073535E+00   3.9941724790E+03   6.0112916696E+02   6.7034734998E+01   1.4709928588E+01   1.0220372372E+03   2.7012042561E+01   2.5173702879E+03
  1.2700000000E+01   1.9072006448E+04   1.3471504106E+01   5.7982785045E+00   3.9942303802E+03   6.0192632386E+02   6.6950993929E+01   1.4709928588E+01   1.0220372372E+03   2.7012042561E+01   2.5173702879E+03
  1.2750000000E+01   1.9088006373E+04   1.3357720471E+01   5.7821943960E+00   3.9942877068E+03   6.0272350476E+02   6.6867357470E+01   1.4709928588E+01   1.0220372372E+03   2.7012042561E+01   2.5173702879E+03
  1.2800000000E+01   1.9104006299E+04   1.3244868758E+01   5.7661549040E+00   3.9943444648E+03   6.0352070947E+02   6.6783825491E+01   1.4709928588E+01   1.0220372372E+03   2.7012042561E+01   2.5173702879E+03
  1.2850000000E+01   1.9120006226E+04   1.3132941661E+01   5.7501599046E+00   3.9944006595E+03   6.0431793779E+02   6.6700397863E+01   1.4709928588E+01   1.0220372372E+03   2.7012042561E+01   2.5173702879E+03
  1.2900000000E+01   1.9136006154E+04   1.3021931931E+01   5.7342092745E+00   3.9944562966E+03   6.0511518952E+02   6.6617074453E+01   1.4709928588E+01   1.0220372372E+03   2.7012042561E+01   2.5173702879E+03
  1.2950000000E+01   1.9152006083E+04   1.2911832370E+01   5.7183028906E+00   3.9945113817E+03   6.0591246448E+02   6.6533855133E+01   1.4709928588E+01   1.0220372372E+03   2.7012042561E+01   2.5173702879E+03
  1.3000000000E+01   1.9168006012E+04   1.2802635833E+01   5.7024406301E+00   3.9945659202E+03   6.0670976248E+02   6.6450739772E+01   1.4709928588E+01   1.0220372372E+03   2.7012042561E+01   2.5173702879E+03
  1.3050000000E+01   1.9184005942E+04   1.2694335228E+01   5.6866223707E+00   3.9946199175E+03   6.0750708332E+02   6.6367728241E+01   1.4709928588E+01   1.0220372372E+03   2.7012042561E+01   2.5173702879E+03
  1.3100000000E+01   1.9200005873E+04   1.2586923515E+01   5.6708479902E+00   3.9946733789E+03   6.0830442682E+02   6.6284820408E+01   1.4709928588E+01   1.0220372372E+03   2.7012042561E+01   2.5173702879E+03
  1.3150000000E+01   1.9216005805E+04   1.2480393706E+01   5.6551173671E+00   3.9947263098E+03   6.0910179280E+02   6.6202016146E+01   1.4709928588E+01   1.0220372372E+03   2.7012042561E+01   2.5173702879E+03
  1.3200000000E+01   1.9232005738E+04   1.2374738864E+01   5.6394303798E+00   3.9947787154E+03   6.0989918106E+02   6.6119315325E+01   1.4709928588E+01   1.0220372372E+03   2.7012042561E+01   2.5173702879E+03
  1.3250000000E+01   1.9248005671E+04   1.2269952102E+01   5.6237869074E+00   3.9948306009E+03   6.1069659143E+02   6.6036717815E+01   1.4709928588E+01   1.0220372372E+03   2.7012042561E+01   2.5173702879E+03
  1.3300000000E+01   1.9264005606E+04   1.2166026587E+01   5.6081868291E+00   3.9948819715E+03   6.1149402372E+02   6.5954223487E+01   1.4709928588E+01   1.0220372372E+03   2.7012042561E+01   2.5173702879E+03
  1.3350000000E+01   1.9280005540E+04   1.2062955533E+01   5.5926300245E+00   3.9949328322E+03   6.1229147776E+02   6.5871832213E+01   1.4709928588E+01   1.0220372372E+03   2.7012042561E+01   2.5173702879E+03
  1.3400000000E+01   1.9296005476E+04   1.1960732206E+01   5.5771163738E+00   3.9949831881E+03   6.1308895337E+02   6.5789543864E+01   1.4709928588E+01   1.0220372372E+03   2.7012042561E+01   2.5173702879E+03
  1.3450000000E+01   1.9312005413E+04   1.1859349922E+01   5.5616457570E+00   3.9950330442E+03   6.1388645036E+02   6.5707358311E+01   1.4709928588E+01   1.0220372372E+03   2.7012042561E+01   2.5173702879E+03
  1.3500000000E+01   1.9328005350E+04   1.1758802044E+01   5.5462180548E+00   3.9950824055E+03   6.1468396856E+02   6.5625275425E+01   1.4709928588E+01   1.0220372372E+03   2.7012042561E+01   2.5173702879E+03
  1.3550000000E+01   1.9344005288E+04   1.1659081987E+01   5.5308331483E+00   3.9951312768E+03   6.1548150781E+02   6.5543295080E+01   1.4709928588E+01   1.0220372372E+03   2.7012042561E+01   2.5173702879E+03
  1.3600000000E+01   1.9360005226E+04   1.1560183214E+01   5.5154909187E+00   3.9951796631E+03   6.1627906791E+02   6.5461417145E+01   1.4709928588E+01   1.0220372372E+03   2.7012042561E+01   2.5173702879E+03
  1.3650000000E+01   1.9376005166E+04   1.1462099236E+01   5.5001912476E+00   3.9952275690E+03   6.1707664871E+02   6.5379641494E+01   1.4709928588E+01   1.0220372372E+03   2.7012042561E+01   2.5173702879E+03
  1.3700000000E+01   1.9392005106E+04   1.1364823611E+01   5.4849340169E+00   3.9952749994E+03   6.1787425004E+02   6.5297967999E+01   1.4709928588E+01   1.0220372372E+03   2.7012042561E+01   2.5173702879E+03
  1.3750000000E+01   1.9408005047E+04   1.1268349947E+01   5.4697191090E+00   3.9953219589E+03   6.1867187171E+02   6.5216396532E+01   1.4709928588E+01   1.0220372372E+03   2.7012042561E+01   2.5173702879E+03
  1.3800000000E+01   1.9424004988E+04   1.1172671898E+01   5.4545464063E+00   3.9953684523E+03   6.1946951358E+02   6.5134926965E+01   1.4709928588E+01   1.0220372372E+03   2.7012042561E+01   2.5173702879E+03
  1.3850000000E+01   1.9440004930E+04   1.1077783167E+01   5.4394157920E+00   3.9954144842E+03   6.2026717546E+02   6.5053559172E+01   1.4709928588E+01   1.0220372372E+03   2.7012042561E+01   2.5173702879E+03
  1.3900000000E+01   1.9456004873E+04   1.0983677501E+01   5.4243271491E+00   3.9954600590E+03   6.2106485720E+02   6.4972293025E+01   1.4709928588E+01   1.0220372372E+03   2.7012042561E+01   2.5173702879E+03
  1.3950000000E+01   1.9472004816E+04   1.0890348696E+01   5.4092803613E+00   3.9955051814E+03   6.2186255862E+02   6.4891128397E+01   1.4709928588E+01   1.0220372372E+03   2.7012042561E+01   2.5173702879E+03
  1.4000000000E+01   1.9488004760E+04   1.0797790593E+01   5.3942753125E+00   3.9955498559E+03   6.2266027958E+02   6.4810065161E+01   1.4709928588E+01   1.0220372372E+03   2.7012042561E+01   2.5173702879E+03
  1.4050000000E+01   1.9504004705E+04   1.0705997080E+01   5.3793118868E+00   3.9955940868E+03   6.2345801990E+02   6.4729103192E+01   1.4709928588E+01   1.0220372372E+03   2.7012042561E+01   2.5173702879E+03
  1.4100000000E+01   1.9520004650E+04   1.0614962088E+01   5.3643899689E+00   3.9956378785E+03   6.2425577943E+02   6.4648242361E+01   1.4709928588E+01   1.0220372372E+03   2.7012042561E+01   2.5173702879E+03
  1.4150000000E+01   1.9536004596E+04   1.0524679598E+01   5.3495094436E+00   3.9956812355E+03   6.2505355801E+02   6.4567482544E+01   1.4709928588E+01   1.0220372372E+03   2.7012042561E+01   2.5173702879E+03
  1.4200000000E+01   1.9552004543E+04   1.0435143631E+01   5.3346701960E+00   3.9957241620E+03   6.2585135547E+02   6.4486823613E+01   1.4709928588E+01   1.0220372372E+03   2.7012042561E+01   2.5173702879E+03
  1.4250000000E+01   1.9568004490E+04   1.0346348255E+01   5.3198721117E+00   3.9957666623E+03   6.2664917168E+02   6.4406265443E+01   1.4709928588E+01   1.0220372372E+03   2.7012042561E+01   2.5173702879E+03
  1.4300000000E+01   1.9584004438E+04   1.0258287583E+01   5.3051150765E+00   3.9958087405E+03   6.2744700646E+02   6.4325807907E+01   1.4709928588E+01   1.0220372372E+03   2.7012042561E+01   2.5173702879E+03
  1.4350000000E+01   1.9600004387E+04   1.0170955772E+01   5.2903989765E+00   3.9958504010E+03   6.2824485967E+02   6.4245450881E+01   1.4709928588E+01   1.0220372372E+03   2.7012042561E+01   2.5173702879E+03
  1.4400000000E+01   1.9616004336E+04   1.0084347021E+01   5.2757236982E+00   3.9958916478E+03   6.2904273115E+02   6.4165194238E+01   1.4709928588E+01   1.0220372372E+03   2.7012042561E+01   2.5173702879E+03
  1.4450000000E+01   1.9632004285E+04   9.9984555743E+00   5.2610891283E+00   3.9959324850E+03   6.2984062076E+02   6.4085037854E+01   1.4709928588E+01   1.0220372372E+03   2.7012042561E+01   2.5173702879E+03
  1.4500000000E+01   1.9648004235E+04   9.9132757185E+00   5.2464951538E+00   3.9959729167E+03   6.3063852834E+02   6.4004981602E+01   1.4709928588E+01   1.0220372372E+03   2.7012042561E+01   2.5173702879E+03
  1.4550000000E+01   1.9664004186E+04   9.8288017836E+00   5.2319416623E+00   3.9960129469E+03   6.3143645374E+02   6.3925025358E+01   1.4709928588E+01   1.0220372372E+03   2.7012042561E+01   2.5173702879E+03
  1.4600000000E+01   1.9680004138E+04   9.7450281420E+00   5.2174285414E+00   3.9960525796E+03   6.3223439682E+02   6.3845168997E+01   1.4709928588E+01   1.0220372372E+03   2.7012042561E+01   2.5173702879E+03
  1.4650000000E+01   1.9696004090E+04   9.6619492083E+00   5.2029556790E+00   3.9960918187E+03   6.3303235743E+02   6.3765412394E+01   1.4709928588E+01   1.0220372372E+03   2.7012042561E+01   2.5173702879E+03
  1.4700000000E+01   1.9712004042E+04   9.5795594395E+00   5.1885229636E+00   3.9961306682E+03   6.3383033542E+02   6.3685755425E+01   1.4709928588E+01   1.0220372372E+03   2.7012042561E+01   2.5173702879E+03
  1.4750000000E+01   1.9728003995E+04   9.4978533340E+00   5.1741302838E+00   3.9961691318E+03   6.3462833065E+02   6.3606197964E+01   1.4709928588E+01   1.0220372372E+03   2.7012042561E+01   2.5173702879E+03
  1.4800000000E+01   1.9744003949E+04   9.4168254318E+00   5.1597775284E+00   3.9962072134E+03   6.3542634298E+02   6.3526739888E+01   1.4709928588E+01   1.0220372372E+03   2.7012042561E+01   2.5173702879E+03
  1.4850000000E+01   1.9760003903E+04   9.3364703141E+00   5.1454645869E+00   3.9962449169E+03   6.3622437226E+02   6.3447381073E+01   1.4709928588E+01   1.0220372372E+03   2.7012042561E+01   2.5173702879E+03
  1.4900000000E+01   1.9776003857E+04   9.2567826030E+00   5.1311913486E+00   3.9962822458E+03   6.3702241836E+02   6.3368121394E+01   1.4709928588E+01   1.0220372372E+03   2.7012042561E+01   2.5173702879E+03
  1.4950000000E+01   1.9792003813E+04   9.1777569611E+00   5.1169577035E+00   3.9963192041E+03   6.3782048114E+02   6.3288960728E+01   1.4709928588E+01   1.0220372372E+03   2.7012042561E+01   2.5173702879E+03
  1.5000000000E+01   1.9808003768E+04   9.0993880916E+00   5.1027635418E+00   3.9963557952E+03   6.3861856045E+02   6.3209898951E+01   1.4709928588E+01   1.0220372372E+03   2.7012042561E+01   2.5173702879E+03
  1.5050000000E+01   1.9824003724E+04   9.0216707375E+00   5.0886087540E+00   3.9963920230E+03   6.3941665616E+02   6.3130935940E+01   1.4709928588E+01   1.0220372372E+03   2.7012042561E+01   2.5173702879E+03
  1.5100000000E+01   1.9840003681E+04   8.9445996816E+00   5.0744932307E+00   3.9964278909E+03   6.4021476813E+02   6.3052071570E+01   1.4709928588E+01   1.0220372372E+03   2.7012042561E+01   2.5173702879E+03
  1.5150000000E+01   1.9856003638E+04   8.8681697463E+00   5.0604168631E+00   3.9964634025E+03   6.4101289623E+02   6.2973305720E+01   1.4709928588E+01   1.0220372372E+03   2.7012042561E+01   2.5173702879E+03
  1.5200000000E+01   1.9872003596E+04   8.7923757933E+00   5.0463795426E+00   3.9964985615E+03   6.4181104032E+02   6.2894638265E+01   1.4709928588E+01   1.0220372372E+03   2.7012042561E+01   2.5173702879E+03
  1.5250000000E+01   1.9888003554E+04   8.7172127232E+00   5.0323811609E+00   3.9965333712E+03   6.4260920027E+02   6.2816069083E+01   1.4709928588E+01   1.0220372372E+03   2.7012042561E+01   2.5173702879E+03
  1.5300000000E+01   1.9904003513E+04   8.6426754752E+00   5.0184216099E+00   3.9965678351E+03   6.4340737596E+02   6.2737598051E+01   1.4709928588E+01   1.0220372372E+03   2.7012042561E+01   2.5173702879E+03
  1.5350000000E+01   1.9920003472E+04   8.5687590270E+00   5.0045007819E+00   3.9966019567E+03   6.4420556723E+02   6.2659225047E+01   1.4709928588E+01   1.0220372372E+03   2.7012042561E+01   2.5173702879E+03
  1.5400000000E+01   1.9936003432E+04   8.4954583944E+00   4.9906185696E+00   3.9966357394E+03   6.4500377398E+02   6.2580949948E+01   1.4709928588E+01   1.0220372372E+03   2.7012042561E+01   2.5173702879E+03
  1.5450000000E+01   1.9952003392E+04   8.4227686313E+00   4.9767748657E+00   3.9966691864E+03   6.4580199607E+02   6.2502772631E+01   1.4709928588E+01   1.0220372372E+03   2.7012042561E+01   2.5173702879E+03
  1.5500000000E+01   1.9968003352E+04   8.3506848290E+00   4.9629695636E+00   3.9967023013E+03   6.4660023336E+02   6.2424692976E+01   1.4709928588E+01   1.0220372372E+03   2.7012042561E+01   2.5173702879E+03
  1.5550000000E+01   1.9984003313E+04   8.2792021162E+00   4.9492025566E+00   3.9967350871E+03   6.4739848574E+02   6.2346710858E+01   1.4709928588E+01   1.0220372372E+03   2.7012042561E+01   2.5173702879E+03
  1.5600000000E+01   2.0000003275E+04   8.2083156589E+00   4.9354737385E+00   3.9967675473E+03   6.4819675308E+02   6.2268826158E+01   1.4709928588E+01   1.0220372372E+03   2.7012042561E+01   2.5173702879E+03
  1.5650000000E+01   2.0016003237E+04   8.1380206597E+00   4.9217830034E+00   3.9967996850E+03   6.4899503526E+02   6.2191038752E+01   1.4709928588E+01   1.0220372372E+03   2.7012042561E+01   2.5173702879E+03
  1.5700000000E+01   2.0032003199E+04   8.0683123580E+00   4.9081302457E+00   3.9968315034E+03   6.4979333214E+02   6.2113348521E+01   1.4709928588E+01   1.0220372372E+03   2.7012042561E+01   2.5173702879E+03
  1.5750000000E+01   2.0048003162E+04   7.9991860293E+00   4.8945153599E+00   3.9968630058E+03   6.5059164361E+02   6.2035755341E+01   1.4709928588E+01   1.0220372372E+03   2.7012042561E+01   2.5173702879E+03
  1.5800000000E+01   2.0064003125E+04   7.9306369854E+00   4.8809382412E+00   3.9968941952E+03   6.5138996955E+02   6.1958259092E+01   1.4709928588E+01   1.0220372372E+03   2.7012042561E+01   2.5173702879E+03
  1.5850000000E+01   2.0080003089E+04   7.8626605738E+00   4.8673987846E+00   3.9969250747E+03   6.5218830983E+02   6.1880859653E+01   1.4709928588E+01   1.0220372372E+03   2.7012042561E+01   2.5173702879E+03
  1.5900000000E+01   2.0096003053E+04   7.7952521777E+00   4.8538968857E+00   3.9969556474E+03   6.5298666433E+02   6.1803556902E+01   1.4709928588E+01   1.0220372372E+03   2.7012042561E+01   2.5173702879E+03
  1.5950000000E+01   2.0112003017E+04   7.7284072154E+00   4.8404324404E+00   3.9969859164E+03   6.5378503294E+02   6.1726350720E+01   1.4709928588E+01   1.0220372372E+03   2.7012042561E+01   2.5173702879E+03
  1.6000000000E+01   2.0128002982E+04   7.6621211406E+00   4.8270053447E+00   3.9970158847E+03   6.5458341554E+02   6.1649240985E+01   1.4709928588E+01   1.0220372372E+03   2.7012042561E+01   2.5173702879E+03
  1.6050000000E+01   2.0144002947E+04   7.5963894415E+00   4.8136154950E+00   3.9970455552E+03   6.5538181201E+02   6.1572227578E+01   1.4709928588E+01   1.0220372372E+03   2.7012042561E+01   2.5173702879E+03
  1.6100000000E+01   2.0160002913E+04   7.5312076412E+00   4.8002627880E+00   3.9970749309E+03   6.5618022224E+02   6.1495310376E+01   1.4709928588E+01   1.0220372372E+03   2.7012042561E+01   2.5173702879E+03
  1.6150000000E+01   2.0176002879E+04   7.4665712968E+00   4.7869471207E+00   3.9971040147E+03   6.5697864611E+02   6.1418489262E+01   1.4709928588E+01   1.0220372372E+03   2.7012042561E+01   2.5173702879E+03
  1.6200000000E+01   2.0192002846E+04   7.4024759999E+00   4.7736683904E+00   3.9971328096E+03   6.5777708350E+02   6.1341764113E+01   1.4709928588E+01   1.0220372372E+03   2.7012042561E+01   2.5173702879E+03
  1.6250000000E+01   2.0208002813E+04   7.3389173756E+00   4.7604264945E+00   3.9971613184E+03   6.5857553431E+02   6.1265134811E+01   1.4709928588E+01   1.0220372372E+03   2.7012042561E+01   2.5173702879E+03
  1.6300000000E+01   2.0224002780E+04   7.2758910827E+00   4.7472213310E+00   3.9971895439E+03   6.5937399841E+02   6.1188601236E+01   1.4709928588E+01   1.0220372372E+03   2.7012042561E+01   2.5173702879E+03
  1.6350000000E+01   2.0240002747E+04   7.2133928136E+00   4.7340527978E+00   3.9972174890E+03   6.6017247571E+02   6.1112163268E+01   1.4709928588E+01   1.0220372372E+03   2.7012042561E+01   2.5173702879E+03
  1.6400000000E+01   2.0256002715E+04   7.1514182936E+00   4.7209207934E+00   3.9972451563E+03   6.6097096608E+02   6.1035820788E+01   1.4709928588E+01   1.0220372372E+03   2.7012042561E+01   2.5173702879E+03
  1.6450000000E+01   2.0272002684E+04   7.0899632810E+00   4.7078252165E+00   3.9972725488E+03   6.6176946943E+02   6.0959573677E+01   1.4709928588E+01   1.0220372372E+03   2.7012042561E+01   2.5173702879E+03
  1.6500000000E+01   2.0288002653E+04   7.0290235667E+00   4.6947659660E+00   3.9972996691E+03   6.6256798563E+02   6.0883421814E+01   1.4709928588E+01   1.0220372372E+03   2.7012042561E+01   2.5173702879E+03
  1.6550000000E+01   2.0304002622E+04   6.9685949743E+00   4.6817429411E+00   3.9973265199E+03   6.6336651459E+02   6.0807365083E+01   1.4709928588E+01   1.0220372372E+03   2.7012042561E+01   2.5173702879E+03
  1.6600000000E+01   2.0320002591E+04   6.9086733592E+00   4.6687560415E+00   3.9973531038E+03   6.6416505619E+02   6.0731403362E+01   1.4709928588E+01   1.0220372372E+03   2.7012042561E+01   2.5173702879E+03
  1.6650000000E+01   2.0336002561E+04   6.8492546092E+00   4.6558051667E+00   3.9973794236E+03   6.6496361034E+02   6.0655536535E+01   1.4709928588E+01   1.0220372372E+03   2.7012042561E+01   2.5173702879E+03
  1.6700000000E+01   2.0352002531E+04   6.7903346435E+00   4.6428902170E+00   3.9974054819E+03   6.6576217691E+02   6.0579764481E+01   1.4709928588E+01   1.0220372372E+03   2.7012042561E+01   2.5173702879E+03
  1.6750000000E+01   2.0368002502E+04   6.7319094131E+00   4.6300110927E+00   3.9974312812E+03   6.6656075582E+02   6.0504087084E+01   1.4709928588E+01   1.0220372372E+03   2.7012042561E+01   2.5173702879E+03
  1.6800000000E+01   2.0384002473E+04   6.6739749001E+00   4.6171676943E+00   3.9974568241E+03   6.6735934695E+02   6.0428504224E+01   1.4709928588E+01   1.0220372372E+03   2.7012042561E+01   2.5173702879E+03
  1.6850000000E+01   2.0400002444E+04   6.6165271178E+00   4.6043599228E+00   3.9974821132E+03   6.6815795021E+02   6.0353015784E+01   1.4709928588E+01   1.0220372372E+03   2.7012042561E+01   2.5173702879E+03
  1.6900000000E+01   2.0416002415E+04   6.5595621104E+00   4.5915876794E+00   3.9975071510E+03   6.6895656549E+02   6.0277621646E+01   1.4709928588E+01   1.0220372372E+03   2.7012042561E+01   2.5173702879E+03
  1.6950000000E+01   2.0432002387E+04   6.5030759525E+00   4.5788508655E+00   3.9975319400E+03   6.6975519270E+02   6.0202321691E+01   1.4709928588E+01   1.0220372372E+03   2.7012042561E+01   2.5173702879E+03
  1.7000000000E+01   2.0448002359E+04   6.4470647494E+00   4.5661493828E+00   3.9975564826E+03   6.7055383172E+02   6.0127115802E+01   1.4709928588E+01   1.0220372372E+03   2.7012042561E+01   2.5173702879E+03
  1.7050000000E+01   2.0464002332E+04   6.3915246365E+00   4.5534831334E+00   3.9975807813E+03   6.7135248246E+02   6.0052003862E+01   1.4709928588E+01   1.0220372372E+03   2.7012042561E+01   2.5173702879E+03
  1.7100000000E+01   2.0480002305E+04   6.3364517789E+00   4.5408520194E+00   3.9976048385E+03   6.7215114483E+02   5.9976985753E+01   1.4709928588E+01   1.0220372372E+03   2.7012042561E+01   2.5173702879E+03
  1.7150000000E+01   2.0496002278E+04   6.2818423720E+00   4.5282559435E+00   3.9976286566E+03   6.7294981872E+02   5.9902061359E+01   1.4709928588E+01   1.0220372372E+03   2.7012042561E+01   2.5173702879E+03
  1.7200000000E+01   2.0512002251E+04   6.2276926403E+00   4.5156948083E+00   3.9976522380E+03   6.7374850404E+02   5.9827230561E+01   1.4709928588E+01   1.0220372372E+03   2.7012042561E+01   2.5173702879E+03
  1.7250000000E+01   2.0528002225E+04   6.1739988379E+00   4.5031685171E+00   3.9976755851E+03   6.7454720070E+02   5.9752493243E+01   1.4709928588E+01   1.0220372372E+03   2.7012042561E+01   2.5173702879E+03
  1.7300000000E+01   2.0544002199E+04   6.1207572478E+00   4.4906769732E+00   3.9976987001E+03   6.7534590859E+02   5.9677849289E+01   1.4709928588E+01   1.0220372372E+03   2.7012042561E+01   2.5173702879E+03
  1.7350000000E+01   2.0560002174E+04   6.0679641821E+00   4.4782200800E+00   3.9977215853E+03   6.7614462762E+02   5.9603298581E+01   1.4709928588E+01   1.0220372372E+03   2.7012042561E+01   2.5173702879E+03
  1.7400000000E+01   2.0576002148E+04   6.0156159815E+00   4.4657977417E+00   3.9977442432E+03   6.7694335770E+02   5.9528841004E+01   1.4709928588E+01   1.0220372372E+03   2.7012042561E+01   2.5173702879E+03
  1.7450000000E+01   2.0592002123E+04   5.9637090153E+00   4.4534098622E+00   3.9977666758E+03   6.7774209873E+02   5.9454476440E+01   1.4709928588E+01   1.0220372372E+03   2.7012042561E+01   2.5173702879E+03
  1.7500000000E+01   2.0608002098E+04   5.9122396810E+00   4.4410563460E+00   3.9977888855E+03   6.7854085063E+02   5.9380204774E+01   1.4709928588E+01   1.0220372372E+03   2.7012042561E+01   2.5173702879E+03
  1.7550000000E+01   2.0624002074E+04   5.8612044042E+00   4.4287370978E+00   3.9978108744E+03   6.7933961330E+02   5.9306025889E+01   1.4709928588E+01   1.0220372372E+03   2.7012042561E+01   2.5173702879E+03
  1.7600000000E+01   2.0640002050E+04   5.8105996384E+00   4.4164520226E+00   3.9978326447E+03   6.8013838665E+02   5.9231939671E+01   1.4709928588E+01   1.0220372372E+03   2.7012042561E+01   2.5173702879E+03
  1.7650000000E+01   2.0656002026E+04   5.7604218648E+00   4.4042010254E+00   3.9978541987E+03   6.8093717059E+02   5.9157946002E+01   1.4709928588E+01   1.0220372372E+03   2.7012042561E+01   2.5173702879E+03
  1.7700000000E+01   2.0672002002E+04   5.7106675921E+00   4.3919840119E+00   3.9978755384E+03   6.8173596503E+02   5.9084044767E+01   1.4709928588E+01   1.0220372372E+03   2.7012042561E+01   2.5173702879E+03
  1.7750000000E+01   2.0688001979E+04   5.6613333562E+00   4.3798008877E+00   3.9978966661E+03   6.8253476988E+02   5.9010235851E+01   1.4709928588E+01   1.0220372372E+03   2.7012042561E+01   2.5173702879E+03
  1.7800000000E+01   2.0704001956E+04   5.6124157201E+00   4.3676515588E+00   3.9979175837E+03   6.8333358506E+02   5.8936519139E+01   1.4709928588E+01   1.0220372372E+03   2.7012042561E+01   2.5173702879E+03
  1.7850000000E+01   2.0720001933E+04   5.5639112737E+00   4.3555359315E+00   3.9979382934E+03   6.8413241048E+02   5.8862894515E+01   1.4709928588E+01   1.0220372372E+03   2.7012042561E+01   2.5173702879E+03
  1.7900000000E+01   2.0736001911E+04   5.5158166336E+00   4.3434539122E+00   3.9979587973E+03   6.8493124604E+02   5.8789361864E+01   1.4709928588E+01   1.0220372372E+03   2.7012042561E+01   2.5173702879E+03
  1.7950000000E+01   2.0752001888E+04   5.4681284429E+00   4.3314054079E+00   3.9979790973E+03   6.8573009167E+02   5.8715921072E+01   1.4709928588E+01   1.0220372372E+03   2.7012042561E+01   2.5173702879E+03
  1.8000000000E+01   2.0768001866E+04   5.4208433711E+00   4.3193903254E+00   3.9979991956E+03   6.8652894728E+02   5.8642572023E+01   1.4709928588E+01   1.0220372372E+03   2.7012042561E+01   2.5173702879E+03
  1.8050000000E+01   2.0784001844E+04   5.3739581134E+00   4.3074085721E+00   3.9980190940E+03   6.8732781279E+02   5.8569314604E+01   1.4709928588E+01   1.0220372372E+03   2.7012042561E+01   2.5173702879E+03
  1.8100000000E+01   2.0800001823E+04   5.3274693915E+00   4.2954600556E+00   3.9980387947E+03   6.8812668811E+02   5.8496148699E+01   1.4709928588E+01   1.0220372372E+03   2.7012042561E+01   2.5173702879E+03
  1.8150000000E+01   2.0816001802E+04   5.2813739524E+00   4.2835446836E+00   3.9980582996E+03   6.8892557316E+02   5.8423074194E+01   1.4709928588E+01   1.0220372372E+03   2.7012042561E+01   2.5173702879E+03
  1.8200000000E+01   2.0832001781E+04   5.2356685688E+00   4.2716623641E+00   3.9980776105E+03   6.8972446785E+02   5.8350090975E+01   1.4709928588E+01   1.0220372372E+03   2.7012042561E+01   2.5173702879E+03
  1.8250000000E+01   2.0848001760E+04   5.1903500386E+00   4.2598130056E+00   3.9980967295E+03   6.9052337211E+02   5.8277198929E+01   1.4709928588E+01   1.0220372372E+03   2.7012042561E+01   2.5173702879E+03
  1.8300000000E+01   2.0864001739E+04   5.1454151852E+00   4.2479965166E+00   3.9981156585E+03   6.9132228586E+02   5.8204397940E+01   1.4709928588E+01   1.0220372372E+03   2.7012042561E+01   2.5173702879E+03
  1.8350000000E+01   2.0880001719E+04   5.1008608567E+00   4.2362128058E+00   3.9981343992E+03   6.9212120901E+02   5.8131687896E+01   1.4709928588E+01   1.0220372372E+03   2.7012042561E+01   2.5173702879E+03
  1.8400000000E+01   2.0896001699E+04   5.0566839260E+00   4.2244617824E+00   3.9981529537E+03   6.9292014148E+02   5.8059068682E+01   1.4709928588E+01   1.0220372372E+03   2.7012042561E+01   2.5173702879E+03
  1.8450000000E+01   2.0912001679E+04   5.0128812907E+00   4.2127433557E+00   3.9981713237E+03   6.9371908320E+02   5.7986540186E+01   1.4709928588E+01   1.0220372372E+03   2.7012042561E+01   2.5173702879E+03
  1.8500000000E+01   2.0928001660E+04   4.9694498728E+00   4.2010574353E+00   3.9981895111E+03   6.9451803408E+02   5.7914102294E+01   1.4709928588E+01   1.0220372372E+03   2.7012042561E+01   2.5173702879E+03
  1.8550000000E+01   2.0944001640E+04   4.9263866186E+00   4.1894039310E+00   3.9982075177E+03   6.9531699406E+02   5.7841754893E+01   1.4709928588E+01   1.0220372372E+03   2.7012042561E+01   2.5173702879E+03
  1.8600000000E+01   2.0960001621E+04   4.8836884984E+00   4.1777827529E+00   3.9982253453E+03   6.9611596304E+02   5.7769497869E+01   1.4709928588E+01   1.0220372372E+03   2.7012042561E+01   2.5173702879E+03
  1.8650000000E+01   2.0976001602E+04   4.8413525065E+00   4.1661938113E+00   3.9982429956E+03   6.9691494096E+02   5.7697331111E+01   1.4709928588E+01   1.0220372372E+03   2.7012042561E+01   2.5173702879E+03
  1.8700000000E+01   2.0992001584E+04   4.7993756608E+00   4.1546370168E+00   3.9982604705E+03   6.9771392775E+02   5.7625254504E+01   1.4709928588E+01   1.0220372372E+03   2.7012042561E+01   2.5173702879E+03
  1.8750000000E+01   2.1008001565E+04   4.7577550027E+00   4.1431122802E+00   3.9982777717E+03   6.9851292331E+02   5.7553267937E+01   1.4709928588E+01   1.0220372372E+03   2.7012042561E+01   2.5173702879E+03
  1.8800000000E+01   2.1024001547E+04   4.7164875972E+00   4.1316195126E+00   3.9982949008E+03   6.9931192759E+02   5.7481371297E+01   1.4709928588E+01   1.0220372372E+03   2.7012042561E+01   2.5173702879E+03
  1.8850000000E+01   2.1040001529E+04   4.6755705324E+00   4.1201586254E+00   3.9983118597E+03   7.0011094051E+02   5.7409564471E+01   1.4709928588E+01   1.0220372372E+03   2.7012042561E+01   2.5173702879E+03
  1.8900000000E+01   2.1056001511E+04   4.6350009192E+00   4.1087295299E+00   3.9983286499E+03   7.0090996199E+02   5.7337847348E+01   1.4709928588E+01   1.0220372372E+03   2.7012042561E+01   2.5173702879E+03
  1.8950000000E+01   2.1072001493E+04   4.5947758917E+00   4.0973321382E+00   3.9983452733E+03   7.0170899195E+02   5.7266219815E+01   1.4709928588E+01   1.0220372372E+03   2.7012042561E+01   2.5173702879E+03
  1.9000000000E+01   2.1088001476E+04   4.5548926064E+00   4.0859663622E+00   3.9983617313E+03   7.0250803034E+02   5.7194681761E+01   1.4709928588E+01   1.0220372372E+03   2.7012042561E+01   2.5173702879E+03
  1.9050000000E+01   2.1104001459E+04   4.5153482426E+00   4.0746321143E+00   3.9983780258E+03   7.0330707707E+02   5.7123233074E+01   1.4709928588E+01   1.0220372372E+03   2.7012042561E+01   2.5173702879E+03
  1.9100000000E+01   2.1120001442E+04   4.4761400016E+00   4.0633293070E+00   3.9983941582E+03   7.0410613208E+02   5.7051873641E+01   1.4709928588E+01   1.0220372372E+03   2.7012042561E+01   2.5173702879E+03
  1.9150000000E+01   2.1136001425E+04   4.4372651072E+00   4.0520578530E+00   3.9984101303E+03   7.0490519530E+02   5.6980603353E+01   1.4709928588E+01   1.0220372372E+03   2.7012042561E+01   2.5173702879E+03
  1.9200000000E+01   2.1152001408E+04   4.3987208050E+00   4.0408176654E+00   3.9984259435E+03   7.0570426665E+02   5.6909422096E+01   1.4709928588E+01   1.0220372372E+03   2.7012042561E+01   2.5173702879E+03
  1.9250000000E+01   2.1168001392E+04   4.3605043626E+00   4.0296086575E+00   3.9984415995E+03   7.0650334607E+02   5.6838329760E+01   1.4709928588E+01   1.0220372372E+03   2.7012042561E+01   2.5173702879E+03
  1.9300000000E+01   2.1184001375E+04   4.3226130692E+00   4.0184307427E+00   3.9984570999E+03   7.0730243348E+02   5.6767326235E+01   1.4709928588E+01   1.0220372372E+03   2.7012042561E+01   2.5173702879E+03
  1.9350000000E+01   2.1200001359E+04   4.2850442355E+00   4.0072838349E+00   3.9984724461E+03   7.0810152883E+02   5.6696411408E+01   1.4709928588E+01   1.0220372372E+03   2.7012042561E+01   2.5173702879E+03
  1.9400000000E+01   2.1216001343E+04   4.2477951938E+00   3.9961678480E+00   3.9984876398E+03   7.0890063203E+02   5.6625585169E+01   1.4709928588E+01   1.0220372372E+03   2.7012042561E+01   2.5173702879E+03
  1.9450000000E+01   2.1232001328E+04   4.2108632972E+00   3.9850826963E+00   3.9985026824E+03   7.0969974304E+02   5.6554847408E+01   1.4709928588E+01   1.0220372372E+03   2.7012042561E+01   2.5173702879E+03
  1.9500000000E+01   2.1248001312E+04   4.1742459202E+00   3.9740282941E+00   3.9985175754E+03   7.1049886177E+02   5.6484198014E+01   1.4709928588E+01   1.0220372372E+03   2.7012042561E+01   2.5173702879E+03
  1.9550000000E+01   2.1264001297E+04   4.1379404581E+00   3.9630045563E+00   3.9985323204E+03   7.1129798817E+02   5.6413636876E+01   1.4709928588E+01   1.0220372372E+03   2.7012042561E+01   2.5173702879E+03
  1.9600000000E+01   2.1280001282E+04   4.1019443268E+00   3.9520113977E+00   3.9985469187E+03   7.1209712216E+02   5.6343163885E+01   1.4709928588E+01   1.0220372372E+03   2.7012042561E+01   2.5173702879E+03
  1.9650000000E+01   2.1296001267E+04   4.0662549630E+00   3.9410487336E+00   3.9985613719E+03   7.1289626369E+02   5.6272778930E+01   1.4709928588E+01   1.0220372372E+03   2.7012042561E+01   2.5173702879E+03
  1.9700000000E+01   2.1312001252E+04   4.0308698236E+00   3.9301164792E+00   3.9985756814E+03   7.1369541269E+02   5.6202481901E+01   1.4709928588E+01   1.0220372372E+03   2.7012042561E+01   2.5173702879E+03
  1.9750000000E+01   2.1328001237E+04   3.9957863860E+00   3.9192145504E+00   3.9985898486E+03   7.1449456909E+02   5.6132272688E+01   1.4709928588E+01   1.0220372372E+03   2.7012042561E+01   2.5173702879E+03
  1.9800000000E+01   2.1344001223E+04   3.9610021475E+00   3.9083428629E+00   3.9986038750E+03   7.1529373283E+02   5.6062151183E+01   1.4709928588E+01   1.0220372372E+03   2.7012042561E+01   2.5173702879E+03
  1.9850000000E+01   2.1360001209E+04   3.9265146255E+00   3.8975013328E+00   3.9986177619E+03   7.1609290386E+02   5.5992117274E+01   1.4709928588E+01   1.0220372372E+03   2.7012042561E+01   2.5173702879E+03
  1.9900000000E+01   2.1376001195E+04   3.8923213571E+00   3.8866898766E+00   3.9986315107E+03   7.1689208210E+02   5.5922170853E+01   1.4709928588E+01   1.0220372372E+03   2.7012042561E+01   2.5173702879E+03
  1.9950000000E+01   2.1392001181E+04   3.8584198993E+00   3.8759084108E+00   3.9986451227E+03   7.1769126750E+02   5.5852311810E+01   1.4709928588E+01   1.0220372372E+03   2.7012042561E+01   2.5173702879E+03
  2.0000000000E+01   2.1408001167E+04   3.8248078284E+00   3.8651568521E+00   3.9986585995E+03   7.1849045999E+02   5.5782540037E+01   1.4709928588E+01   1.0220372372E+03   2.7012042561E+01   2.5173702879E+03
  2.0050000000E+01   2.1424001153E+04   3.7914827401E+00   3.8544351178E+00   3.9986719422E+03   7.1928965952E+02   5.5712855424E+01   1.4709928588E+01   1.0220372372E+03   2.7012042561E+01   2.5173702879E+03
  2.0100000000E+01   2.1440001140E+04   3.7584422494E+00   3.8437431249E+00   3.9986851523E+03   7.2008886603E+02   5.5643257862E+01   1.4709928588E+01   1.0220372372E+03   2.7012042561E+01   2.5173702879E+03
  2.0150000000E+01   2.1456001126E+04   3.7256839904E+00   3.8330807910E+00   3.9986982310E+03   7.2088807944E+02   5.5573747243E+01   1.4709928588E+01   1.0220372372E+03   2.7012042561E+01   2.5173702879E+03
  2.0200000000E+01   2.1472001113E+04   3.6932056161E+00   3.8224480338E+00   3.9987111796E+03   7.2168729972E+02   5.5504323458E+01   1.4709928588E+01   1.0220372372E+03   2.7012042561E+01   2.5173702879E+03
  2.0250000000E+01   2.1488001100E+04   3.6610047982E+00   3.8118447714E+00   3.9987239995E+03   7.2248652679E+02   5.5434986398E+01   1.4709928588E+01   1.0220372372E+03   2.7012042561E+01   2.5173702879E+03
  2.0300000000E+01   2.1504001087E+04   3.6290792273E+00   3.8012709218E+00   3.9987366919E+03   7.2328576060E+02   5.5365735956E+01   1.4709928588E+01   1.0220372372E+03   2.7012042561E+01   2.5173702879E+03
  2.0350000000E+01   2.1520001075E+04   3.5974266121E+00   3.7907264035E+00   3.9987492581E+03   7.2408500109E+02   5.5296572022E+01   1.4709928588E+01   1.0220372372E+03   2.7012042561E+01   2.5173702879E+03
  2.0400000000E+01   2.1536001062E+04   3.5660446801E+00   3.7802111351E+00   3.9987616993E+03   7.2488424821E+02   5.5227494490E+01   1.4709928588E+01   1.0220372372E+03   2.7012042561E+01   2.5173702879E+03
  2.0450000000E+01   2.1552001050E+04   3.5349311769E+00   3.7697250355E+00   3.9987740168E+03   7.2568350189E+02   5.5158503250E+01   1.4709928588E+01   1.0220372372E+03   2.7012042561E+01   2.5173702879E+03
  2.0500000000E+01   2.1568001037E+04   3.5040838659E+00   3.7592680238E+00   3.9987862119E+03   7.2648276208E+02   5.5089598196E+01   1.4709928588E+01   1.0220372372E+03   2.7012042561E+01   2.5173702879E+03
  2.0550000000E+01   2.1584001025E+04   3.4735005290E+00   3.7488400192E+00   3.9987982856E+03   7.2728202874E+02   5.5020779219E+01   1.4709928588E+01   1.0220372372E+03   2.7012042561E+01   2.5173702879E+03
  2.0600000000E+01   2.1600001013E+04   3.4431789654E+00   3.7384409414E+00   3.9988102393E+03   7.2808130179E+02   5.4952046212E+01   1.4709928588E+01   1.0220372372E+03   2.7012042561E+01   2.5173702879E+03
  2.0650000000E+01   2.1616001001E+04   3.4131169923E+00   3.7280707100E+00   3.9988220742E+03   7.2888058119E+02   5.4883399068E+01   1.4709928588E+01   1.0220372372E+03   2.7012042561E+01   2.5173702879E+03
  2.0700000000E+01   2.1632000990E+04   3.3833124443E+00   3.7177292451E+00   3.9988337913E+03   7.2967986687E+02   5.4814837679E+01   1.4709928588E+01   1.0220372372E+03   2.7012042561E+01   2.5173702879E+03
  2.0750000000E+01   2.1648000978E+04   3.3537631736E+00   3.7074164668E+00   3.9988453919E+03   7.3047915880E+02   5.4746361938E+01   1.4709928588E+01   1.0220372372E+03   2.7012042561E+01   2.5173702879E+03
  2.0800000000E+01   2.1664000967E+04   3.3244670493E+00   3.6971322957E+00   3.9988568772E+03   7.3127845691E+02   5.4677971738E+01   1.4709928588E+01   1.0220372372E+03   2.7012042561E+01   2.5173702879E+03
  2.0850000000E+01   2.1680000955E+04   3.2954219582E+00   3.6868766523E+00   3.9988682482E+03   7.3207776116E+02   5.4609666973E+01   1.4709928588E+01   1.0220372372E+03   2.7012042561E+01   2.5173702879E+03
  2.0900000000E+01   2.1696000944E+04   3.2666258036E+00   3.6766494574E+00   3.9988795062E+03   7.3287707148E+02   5.4541447535E+01   1.4709928588E+01   1.0220372372E+03   2.7012042561E+01   2.5173702879E+03
  2.0950000000E+01   2.1712000933E+04   3.2380765061E+00   3.6664506323E+00   3.9988906522E+03   7.3367638782E+02   5.4473313318E+01   1.4709928588E+01   1.0220372372E+03   2.7012042561E+01   2.5173702879E+03
  2.1000000000E+01   2.1728000922E+04   3.2097720027E+00   3.6562800981E+00   3.9989016874E+03   7.3447571015E+02   5.4405264216E+01   1.4709928588E+01   1.0220372372E+03   2.7012042561E+01   2.5173702879E+03
  2.1050000000E+01   2.1744000912E+04   3.1817102473E+00   3.6461377764E+00   3.9989126128E+03   7.3527503839E+02   5.4337300122E+01   1.4709928588E+01   1.0220372372E+03   2.7012042561E+01   2.5173702879E+03
  2.1100000000E+01   2.1760000901E+04   3.1538892102E+00   3.6360235890E+00   3.9989234296E+03   7.3607437251E+02   5.4269420931E+01   1.4709928588E+01   1.0220372372E+03   2.7012042561E+01   2.5173702879E+03
  2.1150000000E+01   2.1776000890E+04   3.1263068781E+00   3.6259374578E+00   3.9989341388E+03   7.3687371246E+02   5.4201626535E+01   1.4709928588E+01   1.0220372372E+03   2.7012042561E+01   2.5173702879E+03
  2.1200000000E+01   2.1792000880E+04   3.0989612540E+00   3.6158793050E+00   3.9989447415E+03   7.3767305817E+02   5.4133916829E+01   1.4709928588E+01   1.0220372372E+03   2.7012042561E+01   2.5173702879E+03
  2.1250000000E+01   2.1808000870E+04   3.0718503569E+00   3.6058490529E+00   3.9989552387E+03   7.3847240961E+02   5.4066291707E+01   1.4709928588E+01   1.0220372372E+03   2.7012042561E+01   2.5173702879E+03
  2.1300000000E+01   2.1824000859E+04   3.0449722219E+00   3.5958466242E+00   3.9989656316E+03   7.3927176672E+02   5.3998751065E+01   1.4709928588E+01   1.0220372372E+03   2.7012042561E+01   2.5173702879E+03
  2.1350000000E+01   2.1840000849E+04   3.0183249000E+00   3.5858719417E+00   3.9989759211E+03   7.4007112946E+02   5.3931294795E+01   1.4709928588E+01   1.0220372372E+03   2.7012042561E+01   2.5173702879E+03
  2.1400000000E+01   2.1856000839E+04   2.9919064580E+00   3.5759249284E+00   3.9989861083E+03   7.4087049777E+02   5.3863922792E+01   1.4709928588E+01   1.0220372372E+03   2.7012042561E+01   2.5173702879E+03
  2.1450000000E+01   2.1872000830E+04   2.9657149782E+00   3.5660055076E+00   3.9989961941E+03   7.4166987162E+02   5.3796634953E+01   1.4709928588E+01   1.0220372372E+03   2.7012042561E+01   2.5173702879E+03
  2.1500000000E+01   2.1888000820E+04   2.9397485584E+00   3.5561136027E+00   3.9990061797E+03   7.4246925094E+02   5.3729431170E+01   1.4709928588E+01   1.0220372372E+03   2.7012042561E+01   2.5173702879E+03
  2.1550000000E+01   2.1904000810E+04   2.9140053121E+00   3.5462491375E+00   3.9990160659E+03   7.4326863570E+02   5.3662311340E+01   1.4709928588E+01   1.0220372372E+03   2.7012042561E+01   2.5173702879E+03
  2.1600000000E+01   2.1920000801E+04   2.8884833677E+00   3.5364120357E+00   3.9990258538E+03   7.4406802585E+02   5.3595275357E+01   1.4709928588E+01   1.0220372372E+03   2.7012042561E+01   2.5173702879E+03
  2.1650000000E+01   2.1936000791E+04   2.8631808691E+00   3.5266022215E+00   3.9990355444E+03   7.4486742134E+02   5.3528323116E+01   1.4709928588E+01   1.0220372372E+03   2.7012042561E+01   2.5173702879E+03
  2.1700000000E+01   2.1952000782E+04   2.8380959749E+00   3.5168196192E+00   3.9990451386E+03   7.4566682212E+02   5.3461454514E+01   1.4709928588E+01   1.0220372372E+03   2.7012042561E+01   2.5173702879E+03
  2.1750000000E+01   2.1968000773E+04   2.8132268590E+00   3.5070641533E+00   3.9990546374E+03   7.4646622815E+02   5.3394669445E+01   1.4709928588E+01   1.0220372372E+03   2.7012042561E+01   2.5173702879E+03
  2.1800000000E+01   2.1984000764E+04   2.7885717099E+00   3.4973357485E+00   3.9990640417E+03   7.4726563939E+02   5.3327967806E+01   1.4709928588E+01   1.0220372372E+03   2.7012042561E+01   2.5173702879E+03
  2.1850000000E+01   2.2000000755E+04   2.7641287308E+00   3.4876343298E+00   3.9990733525E+03   7.4806505579E+02   5.3261349491E+01   1.4709928588E+01   1.0220372372E+03   2.7012042561E+01   2.5173702879E+03
  2.1900000000E+01   2.2016000746E+04   2.7398961396E+00   3.4779598223E+00   3.9990825707E+03   7.4886447731E+02   5.3194814397E+01   1.4709928588E+01   1.0220372372E+03   2.7012042561E+01   2.5173702879E+03
  2.1950000000E+01   2.2032000737E+04   2.7158721685E+00   3.4683121514E+00   3.9990916972E+03   7.4966390389E+02   5.3128362420E+01   1.4709928588E+01   1.0220372372E+03   2.7012042561E+01   2.5173702879E+03
  2.2000000000E+01   2.2048000729E+04   2.6920550643E+00   3.4586912426E+00   3.9991007329E+03   7.5046333551E+02   5.3061993457E+01   1.4709928588E+01   1.0220372372E+03   2.7012042561E+01   2.5173702879E+03
  2.2050000000E+01   2.2064000720E+04   2.6684430878E+00   3.4490970216E+00   3.9991096788E+03   7.5126277210E+02   5.2995707402E+01   1.4709928588E+01   1.0220372372E+03   2.7012042561E+01   2.5173702879E+03
  2.2100000000E+01   2.2080000712E+04   2.6450345142E+00   3.4395294145E+00   3.9991185357E+03   7.5206221364E+02   5.2929504154E+01   1.4709928588E+01   1.0220372372E+03   2.7012042561E+01   2.5173702879E+03
  2.2150000000E+01   2.2096000704E+04   2.6218276325E+00   3.4299883474E+00   3.9991273045E+03   7.5286166008E+02   5.2863383607E+01   1.4709928588E+01   1.0220372372E+03   2.7012042561E+01   2.5173702879E+03
  2.2200000000E+01   2.2112000695E+04   2.5988207457E+00   3.4204737467E+00   3.9991359861E+03   7.5366111138E+02   5.2797345660E+01   1.4709928588E+01   1.0220372372E+03   2.7012042561E+01   2.5173702879E+03
  2.2250000000E+01   2.2128000687E+04   2.5760121708E+00   3.4109855390E+00   3.9991445813E+03   7.5446056749E+02   5.2731390209E+01   1.4709928588E+01   1.0220372372E+03   2.7012042561E+01   2.5173702879E+03
  2.2300000000E+01   2.2144000679E+04   2.5534002382E+00   3.4015236511E+00   3.9991530911E+03   7.5526002838E+02   5.2665517150E+01   1.4709928588E+01   1.0220372372E+03   2.7012042561E+01   2.5173702879E+03
  2.2350000000E+01   2.2160000671E+04   2.5309832922E+00   3.3920880099E+00   3.9991615162E+03   7.5605949399E+02   5.2599726382E+01   1.4709928588E+01   1.0220372372E+03   2.7012042561E+01   2.5173702879E+03
  2.2400000000E+01   2.2176000663E+04   2.5087596903E+00   3.3826785427E+00   3.9991698575E+03   7.5685896430E+02   5.2534017800E+01   1.4709928588E+01   1.0220372372E+03   2.7012042561E+01   2.5173702879E+03
  2.2450000000E+01   2.2192000656E+04   2.4867278036E+00   3.3732951769E+00   3.9991781159E+03   7.5765843926E+02   5.2468391303E+01   1.4709928588E+01   1.0220372372E+03   2.7012042561E+01   2.5173702879E+03
  2.2500000000E+01   2.2208000648E+04   2.4648860165E+00   3.3639378399E+00   3.9991862921E+03   7.5845791883E+02   5.2402846788E+01   1.4709928588E+01   1.0220372372E+03   2.7012042561E+01   2.5173702879E+03
  2.2550000000E+01   2.2224000640E+04   2.4432327265E+00   3.3546064598E+00   3.9991943870E+03   7.5925740298E+02   5.2337384152E+01   1.4709928588E+01   1.0220372372E+03   2.7012042561E+01   2.5173702879E+03
  2.2600000000E+01   2.2240000633E+04   2.4217663441E+00   3.3453009643E+00   3.9992024014E+03   7.6005689165E+02   5.2272003293E+01   1.4709928588E+01   1.0220372372E+03   2.7012042561E+01   2.5173702879E+03
  2.2650000000E+01   2.2256000625E+04   2.4004852929E+00   3.3360212818E+00   3.9992103360E+03   7.6085638482E+02   5.2206704110E+01   1.4709928588E+01   1.0220372372E+03   2.7012042561E+01   2.5173702879E+03
  2.2700000000E+01   2.2272000618E+04   2.3793880095E+00   3.3267673407E+00   3.9992181918E+03   7.6165588244E+02   5.2141486499E+01   1.4709928588E+01   1.0220372372E+03   2.7012042561E+01   2.5173702879E+03
  2.2750000000E+01   2.2288000611E+04   2.3584729430E+00   3.3175390694E+00   3.9992259694E+03   7.6245538447E+02   5.2076350360E+01   1.4709928588E+01   1.0220372372E+03   2.7012042561E+01   2.5173702879E+03
  2.2800000000E+01   2.2304000604E+04   2.3377385554E+00   3.3083363969E+00   3.9992336697E+03   7.6325489089E+02   5.2011295589E+01   1.4709928588E+01   1.0220372372E+03   2.7012042561E+01   2.5173702879E+03
  2.2850000000E+01   2.2320000597E+04   2.3171833212E+00   3.2991592521E+00   3.9992412933E+03   7.6405440164E+02   5.1946322087E+01   1.4709928588E+01   1.0220372372E+03   2.7012042561E+01   2.5173702879E+03
  2.2900000000E+01   2.2336000590E+04   2.2968057273E+00   3.2900075642E+00   3.9992488412E+03   7.6485391669E+02   5.1881429750E+01   1.4709928588E+01   1.0220372372E+03   2.7012042561E+01   2.5173702879E+03
  2.2950000000E+01   2.2352000583E+04   2.2766042731E+00   3.2808812626E+00   3.9992563139E+03   7.6565343601E+02   5.1816618479E+01   1.4709928588E+01   1.0220372372E+03   2.7012042561E+01   2.5173702879E+03
  2.3000000000E+01   2.2368000576E+04   2.2565774702E+00   3.2717802768E+00   3.9992637124E+03   7.6645295956E+02   5.1751888170E+01   1.4709928588E+01   1.0220372372E+03   2.7012042561E+01   2.5173702879E+03
  2.3050000000E+01   2.2384000569E+04   2.2367238426E+00   3.2627045367E+00   3.9992710372E+03   7.6725248730E+02   5.1687238724E+01   1.4709928588E+01   1.0220372372E+03   2.7012042561E+01   2.5173702879E+03
  2.3100000000E+01   2.2400000562E+04   2.2170419260E+00   3.2536539722E+00   3.9992782892E+03   7.6805201919E+02   5.1622670040E+01   1.4709928588E+01   1.0220372372E+03   2.7012042561E+01   2.5173702879E+03
  2.3150000000E+01   2.2416000556E+04   2.1975302686E+00   3.2446285134E+00   3.9992854691E+03   7.6885155521E+02   5.1558182016E+01   1.4709928588E+01   1.0220372372E+03   2.7012042561E+01   2.5173702879E+03
  2.3200000000E+01   2.2432000549E+04   2.1781874300E+00   3.2356280908E+00   3.9992925775E+03   7.6965109530E+02   5.1493774551E+01   1.4709928588E+01   1.0220372372E+03   2.7012042561E+01   2.5173702879E+03
  2.3250000000E+01   2.2448000543E+04   2.1590119820E+00   3.2266526349E+00   3.9992996153E+03   7.7045063945E+02   5.1429447546E+01   1.4709928588E+01   1.0220372372E+03   2.7012042561E+01   2.5173702879E+03
  2.3300000000E+01   2.2464000537E+04   2.1400025079E+00   3.2177020764E+00   3.9993065830E+03   7.7125018761E+02   5.1365200899E+01   1.4709928588E+01   1.0220372372E+03   2.7012042561E+01   2.5173702879E+03
  2.3350000000E+01   2.2480000530E+04   2.1211576028E+00   3.2087763462E+00   3.9993134814E+03   7.7204973974E+02   5.1301034510E+01   1.4709928588E+01   1.0220372372E+03   2.7012042561E+01   2.5173702879E+03
  2.3400000000E+01   2.2496000524E+04   2.1024758732E+00   3.1998753756E+00   3.9993203112E+03   7.7284929582E+02   5.1236948279E+01   1.4709928588E+01   1.0220372372E+03   2.7012042561E+01   2.5173702879E+03
  2.3450000000E+01   2.2512000518E+04   2.0839559371E+00   3.1909990957E+00   3.9993270731E+03   7.7364885581E+02   5.1172942106E+01   1.4709928588E+01   1.0220372372E+03   2.7012042561E+01   2.5173702879E+03
  2.3500000000E+01   2.2528000512E+04   2.0655964238E+00   3.1821474382E+00   3.9993337677E+03   7.7444841968E+02   5.1109015891E+01   1.4709928588E+01   1.0220372372E+03   2.7012042561E+01   2.5173702879E+03
  2.3550000000E+01   2.2544000506E+04   2.0473959739E+00   3.1733203347E+00   3.9993403958E+03   7.7524798739E+02   5.1045169533E+01   1.4709928588E+01   1.0220372372E+03   2.7012042561E+01   2.5173702879E+03
  2.3600000000E+01   2.2560000500E+04   2.0293532393E+00   3.1645177171E+00   3.9993469579E+03   7.7604755891E+02   5.0981402934E+01   1.4709928588E+01   1.0220372372E+03   2.7012042561E+01   2.5173702879E+03
  2.3650000000E+01   2.2576000494E+04   2.0114668828E+00   3.1557395175E+00   3.9993534547E+03   7.7684713420E+02   5.0917715993E+01   1.4709928588E+01   1.0220372372E+03   2.7012042561E+01   2.5173702879E+03
  2.3700000000E+01   2.2592000488E+04   1.9937355783E+00   3.1469856681E+00   3.9993598869E+03   7.7764671324E+02   5.0854108610E+01   1.4709928588E+01   1.0220372372E+03   2.7012042561E+01   2.5173702879E+03
  2.3750000000E+01   2.2608000483E+04   1.9761580105E+00   3.1382561014E+00   3.9993662551E+03   7.7844629599E+02   5.0790580688E+01   1.4709928588E+01   1.0220372372E+03   2.7012042561E+01   2.5173702879E+03
  2.3800000000E+01   2.2624000477E+04   1.9587328753E+00   3.1295507501E+00   3.9993725600E+03   7.7924588241E+02   5.0727132126E+01   1.4709928588E+01   1.0220372372E+03   2.7012042561E+01   2.5173702879E+03
  2.3850000000E+01   2.2640000471E+04   1.9414588788E+00   3.1208695469E+00   3.9993788022E+03   7.8004547249E+02   5.0663762825E+01   1.4709928588E+01   1.0220372372E+03   2.7012042561E+01   2.5173702879E+03
  2.3900000000E+01   2.2656000466E+04   1.9243347382E+00   3.1122124249E+00   3.9993849822E+03   7.8084506618E+02   5.0600472686E+01   1.4709928588E+01   1.0220372372E+03   2.7012042561E+01   2.5173702879E+03
  2.3950000000E+01   2.2672000460E+04   1.9073591811E+00   3.1035793173E+00   3.9993911008E+03   7.8164466345E+02   5.0537261610E+01   1.4709928588E+01   1.0220372372E+03   2.7012042561E+01   2.5173702879E+03
  2.4000000000E+01   2.2688000455E+04   1.8905309455E+00   3.0949701575E+00   3.9993971586E+03   7.8244426428E+02   5.0474129499E+01   1.4709928588E+01   1.0220372372E+03   2.7012042561E+01   2.5173702879E+03
  2.4050000000E+01   2.2704000450E+04   1.8738487800E+00   3.0863848790E+00   3.9994031560E+03   7.8324386863E+02   5.0411076253E+01   1.4709928588E+01   1.0220372372E+03   2.7012042561E+01   2.5173702879E+03
  2.4100000000E+01   2.2720000444E+04   1.8573114434E+00   3.0778234156E+00   3.9994090939E+03   7.8404347646E+02   5.0348101775E+01   1.4709928588E+01   1.0220372372E+03   2.7012042561E+01   2.5173702879E+03
  2.4150000000E+01   2.2736000439E+04   1.8409177049E+00   3.0692857012E+00   3.9994149726E+03   7.8484308777E+02   5.0285205966E+01   1.4709928588E+01   1.0220372372E+03   2.7012042561E+01   2.5173702879E+03
  2.4200000000E+01   2.2752000434E+04   1.8246663436E+00   3.0607716700E+00   3.9994207929E+03   7.8564270250E+02   5.0222388728E+01   1.4709928588E+01   1.0220372372E+03   2.7012042561E+01   2.5173702879E+03
  2.4250000000E+01   2.2768000429E+04   1.8085561489E+00   3.0522812563E+00   3.9994265553E+03   7.8644232063E+02   5.0159649962E+01   1.4709928588E+01   1.0220372372E+03   2.7012042561E+01   2.5173702879E+03
  2.4300000000E+01   2.2784000424E+04   1.7925859202E+00   3.0438143945E+00   3.9994322603E+03   7.8724194213E+02   5.0096989570E+01   1.4709928588E+01   1.0220372372E+03   2.7012042561E+01   2.5173702879E+03
  2.4350000000E+01   2.2800000419E+04   1.7767544666E+00   3.0353710193E+00   3.9994379086E+03   7.8804156698E+02   5.0034407455E+01   1.4709928588E+01   1.0220372372E+03   2.7012042561E+01   2.5173702879E+03
  2.4400000000E+01   2.2816000414E+04   1.7610606073E+00   3.0269510656E+00   3.9994435008E+03   7.8884119514E+02   4.9971903519E+01   1.4709928588E+01   1.0220372372E+03   2.7012042561E+01   2.5173702879E+03
  2.4450000000E+01   2.2832000409E+04   1.7455031713E+00   3.0185544683E+00   3.9994490373E+03   7.8964082659E+02   4.9909477664E+01   1.4709928588E+01   1.0220372372E+03   2.7012042561E+01   2.5173702879E+03
  2.4500000000E+01   2.2848000404E+04   1.7300809969E+00   3.0101811628E+00   3.9994545187E+03   7.9044046129E+02   4.9847129792E+01   1.4709928588E+01   1.0220372372E+03   2.7012042561E+01   2.5173702879E+03
  2.4550000000E+01   2.2864000400E+04   1.7147929325E+00   3.0018310843E+00   3.9994599456E+03   7.9124009921E+02   4.9784859807E+01   1.4709928588E+01   1.0220372372E+03   2.7012042561E+01   2.5173702879E+03
  2.4600000000E+01   2.2880000395E+04   1.6996378357E+00   2.9935041686E+00   3.9994653185E+03   7.9203974034E+02   4.9722667610E+01   1.4709928588E+01   1.0220372372E+03   2.7012042561E+01   2.5173702879E+03
  2.4650000000E+01   2.2896000390E+04   1.6846145738E+00   2.9852003512E+00   3.9994706380E+03   7.9283938464E+02   4.9660553105E+01   1.4709928588E+01   1.0220372372E+03   2.7012042561E+01   2.5173702879E+03
  2.4700000000E+01   2.2912000386E+04   1.6697220232E+00   2.9769195682E+00   3.9994759045E+03   7.9363903209E+02   4.9598516195E+01   1.4709928588E+01   1.0220372372E+03   2.7012042561E+01   2.5173702879E+03
  2.4750000000E+01   2.2928000381E+04   1.6549590698E+00   2.9686617556E+00   3.9994811187E+03   7.9443868265E+02   4.9536556783E+01   1.4709928588E+01   1.0220372372E+03   2.7012042561E+01   2.5173702879E+03
  2.4800000000E+01   2.2944000377E+04   1.6403246088E+00   2.9604268497E+00   3.9994862810E+03   7.9523833630E+02   4.9474674771E+01   1.4709928588E+01   1.0220372372E+03   2.7012042561E+01   2.5173702879E+03
  2.4850000000E+01   2.2960000372E+04   1.6258175443E+00   2.9522147870E+00   3.9994913919E+03   7.9603799301E+02   4.9412870063E+01   1.4709928588E+01   1.0220372372E+03   2.7012042561E+01   2.5173702879E+03
  2.4900000000E+01   2.2976000368E+04   1.6114367899E+00   2.9440255041E+00   3.9994964520E+03   7.9683765276E+02   4.9351142564E+01   1.4709928588E+01   1.0220372372E+03   2.7012042561E+01   2.5173702879E+03
  2.4950000000E+01   2.2992000364E+04   1.5971812677E+00   2.9358589379E+00   3.9995014618E+03   7.9763731552E+02   4.9289492175E+01   1.4709928588E+01   1.0220372372E+03   2.7012042561E+01   2.5173702879E+03
  2.5000000000E+01   2.3008000359E+04   1.5830499093E+00   2.9277150252E+00   3.9995064217E+03   7.9843698126E+02   4.9227918801E+01   1.4709928588E+01   1.0220372372E+03   2.7012042561E+01   2.5173702879E+03
  2.5050000000E+01   2.3024000355E+04   1.5690416547E+00   2.9195937034E+00   3.9995113323E+03   7.9923664996E+02   4.9166422346E+01   1.4709928588E+01   1.0220372372E+03   2.7012042561E+01   2.5173702879E+03
  2.5100000000E+01   2.3040000351E+04   1.5551554529E+00   2.9114949096E+00   3.9995161940E+03   8.0003632159E+02   4.9105002713E+01   1.4709928588E+01   1.0220372372E+03   2.7012042561E+01   2.5173702879E+03
  2.5150000000E+01   2.3056000347E+04   1.5413902617E+00   2.9034185815E+00   3.9995210074E+03   8.0083599613E+02   4.9043659807E+01   1.4709928588E+01   1.0220372372E+03   2.7012042561E+01   2.5173702879E+03
  2.5200000000E+01   2.3072000343E+04   1.5277450475E+00   2.8953646566E+00   3.9995257729E+03   8.0163567355E+02   4.8982393532E+01   1.4709928588E+01   1.0220372372E+03   2.7012042561E+01   2.5173702879E+03
  2.5250000000E+01   2.3088000339E+04   1.5142187853E+00   2.8873330729E+00   3.9995304910E+03   8.0243535382E+02   4.8921203791E+01   1.4709928588E+01   1.0220372372E+03   2.7012042561E+01   2.5173702879E+03
  2.5300000000E+01   2.3104000335E+04   1.5008104585E+00   2.8793237683E+00   3.9995351621E+03   8.0323503693E+02   4.8860090490E+01   1.4709928588E+01   1.0220372372E+03   2.7012042561E+01   2.5173702879E+03
  2.5350000000E+01   2.3120000331E+04   1.4875190592E+00   2.8713366812E+00   3.9995397868E+03   8.0403472284E+02   4.8799053533E+01   1.4709928588E+01   1.0220372372E+03   2.7012042561E+01   2.5173702879E+03
  2.5400000000E+01   2.3136000327E+04   1.4743435876E+00   2.8633717498E+00   3.9995443655E+03   8.0483441154E+02   4.8738092825E+01   1.4709928588E+01   1.0220372372E+03   2.7012042561E+01   2.5173702879E+03
  2.5450000000E+01   2.3152000323E+04   1.4612830525E+00   2.8554289126E+00   3.9995488986E+03   8.0563410299E+02   4.8677208270E+01   1.4709928588E+01   1.0220372372E+03   2.7012042561E+01   2.5173702879E+03
  2.5500000000E+01   2.3168000319E+04   1.4483364708E+00   2.8475081085E+00   3.9995533866E+03   8.0643379717E+02   4.8616399772E+01   1.4709928588E+01   1.0220372372E+03   2.7012042561E+01   2.5173702879E+03
  2.5550000000E+01   2.3184000316E+04   1.4355028676E+00   2.8396092762E+00   3.9995578300E+03   8.0723349406E+02   4.8555667238E+01   1.4709928588E+01   1.0220372372E+03   2.7012042561E+01   2.5173702879E+03
  2.5600000000E+01   2.3200000312E+04   1.4227812762E+00   2.8317323549E+00   3.9995622292E+03   8.0803319364E+02   4.8495010573E+01   1.4709928588E+01   1.0220372372E+03   2.7012042561E+01   2.5173702879E+03
  2.5650000000E+01   2.3216000308E+04   1.4101707378E+00   2.8238772837E+00   3.9995665846E+03   8.0883289589E+02   4.8434429680E+01   1.4709928588E+01   1.0220372372E+03   2.7012042561E+01   2.5173702879E+03
  2.5700000000E+01   2.3232000305E+04   1.3976703018E+00   2.8160440021E+00   3.9995708967E+03   8.0963260077E+02   4.8373924467E+01   1.4709928588E+01   1.0220372372E+03   2.7012042561E+01   2.5173702879E+03
  2.5750000000E+01   2.3248000301E+04   1.3852790253E+00   2.8082324496E+00   3.9995751659E+03   8.1043230827E+02   4.8313494838E+01   1.4709928588E+01   1.0220372372E+03   2.7012042561E+01   2.5173702879E+03
  2.5800000000E+01   2.3264000297E+04   1.3729959735E+00   2.8004425658E+00   3.9995793926E+03   8.1123201836E+02   4.8253140698E+01   1.4709928588E+01   1.0220372372E+03   2.7012042561E+01   2.5173702879E+03
  2.5850000000E+01   2.3280000294E+04   1.3608202192E+00   2.7926742908E+00   3.9995835773E+03   8.1203173102E+02   4.8192861955E+01   1.4709928588E+01   1.0220372372E+03   2.7012042561E+01   2.5173702879E+03
  2.5900000000E+01   2.3296000290E+04   1.3487508431E+00   2.7849275646E+00   3.9995877204E+03   8.1283144623E+02   4.8132658512E+01   1.4709928588E+01   1.0220372372E+03   2.7012042561E+01   2.5173702879E+03
  2.5950000000E+01   2.3312000287E+04   1.3367869335E+00   2.7772023274E+00   3.9995918222E+03   8.1363116396E+02   4.8072530277E+01   1.4709928588E+01   1.0220372372E+03   2.7012042561E+01   2.5173702879E+03
  2.6000000000E+01   2.3328000284E+04   1.3249275863E+00   2.7694985195E+00   3.9995958832E+03   8.1443088420E+02   4.8012477155E+01   1.4709928588E+01   1.0220372372E+03   2.7012042561E+01   2.5173702879E+03
  2.6050000000E+01   2.3344000280E+04   1.3131719049E+00   2.7618160816E+00   3.9995999039E+03   8.1523060693E+02   4.7952499053E+01   1.4709928588E+01   1.0220372372E+03   2.7012042561E+01   2.5173702879E+03
  2.6100000000E+01   2.3360000277E+04   1.3015190004E+00   2.7541549543E+00   3.9996038845E+03   8.1603033211E+02   4.7892595876E+01   1.4709928588E+01   1.0220372372E+03   2.7012042561E+01   2.5173702879E+03
  2.6150000000E+01   2.3376000274E+04   1.2899679910E+00   2.7465150787E+00   3.9996078255E+03   8.1683005973E+02   4.7832767532E+01   1.4709928588E+01   1.0220372372E+03   2.7012042561E+01   2.5173702879E+03
  2.6200000000E+01   2.3392000271E+04   1.2785180027E+00   2.7388963956E+00   3.9996117273E+03   8.1762978977E+02   4.7773013926E+01   1.4709928588E+01   1.0220372372E+03   2.7012042561E+01   2.5173702879E+03
  2.6250000000E+01   2.3408000267E+04   1.2671681684E+00   2.7312988463E+00   3.9996155903E+03   8.1842952220E+02   4.7713334966E+01   1.4709928588E+01   1.0220372372E+03   2.7012042561E+01   2.5173702879E+03
  2.6300000000E+01   2.3424000264E+04   1.2559176286E+00   2.7237223722E+00   3.9996194149E+03   8.1922925701E+02   4.7653730558E+01   1.4709928588E+01   1.0220372372E+03   2.7012042561E+01   2.5173702879E+03
  2.6350000000E+01   2.3440000261E+04   1.2447655307E+00   2.7161669148E+00   3.9996232014E+03   8.2002899418E+02   4.7594200609E+01   1.4709928588E+01   1.0220372372E+03   2.7012042561E+01   2.5173702879E+03
  2.6400000000E+01   2.3456000258E+04   1.2337110294E+00   2.7086324159E+00   3.9996269503E+03   8.2082873367E+02   4.7534745025E+01   1.4709928588E+01   1.0220372372E+03   2.7012042561E+01   2.5173702879E+03
  2.6450000000E+01   2.3472000255E+04   1.2227532864E+00   2.7011188172E+00   3.9996306619E+03   8.2162847549E+02   4.7475363715E+01   1.4709928588E+01   1.0220372372E+03   2.7012042561E+01   2.5173702879E+03
  2.6500000000E+01   2.3488000252E+04   1.2118914705E+00   2.6936260609E+00   3.9996343365E+03   8.2242821959E+02   4.7416056585E+01   1.4709928588E+01   1.0220372372E+03   2.7012042561E+01   2.5173702879E+03
  2.6550000000E+01   2.3504000249E+04   1.2011247575E+00   2.6861540890E+00   3.9996379746E+03   8.2322796597E+02   4.7356823543E+01   1.4709928588E+01   1.0220372372E+03   2.7012042561E+01   2.5173702879E+03
  2.6600000000E+01   2.3520000246E+04   1.1904523300E+00   2.6787028440E+00   3.9996415765E+03   8.2402771460E+02   4.7297664495E+01   1.4709928588E+01   1.0220372372E+03   2.7012042561E+01   2.5173702879E+03
  2.6650000000E+01   2.3536000243E+04   1.1798733775E+00   2.6712722683E+00   3.9996451425E+03   8.2482746547E+02   4.7238579351E+01   1.4709928588E+01   1.0220372372E+03   2.7012042561E+01   2.5173702879E+03
  2.6700000000E+01   2.3552000240E+04   1.1693870963E+00   2.6638623047E+00   3.9996486731E+03   8.2562721855E+02   4.7179568016E+01   1.4709928588E+01   1.0220372372E+03   2.7012042561E+01   2.5173702879E+03
  2.6750000000E+01   2.3568000238E+04   1.1589926894E+00   2.6564728959E+00   3.9996521686E+03   8.2642697382E+02   4.7120630400E+01   1.4709928588E+01   1.0220372372E+03   2.7012042561E+01   2.5173702879E+03
  2.6800000000E+01   2.3584000235E+04   1.1486893665E+00   2.6491039849E+00   3.9996556293E+03   8.2722673127E+02   4.7061766410E+01   1.4709928588E+01   1.0220372372E+03   2.7012042561E+01   2.5173702879E+03
  2.6850000000E+01   2.3600000232E+04   1.1384763440E+00   2.6417555149E+00   3.9996590555E+03   8.2802649088E+02   4.7002975953E+01   1.4709928588E+01   1.0220372372E+03   2.7012042561E+01   2.5173702879E+03
  2.6900000000E+01   2.3616000229E+04   1.1283528449E+00   2.6344274291E+00   3.9996624477E+03   8.2882625262E+02   4.6944258939E+01   1.4709928588E+01   1.0220372372E+03   2.7012042561E+01   2.5173702879E+03
  2.6950000000E+01   2.3632000227E+04   1.1183180985E+00   2.6271196710E+00   3.9996658061E+03   8.2962601648E+02   4.6885615275E+01   1.4709928588E+01   1.0220372372E+03   2.7012042561E+01   2.5173702879E+03
  2.7000000000E+01   2.3648000224E+04   1.1083713409E+00   2.6198321843E+00   3.9996691311E+03   8.3042578245E+02   4.6827044870E+01   1.4709928588E+01   1.0220372372E+03   2.7012042561E+01   2.5173702879E+03
  2.7050000000E+01   2.3664000221E+04   1.0985118144E+00   2.6125649126E+00   3.9996724230E+03   8.3122555049E+02   4.6768547633E+01   1.4709928588E+01   1.0220372372E+03   2.7012042561E+01   2.5173702879E+03
  2.7100000000E+01   2.3680000219E+04   1.0887387676E+00   2.6053178000E+00   3.9996756822E+03   8.3202532060E+02   4.6710123471E+01   1.4709928588E+01   1.0220372372E+03   2.7012042561E+01   2.5173702879E+03
  2.7150000000E+01   2.3696000216E+04   1.0790514557E+00   2.5980907904E+00   3.9996789090E+03   8.3282509275E+02   4.6651772294E+01   1.4709928588E+01   1.0220372372E+03   2.7012042561E+01   2.5173702879E+03
  2.7200000000E+01   2.3712000214E+04   1.0694491400E+00   2.5908838282E+00   3.9996821036E+03   8.3362486693E+02   4.6593494010E+01   1.4709928588E+01   1.0220372372E+03   2.7012042561E+01   2.5173702879E+03
  2.7250000000E+01   2.3728000211E+04   1.0599310880E+00   2.5836968577E+00   3.9996852665E+03   8.3442464312E+02   4.6535288528E+01   1.4709928588E+01   1.0220372372E+03   2.7012042561E+01   2.5173702879E+03
  2.7300000000E+01   2.3744000209E+04   1.0504965733E+00   2.5765298235E+00   3.9996883979E+03   8.3522442130E+02   4.6477155758E+01   1.4709928588E+01   1.0220372372E+03   2.7012042561E+01   2.5173702879E+03
  2.7350000000E+01   2.3760000206E+04   1.0411448758E+00   2.5693826702E+00   3.9996914982E+03   8.3602420146E+02   4.6419095609E+01   1.4709928588E+01   1.0220372372E+03   2.7012042561E+01   2.5173702879E+03
  2.7400000000E+01   2.3776000204E+04   1.0318752813E+00   2.5622553428E+00   3.9996945676E+03   8.3682398357E+02   4.6361107989E+01   1.4709928588E+01   1.0220372372E+03   2.7012042561E+01   2.5173702879E+03
  2.7450000000E+01   2.3792000201E+04   1.0226870817E+00   2.5551477861E+00   3.9996976064E+03   8.3762376762E+02   4.6303192809E+01   1.4709928588E+01   1.0220372372E+03   2.7012042561E+01   2.5173702879E+03
  2.7500000000E+01   2.3808000199E+04   1.0135795748E+00   2.5480599455E+00   3.9997006151E+03   8.3842355360E+02   4.6245349977E+01   1.4709928588E+01   1.0220372372E+03   2.7012042561E+01   2.5173702879E+03
  2.7550000000E+01   2.3824000197E+04   1.0045520645E+00   2.5409917661E+00   3.9997035938E+03   8.3922334148E+02   4.6187579403E+01   1.4709928588E+01   1.0220372372E+03   2.7012042561E+01   2.5173702879E+03
  2.7600000000E+01   2.3840000194E+04   9.9560386028E-01   2.5339431935E+00   3.9997065429E+03   8.4002313125E+02   4.6129880998E+01   1.4709928588E+01   1.0220372372E+03   2.7012042561E+01   2.5173702879E+03
  2.7650000000E+01   2.3856000192E+04   9.8673427763E-01   2.5269141732E+00   3.9997094626E+03   8.4082292290E+02   4.6072254671E+01   1.4709928588E+01   1.0220372372E+03   2.7012042561E+01   2.5173702879E+03
  2.7700000000E+01   2.3872000190E+04   9.7794263779E-01   2.5199046510E+00   3.9997123533E+03   8.4162271640E+02   4.6014700332E+01   1.4709928588E+01   1.0220372372E+03   2.7012042561E+01   2.5173702879E+03
  2.7750000000E+01   2.3888000188E+04   9.6922826768E-01   2.5129145729E+00   3.9997152152E+03   8.4242251174E+02   4.5957217890E+01   1.4709928588E+01   1.0220372372E+03   2.7012042561E+01   2.5173702879E+03
  2.7800000000E+01   2.3904000185E+04   9.6059049995E-01   2.5059438849E+00   3.9997180487E+03   8.4322230890E+02   4.5899807257E+01   1.4709928588E+01   1.0220372372E+03   2.7012042561E+01   2.5173702879E+03
  2.7850000000E+01   2.3920000183E+04   9.5202867285E-01   2.4989925332E+00   3.9997208539E+03   8.4402210788E+02   4.5842468342E+01   1.4709928588E+01   1.0220372372E+03   2.7012042561E+01   2.5173702879E+03
  2.7900000000E+01   2.3936000181E+04   9.4354213022E-01   2.4920604641E+00   3.9997236313E+03   8.4482190864E+02   4.5785201056E+01   1.4709928588E+01   1.0220372372E+03   2.7012042561E+01   2.5173702879E+03
  2.7950000000E+01   2.3952000179E+04   9.3513022145E-01   2.4851476242E+00   3.9997263810E+03   8.4562171118E+02   4.5728005310E+01   1.4709928588E+01   1.0220372372E+03   2.7012042561E+01   2.5173702879E+03
  2.8000000000E+01   2.3968000177E+04   9.2679230142E-01   2.4782539602E+00   3.9997291034E+03   8.4642151548E+02   4.5670881013E+01   1.4709928588E+01   1.0220372372E+03   2.7012042561E+01   2.5173702879E+03
  2.8050000000E+01   2.3984000175E+04   9.1852773047E-01   2.4713794188E+00   3.9997317987E+03   8.4722132153E+02   4.5613828077E+01   1.4709928588E+01   1.0220372372E+03   2.7012042561E+01   2.5173702879E+03
  2.8100000000E+01   2.4000000173E+04   9.1033587434E-01   2.4645239471E+00   3.9997344672E+03   8.4802112930E+02   4.5556846413E+01   1.4709928588E+01   1.0220372372E+03   2.7012042561E+01   2.5173702879E+03
  2.8150000000E+01   2.4016000171E+04   9.0221610411E-01   2.4576874920E+00   3.9997371091E+03   8.4882093879E+02   4.5499935932E+01   1.4709928588E+01   1.0220372372E+03   2.7012042561E+01   2.5173702879E+03
  2.8200000000E+01   2.4032000169E+04   8.9416779622E-01   2.4508700009E+00   3.9997397247E+03   8.4962074998E+02   4.5443096544E+01   1.4709928588E+01   1.0220372372E+03   2.7012042561E+01   2.5173702879E+03
  2.8250000000E+01   2.4048000167E+04   8.8619033236E-01   2.4440714211E+00   3.9997423143E+03   8.5042056285E+02   4.5386328161E+01   1.4709928588E+01   1.0220372372E+03   2.7012042561E+01   2.5173702879E+03
  2.8300000000E+01   2.4064000165E+04   8.7828309944E-01   2.4372917002E+00   3.9997448782E+03   8.5122037740E+02   4.5329630694E+01   1.4709928588E+01   1.0220372372E+03   2.7012042561E+01   2.5173702879E+03
  2.8350000000E+01   2.4080000163E+04   8.7044548958E-01   2.4305307859E+00   3.9997474165E+03   8.5202019360E+02   4.5273004055E+01   1.4709928588E+01   1.0220372372E+03   2.7012042561E+01   2.5173702879E+03
  2.8400000000E+01   2.4096000161E+04   8.6267690004E-01   2.4237886260E+00   3.9997499296E+03   8.5282001143E+02   4.5216448154E+01   1.4709928588E+01   1.0220372372E+03   2.7012042561E+01   2.5173702879E+03
  2.8450000000E+01   2.4112000159E+04   8.5497673317E-01   2.4170651685E+00   3.9997524177E+03   8.5361983090E+02   4.5159962905E+01   1.4709928588E+01   1.0220372372E+03   2.7012042561E+01   2.5173702879E+03
  2.8500000000E+01   2.4128000157E+04   8.4734439640E-01   2.4103603615E+00   3.9997548810E+03   8.5441965197E+02   4.5103548218E+01   1.4709928588E+01   1.0220372372E+03   2.7012042561E+01   2.5173702879E+03
  2.8550000000E+01   2.4144000155E+04   8.3977930217E-01   2.4036741533E+00   3.9997573199E+03   8.5521947465E+02   4.5047204005E+01   1.4709928588E+01   1.0220372372E+03   2.7012042561E+01   2.5173702879E+03
  2.8600000000E+01   2.4160000153E+04   8.3228086790E-01   2.3970064922E+00   3.9997597344E+03   8.5601929890E+02   4.4990930178E+01   1.4709928588E+01   1.0220372372E+03   2.7012042561E+01   2.5173702879E+03
  2.8650000000E+01   2.4176000152E+04   8.2484851595E-01   2.3903573269E+00   3.9997621250E+03   8.5681912473E+02   4.4934726650E+01   1.4709928588E+01   1.0220372372E+03   2.7012042561E+01   2.5173702879E+03
  2.8700000000E+01   2.4192000150E+04   8.1748167357E-01   2.3837266060E+00   3.9997644917E+03   8.5761895211E+02   4.4878593332E+01   1.4709928588E+01   1.0220372372E+03   2.7012042561E+01   2.5173702879E+03
  2.8750000000E+01   2.4208000148E+04   8.1017977286E-01   2.3771142783E+00   3.9997668349E+03   8.5841878103E+02   4.4822530138E+01   1.4709928588E+01   1.0220372372E+03   2.7012042561E+01   2.5173702879E+03
  2.8800000000E+01   2.4224000146E+04   8.0294225077E-01   2.3705202929E+00   3.9997691548E+03   8.5921861148E+02   4.4766536978E+01   1.4709928588E+01   1.0220372372E+03   2.7012042561E+01   2.5173702879E+03
  2.8850000000E+01   2.4240000145E+04   7.9576854899E-01   2.3639445988E+00   3.9997714517E+03   8.6001844345E+02   4.4710613766E+01   1.4709928588E+01   1.0220372372E+03   2.7012042561E+01   2.5173702879E+03
  2.8900000000E+01   2.4256000143E+04   7.8865811396E-01   2.3573871454E+00   3.9997737256E+03   8.6081827691E+02   4.4654760414E+01   1.4709928588E+01   1.0220372372E+03   2.7012042561E+01   2.5173702879E+03
  2.8950000000E+01   2.4272000141E+04   7.8161039683E-01   2.3508478820E+00   3.9997759770E+03   8.6161811187E+02   4.4598976836E+01   1.4709928588E+01   1.0220372372E+03   2.7012042561E+01   2.5173702879E+03
  2.9000000000E+01   2.4288000140E+04   7.7462485340E-01   2.3443267581E+00   3.9997782059E+03   8.6241794830E+02   4.4543262943E+01   1.4709928588E+01   1.0220372372E+03   2.7012042561E+01   2.5173702879E+03
  2.9050000000E+01   2.4304000138E+04   7.6770094409E-01   2.3378237235E+00   3.9997804127E+03   8.6321778619E+02   4.4487618649E+01   1.4709928588E+01   1.0220372372E+03   2.7012042561E+01   2.5173702879E+03
  2.9100000000E+01   2.4320000136E+04   7.6083813390E-01   2.3313387279E+00   3.9997825975E+03   8.6401762553E+02   4.4432043868E+01   1.4709928588E+01   1.0220372372E+03   2.7012042561E+01   2.5173702879E+03
  2.9150000000E+01   2.4336000135E+04   7.5403589239E-01   2.3248717214E+00   3.9997847606E+03   8.6481746631E+02   4.4376538511E+01   1.4709928588E+01   1.0220372372E+03   2.7012042561E+01   2.5173702879E+03
  2.9200000000E+01   2.4352000133E+04   7.4729369362E-01   2.3184226540E+00   3.9997869021E+03   8.6561730851E+02   4.4321102492E+01   1.4709928588E+01   1.0220372372E+03   2.7012042561E+01   2.5173702879E+03
  2.9250000000E+01   2.4368000132E+04   7.4061101611E-01   2.3119914759E+00   3.9997890224E+03   8.6641715212E+02   4.4265735726E+01   1.4709928588E+01   1.0220372372E+03   2.7012042561E+01   2.5173702879E+03
  2.9300000000E+01   2.4384000130E+04   7.3398734284E-01   2.3055781376E+00   3.9997911215E+03   8.6721699713E+02   4.4210438124E+01   1.4709928588E+01   1.0220372372E+03   2.7012042561E+01   2.5173702879E+03
  2.9350000000E+01   2.4400000128E+04   7.2742216116E-01   2.2991825896E+00   3.9997931998E+03   8.6801684353E+02   4.4155209602E+01   1.4709928588E+01   1.0220372372E+03   2.7012042561E+01   2.5173702879E+03
  2.9400000000E+01   2.4416000127E+04   7.2091496280E-01   2.2928047824E+00   3.9997952574E+03   8.6881669130E+02   4.4100050072E+01   1.4709928588E+01   1.0220372372E+03   2.7012042561E+01   2.5173702879E+03
  2.9450000000E+01   2.4432000125E+04   7.1446524380E-01   2.2864446669E+00   3.9997972945E+03   8.6961654043E+02   4.4044959448E+01   1.4709928588E+01   1.0220372372E+03   2.7012042561E+01   2.5173702879E+03
  2.9500000000E+01   2.4448000124E+04   7.0807250450E-01   2.2801021941E+00   3.9997993113E+03   8.7041639091E+02   4.3989937644E+01   1.4709928588E+01   1.0220372372E+03   2.7012042561E+01   2.5173702879E+03
  2.9550000000E+01   2.4464000122E+04   7.0173624949E-01   2.2737773149E+00   3.9998013081E+03   8.7121624273E+02   4.3934984575E+01   1.4709928588E+01   1.0220372372E+03   2.7012042561E+01   2.5173702879E+03
  2.9600000000E+01   2.4480000121E+04   6.9545598758E-01   2.2674699806E+00   3.9998032850E+03   8.7201609588E+02   4.3880100154E+01   1.4709928588E+01   1.0220372372E+03   2.7012042561E+01   2.5173702879E+03
  2.9650000000E+01   2.4496000120E+04   6.8923123177E-01   2.2611801425E+00   3.9998052423E+03   8.7281595034E+02   4.3825284296E+01   1.4709928588E+01   1.0220372372E+03   2.7012042561E+01   2.5173702879E+03
  2.9700000000E+01   2.4512000118E+04   6.8306149919E-01   2.2549077520E+00   3.9998071801E+03   8.7361580610E+02   4.3770536915E+01   1.4709928588E+01   1.0220372372E+03   2.7012042561E+01   2.5173702879E+03
  2.9750000000E+01   2.4528000117E+04   6.7694631109E-01   2.2486527608E+00   3.9998090986E+03   8.7441566315E+02   4.3715857925E+01   1.4709928588E+01   1.0220372372E+03   2.7012042561E+01   2.5173702879E+03
  2.9800000000E+01   2.4544000115E+04   6.7088519283E-01   2.2424151207E+00   3.9998109980E+03   8.7521552149E+02   4.3661247242E+01   1.4709928588E+01   1.0220372372E+03   2.7012042561E+01   2.5173702879E+03
  2.9850000000E+01   2.4560000114E+04   6.6487767378E-01   2.2361947834E+00   3.9998128785E+03   8.7601538109E+02   4.3606704779E+01   1.4709928588E+01   1.0220372372E+03   2.7012042561E+01   2.5173702879E+03
  2.9900000000E+01   2.4576000113E+04   6.5892328733E-01   2.2299917010E+00   3.9998147403E+03   8.7681524195E+02   4.3552230451E+01   1.4709928588E+01   1.0220372372E+03   2.7012042561E+01   2.5173702879E+03
  2.9950000000E+01   2.4592000111E+04   6.5302157087E-01   2.2238058255E+00   3.9998165836E+03   8.7761510406E+02   4.3497824174E+01   1.4709928588E+01   1.0220372372E+03   2.7012042561E+01   2.5173702879E+03
  3.0000000000E+01   2.4608000110E+04   6.4717206571E-01   2.2176371094E+00   3.9998184085E+03   8.7841496740E+02   4.3443485863E+01   1.4709928588E+01   1.0220372372E+03   2.7012042561E+01   2.5173702879E+03
  3.0050000000E+01   2.4624000109E+04   6.4137431709E-01   2.2114855050E+00   3.9998202153E+03   8.7921483196E+02   4.3389215431E+01   1.4709928588E+01   1.0220372372E+03   2.7012042561E+01   2.5173702879E+03
  3.0100000000E+01   2.4640000108E+04   6.3562787414E-01   2.2053509647E+00   3.9998220041E+03   8.8001469774E+02   4.3335012796E+01   1.4709928588E+01   1.0220372372E+03   2.7012042561E+01   2.5173702879E+03
  3.0150000000E+01   2.4656000106E+04   6.2993228981E-01   2.1992334414E+00   3.9998237751E+03   8.8081456472E+02   4.3280877871E+01   1.4709928588E+01   1.0220372372E+03   2.7012042561E+01   2.5173702879E+03
  3.0200000000E+01   2.4672000105E+04   6.2428712090E-01   2.1931328877E+00   3.9998255285E+03   8.8161443290E+02   4.3226810573E+01   1.4709928588E+01   1.0220372372E+03   2.7012042561E+01   2.5173702879E+03
  3.0250000000E+01   2.4688000104E+04   6.1869192797E-01   2.1870492567E+00   3.9998272645E+03   8.8241430225E+02   4.3172810817E+01   1.4709928588E+01   1.0220372372E+03   2.7012042561E+01   2.5173702879E+03
  3.0300000000E+01   2.4704000103E+04   6.1314627535E-01   2.1809825013E+00   3.9998289831E+03   8.8321417278E+02   4.3118878518E+01   1.4709928588E+01   1.0220372372E+03   2.7012042561E+01   2.5173702879E+03
  3.0350000000E+01   2.4720000101E+04   6.0764973109E-01   2.1749325747E+00   3.9998306847E+03   8.8401404446E+02   4.3065013592E+01   1.4709928588E+01   1.0220372372E+03   2.7012042561E+01   2.5173702879E+03
  3.0400000000E+01   2.4736000100E+04   6.0220186692E-01   2.1688994303E+00   3.9998323694E+03   8.8481391730E+02   4.3011215956E+01   1.4709928588E+01   1.0220372372E+03   2.7012042561E+01   2.5173702879E+03
  3.0450000000E+01   2.4752000099E+04   5.9680225826E-01   2.1628830215E+00   3.9998340372E+03   8.8561379128E+02   4.2957485524E+01   1.4709928588E+01   1.0220372372E+03   2.7012042561E+01   2.5173702879E+03
  3.0500000000E+01   2.4768000098E+04   5.9145048412E-01   2.1568833019E+00   3.9998356885E+03   8.8641366638E+02   4.2903822214E+01   1.4709928588E+01   1.0220372372E+03   2.7012042561E+01   2.5173702879E+03
  3.0550000000E+01   2.4784000097E+04   5.8614612715E-01   2.1509002252E+00   3.9998373234E+03   8.8721354261E+02   4.2850225941E+01   1.4709928588E+01   1.0220372372E+03   2.7012042561E+01   2.5173702879E+03
  3.0600000000E+01   2.4800000095E+04   5.8088877354E-01   2.1449337453E+00   3.9998389420E+03   8.8801341995E+02   4.2796696621E+01   1.4709928588E+01   1.0220372372E+03   2.7012042561E+01   2.5173702879E+03
  3.0650000000E+01   2.4816000094E+04   5.7567801304E-01   2.1389838160E+00   3.9998405445E+03   8.8881329838E+02   4.2743234171E+01   1.4709928588E+01   1.0220372372E+03   2.7012042561E+01   2.5173702879E+03
  3.0700000000E+01   2.4832000093E+04   5.7051343890E-01   2.1330503915E+00   3.9998421310E+03   8.8961317791E+02   4.2689838508E+01   1.4709928588E+01   1.0220372372E+03   2.7012042561E+01   2.5173702879E+03
  3.0750000000E+01   2.4848000092E+04   5.6539464787E-01   2.1271334260E+00   3.9998437018E+03   8.9041305852E+02   4.2636509547E+01   1.4709928588E+01   1.0220372372E+03   2.7012042561E+01   2.5173702879E+03
  3.0800000000E+01   2.4864000091E+04   5.6032124012E-01   2.1212328738E+00   3.9998452569E+03   8.9121294020E+02   4.2583247206E+01   1.4709928588E+01   1.0220372372E+03   2.7012042561E+01   2.5173702879E+03
  3.0850000000E+01   2.4880000090E+04   5.5529281928E-01   2.1153486895E+00   3.9998467966E+03   8.9201282294E+02   4.2530051402E+01   1.4709928588E+01   1.0220372372E+03   2.7012042561E+01   2.5173702879E+03
  3.0900000000E+01   2.4896000089E+04   5.5030899235E-01   2.1094808276E+00   3.9998483209E+03   8.9281270673E+02   4.2476922050E+01   1.4709928588E+01   1.0220372372E+03   2.7012042561E+01   2.5173702879E+03
  3.0950000000E+01   2.4912000088E+04   5.4536936972E-01   2.1036292427E+00   3.9998498301E+03   8.9361259157E+02   4.2423859069E+01   1.4709928588E+01   1.0220372372E+03   2.7012042561E+01   2.5173702879E+03
  3.1000000000E+01   2.4928000087E+04   5.4047356509E-01   2.0977938899E+00   3.9998513243E+03   8.9441247744E+02   4.2370862375E+01   1.4709928588E+01   1.0220372372E+03   2.7012042561E+01   2.5173702879E+03
  3.1050000000E+01   2.4944000086E+04   5.3562119550E-01   2.0919747240E+00   3.9998528035E+03   8.9521236434E+02   4.2317931885E+01   1.4709928588E+01   1.0220372372E+03   2.7012042561E+01   2.5173702879E+03
  3.1100000000E+01   2.4960000085E+04   5.3081188126E-01   2.0861717002E+00   3.9998542681E+03   8.9601225225E+02   4.2265067518E+01   1.4709928588E+01   1.0220372372E+03   2.7012042561E+01   2.5173702879E+03
  3.1150000000E+01   2.4976000084E+04   5.2604524592E-01   2.0803847736E+00   3.9998557181E+03   8.9681214116E+02   4.2212269189E+01   1.4709928588E+01   1.0220372372E+03   2.7012042561E+01   2.5173702879E+03
  3.1200000000E+01   2.4992000083E+04   5.2132091630E-01   2.0746138997E+00   3.9998571537E+03   8.9761203108E+02   4.2159536817E+01   1.4709928588E+01   1.0220372372E+03   2.7012042561E+01   2.5173702879E+03
  3.1250000000E+01   2.5008000082E+04   5.1663852239E-01   2.0688590338E+00   3.9998585750E+03   8.9841192198E+02   4.2106870320E+01   1.4709928588E+01   1.0220372372E+03   2.7012042561E+01   2.5173702879E+03
  3.1300000000E+01   2.5024000081E+04   5.1199769736E-01   2.0631201316E+00   3.9998599822E+03   8.9921181387E+02   4.2054269614E+01   1.4709928588E+01   1.0220372372E+03   2.7012042561E+01   2.5173702879E+03
  3.1350000000E+01   2.5040000080E+04   5.0739807753E-01   2.0573971489E+00   3.9998613753E+03   9.0001170672E+02   4.2001734618E+01   1.4709928588E+01   1.0220372372E+03   2.7012042561E+01   2.5173702879E+03
  3.1400000000E+01   2.5056000079E+04   5.0283930235E-01   2.0516900413E+00   3.9998627546E+03   9.0081160054E+02   4.1949265250E+01   1.4709928588E+01   1.0220372372E+03   2.7012042561E+01   2.5173702879E+03
  3.1450000000E+01   2.5072000078E+04   4.9832101436E-01   2.0459987650E+00   3.9998641202E+03   9.0161149531E+02   4.1896861428E+01   1.4709928588E+01   1.0220372372E+03   2.7012042561E+01   2.5173702879E+03
  3.1500000000E+01   2.5088000077E+04   4.9384285917E-01   2.0403232760E+00   3.9998654721E+03   9.0241139103E+02   4.1844523069E+01   1.4709928588E+01   1.0220372372E+03   2.7012042561E+01   2.5173702879E+03
  3.1550000000E+01   2.5104000076E+04   4.8940448543E-01   2.0346635304E+00   3.9998668107E+03   9.0321128768E+02   4.1792250093E+01   1.4709928588E+01   1.0220372372E+03   2.7012042561E+01   2.5173702879E+03
  3.1600000000E+01   2.5120000075E+04   4.8500554482E-01   2.0290194847E+00   3.9998681359E+03   9.0401118526E+02   4.1740042417E+01   1.4709928588E+01   1.0220372372E+03   2.7012042561E+01   2.5173702879E+03
  3.1650000000E+01   2.5136000074E+04   4.8064569200E-01   2.0233910953E+00   3.9998694479E+03   9.0481108377E+02   4.1687899960E+01   1.4709928588E+01   1.0220372372E+03   2.7012042561E+01   2.5173702879E+03
  3.1700000000E+01   2.5152000074E+04   4.7632458462E-01   2.0177783187E+00   3.9998707469E+03   9.0561098318E+02   4.1635822640E+01   1.4709928588E+01   1.0220372372E+03   2.7012042561E+01   2.5173702879E+03
  3.1750000000E+01   2.5168000073E+04   4.7204188324E-01   2.0121811117E+00   3.9998720329E+03   9.0641088350E+02   4.1583810376E+01   1.4709928588E+01   1.0220372372E+03   2.7012042561E+01   2.5173702879E+03
  3.1800000000E+01   2.5184000072E+04   4.6779725138E-01   2.0065994309E+00   3.9998733062E+03   9.0721078472E+02   4.1531863087E+01   1.4709928588E+01   1.0220372372E+03   2.7012042561E+01   2.5173702879E+03
  3.1850000000E+01   2.5200000071E+04   4.6359035543E-01   2.0010332335E+00   3.9998745668E+03   9.0801068682E+02   4.1479980691E+01   1.4709928588E+01   1.0220372372E+03   2.7012042561E+01   2.5173702879E+03
  3.1900000000E+01   2.5216000070E+04   4.5942086464E-01   1.9954824764E+00   3.9998758148E+03   9.0881058981E+02   4.1428163108E+01   1.4709928588E+01   1.0220372372E+03   2.7012042561E+01   2.5173702879E+03
  3.1950000000E+01   2.5232000069E+04   4.5528845113E-01   1.9899471168E+00   3.9998770504E+03   9.0961049367E+02   4.1376410256E+01   1.4709928588E+01   1.0220372372E+03   2.7012042561E+01   2.5173702879E+03
  3.2000000000E+01   2.5248000069E+04   4.5119278983E-01   1.9844271120E+00   3.9998782738E+03   9.1041039839E+02   4.1324722055E+01   1.4709928588E+01   1.0220372372E+03   2.7012042561E+01   2.5173702879E+03
  3.2050000000E+01   2.5264000068E+04   4.4713355847E-01   1.9789224194E+00   3.9998794849E+03   9.1121030397E+02   4.1273098424E+01   1.4709928588E+01   1.0220372372E+03   2.7012042561E+01   2.5173702879E+03
  3.2100000000E+01   2.5280000067E+04   4.4311043755E-01   1.9734329965E+00   3.9998806840E+03   9.1201021040E+02   4.1221539282E+01   1.4709928588E+01   1.0220372372E+03   2.7012042561E+01   2.5173702879E+03
  3.2150000000E+01   2.5296000066E+04   4.3912311034E-01   1.9679588009E+00   3.9998818712E+03   9.1281011767E+02   4.1170044549E+01   1.4709928588E+01   1.0220372372E+03   2.7012042561E+01   2.5173702879E+03
  3.2200000000E+01   2.5312000065E+04   4.3517126282E-01   1.9624997905E+00   3.9998830466E+03   9.1361002577E+02   4.1118614144E+01   1.4709928588E+01   1.0220372372E+03   2.7012042561E+01   2.5173702879E+03
  3.2250000000E+01   2.5328000065E+04   4.3125458368E-01   1.9570559231E+00   3.9998842103E+03   9.1440993471E+02   4.1067247987E+01   1.4709928588E+01   1.0220372372E+03   2.7012042561E+01   2.5173702879E+03
  3.2300000000E+01   2.5344000064E+04   4.2737276429E-01   1.9516271566E+00   3.9998853624E+03   9.1520984446E+02   4.1015945998E+01   1.4709928588E+01   1.0220372372E+03   2.7012042561E+01   2.5173702879E+03
  3.2350000000E+01   2.5360000063E+04   4.2352549868E-01   1.9462134493E+00   3.9998865030E+03   9.1600975502E+02   4.0964708095E+01   1.4709928588E+01   1.0220372372E+03   2.7012042561E+01   2.5173702879E+03
  3.2400000000E+01   2.5376000062E+04   4.1971248354E-01   1.9408147593E+00   3.9998876323E+03   9.1680966639E+02   4.0913534201E+01   1.4709928588E+01   1.0220372372E+03   2.7012042561E+01   2.5173702879E+03
  3.2450000000E+01   2.5392000062E+04   4.1593341815E-01   1.9354310449E+00   3.9998887503E+03   9.1760957856E+02   4.0862424233E+01   1.4709928588E+01   1.0220372372E+03   2.7012042561E+01   2.5173702879E+03
  3.2500000000E+01   2.5408000061E+04   4.1218800439E-01   1.9300622647E+00   3.9998898572E+03   9.1840949152E+02   4.0811378113E+01   1.4709928588E+01   1.0220372372E+03   2.7012042561E+01   2.5173702879E+03
  3.2550000000E+01   2.5424000060E+04   4.0847594671E-01   1.9247083772E+00   3.9998909531E+03   9.1920940526E+02   4.0760395761E+01   1.4709928588E+01   1.0220372372E+03   2.7012042561E+01   2.5173702879E+03
  3.2600000000E+01   2.5440000059E+04   4.0479695211E-01   1.9193693411E+00   3.9998920381E+03   9.2000931978E+02   4.0709477098E+01   1.4709928588E+01   1.0220372372E+03   2.7012042561E+01   2.5173702879E+03
  3.2650000000E+01   2.5456000059E+04   4.0115073014E-01   1.9140451152E+00   3.9998931124E+03   9.2080923507E+02   4.0658622042E+01   1.4709928588E+01   1.0220372372E+03   2.7012042561E+01   2.5173702879E+03
  3.2700000000E+01   2.5472000058E+04   3.9753699282E-01   1.9087356584E+00   3.9998941759E+03   9.2160915112E+02   4.0607830516E+01   1.4709928588E+01   1.0220372372E+03   2.7012042561E+01   2.5173702879E+03
  3.2750000000E+01   2.5488000057E+04   3.9395545468E-01   1.9034409298E+00   3.9998952288E+03   9.2240906793E+02   4.0557102439E+01   1.4709928588E+01   1.0220372372E+03   2.7012042561E+01   2.5173702879E+03
  3.2800000000E+01   2.5504000057E+04   3.9040583271E-01   1.8981608884E+00   3.9998962713E+03   9.2320898549E+02   4.0506437733E+01   1.4709928588E+01   1.0220372372E+03   2.7012042561E+01   2.5173702879E+03
  3.2850000000E+01   2.5520000056E+04   3.8688784636E-01   1.8928954936E+00   3.9998973034E+03   9.2400890379E+02   4.0455836319E+01   1.4709928588E+01   1.0220372372E+03   2.7012042561E+01   2.5173702879E+03
  3.2900000000E+01   2.5536000055E+04   3.8340121747E-01   1.8876447047E+00   3.9998983252E+03   9.2480882283E+02   4.0405298116E+01   1.4709928588E+01   1.0220372372E+03   2.7012042561E+01   2.5173702879E+03
  3.2950000000E+01   2.5552000055E+04   3.7994567030E-01   1.8824084812E+00   3.9998993369E+03   9.2560874259E+02   4.0354823047E+01   1.4709928588E+01   1.0220372372E+03   2.7012042561E+01   2.5173702879E+03
  3.3000000000E+01   2.5568000054E+04   3.7652093151E-01   1.8771867826E+00   3.9999003384E+03   9.2640866308E+02   4.0304411032E+01   1.4709928588E+01   1.0220372372E+03   2.7012042561E+01   2.5173702879E+03
  3.3050000000E+01   2.5584000053E+04   3.7312673011E-01   1.8719795688E+00   3.9999013301E+03   9.2720858429E+02   4.0254061993E+01   1.4709928588E+01   1.0220372372E+03   2.7012042561E+01   2.5173702879E+03
  3.3100000000E+01   2.5600000053E+04   3.6976279743E-01   1.8667867996E+00   3.9999023118E+03   9.2800850621E+02   4.0203775851E+01   1.4709928588E+01   1.0220372372E+03   2.7012042561E+01   2.5173702879E+03
  3.3150000000E+01   2.5616000052E+04   3.6642886716E-01   1.8616084348E+00   3.9999032838E+03   9.2880842883E+02   4.0153552528E+01   1.4709928588E+01   1.0220372372E+03   2.7012042561E+01   2.5173702879E+03
  3.3200000000E+01   2.5632000052E+04   3.6312467527E-01   1.8564444345E+00   3.9999042461E+03   9.2960835215E+02   4.0103391944E+01   1.4709928588E+01   1.0220372372E+03   2.7012042561E+01   2.5173702879E+03
  3.3250000000E+01   2.5648000051E+04   3.5984996002E-01   1.8512947588E+00   3.9999051989E+03   9.3040827616E+02   4.0053294022E+01   1.4709928588E+01   1.0220372372E+03   2.7012042561E+01   2.5173702879E+03
  3.3300000000E+01   2.5664000050E+04   3.5660446195E-01   1.8461593681E+00   3.9999061421E+03   9.3120820085E+02   4.0003258683E+01   1.4709928588E+01   1.0220372372E+03   2.7012042561E+01   2.5173702879E+03
  3.3350000000E+01   2.5680000050E+04   3.5338792381E-01   1.8410382226E+00   3.9999070760E+03   9.3200812623E+02   3.9953285849E+01   1.4709928588E+01   1.0220372372E+03   2.7012042561E+01   2.5173702879E+03
  3.3400000000E+01   2.5696000049E+04   3.5020009062E-01   1.8359312830E+00   3.9999080006E+03   9.3280805228E+02   3.9903375442E+01   1.4709928588E+01   1.0220372372E+03   2.7012042561E+01   2.5173702879E+03
  3.3450000000E+01   2.5712000049E+04   3.4704070957E-01   1.8308385097E+00   3.9999089160E+03   9.3360797899E+02   3.9853527384E+01   1.4709928588E+01   1.0220372372E+03   2.7012042561E+01   2.5173702879E+03
  3.3500000000E+01   2.5728000048E+04   3.4390953005E-01   1.8257598635E+00   3.9999098223E+03   9.3440790637E+02   3.9803741598E+01   1.4709928588E+01   1.0220372372E+03   2.7012042561E+01   2.5173702879E+03
  3.3550000000E+01   2.5744000047E+04   3.4080630365E-01   1.8206953051E+00   3.9999107195E+03   9.3520783440E+02   3.9754018004E+01   1.4709928588E+01   1.0220372372E+03   2.7012042561E+01   2.5173702879E+03
  3.3600000000E+01   2.5760000047E+04   3.3773078406E-01   1.8156447956E+00   3.9999116079E+03   9.3600776308E+02   3.9704356527E+01   1.4709928588E+01   1.0220372372E+03   2.7012042561E+01   2.5173702879E+03
  3.3650000000E+01   2.5776000046E+04   3.3468272714E-01   1.8106082959E+00   3.9999124874E+03   9.3680769240E+02   3.9654757087E+01   1.4709928588E+01   1.0220372372E+03   2.7012042561E+01   2.5173702879E+03
  3.3700000000E+01   2.5792000046E+04   3.3166189087E-01   1.8055857672E+00   3.9999133581E+03   9.3760762237E+02   3.9605219608E+01   1.4709928588E+01   1.0220372372E+03   2.7012042561E+01   2.5173702879E+03
  3.3750000000E+01   2.5808000045E+04   3.2866803529E-01   1.8005771707E+00   3.9999142202E+03   9.3840755296E+02   3.9555744012E+01   1.4709928588E+01   1.0220372372E+03   2.7012042561E+01   2.5173702879E+03
  3.3800000000E+01   2.5824000045E+04   3.2570092257E-01   1.7955824678E+00   3.9999150737E+03   9.3920748418E+02   3.9506330222E+01   1.4709928588E+01   1.0220372372E+03   2.7012042561E+01   2.5173702879E+03
  3.3850000000E+01   2.5840000044E+04   3.2276031689E-01   1.7906016200E+00   3.9999159187E+03   9.4000741602E+02   3.9456978161E+01   1.4709928588E+01   1.0220372372E+03   2.7012042561E+01   2.5173702879E+03
  3.3900000000E+01   2.5856000044E+04   3.1984598452E-01   1.7856345887E+00   3.9999167553E+03   9.4080734848E+02   3.9407687751E+01   1.4709928588E+01   1.0220372372E+03   2.7012042561E+01   2.5173702879E+03
  3.3950000000E+01   2.5872000043E+04   3.1695769374E-01   1.7806813357E+00   3.9999175836E+03   9.4160728155E+02   3.9358458916E+01   1.4709928588E+01   1.0220372372E+03   2.7012042561E+01   2.5173702879E+03
  3.4000000000E+01   2.5888000043E+04   3.1409521483E-01   1.7757418227E+00   3.9999184037E+03   9.4240721522E+02   3.9309291578E+01   1.4709928588E+01   1.0220372372E+03   2.7012042561E+01   2.5173702879E+03
  3.4050000000E+01   2.5904000042E+04   3.1125832008E-01   1.7708160117E+00   3.9999192155E+03   9.4320714949E+02   3.9260185662E+01   1.4709928588E+01   1.0220372372E+03   2.7012042561E+01   2.5173702879E+03
  3.4100000000E+01   2.5920000042E+04   3.0844678374E-01   1.7659038646E+00   3.9999200193E+03   9.4400708436E+02   3.9211141089E+01   1.4709928588E+01   1.0220372372E+03   2.7012042561E+01   2.5173702879E+03
  3.4150000000E+01   2.5936000041E+04   3.0566038203E-01   1.7610053436E+00   3.9999208151E+03   9.4480701981E+02   3.9162157783E+01   1.4709928588E+01   1.0220372372E+03   2.7012042561E+01   2.5173702879E+03
  3.4200000000E+01   2.5952000041E+04   3.0289889313E-01   1.7561204108E+00   3.9999216030E+03   9.4560695584E+02   3.9113235669E+01   1.4709928588E+01   1.0220372372E+03   2.7012042561E+01   2.5173702879E+03
  3.4250000000E+01   2.5968000040E+04   3.0016209710E-01   1.7512490285E+00   3.9999223831E+03   9.4640689246E+02   3.9064374669E+01   1.4709928588E+01   1.0220372372E+03   2.7012042561E+01   2.5173702879E+03
  3.4300000000E+01   2.5984000040E+04   2.9744977596E-01   1.7463911592E+00   3.9999231554E+03   9.4720682965E+02   3.9015574707E+01   1.4709928588E+01   1.0220372372E+03   2.7012042561E+01   2.5173702879E+03
  3.4350000000E+01   2.6000000039E+04   2.9476171358E-01   1.7415467653E+00   3.9999239200E+03   9.4800676740E+02   3.8966835706E+01   1.4709928588E+01   1.0220372372E+03   2.7012042561E+01   2.5173702879E+03
  3.4400000000E+01   2.6016000039E+04   2.9209769575E-01   1.7367158095E+00   3.9999246770E+03   9.4880670572E+02   3.8918157592E+01   1.4709928588E+01   1.0220372372E+03   2.7012042561E+01   2.5173702879E+03
  3.4450000000E+01   2.6032000038E+04   2.8945751009E-01   1.7318982545E+00   3.9999254264E+03   9.4960664459E+02   3.8869540287E+01   1.4709928588E+01   1.0220372372E+03   2.7012042561E+01   2.5173702879E+03
  3.4500000000E+01   2.6048000038E+04   2.8684094608E-01   1.7270940632E+00   3.9999261684E+03   9.5040658402E+02   3.8820983716E+01   1.4709928588E+01   1.0220372372E+03   2.7012042561E+01   2.5173702879E+03
  3.4550000000E+01   2.6064000037E+04   2.8424779503E-01   1.7223031984E+00   3.9999269030E+03   9.5120652399E+02   3.8772487803E+01   1.4709928588E+01   1.0220372372E+03   2.7012042561E+01   2.5173702879E+03
  3.4600000000E+01   2.6080000037E+04   2.8167785005E-01   1.7175256232E+00   3.9999276304E+03   9.5200646451E+02   3.8724052471E+01   1.4709928588E+01   1.0220372372E+03   2.7012042561E+01   2.5173702879E+03
  3.4650000000E+01   2.6096000037E+04   2.7913090607E-01   1.7127613008E+00   3.9999283504E+03   9.5280640556E+02   3.8675677646E+01   1.4709928588E+01   1.0220372372E+03   2.7012042561E+01   2.5173702879E+03
  3.4700000000E+01   2.6112000036E+04   2.7660675979E-01   1.7080101943E+00   3.9999290634E+03   9.5360634715E+02   3.8627363252E+01   1.4709928588E+01   1.0220372372E+03   2.7012042561E+01   2.5173702879E+03
  3.4750000000E+01   2.6128000036E+04   2.7410520969E-01   1.7032722672E+00   3.9999297692E+03   9.5440628927E+02   3.8579109213E+01   1.4709928588E+01   1.0220372372E+03   2.7012042561E+01   2.5173702879E+03
  3.4800000000E+01   2.6144000035E+04   2.7162605598E-01   1.6985474827E+00   3.9999304680E+03   9.5520623191E+02   3.8530915454E+01   1.4709928588E+01   1.0220372372E+03   2.7012042561E+01   2.5173702879E+03
  3.4850000000E+01   2.6160000035E+04   2.6916910064E-01   1.6938358046E+00   3.9999311598E+03   9.5600617507E+02   3.8482781899E+01   1.4709928588E+01   1.0220372372E+03   2.7012042561E+01   2.5173702879E+03
  3.4900000000E+01   2.6176000034E+04   2.6673414735E-01   1.6891371964E+00   3.9999318448E+03   9.5680611874E+02   3.8434708474E+01   1.4709928588E+01   1.0220372372E+03   2.7012042561E+01   2.5173702879E+03
  3.4950000000E+01   2.6192000034E+04   2.6432100152E-01   1.6844516219E+00   3.9999325229E+03   9.5760606292E+02   3.8386695103E+01   1.4709928588E+01   1.0220372372E+03   2.7012042561E+01   2.5173702879E+03
  3.5000000000E+01   2.6208000034E+04   2.6192947023E-01   1.6797790450E+00   3.9999331943E+03   9.5840600761E+02   3.8338741711E+01   1.4709928588E+01   1.0220372372E+03   2.7012042561E+01   2.5173702879E+03
  3.5050000000E+01   2.6224000033E+04   2.5955936225E-01   1.6751194295E+00   3.9999338590E+03   9.5920595280E+02   3.8290848224E+01   1.4709928588E+01   1.0220372372E+03   2.7012042561E+01   2.5173702879E+03
  3.5100000000E+01   2.6240000033E+04   2.5721048802E-01   1.6704727395E+00   3.9999345171E+03   9.6000589848E+02   3.8243014566E+01   1.4709928588E+01   1.0220372372E+03   2.7012042561E+01   2.5173702879E+03
  3.5150000000E+01   2.6256000032E+04   2.5488265964E-01   1.6658389392E+00   3.9999351687E+03   9.6080584466E+02   3.8195240662E+01   1.4709928588E+01   1.0220372372E+03   2.7012042561E+01   2.5173702879E+03
  3.5200000000E+01   2.6272000032E+04   2.5257569082E-01   1.6612179928E+00   3.9999358138E+03   9.6160579132E+02   3.8147526439E+01   1.4709928588E+01   1.0220372372E+03   2.7012042561E+01   2.5173702879E+03
  3.5250000000E+01   2.6288000032E+04   2.5028939692E-01   1.6566098646E+00   3.9999364524E+03   9.6240573846E+02   3.8099871822E+01   1.4709928588E+01   1.0220372372E+03   2.7012042561E+01   2.5173702879E+03
  3.5300000000E+01   2.6304000031E+04   2.4802359490E-01   1.6520145192E+00   3.9999370847E+03   9.6320568609E+02   3.8052276735E+01   1.4709928588E+01   1.0220372372E+03   2.7012042561E+01   2.5173702879E+03
  3.5350000000E+01   2.6320000031E+04   2.4577810332E-01   1.6474319210E+00   3.9999377107E+03   9.6400563418E+02   3.8004741105E+01   1.4709928588E+01   1.0220372372E+03   2.7012042561E+01   2.5173702879E+03
  3.5400000000E+01   2.6336000031E+04   2.4355274230E-01   1.6428620346E+00   3.9999383305E+03   9.6480558275E+02   3.7957264857E+01   1.4709928588E+01   1.0220372372E+03   2.7012042561E+01   2.5173702879E+03
  3.5450000000E+01   2.6352000030E+04   2.4134733355E-01   1.6383048249E+00   3.9999389441E+03   9.6560553179E+02   3.7909847918E+01   1.4709928588E+01   1.0220372372E+03   2.7012042561E+01   2.5173702879E+03
  3.5500000000E+01   2.6368000030E+04   2.3916170034E-01   1.6337602567E+00   3.9999395516E+03   9.6640548128E+02   3.7862490213E+01   1.4709928588E+01   1.0220372372E+03   2.7012042561E+01   2.5173702879E+03
  3.5550000000E+01   2.6384000029E+04   2.3699566747E-01   1.6292282948E+00   3.9999401531E+03   9.6720543123E+02   3.7815191668E+01   1.4709928588E+01   1.0220372372E+03   2.7012042561E+01   2.5173702879E+03
  3.5600000000E+01   2.6400000029E+04   2.3484906128E-01   1.6247089043E+00   3.9999407486E+03   9.6800538164E+02   3.7767952209E+01   1.4709928588E+01   1.0220372372E+03   2.7012042561E+01   2.5173702879E+03
  3.5650000000E+01   2.6416000029E+04   2.3272170959E-01   1.6202020504E+00   3.9999413381E+03   9.6880533249E+02   3.7720771763E+01   1.4709928588E+01   1.0220372372E+03   2.7012042561E+01   2.5173702879E+03
  3.5700000000E+01   2.6432000028E+04   2.3061344178E-01   1.6157076982E+00   3.9999419218E+03   9.6960528379E+02   3.7673650255E+01   1.4709928588E+01   1.0220372372E+03   2.7012042561E+01   2.5173702879E+03
  3.5750000000E+01   2.6448000028E+04   2.2852408867E-01   1.6112258131E+00   3.9999424997E+03   9.7040523553E+02   3.7626587613E+01   1.4709928588E+01   1.0220372372E+03   2.7012042561E+01   2.5173702879E+03
  3.5800000000E+01   2.6464000028E+04   2.2645348259E-01   1.6067563606E+00   3.9999430718E+03   9.7120518771E+02   3.7579583762E+01   1.4709928588E+01   1.0220372372E+03   2.7012042561E+01   2.5173702879E+03
  3.5850000000E+01   2.6480000027E+04   2.2440145731E-01   1.6022993060E+00   3.9999436382E+03   9.7200514033E+02   3.7532638629E+01   1.4709928588E+01   1.0220372372E+03   2.7012042561E+01   2.5173702879E+03
  3.5900000000E+01   2.6496000027E+04   2.2236784807E-01   1.5978546151E+00   3.9999441990E+03   9.7280509337E+02   3.7485752141E+01   1.4709928588E+01   1.0220372372E+03   2.7012042561E+01   2.5173702879E+03
  3.5950000000E+01   2.6512000027E+04   2.2035249154E-01   1.5934222535E+00   3.9999447543E+03   9.7360504683E+02   3.7438924224E+01   1.4709928588E+01   1.0220372372E+03   2.7012042561E+01   2.5173702879E+03
  3.6000000000E+01   2.6528000026E+04   2.1835522581E-01   1.5890021870E+00   3.9999453040E+03   9.7440500072E+02   3.7392154806E+01   1.4709928588E+01   1.0220372372E+03   2.7012042561E+01   2.5173702879E+03
  3.6050000000E+01   2.6544000026E+04   2.1637589041E-01   1.5845943816E+00   3.9999458482E+03   9.7520495503E+02   3.7345443813E+01   1.4709928588E+01   1.0220372372E+03   2.7012042561E+01   2.5173702879E+03
  3.6100000000E+01   2.6560000026E+04   2.1441432625E-01   1.5801988032E+00   3.9999463870E+03   9.7600490975E+02   3.7298791172E+01   1.4709928588E+01   1.0220372372E+03   2.7012042561E+01   2.5173702879E+03
  3.6150000000E+01   2.6576000026E+04   2.1247037564E-01   1.5758154178E+00   3.9999469205E+03   9.7680486488E+02   3.7252196810E+01   1.4709928588E+01   1.0220372372E+03   2.7012042561E+01   2.5173702879E+03
  3.6200000000E+01   2.6592000025E+04   2.1054388226E-01   1.5714441918E+00   3.9999474486E+03   9.7760482042E+02   3.7205660656E+01   1.4709928588E+01   1.0220372372E+03   2.7012042561E+01   2.5173702879E+03
  3.6250000000E+01   2.6608000025E+04   2.0863469117E-01   1.5670850913E+00   3.9999479715E+03   9.7840477636E+02   3.7159182635E+01   1.4709928588E+01   1.0220372372E+03   2.7012042561E+01   2.5173702879E+03
  3.6300000000E+01   2.6624000025E+04   2.0674264877E-01   1.5627380827E+00   3.9999484892E+03   9.7920473270E+02   3.7112762675E+01   1.4709928588E+01   1.0220372372E+03   2.7012042561E+01   2.5173702879E+03
  3.6350000000E+01   2.6640000024E+04   2.0486760283E-01   1.5584031324E+00   3.9999490017E+03   9.8000468944E+02   3.7066400704E+01   1.4709928588E+01   1.0220372372E+03   2.7012042561E+01   2.5173702879E+03
  3.6400000000E+01   2.6656000024E+04   2.0300940241E-01   1.5540802071E+00   3.9999495091E+03   9.8080464657E+02   3.7020096649E+01   1.4709928588E+01   1.0220372372E+03   2.7012042561E+01   2.5173702879E+03
  3.6450000000E+01   2.6672000024E+04   2.0116789793E-01   1.5497692733E+00   3.9999500115E+03   9.8160460408E+02   3.6973850438E+01   1.4709928588E+01   1.0220372372E+03   2.7012042561E+01   2.5173702879E+03
  3.6500000000E+01   2.6688000024E+04   1.9934294110E-01   1.5454702978E+00   3.9999505089E+03   9.8240456199E+02   3.6927661999E+01   1.4709928588E+01   1.0220372372E+03   2.7012042561E+01   2.5173702879E+03
  3.6550000000E+01   2.6704000023E+04   1.9753438493E-01   1.5411832475E+00   3.9999510014E+03   9.8320452027E+02   3.6881531259E+01   1.4709928588E+01   1.0220372372E+03   2.7012042561E+01   2.5173702879E+03
  3.6600000000E+01   2.6720000023E+04   1.9574208372E-01   1.5369080892E+00   3.9999514889E+03   9.8400447894E+02   3.6835458147E+01   1.4709928588E+01   1.0220372372E+03   2.7012042561E+01   2.5173702879E+03
  3.6650000000E+01   2.6736000023E+04   1.9396589305E-01   1.5326447899E+00   3.9999519716E+03   9.8480443798E+02   3.6789442590E+01   1.4709928588E+01   1.0220372372E+03   2.7012042561E+01   2.5173702879E+03
  3.6700000000E+01   2.6752000022E+04   1.9220566976E-01   1.5283933168E+00   3.9999524495E+03   9.8560439739E+02   3.6743484516E+01   1.4709928588E+01   1.0220372372E+03   2.7012042561E+01   2.5173702879E+03
  3.6750000000E+01   2.6768000022E+04   1.9046127193E-01   1.5241536371E+00   3.9999529226E+03   9.8640435717E+02   3.6697583854E+01   1.4709928588E+01   1.0220372372E+03   2.7012042561E+01   2.5173702879E+03
  3.6800000000E+01   2.6784000022E+04   1.8873255891E-01   1.5199257180E+00   3.9999533910E+03   9.8720431731E+02   3.6651740533E+01   1.4709928588E+01   1.0220372372E+03   2.7012042561E+01   2.5173702879E+03
  3.6850000000E+01   2.6800000022E+04   1.8701939126E-01   1.5157095269E+00   3.9999538548E+03   9.8800427781E+02   3.6605954479E+01   1.4709928588E+01   1.0220372372E+03   2.7012042561E+01   2.5173702879E+03
  3.6900000000E+01   2.6816000021E+04   1.8532163078E-01   1.5115050313E+00   3.9999543139E+03   9.8880423868E+02   3.6560225623E+01   1.4709928588E+01   1.0220372372E+03   2.7012042561E+01   2.5173702879E+03
  3.6950000000E+01   2.6832000021E+04   1.8363914047E-01   1.5073121988E+00   3.9999547685E+03   9.8960419990E+02   3.6514553891E+01   1.4709928588E+01   1.0220372372E+03   2.7012042561E+01   2.5173702879E+03
  3.7000000000E+01   2.6848000021E+04   1.8197178453E-01   1.5031309969E+00   3.9999552186E+03   9.9040416147E+02   3.6468939214E+01   1.4709928588E+01   1.0220372372E+03   2.7012042561E+01   2.5173702879E+03
  3.7050000000E+01   2.6864000021E+04   1.8031942835E-01   1.4989613935E+00   3.9999556641E+03   9.9120412339E+02   3.6423381520E+01   1.4709928588E+01   1.0220372372E+03   2.7012042561E+01   2.5173702879E+03
  3.7100000000E+01   2.6880000020E+04   1.7868193852E-01   1.4948033563E+00   3.9999561053E+03   9.9200408566E+02   3.6377880737E+01   1.4709928588E+01   1.0220372372E+03   2.7012042561E+01   2.5173702879E+03
  3.7150000000E+01   2.6896000020E+04   1.7705918277E-01   1.4906568532E+00   3.9999565420E+03   9.9280404827E+02   3.6332436794E+01   1.4709928588E+01   1.0220372372E+03   2.7012042561E+01   2.5173702879E+03
  3.7200000000E+01   2.6912000020E+04   1.7545103001E-01   1.4865218524E+00   3.9999569744E+03   9.9360401121E+02   3.6287049621E+01   1.4709928588E+01   1.0220372372E+03   2.7012042561E+01   2.5173702879E+03
  3.7250000000E+01   2.6928000020E+04   1.7385735029E-01   1.4823983218E+00   3.9999574026E+03   9.9440397450E+02   3.6241719146E+01   1.4709928588E+01   1.0220372372E+03   2.7012042561E+01   2.5173702879E+03
  3.7300000000E+01   2.6944000019E+04   1.7227801481E-01   1.4782862297E+00   3.9999578264E+03   9.9520393812E+02   3.6196445299E+01   1.4709928588E+01   1.0220372372E+03   2.7012042561E+01   2.5173702879E+03
  3.7350000000E+01   2.6960000019E+04   1.7071289590E-01   1.4741855443E+00   3.9999582460E+03   9.9600390207E+02   3.6151228010E+01   1.4709928588E+01   1.0220372372E+03   2.7012042561E+01   2.5173702879E+03
  3.7400000000E+01   2.6976000019E+04   1.6916186700E-01   1.4700962339E+00   3.9999586615E+03   9.9680386634E+02   3.6106067206E+01   1.4709928588E+01   1.0220372372E+03   2.7012042561E+01   2.5173702879E+03
  3.7450000000E+01   2.6992000019E+04   1.6762480267E-01   1.4660182671E+00   3.9999590728E+03   9.9760383095E+02   3.6060962818E+01   1.4709928588E+01   1.0220372372E+03   2.7012042561E+01   2.5173702879E+03
  3.7500000000E+01   2.7008000019E+04   1.6610157856E-01   1.4619516124E+00   3.9999594800E+03   9.9840379587E+02   3.6015914775E+01   1.4709928588E+01   1.0220372372E+03   2.7012042561E+01   2.5173702879E+03
  3.7550000000E+01   2.7024000018E+04   1.6459207144E-01   1.4578962383E+00   3.9999598832E+03   9.9920376111E+02   3.5970923008E+01   1.4709928588E+01   1.0220372372E+03   2.7012042561E+01   2.5173702879E+03
  3.7600000000E+01   2.7040000018E+04   1.6309615912E-01   1.4538521136E+00   3.9999602824E+03   1.0000037267E+03   3.5925987444E+01   1.4709928588E+01   1.0220372372E+03   2.7012042561E+01   2.5173702879E+03
  3.7650000000E+01   2.7056000018E+04   1.6161372052E-01   1.4498192071E+00   3.9999606776E+03   1.0008036925E+03   3.5881108016E+01   1.4709928588E+01   1.0220372372E+03   2.7012042561E+01   2.5173702879E+03
  3.7700000000E+01   2.7072000018E+04   1.6014463560E-01   1.4457974877E+00   3.9999610688E+03   1.0016036587E+03   3.5836284651E+01   1.4709928588E+01   1.0220372372E+03   2.7012042561E+01   2.5173702879E+03
  3.7750000000E+01   2.7088000017E+04   1.5868878540E-01   1.4417869243E+00   3.9999614562E+03   1.0024036252E+03   3.5791517281E+01   1.4709928588E+01   1.0220372372E+03   2.7012042561E+01   2.5173702879E+03
  3.7800000000E+01   2.7104000017E+04   1.5724605198E-01   1.4377874859E+00   3.9999618397E+03   1.0032035920E+03   3.5746805835E+01   1.4709928588E+01   1.0220372372E+03   2.7012042561E+01   2.5173702879E+03
  3.7850000000E+01   2.7120000017E+04   1.5581631844E-01   1.4337991418E+00   3.9999622194E+03   1.0040035591E+03   3.5702150243E+01   1.4709928588E+01   1.0220372372E+03   2.7012042561E+01   2.5173702879E+03
  3.7900000000E+01   2.7136000017E+04   1.5439946893E-01   1.4298218612E+00   3.9999625953E+03   1.0048035265E+03   3.5657550436E+01   1.4709928588E+01   1.0220372372E+03   2.7012042561E+01   2.5173702879E+03
  3.7950000000E+01   2.7152000017E+04   1.5299538860E-01   1.4258556133E+00   3.9999629675E+03   1.0056034942E+03   3.5613006343E+01   1.4709928588E+01   1.0220372372E+03   2.7012042561E+01   2.5173702879E+03
  3.8000000000E+01   2.7168000016E+04   1.5160396361E-01   1.4219003676E+00   3.9999633360E+03   1.0064034622E+03   3.5568517897E+01   1.4709928588E+01   1.0220372372E+03   2.7012042561E+01   2.5173702879E+03
  3.8050000000E+01   2.7184000016E+04   1.5022508112E-01   1.4179560935E+00   3.9999637008E+03   1.0072034304E+03   3.5524085026E+01   1.4709928588E+01   1.0220372372E+03   2.7012042561E+01   2.5173702879E+03
  3.8100000000E+01   2.7200000016E+04   1.4885862929E-01   1.4140227606E+00   3.9999640620E+03   1.0080033990E+03   3.5479707661E+01   1.4709928588E+01   1.0220372372E+03   2.7012042561E+01   2.5173702879E+03
  3.8150000000E+01   2.7216000016E+04   1.4750449726E-01   1.4101003385E+00   3.9999644196E+03   1.0088033679E+03   3.5435385733E+01   1.4709928588E+01   1.0220372372E+03   2.7012042561E+01   2.5173702879E+03
  3.8200000000E+01   2.7232000016E+04   1.4616257515E-01   1.4061887970E+00   3.9999647736E+03   1.0096033370E+03   3.5391119174E+01   1.4709928588E+01   1.0220372372E+03   2.7012042561E+01   2.5173702879E+03
  3.8250000000E+01   2.7248000015E+04   1.4483275405E-01   1.4022881060E+00   3.9999651241E+03   1.0104033064E+03   3.5346907912E+01   1.4709928588E+01   1.0220372372E+03   2.7012042561E+01   2.5173702879E+03
  3.8300000000E+01   2.7264000015E+04   1.4351492598E-01   1.3983982352E+00   3.9999654711E+03   1.0112032761E+03   3.5302751881E+01   1.4709928588E+01   1.0220372372E+03   2.7012042561E+01   2.5173702879E+03
  3.8350000000E+01   2.7280000015E+04   1.4220898396E-01   1.3945191548E+00   3.9999658147E+03   1.0120032461E+03   3.5258651010E+01   1.4709928588E+01   1.0220372372E+03   2.7012042561E+01   2.5173702879E+03
  3.8400000000E+01   2.7296000015E+04   1.4091482190E-01   1.3906508346E+00   3.9999661548E+03   1.0128032163E+03   3.5214605230E+01   1.4709928588E+01   1.0220372372E+03   2.7012042561E+01   2.5173702879E+03
  3.8450000000E+01   2.7312000015E+04   1.3963233468E-01   1.3867932450E+00   3.9999664916E+03   1.0136031868E+03   3.5170614474E+01   1.4709928588E+01   1.0220372372E+03   2.7012042561E+01   2.5173702879E+03
  3.8500000000E+01   2.7328000015E+04   1.3836141810E-01   1.3829463562E+00   3.9999668250E+03   1.0144031576E+03   3.5126678671E+01   1.4709928588E+01   1.0220372372E+03   2.7012042561E+01   2.5173702879E+03
  3.8550000000E+01   2.7344000014E+04   1.3710196887E-01   1.3791101384E+00   3.9999671551E+03   1.0152031286E+03   3.5082797754E+01   1.4709928588E+01   1.0220372372E+03   2.7012042561E+01   2.5173702879E+03
  3.8600000000E+01   2.7360000014E+04   1.3585388460E-01   1.3752845620E+00   3.9999674819E+03   1.0160031000E+03   3.5038971654E+01   1.4709928588E+01   1.0220372372E+03   2.7012042561E+01   2.5173702879E+03
  3.8650000000E+01   2.7376000014E+04   1.3461706383E-01   1.3714695976E+00   3.9999678055E+03   1.0168030715E+03   3.4995200302E+01   1.4709928588E+01   1.0220372372E+03   2.7012042561E+01   2.5173702879E+03
  3.8700000000E+01   2.7392000014E+04   1.3339140597E-01   1.3676652157E+00   3.9999681258E+03   1.0176030434E+03   3.4951483630E+01   1.4709928588E+01   1.0220372372E+03   2.7012042561E+01   2.5173702879E+03
  3.8750000000E+01   2.7408000014E+04   1.3217681132E-01   1.3638713870E+00   3.9999684429E+03   1.0184030154E+03   3.4907821570E+01   1.4709928588E+01   1.0220372372E+03   2.7012042561E+01   2.5173702879E+03
  3.8800000000E+01   2.7424000014E+04   1.3097318108E-01   1.3600880821E+00   3.9999687569E+03   1.0192029878E+03   3.4864214054E+01   1.4709928588E+01   1.0220372372E+03   2.7012042561E+01   2.5173702879E+03
  3.8850000000E+01   2.7440000013E+04   1.2978041729E-01   1.3563152719E+00   3.9999690678E+03   1.0200029604E+03   3.4820661013E+01   1.4709928588E+01   1.0220372372E+03   2.7012042561E+01   2.5173702879E+03
  3.8900000000E+01   2.7456000013E+04   1.2859842287E-01   1.3525529273E+00   3.9999693756E+03   1.0208029332E+03   3.4777162379E+01   1.4709928588E+01   1.0220372372E+03   2.7012042561E+01   2.5173702879E+03
  3.8950000000E+01   2.7472000013E+04   1.2742710161E-01   1.3488010192E+00   3.9999696803E+03   1.0216029063E+03   3.4733718084E+01   1.4709928588E+01   1.0220372372E+03   2.7012042561E+01   2.5173702879E+03
  3.9000000000E+01   2.7488000013E+04   1.2626635812E-01   1.3450595187E+00   3.9999699820E+03   1.0224028796E+03   3.4690328061E+01   1.4709928588E+01   1.0220372372E+03   2.7012042561E+01   2.5173702879E+03
  3.9050000000E+01   2.7504000013E+04   1.2511609786E-01   1.3413283970E+00   3.9999702807E+03   1.0232028532E+03   3.4646992241E+01   1.4709928588E+01   1.0220372372E+03   2.7012042561E+01   2.5173702879E+03
  3.9100000000E+01   2.7520000013E+04   1.2397622714E-01   1.3376076251E+00   3.9999705764E+03   1.0240028270E+03   3.4603710558E+01   1.4709928588E+01   1.0220372372E+03   2.7012042561E+01   2.5173702879E+03
  3.9150000000E+01   2.7536000013E+04   1.2284665309E-01   1.3338971745E+00   3.9999708692E+03   1.0248028011E+03   3.4560482942E+01   1.4709928588E+01   1.0220372372E+03   2.7012042561E+01   2.5173702879E+03
  3.9200000000E+01   2.7552000012E+04   1.2172728364E-01   1.3301970164E+00   3.9999711590E+03   1.0256027754E+03   3.4517309328E+01   1.4709928588E+01   1.0220372372E+03   2.7012042561E+01   2.5173702879E+03
  3.9250000000E+01   2.7568000012E+04   1.2061802756E-01   1.3265071224E+00   3.9999714460E+03   1.0264027499E+03   3.4474189646E+01   1.4709928588E+01   1.0220372372E+03   2.7012042561E+01   2.5173702879E+03
  3.9300000000E+01   2.7584000012E+04   1.1951879441E-01   1.3228274640E+00   3.9999717301E+03   1.0272027247E+03   3.4431123831E+01   1.4709928588E+01   1.0220372372E+03   2.7012042561E+01   2.5173702879E+03
  3.9350000000E+01   2.7600000012E+04   1.1842949454E-01   1.3191580127E+00   3.9999720114E+03   1.0280026997E+03   3.4388111814E+01   1.4709928588E+01   1.0220372372E+03   2.7012042561E+01   2.5173702879E+03
  3.9400000000E+01   2.7616000012E+04   1.1735003913E-01   1.3154987403E+00   3.9999722899E+03   1.0288026749E+03   3.4345153529E+01   1.4709928588E+01   1.0220372372E+03   2.7012042561E+01   2.5173702879E+03
  3.9450000000E+01   2.7632000012E+04   1.1628034009E-01   1.3118496185E+00   3.9999725656E+03   1.0296026503E+03   3.4302248908E+01   1.4709928588E+01   1.0220372372E+03   2.7012042561E+01   2.5173702879E+03
  3.9500000000E+01   2.7648000012E+04   1.1522031015E-01   1.3082106192E+00   3.9999728386E+03   1.0304026260E+03   3.4259397885E+01   1.4709928588E+01   1.0220372372E+03   2.7012042561E+01   2.5173702879E+03
  3.9550000000E+01   2.7664000011E+04   1.1416986280E-01   1.3045817143E+00   3.9999731088E+03   1.0312026019E+03   3.4216600391E+01   1.4709928588E+01   1.0220372372E+03   2.7012042561E+01   2.5173702879E+03
  3.9600000000E+01   2.7680000011E+04   1.1312891228E-01   1.3009628757E+00   3.9999733764E+03   1.0320025780E+03   3.4173856361E+01   1.4709928588E+01   1.0220372372E+03   2.7012042561E+01   2.5173702879E+03
  3.9650000000E+01   2.7696000011E+04   1.1209737361E-01   1.2973540756E+00   3.9999736413E+03   1.0328025543E+03   3.4131165728E+01   1.4709928588E+01   1.0220372372E+03   2.7012042561E+01   2.5173702879E+03
  3.9700000000E+01   2.7712000011E+04   1.1107516254E-01   1.2937552861E+00   3.9999739036E+03   1.0336025309E+03   3.4088528425E+01   1.4709928588E+01   1.0220372372E+03   2.7012042561E+01   2.5173702879E+03
  3.9750000000E+01   2.7728000011E+04   1.1006219559E-01   1.2901664795E+00   3.9999741632E+03   1.0344025076E+03   3.4045944385E+01   1.4709928588E+01   1.0220372372E+03   2.7012042561E+01   2.5173702879E+03
  3.9800000000E+01   2.7744000011E+04   1.0905838998E-01   1.2865876280E+00   3.9999744203E+03   1.0352024846E+03   3.4003413542E+01   1.4709928588E+01   1.0220372372E+03   2.7012042561E+01   2.5173702879E+03
  3.9850000000E+01   2.7760000011E+04   1.0806366371E-01   1.2830187041E+00   3.9999746748E+03   1.0360024618E+03   3.3960935829E+01   1.4709928588E+01   1.0220372372E+03   2.7012042561E+01   2.5173702879E+03
  3.9900000000E+01   2.7776000010E+04   1.0707793546E-01   1.2794596801E+00   3.9999749268E+03   1.0368024392E+03   3.3918511180E+01   1.4709928588E+01   1.0220372372E+03   2.7012042561E+01   2.5173702879E+03
  3.9950000000E+01   2.7792000010E+04   1.0610112465E-01   1.2759105287E+00   3.9999751763E+03   1.0376024167E+03   3.3876139529E+01   1.4709928588E+01   1.0220372372E+03   2.7012042561E+01   2.5173702879E+03
  4.0000000000E+01   2.7808000010E+04   1.0513315143E-01   1.2723712225E+00   3.9999754233E+03   1.0384023945E+03   3.3833820809E+01   1.4709928588E+01   1.0220372372E+03   2.7012042561E+01   2.5173702879E+03
  4.0050000000E+01   2.7824000010E+04   1.0417393662E-01   1.2688417341E+00   3.9999756678E+03   1.0392023725E+03   3.3791554955E+01   1.4709928588E+01   1.0220372372E+03   2.7012042561E+01   2.5173702879E+03
  4.0100000000E+01   2.7840000010E+04   1.0322340176E-01   1.2653220363E+00   3.9999759099E+03   1.0400023507E+03   3.3749341900E+01   1.4709928588E+01   1.0220372372E+03   2.7012042561E+01   2.5173702879E+03
  4.0150000000E+01   2.7856000010E+04   1.0228146909E-01   1.2618121019E+00   3.9999761496E+03   1.0408023291E+03   3.3707181578E+01   1.4709928588E+01   1.0220372372E+03   2.7012042561E+01   2.5173702879E+03
  4.0200000000E+01   2.7872000010E+04   1.0134806153E-01   1.2583119040E+00   3.9999763870E+03   1.0416023077E+03   3.3665073924E+01   1.4709928588E+01   1.0220372372E+03   2.7012042561E+01   2.5173702879E+03
  4.0250000000E+01   2.7888000010E+04   1.0042310269E-01   1.2548214153E+00   3.9999766219E+03   1.0424022865E+03   3.3623018871E+01   1.4709928588E+01   1.0220372372E+03   2.7012042561E+01   2.5173702879E+03
  4.0300000000E+01   2.7904000010E+04   9.9506516828E-02   1.2513406091E+00   3.9999768545E+03   1.0432022655E+03   3.3581016355E+01   1.4709928588E+01   1.0220372372E+03   2.7012042561E+01   2.5173702879E+03
  4.0350000000E+01   2.7920000009E+04   9.8598228912E-02   1.2478694585E+00   3.9999770848E+03   1.0440022447E+03   3.3539066309E+01   1.4709928588E+01   1.0220372372E+03   2.7012042561E+01   2.5173702879E+03
  4.0400000000E+01   2.7936000009E+04   9.7698164552E-02   1.2444079367E+00   3.9999773128E+03   1.0448022241E+03   3.3497168667E+01   1.4709928588E+01   1.0220372372E+03   2.7012042561E+01   2.5173702879E+03
  4.0450000000E+01   2.7952000009E+04   9.6806250022E-02   1.2409560169E+00   3.9999775386E+03   1.0456022036E+03   3.3455323365E+01   1.4709928588E+01   1.0220372372E+03   2.7012042561E+01   2.5173702879E+03
  4.0500000000E+01   2.7968000009E+04   9.5922412247E-02   1.2375136725E+00   3.9999777621E+03   1.0464021834E+03   3.3413530337E+01   1.4709928588E+01   1.0220372372E+03   2.7012042561E+01   2.5173702879E+03
  4.0550000000E+01   2.7984000009E+04   9.5046578802E-02   1.2340808771E+00   3.9999779833E+03   1.0472021633E+03   3.3371789518E+01   1.4709928588E+01   1.0220372372E+03   2.7012042561E+01   2.5173702879E+03
  4.0600000000E+01   2.8000000009E+04   9.4178677901E-02   1.2306576040E+00   3.9999782024E+03   1.0480021434E+03   3.3330100841E+01   1.4709928588E+01   1.0220372372E+03   2.7012042561E+01   2.5173702879E+03
  4.0650000000E+01   2.8016000009E+04   9.3318638397E-02   1.2272438269E+00   3.9999784193E+03   1.0488021237E+03   3.3288464244E+01   1.4709928588E+01   1.0220372372E+03   2.7012042561E+01   2.5173702879E+03
  4.0700000000E+01   2.8032000009E+04   9.2466389772E-02   1.2238395194E+00   3.9999786340E+03   1.0496021042E+03   3.3246879659E+01   1.4709928588E+01   1.0220372372E+03   2.7012042561E+01   2.5173702879E+03
  4.0750000000E+01   2.8048000009E+04   9.1621862131E-02   1.2204446553E+00   3.9999788466E+03   1.0504020848E+03   3.3205347023E+01   1.4709928588E+01   1.0220372372E+03   2.7012042561E+01   2.5173702879E+03
  4.0800000000E+01   2.8064000008E+04   9.0784986203E-02   1.2170592084E+00   3.9999790571E+03   1.0512020656E+03   3.3163866270E+01   1.4709928588E+01   1.0220372372E+03   2.7012042561E+01   2.5173702879E+03
  4.0850000000E+01   2.8080000008E+04   8.9955693328E-02   1.2136831525E+00   3.9999792655E+03   1.0520020467E+03   3.3122437336E+01   1.4709928588E+01   1.0220372372E+03   2.7012042561E+01   2.5173702879E+03
  4.0900000000E+01   2.8096000008E+04   8.9133915455E-02   1.2103164616E+00   3.9999794718E+03   1.0528020278E+03   3.3081060155E+01   1.4709928588E+01   1.0220372372E+03   2.7012042561E+01   2.5173702879E+03
  4.0950000000E+01   2.8112000008E+04   8.8319585138E-02   1.2069591097E+00   3.9999796761E+03   1.0536020092E+03   3.3039734664E+01   1.4709928588E+01   1.0220372372E+03   2.7012042561E+01   2.5173702879E+03
  4.1000000000E+01   2.8128000008E+04   8.7512635527E-02   1.2036110709E+00   3.9999798783E+03   1.0544019907E+03   3.2998460797E+01   1.4709928588E+01   1.0220372372E+03   2.7012042561E+01   2.5173702879E+03
  4.1050000000E+01   2.8144000008E+04   8.6713000367E-02   1.2002723194E+00   3.9999800785E+03   1.0552019724E+03   3.2957238490E+01   1.4709928588E+01   1.0220372372E+03   2.7012042561E+01   2.5173702879E+03
  4.1100000000E+01   2.8160000008E+04   8.5920613989E-02   1.1969428295E+00   3.9999802767E+03   1.0560019542E+03   3.2916067679E+01   1.4709928588E+01   1.0220372372E+03   2.7012042561E+01   2.5173702879E+03
  4.1150000000E+01   2.8176000008E+04   8.5135411309E-02   1.1936225753E+00   3.9999804730E+03   1.0568019363E+03   3.2874948300E+01   1.4709928588E+01   1.0220372372E+03   2.7012042561E+01   2.5173702879E+03
  4.1200000000E+01   2.8192000008E+04   8.4357327819E-02   1.1903115314E+00   3.9999806673E+03   1.0576019184E+03   3.2833880287E+01   1.4709928588E+01   1.0220372372E+03   2.7012042561E+01   2.5173702879E+03
  4.1250000000E+01   2.8208000008E+04   8.3586299583E-02   1.1870096721E+00   3.9999808596E+03   1.0584019008E+03   3.2792863578E+01   1.4709928588E+01   1.0220372372E+03   2.7012042561E+01   2.5173702879E+03
  4.1300000000E+01   2.8224000007E+04   8.2822263234E-02   1.1837169719E+00   3.9999810501E+03   1.0592018833E+03   3.2751898107E+01   1.4709928588E+01   1.0220372372E+03   2.7012042561E+01   2.5173702879E+03
  4.1350000000E+01   2.8240000007E+04   8.2065155966E-02   1.1804334056E+00   3.9999812386E+03   1.0600018660E+03   3.2710983811E+01   1.4709928588E+01   1.0220372372E+03   2.7012042561E+01   2.5173702879E+03
  4.1400000000E+01   2.8256000007E+04   8.1314915532E-02   1.1771589477E+00   3.9999814253E+03   1.0608018488E+03   3.2670120626E+01   1.4709928588E+01   1.0220372372E+03   2.7012042561E+01   2.5173702879E+03
  4.1450000000E+01   2.8272000007E+04   8.0571480237E-02   1.1738935729E+00   3.9999816101E+03   1.0616018318E+03   3.2629308488E+01   1.4709928588E+01   1.0220372372E+03   2.7012042561E+01   2.5173702879E+03
  4.1500000000E+01   2.8288000007E+04   7.9834788934E-02   1.1706372562E+00   3.9999817931E+03   1.0624018149E+03   3.2588547334E+01   1.4709928588E+01   1.0220372372E+03   2.7012042561E+01   2.5173702879E+03
  4.1550000000E+01   2.8304000007E+04   7.9104781019E-02   1.1673899722E+00   3.9999819743E+03   1.0632017982E+03   3.2547837099E+01   1.4709928588E+01   1.0220372372E+03   2.7012042561E+01   2.5173702879E+03
  4.1600000000E+01   2.8320000007E+04   7.8381396426E-02   1.1641516961E+00   3.9999821536E+03   1.0640017817E+03   3.2507177720E+01   1.4709928588E+01   1.0220372372E+03   2.7012042561E+01   2.5173702879E+03
  4.1650000000E+01   2.8336000007E+04   7.7664575625E-02   1.1609224028E+00   3.9999823312E+03   1.0648017653E+03   3.2466569133E+01   1.4709928588E+01   1.0220372372E+03   2.7012042561E+01   2.5173702879E+03
  4.1700000000E+01   2.8352000007E+04   7.6954259610E-02   1.1577020673E+00   3.9999825070E+03   1.0656017490E+03   3.2426011276E+01   1.4709928588E+01   1.0220372372E+03   2.7012042561E+01   2.5173702879E+03
  4.1750000000E+01   2.8368000007E+04   7.6250389906E-02   1.1544906649E+00   3.9999826811E+03   1.0664017329E+03   3.2385504084E+01   1.4709928588E+01   1.0220372372E+03   2.7012042561E+01   2.5173702879E+03
  4.1800000000E+01   2.8384000007E+04   7.5552908551E-02   1.1512881707E+00   3.9999828534E+03   1.0672017170E+03   3.2345047494E+01   1.4709928588E+01   1.0220372372E+03   2.7012042561E+01   2.5173702879E+03
  4.1850000000E+01   2.8400000007E+04   7.4861758104E-02   1.1480945601E+00   3.9999830240E+03   1.0680017011E+03   3.2304641444E+01   1.4709928588E+01   1.0220372372E+03   2.7012042561E+01   2.5173702879E+03
  4.1900000000E+01   2.8416000006E+04   7.4176881630E-02   1.1449098084E+00   3.9999831929E+03   1.0688016855E+03   3.2264285870E+01   1.4709928588E+01   1.0220372372E+03   2.7012042561E+01   2.5173702879E+03
  4.1950000000E+01   2.8432000006E+04   7.3498222703E-02   1.1417338910E+00   3.9999833601E+03   1.0696016700E+03   3.2223980708E+01   1.4709928588E+01   1.0220372372E+03   2.7012042561E+01   2.5173702879E+03
  4.2000000000E+01   2.8448000006E+04   7.2825725399E-02   1.1385667834E+00   3.9999835257E+03   1.0704016546E+03   3.2183725897E+01   1.4709928588E+01   1.0220372372E+03   2.7012042561E+01   2.5173702879E+03
  4.2050000000E+01   2.8464000006E+04   7.2159334288E-02   1.1354084612E+00   3.9999836896E+03   1.0712016393E+03   3.2143521373E+01   1.4709928588E+01   1.0220372372E+03   2.7012042561E+01   2.5173702879E+03
  4.2100000000E+01   2.8480000006E+04   7.1498994438E-02   1.1322589000E+00   3.9999838519E+03   1.0720016242E+03   3.2103367073E+01   1.4709928588E+01   1.0220372372E+03   2.7012042561E+01   2.5173702879E+03
  4.2150000000E+01   2.8496000006E+04   7.0844651401E-02   1.1291180756E+00   3.9999840126E+03   1.0728016093E+03   3.2063262934E+01   1.4709928588E+01   1.0220372372E+03   2.7012042561E+01   2.5173702879E+03
  4.2200000000E+01   2.8512000006E+04   7.0196251217E-02   1.1259859636E+00   3.9999841717E+03   1.0736015945E+03   3.2023208894E+01   1.4709928588E+01   1.0220372372E+03   2.7012042561E+01   2.5173702879E+03
  4.2250000000E+01   2.8528000006E+04   6.9553740403E-02   1.1228625399E+00   3.9999843292E+03   1.0744015798E+03   3.1983204891E+01   1.4709928588E+01   1.0220372372E+03   2.7012042561E+01   2.5173702879E+03
  4.2300000000E+01   2.8544000006E+04   6.8917065955E-02   1.1197477804E+00   3.9999844851E+03   1.0752015652E+03   3.1943250861E+01   1.4709928588E+01   1.0220372372E+03   2.7012042561E+01   2.5173702879E+03
  4.2350000000E+01   2.8560000006E+04   6.8286175338E-02   1.1166416612E+00   3.9999846395E+03   1.0760015508E+03   3.1903346743E+01   1.4709928588E+01   1.0220372372E+03   2.7012042561E+01   2.5173702879E+03
  4.2400000000E+01   2.8576000006E+04   6.7661016487E-02   1.1135441581E+00   3.9999847923E+03   1.0768015365E+03   3.1863492474E+01   1.4709928588E+01   1.0220372372E+03   2.7012042561E+01   2.5173702879E+03
  4.2450000000E+01   2.8592000006E+04   6.7041537798E-02   1.1104552473E+00   3.9999849436E+03   1.0776015223E+03   3.1823687991E+01   1.4709928588E+01   1.0220372372E+03   2.7012042561E+01   2.5173702879E+03
  4.2500000000E+01   2.8608000006E+04   6.6427688130E-02   1.1073749050E+00   3.9999850934E+03   1.0784015083E+03   3.1783933233E+01   1.4709928588E+01   1.0220372372E+03   2.7012042561E+01   2.5173702879E+03
  4.2550000000E+01   2.8624000006E+04   6.5819416793E-02   1.1043031073E+00   3.9999852418E+03   1.0792014944E+03   3.1744228137E+01   1.4709928588E+01   1.0220372372E+03   2.7012042561E+01   2.5173702879E+03
  4.2600000000E+01   2.8640000005E+04   6.5216673551E-02   1.1012398307E+00   3.9999853886E+03   1.0800014806E+03   3.1704572642E+01   1.4709928588E+01   1.0220372372E+03   2.7012042561E+01   2.5173702879E+03
  4.2650000000E+01   2.8656000005E+04   6.4619408616E-02   1.0981850515E+00   3.9999855340E+03   1.0808014670E+03   3.1664966685E+01   1.4709928588E+01   1.0220372372E+03   2.7012042561E+01   2.5173702879E+03
  4.2700000000E+01   2.8672000005E+04   6.4027572643E-02   1.0951387460E+00   3.9999856779E+03   1.0816014535E+03   3.1625410205E+01   1.4709928588E+01   1.0220372372E+03   2.7012042561E+01   2.5173702879E+03
  4.2750000000E+01   2.8688000005E+04   6.3441116724E-02   1.0921008908E+00   3.9999858204E+03   1.0824014401E+03   3.1585903139E+01   1.4709928588E+01   1.0220372372E+03   2.7012042561E+01   2.5173702879E+03
  4.2800000000E+01   2.8704000005E+04   6.2859992391E-02   1.0890714625E+00   3.9999859615E+03   1.0832014268E+03   3.1546445426E+01   1.4709928588E+01   1.0220372372E+03   2.7012042561E+01   2.5173702879E+03
  4.2850000000E+01   2.8720000005E+04   6.2284151605E-02   1.0860504376E+00   3.9999861012E+03   1.0840014136E+03   3.1507037005E+01   1.4709928588E+01   1.0220372372E+03   2.7012042561E+01   2.5173702879E+03
  4.2900000000E+01   2.8736000005E+04   6.1713546756E-02   1.0830377929E+00   3.9999862395E+03   1.0848014006E+03   3.1467677813E+01   1.4709928588E+01   1.0220372372E+03   2.7012042561E+01   2.5173702879E+03
  4.2950000000E+01   2.8752000005E+04   6.1148130659E-02   1.0800335051E+00   3.9999863764E+03   1.0856013877E+03   3.1428367790E+01   1.4709928588E+01   1.0220372372E+03   2.7012042561E+01   2.5173702879E+03
  4.3000000000E+01   2.8768000005E+04   6.0587856548E-02   1.0770375511E+00   3.9999865120E+03   1.0864013749E+03   3.1389106873E+01   1.4709928588E+01   1.0220372372E+03   2.7012042561E+01   2.5173702879E+03
  4.3050000000E+01   2.8784000005E+04   6.0032678075E-02   1.0740499076E+00   3.9999866462E+03   1.0872013622E+03   3.1349895002E+01   1.4709928588E+01   1.0220372372E+03   2.7012042561E+01   2.5173702879E+03
  4.3100000000E+01   2.8800000005E+04   5.9482549306E-02   1.0710705517E+00   3.9999867791E+03   1.0880013497E+03   3.1310732115E+01   1.4709928588E+01   1.0220372372E+03   2.7012042561E+01   2.5173702879E+03
  4.3150000000E+01   2.8816000005E+04   5.8937424715E-02   1.0680994604E+00   3.9999869106E+03   1.0888013372E+03   3.1271618152E+01   1.4709928588E+01   1.0220372372E+03   2.7012042561E+01   2.5173702879E+03
  4.3200000000E+01   2.8832000005E+04   5.8397259184E-02   1.0651366107E+00   3.9999870409E+03   1.0896013249E+03   3.1232553050E+01   1.4709928588E+01   1.0220372372E+03   2.7012042561E+01   2.5173702879E+03
  4.3250000000E+01   2.8848000005E+04   5.7862007995E-02   1.0621819798E+00   3.9999871698E+03   1.0904013127E+03   3.1193536749E+01   1.4709928588E+01   1.0220372372E+03   2.7012042561E+01   2.5173702879E+03
  4.3300000000E+01   2.8864000005E+04   5.7331626830E-02   1.0592355449E+00   3.9999872975E+03   1.0912013006E+03   3.1154569187E+01   1.4709928588E+01   1.0220372372E+03   2.7012042561E+01   2.5173702879E+03
  4.3350000000E+01   2.8880000005E+04   5.6806071767E-02   1.0562972833E+00   3.9999874239E+03   1.0920012886E+03   3.1115650305E+01   1.4709928588E+01   1.0220372372E+03   2.7012042561E+01   2.5173702879E+03
  4.3400000000E+01   2.8896000005E+04   5.6285299276E-02   1.0533671722E+00   3.9999875490E+03   1.0928012767E+03   3.1076780041E+01   1.4709928588E+01   1.0220372372E+03   2.7012042561E+01   2.5173702879E+03
  4.3450000000E+01   2.8912000004E+04   5.5769266215E-02   1.0504451891E+00   3.9999876729E+03   1.0936012649E+03   3.1037958335E+01   1.4709928588E+01   1.0220372372E+03   2.7012042561E+01   2.5173702879E+03
  4.3500000000E+01   2.8928000004E+04   5.5257929826E-02   1.0475313114E+00   3.9999877955E+03   1.0944012532E+03   3.0999185125E+01   1.4709928588E+01   1.0220372372E+03   2.7012042561E+01   2.5173702879E+03
  4.3550000000E+01   2.8944000004E+04   5.4751247734E-02   1.0446255167E+00   3.9999879170E+03   1.0952012417E+03   3.0960460352E+01   1.4709928588E+01   1.0220372372E+03   2.7012042561E+01   2.5173702879E+03
  4.3600000000E+01   2.8960000004E+04   5.4249177943E-02   1.0417277824E+00   3.9999880372E+03   1.0960012302E+03   3.0921783954E+01   1.4709928588E+01   1.0220372372E+03   2.7012042561E+01   2.5173702879E+03
  4.3650000000E+01   2.8976000004E+04   5.3751678830E-02   1.0388380863E+00   3.9999881562E+03   1.0968012189E+03   3.0883155872E+01   1.4709928588E+01   1.0220372372E+03   2.7012042561E+01   2.5173702879E+03
  4.3700000000E+01   2.8992000004E+04   5.3258709144E-02   1.0359564061E+00   3.9999882741E+03   1.0976012076E+03   3.0844576045E+01   1.4709928588E+01   1.0220372372E+03   2.7012042561E+01   2.5173702879E+03
  4.3750000000E+01   2.9008000004E+04   5.2770228003E-02   1.0330827195E+00   3.9999883908E+03   1.0984011965E+03   3.0806044412E+01   1.4709928588E+01   1.0220372372E+03   2.7012042561E+01   2.5173702879E+03
  4.3800000000E+01   2.9024000004E+04   5.2286194892E-02   1.0302170044E+00   3.9999885063E+03   1.0992011854E+03   3.0767560913E+01   1.4709928588E+01   1.0220372372E+03   2.7012042561E+01   2.5173702879E+03
  4.3850000000E+01   2.9040000004E+04   5.1806569654E-02   1.0273592386E+00   3.9999886206E+03   1.1000011745E+03   3.0729125489E+01   1.4709928588E+01   1.0220372372E+03   2.7012042561E+01   2.5173702879E+03
  4.3900000000E+01   2.9056000004E+04   5.1331312493E-02   1.0245094001E+00   3.9999887339E+03   1.1008011636E+03   3.0690738080E+01   1.4709928588E+01   1.0220372372E+03   2.7012042561E+01   2.5173702879E+03
  4.3950000000E+01   2.9072000004E+04   5.0860383969E-02   1.0216674668E+00   3.9999888460E+03   1.1016011529E+03   3.0652398624E+01   1.4709928588E+01   1.0220372372E+03   2.7012042561E+01   2.5173702879E+03
  4.4000000000E+01   2.9088000004E+04   5.0393744992E-02   1.0188334170E+00   3.9999889569E+03   1.1024011423E+03   3.0614107063E+01   1.4709928588E+01   1.0220372372E+03   2.7012042561E+01   2.5173702879E+03
  4.4050000000E+01   2.9104000004E+04   4.9931356826E-02   1.0160072286E+00   3.9999890668E+03   1.1032011317E+03   3.0575863337E+01   1.4709928588E+01   1.0220372372E+03   2.7012042561E+01   2.5173702879E+03
  4.4100000000E+01   2.9120000004E+04   4.9473181075E-02   1.0131888800E+00   3.9999891756E+03   1.1040011213E+03   3.0537667385E+01   1.4709928588E+01   1.0220372372E+03   2.7012042561E+01   2.5173702879E+03
  4.4150000000E+01   2.9136000004E+04   4.9019179691E-02   1.0103783492E+00   3.9999892833E+03   1.1048011109E+03   3.0499519148E+01   1.4709928588E+01   1.0220372372E+03   2.7012042561E+01   2.5173702879E+03
  4.4200000000E+01   2.9152000004E+04   4.8569314965E-02   1.0075756148E+00   3.9999893899E+03   1.1056011006E+03   3.0461418567E+01   1.4709928588E+01   1.0220372372E+03   2.7012042561E+01   2.5173702879E+03
  4.4250000000E+01   2.9168000004E+04   4.8123549524E-02   1.0047806550E+00   3.9999894955E+03   1.1064010905E+03   3.0423365582E+01   1.4709928588E+01   1.0220372372E+03   2.7012042561E+01   2.5173702879E+03
  4.4300000000E+01   2.9184000004E+04   4.7681846330E-02   1.0019934482E+00   3.9999896000E+03   1.1072010804E+03   3.0385360134E+01   1.4709928588E+01   1.0220372372E+03   2.7012042561E+01   2.5173702879E+03
  4.4350000000E+01   2.9200000004E+04   4.7244168676E-02   9.9921397300E-01   3.9999897035E+03   1.1080010704E+03   3.0347402162E+01   1.4709928588E+01   1.0220372372E+03   2.7012042561E+01   2.5173702879E+03
  4.4400000000E+01   2.9216000004E+04   4.6810480183E-02   9.9644220791E-01   3.9999898060E+03   1.1088010606E+03   3.0309491608E+01   1.4709928588E+01   1.0220372372E+03   2.7012042561E+01   2.5173702879E+03
  4.4450000000E+01   2.9232000004E+04   4.6380744799E-02   9.9367813155E-01   3.9999899074E+03   1.1096010508E+03   3.0271628413E+01   1.4709928588E+01   1.0220372372E+03   2.7012042561E+01   2.5173702879E+03
  4.4500000000E+01   2.9248000003E+04   4.5954926792E-02   9.9092172259E-01   3.9999900078E+03   1.1104010411E+03   3.0233812518E+01   1.4709928588E+01   1.0220372372E+03   2.7012042561E+01   2.5173702879E+03
  4.4550000000E+01   2.9264000003E+04   4.5532990752E-02   9.8817295975E-01   3.9999901072E+03   1.1112010314E+03   3.0196043862E+01   1.4709928588E+01   1.0220372372E+03   2.7012042561E+01   2.5173702879E+03
  4.4600000000E+01   2.9280000003E+04   4.5114901584E-02   9.8543182183E-01   3.9999902057E+03   1.1120010219E+03   3.0158322388E+01   1.4709928588E+01   1.0220372372E+03   2.7012042561E+01   2.5173702879E+03
  4.4650000000E+01   2.9296000003E+04   4.4700624509E-02   9.8269828768E-01   3.9999903031E+03   1.1128010125E+03   3.0120648037E+01   1.4709928588E+01   1.0220372372E+03   2.7012042561E+01   2.5173702879E+03
  4.4700000000E+01   2.9312000003E+04   4.4290125057E-02   9.7997233620E-01   3.9999903996E+03   1.1136010031E+03   3.0083020749E+01   1.4709928588E+01   1.0220372372E+03   2.7012042561E+01   2.5173702879E+03
  4.4750000000E+01   2.9328000003E+04   4.3883369068E-02   9.7725394637E-01   3.9999904951E+03   1.1144009938E+03   3.0045440465E+01   1.4709928588E+01   1.0220372372E+03   2.7012042561E+01   2.5173702879E+03
  4.4800000000E+01   2.9344000003E+04   4.3480322688E-02   9.7454309720E-01   3.9999905897E+03   1.1152009847E+03   3.0007907128E+01   1.4709928588E+01   1.0220372372E+03   2.7012042561E+01   2.5173702879E+03
  4.4850000000E+01   2.9360000003E+04   4.3080952366E-02   9.7183976777E-01   3.9999906834E+03   1.1160009756E+03   2.9970420678E+01   1.4709928588E+01   1.0220372372E+03   2.7012042561E+01   2.5173702879E+03
  4.4900000000E+01   2.9376000003E+04   4.2685224849E-02   9.6914393724E-01   3.9999907761E+03   1.1168009666E+03   2.9932981057E+01   1.4709928588E+01   1.0220372372E+03   2.7012042561E+01   2.5173702879E+03
  4.4950000000E+01   2.9392000003E+04   4.2293107186E-02   9.6645558479E-01   3.9999908678E+03   1.1176009576E+03   2.9895588206E+01   1.4709928588E+01   1.0220372372E+03   2.7012042561E+01   2.5173702879E+03
  4.5000000000E+01   2.9408000003E+04   4.1904566717E-02   9.6377468969E-01   3.9999909587E+03   1.1184009488E+03   2.9858242067E+01   1.4709928588E+01   1.0220372372E+03   2.7012042561E+01   2.5173702879E+03
  4.5050000000E+01   2.9424000003E+04   4.1519571078E-02   9.6110123124E-01   3.9999910487E+03   1.1192009400E+03   2.9820942581E+01   1.4709928588E+01   1.0220372372E+03   2.7012042561E+01   2.5173702879E+03
  4.5100000000E+01   2.9440000003E+04   4.1138088193E-02   9.5843518882E-01   3.9999911377E+03   1.1200009313E+03   2.9783689691E+01   1.4709928588E+01   1.0220372372E+03   2.7012042561E+01   2.5173702879E+03
  4.5150000000E+01   2.9456000003E+04   4.0760086273E-02   9.5577654186E-01   3.9999912259E+03   1.1208009227E+03   2.9746483338E+01   1.4709928588E+01   1.0220372372E+03   2.7012042561E+01   2.5173702879E+03
  4.5200000000E+01   2.9472000003E+04   4.0385533814E-02   9.5312526984E-01   3.9999913132E+03   1.1216009142E+03   2.9709323463E+01   1.4709928588E+01   1.0220372372E+03   2.7012042561E+01   2.5173702879E+03
  4.5250000000E+01   2.9488000003E+04   4.0014399597E-02   9.5048135230E-01   3.9999913997E+03   1.1224009057E+03   2.9672210010E+01   1.4709928588E+01   1.0220372372E+03   2.7012042561E+01   2.5173702879E+03
  4.5300000000E+01   2.9504000003E+04   3.9646652678E-02   9.4784476884E-01   3.9999914852E+03   1.1232008974E+03   2.9635142919E+01   1.4709928588E+01   1.0220372372E+03   2.7012042561E+01   2.5173702879E+03
  4.5350000000E+01   2.9520000003E+04   3.9282262395E-02   9.4521549913E-01   3.9999915699E+03   1.1240008891E+03   2.9598122133E+01   1.4709928588E+01   1.0220372372E+03   2.7012042561E+01   2.5173702879E+03
  4.5400000000E+01   2.9536000003E+04   3.8921198358E-02   9.4259352286E-01   3.9999916538E+03   1.1248008808E+03   2.9561147594E+01   1.4709928588E+01   1.0220372372E+03   2.7012042561E+01   2.5173702879E+03
  4.5450000000E+01   2.9552000003E+04   3.8563430450E-02   9.3997881982E-01   3.9999917369E+03   1.1256008727E+03   2.9524219245E+01   1.4709928588E+01   1.0220372372E+03   2.7012042561E+01   2.5173702879E+03
  4.5500000000E+01   2.9568000003E+04   3.8208928825E-02   9.3737136982E-01   3.9999918191E+03   1.1264008646E+03   2.9487337027E+01   1.4709928588E+01   1.0220372372E+03   2.7012042561E+01   2.5173702879E+03
  4.5550000000E+01   2.9584000003E+04   3.7857663902E-02   9.3477115274E-01   3.9999919005E+03   1.1272008566E+03   2.9450500883E+01   1.4709928588E+01   1.0220372372E+03   2.7012042561E+01   2.5173702879E+03
  4.5600000000E+01   2.9600000003E+04   3.7509606370E-02   9.3217814852E-01   3.9999919811E+03   1.1280008487E+03   2.9413710755E+01   1.4709928588E+01   1.0220372372E+03   2.7012042561E+01   2.5173702879E+03
  4.5650000000E+01   2.9616000003E+04   3.7164727175E-02   9.2959233716E-01   3.9999920609E+03   1.1288008409E+03   2.9376966587E+01   1.4709928588E+01   1.0220372372E+03   2.7012042561E+01   2.5173702879E+03
  4.5700000000E+01   2.9632000003E+04   3.6822997529E-02   9.2701369869E-01   3.9999921399E+03   1.1296008331E+03   2.9340268320E+01   1.4709928588E+01   1.0220372372E+03   2.7012042561E+01   2.5173702879E+03
  4.5750000000E+01   2.9648000003E+04   3.6484388898E-02   9.2444221323E-01   3.9999922181E+03   1.1304008254E+03   2.9303615897E+01   1.4709928588E+01   1.0220372372E+03   2.7012042561E+01   2.5173702879E+03
  4.5800000000E+01   2.9664000003E+04   3.6148873008E-02   9.2187786093E-01   3.9999922955E+03   1.1312008177E+03   2.9267009261E+01   1.4709928588E+01   1.0220372372E+03   2.7012042561E+01   2.5173702879E+03
  4.5850000000E+01   2.9680000003E+04   3.5816421835E-02   9.1932062200E-01   3.9999923722E+03   1.1320008102E+03   2.9230448355E+01   1.4709928588E+01   1.0220372372E+03   2.7012042561E+01   2.5173702879E+03
  4.5900000000E+01   2.9696000002E+04   3.5487007608E-02   9.1677047671E-01   3.9999924481E+03   1.1328008027E+03   2.9193933121E+01   1.4709928588E+01   1.0220372372E+03   2.7012042561E+01   2.5173702879E+03
  4.5950000000E+01   2.9712000002E+04   3.5160602805E-02   9.1422740539E-01   3.9999925232E+03   1.1336007953E+03   2.9157463503E+01   1.4709928588E+01   1.0220372372E+03   2.7012042561E+01   2.5173702879E+03
  4.6000000000E+01   2.9728000002E+04   3.4837180153E-02   9.1169138841E-01   3.9999925976E+03   1.1344007879E+03   2.9121039443E+01   1.4709928588E+01   1.0220372372E+03   2.7012042561E+01   2.5173702879E+03
  4.6050000000E+01   2.9744000002E+04   3.4516712620E-02   9.0916240620E-01   3.9999926713E+03   1.1352007806E+03   2.9084660885E+01   1.4709928588E+01   1.0220372372E+03   2.7012042561E+01   2.5173702879E+03
  4.6100000000E+01   2.9760000002E+04   3.4199173420E-02   9.0664043925E-01   3.9999927442E+03   1.1360007734E+03   2.9048327772E+01   1.4709928588E+01   1.0220372372E+03   2.7012042561E+01   2.5173702879E+03
  4.6150000000E+01   2.9776000002E+04   3.3884536006E-02   9.0412546809E-01   3.9999928164E+03   1.1368007662E+03   2.9012040047E+01   1.4709928588E+01   1.0220372372E+03   2.7012042561E+01   2.5173702879E+03
  4.6200000000E+01   2.9792000002E+04   3.3572774070E-02   9.0161747334E-01   3.9999928879E+03   1.1376007591E+03   2.8975797653E+01   1.4709928588E+01   1.0220372372E+03   2.7012042561E+01   2.5173702879E+03
  4.6250000000E+01   2.9808000002E+04   3.3263861539E-02   8.9911643562E-01   3.9999929586E+03   1.1384007521E+03   2.8939600534E+01   1.4709928588E+01   1.0220372372E+03   2.7012042561E+01   2.5173702879E+03
  4.6300000000E+01   2.9824000002E+04   3.2957772576E-02   8.9662233564E-01   3.9999930287E+03   1.1392007452E+03   2.8903448633E+01   1.4709928588E+01   1.0220372372E+03   2.7012042561E+01   2.5173702879E+03
  4.6350000000E+01   2.9840000002E+04   3.2654481574E-02   8.9413515416E-01   3.9999930981E+03   1.1400007383E+03   2.8867341894E+01   1.4709928588E+01   1.0220372372E+03   2.7012042561E+01   2.5173702879E+03
  4.6400000000E+01   2.9856000002E+04   3.2353963157E-02   8.9165487199E-01   3.9999931667E+03   1.1408007314E+03   2.8831280260E+01   1.4709928588E+01   1.0220372372E+03   2.7012042561E+01   2.5173702879E+03
  4.6450000000E+01   2.9872000002E+04   3.2056192179E-02   8.8918146999E-01   3.9999932347E+03   1.1416007247E+03   2.8795263674E+01   1.4709928588E+01   1.0220372372E+03   2.7012042561E+01   2.5173702879E+03
  4.6500000000E+01   2.9888000002E+04   3.1761143717E-02   8.8671492906E-01   3.9999933020E+03   1.1424007179E+03   2.8759292082E+01   1.4709928588E+01   1.0220372372E+03   2.7012042561E+01   2.5173702879E+03
  4.6550000000E+01   2.9904000002E+04   3.1468793072E-02   8.8425523019E-01   3.9999933687E+03   1.1432007113E+03   2.8723365425E+01   1.4709928588E+01   1.0220372372E+03   2.7012042561E+01   2.5173702879E+03
  4.6600000000E+01   2.9920000002E+04   3.1179115769E-02   8.8180235439E-01   3.9999934347E+03   1.1440007047E+03   2.8687483649E+01   1.4709928588E+01   1.0220372372E+03   2.7012042561E+01   2.5173702879E+03
  4.6650000000E+01   2.9936000002E+04   3.0892087552E-02   8.7935628273E-01   3.9999935000E+03   1.1448006982E+03   2.8651646698E+01   1.4709928588E+01   1.0220372372E+03   2.7012042561E+01   2.5173702879E+03
  4.6700000000E+01   2.9952000002E+04   3.0607684382E-02   8.7691699634E-01   3.9999935647E+03   1.1456006917E+03   2.8615854514E+01   1.4709928588E+01   1.0220372372E+03   2.7012042561E+01   2.5173702879E+03
  4.6750000000E+01   2.9968000002E+04   3.0325882439E-02   8.7448447640E-01   3.9999936287E+03   1.1464006853E+03   2.8580107043E+01   1.4709928588E+01   1.0220372372E+03   2.7012042561E+01   2.5173702879E+03
  4.6800000000E+01   2.9984000002E+04   3.0046658113E-02   8.7205870414E-01   3.9999936921E+03   1.1472006790E+03   2.8544404228E+01   1.4709928588E+01   1.0220372372E+03   2.7012042561E+01   2.5173702879E+03
  4.6850000000E+01   3.0000000002E+04   2.9769988010E-02   8.6963966083E-01   3.9999937549E+03   1.1480006727E+03   2.8508746013E+01   1.4709928588E+01   1.0220372372E+03   2.7012042561E+01   2.5173702879E+03
  4.6900000000E+01   3.0016000002E+04   2.9495848944E-02   8.6722732782E-01   3.9999938170E+03   1.1488006665E+03   2.8473132344E+01   1.4709928588E+01   1.0220372372E+03   2.7012042561E+01   2.5173702879E+03
  4.6950000000E+01   3.0032000002E+04   2.9224217939E-02   8.6482168650E-01   3.9999938785E+03   1.1496006603E+03   2.8437563164E+01   1.4709928588E+01   1.0220372372E+03   2.7012042561E+01   2.5173702879E+03
  4.7000000000E+01   3.0048000002E+04   2.8955072224E-02   8.6242271828E-01   3.9999939394E+03   1.1504006542E+03   2.8402038418E+01   1.4709928588E+01   1.0220372372E+03   2.7012042561E+01   2.5173702879E+03
  4.7050000000E+01   3.0064000002E+04   2.8688389236E-02   8.6003040468E-01   3.9999939997E+03   1.1512006481E+03   2.8366558050E+01   1.4709928588E+01   1.0220372372E+03   2.7012042561E+01   2.5173702879E+03
  4.7100000000E+01   3.0080000002E+04   2.8424146610E-02   8.5764472722E-01   3.9999940594E+03   1.1520006421E+03   2.8331122004E+01   1.4709928588E+01   1.0220372372E+03   2.7012042561E+01   2.5173702879E+03
  4.7150000000E+01   3.0096000002E+04   2.8162322188E-02   8.5526566751E-01   3.9999941185E+03   1.1528006362E+03   2.8295730226E+01   1.4709928588E+01   1.0220372372E+03   2.7012042561E+01   2.5173702879E+03
  4.7200000000E+01   3.0112000002E+04   2.7902894006E-02   8.5289320717E-01   3.9999941771E+03   1.1536006303E+03   2.8260382660E+01   1.4709928588E+01   1.0220372372E+03   2.7012042561E+01   2.5173702879E+03
  4.7250000000E+01   3.0128000002E+04   2.7645840302E-02   8.5052732791E-01   3.9999942350E+03   1.1544006244E+03   2.8225079251E+01   1.4709928588E+01   1.0220372372E+03   2.7012042561E+01   2.5173702879E+03
  4.7300000000E+01   3.0144000002E+04   2.7391139506E-02   8.4816801147E-01   3.9999942924E+03   1.1552006187E+03   2.8189819944E+01   1.4709928588E+01   1.0220372372E+03   2.7012042561E+01   2.5173702879E+03
  4.7350000000E+01   3.0160000002E+04   2.7138770246E-02   8.4581523965E-01   3.9999943492E+03   1.1560006129E+03   2.8154604683E+01   1.4709928588E+01   1.0220372372E+03   2.7012042561E+01   2.5173702879E+03
  4.7400000000E+01   3.0176000002E+04   2.6888711339E-02   8.4346899428E-01   3.9999944054E+03   1.1568006072E+03   2.8119433414E+01   1.4709928588E+01   1.0220372372E+03   2.7012042561E+01   2.5173702879E+03
  4.7450000000E+01   3.0192000002E+04   2.6640941795E-02   8.4112925728E-01   3.9999944611E+03   1.1576006016E+03   2.8084306081E+01   1.4709928588E+01   1.0220372372E+03   2.7012042561E+01   2.5173702879E+03
  4.7500000000E+01   3.0208000002E+04   2.6395440812E-02   8.3879601057E-01   3.9999945162E+03   1.1584005960E+03   2.8049222630E+01   1.4709928588E+01   1.0220372372E+03   2.7012042561E+01   2.5173702879E+03
  4.7550000000E+01   3.0224000002E+04   2.6152187775E-02   8.3646923617E-01   3.9999945707E+03   1.1592005905E+03   2.8014183006E+01   1.4709928588E+01   1.0220372372E+03   2.7012042561E+01   2.5173702879E+03
  4.7600000000E+01   3.0240000002E+04   2.5911162256E-02   8.3414891611E-01   3.9999946248E+03   1.1600005850E+03   2.7979187154E+01   1.4709928588E+01   1.0220372372E+03   2.7012042561E+01   2.5173702879E+03
  4.7650000000E+01   3.0256000002E+04   2.5672344009E-02   8.3183503249E-01   3.9999946782E+03   1.1608005796E+03   2.7944235020E+01   1.4709928588E+01   1.0220372372E+03   2.7012042561E+01   2.5173702879E+03
  4.7700000000E+01   3.0272000002E+04   2.5435712972E-02   8.2952756746E-01   3.9999947312E+03   1.1616005742E+03   2.7909326549E+01   1.4709928588E+01   1.0220372372E+03   2.7012042561E+01   2.5173702879E+03
  4.7750000000E+01   3.0288000002E+04   2.5201249263E-02   8.2722650321E-01   3.9999947836E+03   1.1624005689E+03   2.7874461685E+01   1.4709928588E+01   1.0220372372E+03   2.7012042561E+01   2.5173702879E+03
  4.7800000000E+01   3.0304000002E+04   2.4968933179E-02   8.2493182199E-01   3.9999948355E+03   1.1632005637E+03   2.7839640376E+01   1.4709928588E+01   1.0220372372E+03   2.7012042561E+01   2.5173702879E+03
  4.7850000000E+01   3.0320000002E+04   2.4738745195E-02   8.2264350608E-01   3.9999948869E+03   1.1640005584E+03   2.7804862566E+01   1.4709928588E+01   1.0220372372E+03   2.7012042561E+01   2.5173702879E+03
  4.7900000000E+01   3.0336000002E+04   2.4510665962E-02   8.2036153785E-01   3.9999949378E+03   1.1648005533E+03   2.7770128202E+01   1.4709928588E+01   1.0220372372E+03   2.7012042561E+01   2.5173702879E+03
  4.7950000000E+01   3.0352000002E+04   2.4284676305E-02   8.1808589966E-01   3.9999949882E+03   1.1656005481E+03   2.7735437228E+01   1.4709928588E+01   1.0220372372E+03   2.7012042561E+01   2.5173702879E+03
  4.8000000000E+01   3.0368000002E+04   2.4060757222E-02   8.1581657398E-01   3.9999950380E+03   1.1664005430E+03   2.7700789591E+01   1.4709928588E+01   1.0220372372E+03   2.7012042561E+01   2.5173702879E+03
  4.8050000000E+01   3.0384000001E+04   2.3838889881E-02   8.1355354328E-01   3.9999950874E+03   1.1672005380E+03   2.7666185236E+01   1.4709928588E+01   1.0220372372E+03   2.7012042561E+01   2.5173702879E+03
  4.8100000000E+01   3.0400000001E+04   2.3619055622E-02   8.1129679010E-01   3.9999951363E+03   1.1680005330E+03   2.7631624109E+01   1.4709928588E+01   1.0220372372E+03   2.7012042561E+01   2.5173702879E+03
  4.8150000000E+01   3.0416000001E+04   2.3401235951E-02   8.0904629703E-01   3.9999951847E+03   1.1688005281E+03   2.7597106158E+01   1.4709928588E+01   1.0220372372E+03   2.7012042561E+01   2.5173702879E+03
  4.8200000000E+01   3.0432000001E+04   2.3185412544E-02   8.0680204671E-01   3.9999952326E+03   1.1696005232E+03   2.7562631326E+01   1.4709928588E+01   1.0220372372E+03   2.7012042561E+01   2.5173702879E+03
  4.8250000000E+01   3.0448000001E+04   2.2971567237E-02   8.0456402182E-01   3.9999952800E+03   1.1704005183E+03   2.7528199561E+01   1.4709928588E+01   1.0220372372E+03   2.7012042561E+01   2.5173702879E+03
  4.8300000000E+01   3.0464000001E+04   2.2759682036E-02   8.0233220508E-01   3.9999953270E+03   1.1712005135E+03   2.7493810809E+01   1.4709928588E+01   1.0220372372E+03   2.7012042561E+01   2.5173702879E+03
  4.8350000000E+01   3.0480000001E+04   2.2549739104E-02   8.0010657929E-01   3.9999953735E+03   1.1720005088E+03   2.7459465016E+01   1.4709928588E+01   1.0220372372E+03   2.7012042561E+01   2.5173702879E+03
  4.8400000000E+01   3.0496000001E+04   2.2341720768E-02   7.9788712725E-01   3.9999954195E+03   1.1728005040E+03   2.7425162129E+01   1.4709928588E+01   1.0220372372E+03   2.7012042561E+01   2.5173702879E+03
  4.8450000000E+01   3.0512000001E+04   2.2135609513E-02   7.9567383186E-01   3.9999954651E+03   1.1736004994E+03   2.7390902093E+01   1.4709928588E+01   1.0220372372E+03   2.7012042561E+01   2.5173702879E+03
  4.8500000000E+01   3.0528000001E+04   2.1931387982E-02   7.9346667603E-01   3.9999955102E+03   1.1744004947E+03   2.7356684856E+01   1.4709928588E+01   1.0220372372E+03   2.7012042561E+01   2.5173702879E+03
  4.8550000000E+01   3.0544000001E+04   2.1729038976E-02   7.9126564273E-01   3.9999955549E+03   1.1752004901E+03   2.7322510363E+01   1.4709928588E+01   1.0220372372E+03   2.7012042561E+01   2.5173702879E+03
  4.8600000000E+01   3.0560000001E+04   2.1528545450E-02   7.8907071497E-01   3.9999955991E+03   1.1760004856E+03   2.7288378562E+01   1.4709928588E+01   1.0220372372E+03   2.7012042561E+01   2.5173702879E+03
  4.8650000000E+01   3.0576000001E+04   2.1329890512E-02   7.8688187582E-01   3.9999956429E+03   1.1768004811E+03   2.7254289399E+01   1.4709928588E+01   1.0220372372E+03   2.7012042561E+01   2.5173702879E+03
  4.8700000000E+01   3.0592000001E+04   2.1133057425E-02   7.8469910840E-01   3.9999956863E+03   1.1776004766E+03   2.7220242821E+01   1.4709928588E+01   1.0220372372E+03   2.7012042561E+01   2.5173702879E+03
  4.8750000000E+01   3.0608000001E+04   2.0938029601E-02   7.8252239585E-01   3.9999957292E+03   1.1784004722E+03   2.7186238774E+01   1.4709928588E+01   1.0220372372E+03   2.7012042561E+01   2.5173702879E+03
  4.8800000000E+01   3.0624000001E+04   2.0744790602E-02   7.8035172139E-01   3.9999957717E+03   1.1792004678E+03   2.7152277206E+01   1.4709928588E+01   1.0220372372E+03   2.7012042561E+01   2.5173702879E+03
  4.8850000000E+01   3.0640000001E+04   2.0553324138E-02   7.7818706825E-01   3.9999958138E+03   1.1800004635E+03   2.7118358064E+01   1.4709928588E+01   1.0220372372E+03   2.7012042561E+01   2.5173702879E+03
  4.8900000000E+01   3.0656000001E+04   2.0363614068E-02   7.7602841975E-01   3.9999958554E+03   1.1808004592E+03   2.7084481293E+01   1.4709928588E+01   1.0220372372E+03   2.7012042561E+01   2.5173702879E+03
  4.8950000000E+01   3.0672000001E+04   2.0175644394E-02   7.7387575922E-01   3.9999958966E+03   1.1816004549E+03   2.7050646843E+01   1.4709928588E+01   1.0220372372E+03   2.7012042561E+01   2.5173702879E+03
  4.9000000000E+01   3.0688000001E+04   1.9989399266E-02   7.7172907005E-01   3.9999959375E+03   1.1824004507E+03   2.7016854659E+01   1.4709928588E+01   1.0220372372E+03   2.7012042561E+01   2.5173702879E+03
  4.9050000000E+01   3.0704000001E+04   1.9804862973E-02   7.6958833568E-01   3.9999959779E+03   1.1832004465E+03   2.6983104689E+01   1.4709928588E+01   1.0220372372E+03   2.7012042561E+01   2.5173702879E+03
  4.9100000000E+01   3.0720000001E+04   1.9622019949E-02   7.6745353960E-01   3.9999960179E+03   1.1840004424E+03   2.6949396879E+01   1.4709928588E+01   1.0220372372E+03   2.7012042561E+01   2.5173702879E+03
  4.9150000000E+01   3.0736000001E+04   1.9440854766E-02   7.6532466532E-01   3.9999960575E+03   1.1848004383E+03   2.6915731179E+01   1.4709928588E+01   1.0220372372E+03   2.7012042561E+01   2.5173702879E+03
  4.9200000000E+01   3.0752000001E+04   1.9261352139E-02   7.6320169642E-01   3.9999960968E+03   1.1856004342E+03   2.6882107534E+01   1.4709928588E+01   1.0220372372E+03   2.7012042561E+01   2.5173702879E+03
  4.9250000000E+01   3.0768000001E+04   1.9083496918E-02   7.6108461652E-01   3.9999961356E+03   1.1864004302E+03   2.6848525892E+01   1.4709928588E+01   1.0220372372E+03   2.7012042561E+01   2.5173702879E+03
  4.9300000000E+01   3.0784000001E+04   1.8907274091E-02   7.5897340928E-01   3.9999961741E+03   1.1872004262E+03   2.6814986202E+01   1.4709928588E+01   1.0220372372E+03   2.7012042561E+01   2.5173702879E+03
  4.9350000000E+01   3.0800000001E+04   1.8732668782E-02   7.5686805842E-01   3.9999962121E+03   1.1880004222E+03   2.6781488409E+01   1.4709928588E+01   1.0220372372E+03   2.7012042561E+01   2.5173702879E+03
  4.9400000000E+01   3.0816000001E+04   1.8559666247E-02   7.5476854769E-01   3.9999962498E+03   1.1888004183E+03   2.6748032463E+01   1.4709928588E+01   1.0220372372E+03   2.7012042561E+01   2.5173702879E+03
  4.9450000000E+01   3.0832000001E+04   1.8388251879E-02   7.5267486089E-01   3.9999962871E+03   1.1896004144E+03   2.6714618311E+01   1.4709928588E+01   1.0220372372E+03   2.7012042561E+01   2.5173702879E+03
  4.9500000000E+01   3.0848000001E+04   1.8218411201E-02   7.5058698186E-01   3.9999963241E+03   1.1904004106E+03   2.6681245900E+01   1.4709928588E+01   1.0220372372E+03   2.7012042561E+01   2.5173702879E+03
  4.9550000000E+01   3.0864000001E+04   1.8050129866E-02   7.4850489449E-01   3.9999963607E+03   1.1912004068E+03   2.6647915179E+01   1.4709928588E+01   1.0220372372E+03   2.7012042561E+01   2.5173702879E+03
  4.9600000000E+01   3.0880000001E+04   1.7883393659E-02   7.4642858272E-01   3.9999963969E+03   1.1920004030E+03   2.6614626095E+01   1.4709928588E+01   1.0220372372E+03   2.7012042561E+01   2.5173702879E+03
  4.9650000000E+01   3.0896000001E+04   1.7718188492E-02   7.4435803052E-01   3.9999964327E+03   1.1928003992E+03   2.6581378596E+01   1.4709928588E+01   1.0220372372E+03   2.7012042561E+01   2.5173702879E+03
  4.9700000000E+01   3.0912000001E+04   1.7554500403E-02   7.4229322193E-01   3.9999964682E+03   1.1936003955E+03   2.6548172631E+01   1.4709928588E+01   1.0220372372E+03   2.7012042561E+01   2.5173702879E+03
  4.9750000000E+01   3.0928000001E+04   1.7392315560E-02   7.4023414099E-01   3.9999965034E+03   1.1944003919E+03   2.6515008147E+01   1.4709928588E+01   1.0220372372E+03   2.7012042561E+01   2.5173702879E+03
  4.9800000000E+01   3.0944000001E+04   1.7231620253E-02   7.3818077184E-01   3.9999965381E+03   1.1952003882E+03   2.6481885093E+01   1.4709928588E+01   1.0220372372E+03   2.7012042561E+01   2.5173702879E+03
  4.9850000000E+01   3.0960000001E+04   1.7072400897E-02   7.3613309862E-01   3.9999965726E+03   1.1960003846E+03   2.6448803417E+01   1.4709928588E+01   1.0220372372E+03   2.7012042561E+01   2.5173702879E+03
  4.9900000000E+01   3.0976000001E+04   1.6914644030E-02   7.3409110554E-01   3.9999966067E+03   1.1968003810E+03   2.6415763068E+01   1.4709928588E+01   1.0220372372E+03   2.7012042561E+01   2.5173702879E+03
  4.9950000000E+01   3.0992000001E+04   1.6758336312E-02   7.3205477683E-01   3.9999966405E+03   1.1976003775E+03   2.6382763993E+01   1.4709928588E+01   1.0220372372E+03   2.7012042561E+01   2.5173702879E+03
  5.0000000000E+01   3.1008000001E+04   1.6603464522E-02   7.3002409679E-01   3.9999966739E+03   1.1984003740E+03   2.6349806140E+01   1.4709928588E+01   1.0220372372E+03   2.7012042561E+01   2.5173702879E+03
