 # V  ninf  minf  hinf  ainf  binf  taun  taum  tauh  taua  taub
   -100.00000000      0.01087277      0.00012540      0.99970874      0.39463223      0.85402435      2.39385574      0.00529972      0.27914265      1.40451777      3.80474799
    -99.90000000      0.01097488      0.00012718      0.99970434      0.39503103      0.85311272      2.39660250      0.00532926      0.28054063      1.40399525      3.80406925
    -99.80000000      0.01107791      0.00012899      0.99969988      0.39543018      0.85219602      2.39935015      0.00535896      0.28194558      1.40347067      3.80338662
    -99.70000000      0.01118186      0.00013083      0.99969534      0.39582970      0.85127423      2.40209869      0.00538883      0.28335756      1.40294400      3.80270008
    -99.60000000      0.01128674      0.00013269      0.99969074      0.39622956      0.85034735      2.40484809      0.00541887      0.28477658      1.40241524      3.80200962
    -99.50000000      0.01139256      0.00013458      0.99968607      0.39662978      0.84941533      2.40759832      0.00544907      0.28620269      1.40188439      3.80131521
    -99.40000000      0.01149933      0.00013650      0.99968133      0.39703036      0.84847817      2.41034936      0.00547944      0.28763592      1.40135144      3.80061684
    -99.30000000      0.01160705      0.00013844      0.99967652      0.39743128      0.84753585      2.41310118      0.00550998      0.28907631      1.40081639      3.79991448
    -99.20000000      0.01171574      0.00014041      0.99967163      0.39783257      0.84658835      2.41585376      0.00554069      0.29052389      1.40027922      3.79920811
    -99.10000000      0.01182539      0.00014241      0.99966667      0.39823421      0.84563564      2.41860708      0.00557157      0.29197870      1.39973994      3.79849771
    -99.00000000      0.01193602      0.00014444      0.99966163      0.39863620      0.84467770      2.42136111      0.00560263      0.29344077      1.39919854      3.79778326
    -98.90000000      0.01204764      0.00014649      0.99965652      0.39903856      0.84371453      2.42411583      0.00563385      0.29491014      1.39865501      3.79706475
    -98.80000000      0.01216026      0.00014857      0.99965133      0.39944126      0.84274609      2.42687121      0.00566525      0.29638685      1.39810935      3.79634214
    -98.70000000      0.01227387      0.00015069      0.99964607      0.39984432      0.84177236      2.42962722      0.00569683      0.29787092      1.39756154      3.79561542
    -98.60000000      0.01238850      0.00015283      0.99964072      0.40024774      0.84079334      2.43238383      0.00572858      0.29936241      1.39701159      3.79488458
    -98.50000000      0.01250415      0.00015500      0.99963530      0.40065151      0.83980900      2.43514103      0.00576050      0.30086134      1.39645949      3.79414957
    -98.40000000      0.01262082      0.00015720      0.99962979      0.40105564      0.83881931      2.43789879      0.00579261      0.30236774      1.39590524      3.79341040
    -98.30000000      0.01273853      0.00015944      0.99962420      0.40146013      0.83782426      2.44065707      0.00582489      0.30388167      1.39534882      3.79266703
    -98.20000000      0.01285728      0.00016170      0.99961852      0.40186497      0.83682384      2.44341586      0.00585735      0.30540315      1.39479023      3.79191944
    -98.10000000      0.01297709      0.00016400      0.99961276      0.40227016      0.83581802      2.44617511      0.00589000      0.30693222      1.39422946      3.79116761
    -98.00000000      0.01309796      0.00016633      0.99960691      0.40267571      0.83480678      2.44893482      0.00592282      0.30846892      1.39366652      3.79041153
    -97.90000000      0.01321990      0.00016869      0.99960097      0.40308162      0.83379010      2.45169494      0.00595583      0.31001328      1.39310139      3.78965116
    -97.80000000      0.01334291      0.00017109      0.99959494      0.40348789      0.83276797      2.45445545      0.00598903      0.31156535      1.39253407      3.78888650
    -97.70000000      0.01346702      0.00017352      0.99958883      0.40389451      0.83174036      2.45721632      0.00602240      0.31312516      1.39196455      3.78811751
    -97.60000000      0.01359222      0.00017598      0.99958262      0.40430149      0.83070726      2.45997753      0.00605597      0.31469275      1.39139283      3.78734417
    -97.50000000      0.01371853      0.00017848      0.99957631      0.40470882      0.82966864      2.46273904      0.00608972      0.31626816      1.39081890      3.78656647
    -97.40000000      0.01384595      0.00018101      0.99956991      0.40511651      0.82862450      2.46550082      0.00612365      0.31785143      1.39024276      3.78578438
    -97.30000000      0.01397449      0.00018358      0.99956342      0.40552456      0.82757481      2.46826285      0.00615778      0.31944259      1.38966440      3.78499788
    -97.20000000      0.01410417      0.00018619      0.99955683      0.40593296      0.82651955      2.47102509      0.00619210      0.32104169      1.38908381      3.78420694
    -97.10000000      0.01423498      0.00018883      0.99955013      0.40634172      0.82545870      2.47378752      0.00622660      0.32264875      1.38850099      3.78341155
    -97.00000000      0.01436695      0.00019151      0.99954334      0.40675084      0.82439225      2.47655010      0.00626130      0.32426383      1.38791593      3.78261169
    -96.90000000      0.01450008      0.00019422      0.99953644      0.40716032      0.82332017      2.47931280      0.00629620      0.32588696      1.38732863      3.78180732
    -96.80000000      0.01463437      0.00019698      0.99952944      0.40757015      0.82224246      2.48207560      0.00633128      0.32751818      1.38673908      3.78099843
    -96.70000000      0.01476985      0.00019977      0.99952233      0.40798034      0.82115908      2.48483845      0.00636656      0.32915754      1.38614728      3.78018500
    -96.60000000      0.01490651      0.00020260      0.99951512      0.40839089      0.82007003      2.48760134      0.00640204      0.33080506      1.38555322      3.77936700
    -96.50000000      0.01504437      0.00020547      0.99950780      0.40880179      0.81897528      2.49036422      0.00643772      0.33246079      1.38495689      3.77854442
    -96.40000000      0.01518343      0.00020838      0.99950037      0.40921305      0.81787483      2.49312707      0.00647359      0.33412477      1.38435829      3.77771722
    -96.30000000      0.01532372      0.00021134      0.99949282      0.40962467      0.81676864      2.49588985      0.00650967      0.33579704      1.38375742      3.77688539
    -96.20000000      0.01546522      0.00021433      0.99948516      0.41003664      0.81565670      2.49865253      0.00654594      0.33747765      1.38315426      3.77604890
    -96.10000000      0.01560797      0.00021737      0.99947739      0.41044898      0.81453899      2.50141507      0.00658242      0.33916662      1.38254882      3.77520774
    -96.00000000      0.01575196      0.00022044      0.99946949      0.41086167      0.81341551      2.50417745      0.00661910      0.34086401      1.38194108      3.77436187
    -95.90000000      0.01589720      0.00022357      0.99946148      0.41127472      0.81228622      2.50693963      0.00665598      0.34256985      1.38133105      3.77351128
    -95.80000000      0.01604371      0.00022673      0.99945335      0.41168812      0.81115112      2.50970157      0.00669307      0.34428419      1.38071871      3.77265593
    -95.70000000      0.01619150      0.00022994      0.99944510      0.41210189      0.81001018      2.51246324      0.00673037      0.34600706      1.38010406      3.77179582
    -95.60000000      0.01634057      0.00023319      0.99943672      0.41251601      0.80886340      2.51522460      0.00676787      0.34773852      1.37948710      3.77093091
    -95.50000000      0.01649094      0.00023649      0.99942821      0.41293049      0.80771074      2.51798563      0.00680558      0.34947859      1.37886782      3.77006119
    -95.40000000      0.01664261      0.00023984      0.99941958      0.41334533      0.80655220      2.52074628      0.00684350      0.35122732      1.37824621      3.76918662
    -95.30000000      0.01679560      0.00024323      0.99941081      0.41376052      0.80538777      2.52350652      0.00688164      0.35298476      1.37762227      3.76830719
    -95.20000000      0.01694991      0.00024667      0.99940192      0.41417608      0.80421741      2.52626632      0.00691998      0.35475095      1.37699600      3.76742287
    -95.10000000      0.01710556      0.00025016      0.99939289      0.41459199      0.80304112      2.52902563      0.00695854      0.35652592      1.37636738      3.76653364
    -95.00000000      0.01726256      0.00025370      0.99938372      0.41500826      0.80185889      2.53178442      0.00699731      0.35830973      1.37573642      3.76563948
    -94.90000000      0.01742092      0.00025729      0.99937441      0.41542489      0.80067069      2.53454265      0.00703630      0.36010241      1.37510310      3.76474036
    -94.80000000      0.01758064      0.00026092      0.99936497      0.41584187      0.79947651      2.53730029      0.00707551      0.36190401      1.37446743      3.76383625
    -94.70000000      0.01774175      0.00026461      0.99935538      0.41625922      0.79827633      2.54005730      0.00711493      0.36371457      1.37382939      3.76292714
    -94.60000000      0.01790424      0.00026835      0.99934565      0.41667692      0.79707014      2.54281363      0.00715457      0.36553414      1.37318898      3.76201300
    -94.50000000      0.01806813      0.00027214      0.99933577      0.41709498      0.79585793      2.54556926      0.00719443      0.36736276      1.37254621      3.76109381
    -94.40000000      0.01823343      0.00027599      0.99932574      0.41751340      0.79463968      2.54832414      0.00723452      0.36920046      1.37190105      3.76016953
    -94.30000000      0.01840016      0.00027988      0.99931556      0.41793218      0.79341536      2.55107824      0.00727483      0.37104731      1.37125351      3.75924016
    -94.20000000      0.01856832      0.00028384      0.99930523      0.41835132      0.79218498      2.55383151      0.00731536      0.37290334      1.37060357      3.75830566
    -94.10000000      0.01873792      0.00028784      0.99929474      0.41877081      0.79094852      2.55658391      0.00735612      0.37476859      1.36995125      3.75736601
    -94.00000000      0.01890898      0.00029191      0.99928409      0.41919067      0.78970595      2.55933541      0.00739710      0.37664311      1.36929652      3.75642119
    -93.90000000      0.01908150      0.00029603      0.99927328      0.41961088      0.78845727      2.56208596      0.00743831      0.37852695      1.36863939      3.75547117
    -93.80000000      0.01925550      0.00030020      0.99926231      0.42003145      0.78720246      2.56483552      0.00747975      0.38042015      1.36797985      3.75451592
    -93.70000000      0.01943099      0.00030444      0.99925117      0.42045238      0.78594151      2.56758406      0.00752142      0.38232275      1.36731790      3.75355543
    -93.60000000      0.01960798      0.00030873      0.99923987      0.42087367      0.78467440      2.57033153      0.00756333      0.38423480      1.36665353      3.75258967
    -93.50000000      0.01978648      0.00031309      0.99922840      0.42129532      0.78340113      2.57307788      0.00760546      0.38615635      1.36598673      3.75161861
    -93.40000000      0.01996650      0.00031750      0.99921675      0.42171732      0.78212167      2.57582308      0.00764783      0.38808745      1.36531750      3.75064223
    -93.30000000      0.02014806      0.00032198      0.99920492      0.42213969      0.78083602      2.57856709      0.00769044      0.39002813      1.36464583      3.74966050
    -93.20000000      0.02033117      0.00032652      0.99919292      0.42256241      0.77954416      2.58130986      0.00773328      0.39197844      1.36397173      3.74867340
    -93.10000000      0.02051583      0.00033112      0.99918074      0.42298549      0.77824608      2.58405134      0.00777636      0.39393844      1.36329518      3.74768091
    -93.00000000      0.02070206      0.00033579      0.99916837      0.42340894      0.77694177      2.58679150      0.00781968      0.39590816      1.36261618      3.74668300
    -92.90000000      0.02088987      0.00034052      0.99915582      0.42383274      0.77563121      2.58953028      0.00786324      0.39788766      1.36193473      3.74567964
    -92.80000000      0.02107928      0.00034532      0.99914308      0.42425689      0.77431440      2.59226765      0.00790705      0.39987698      1.36125081      3.74467081
    -92.70000000      0.02127029      0.00035018      0.99913014      0.42468141      0.77299131      2.59500357      0.00795109      0.40187617      1.36056443      3.74365649
    -92.60000000      0.02146292      0.00035511      0.99911701      0.42510629      0.77166195      2.59773797      0.00799539      0.40388528      1.35987559      3.74263665
    -92.50000000      0.02165718      0.00036011      0.99910368      0.42553153      0.77032629      2.60047083      0.00803992      0.40590435      1.35918427      3.74161126
    -92.40000000      0.02185308      0.00036518      0.99909016      0.42595712      0.76898434      2.60320209      0.00808471      0.40793343      1.35849046      3.74058030
    -92.30000000      0.02205063      0.00037032      0.99907642      0.42638308      0.76763607      2.60593171      0.00812974      0.40997257      1.35779418      3.73954375
    -92.20000000      0.02224985      0.00037554      0.99906248      0.42680939      0.76628147      2.60865964      0.00817503      0.41202181      1.35709541      3.73850157
    -92.10000000      0.02245075      0.00038082      0.99904833      0.42723606      0.76492055      2.61138583      0.00822057      0.41408122      1.35639414      3.73745375
    -92.00000000      0.02265334      0.00038618      0.99903397      0.42766309      0.76355327      2.61411023      0.00826635      0.41615082      1.35569038      3.73640025
    -91.90000000      0.02285763      0.00039161      0.99901939      0.42809048      0.76217965      2.61683281      0.00831240      0.41823069      1.35498411      3.73534106
    -91.80000000      0.02306364      0.00039712      0.99900459      0.42851823      0.76079966      2.61955350      0.00835870      0.42032085      1.35427534      3.73427614
    -91.70000000      0.02327138      0.00040270      0.99898957      0.42894634      0.75941329      2.62227227      0.00840525      0.42242136      1.35356406      3.73320548
    -91.60000000      0.02348086      0.00040836      0.99897432      0.42937481      0.75802055      2.62498906      0.00845207      0.42453228      1.35285026      3.73212904
    -91.50000000      0.02369209      0.00041410      0.99895884      0.42980364      0.75662141      2.62770382      0.00849915      0.42665365      1.35213394      3.73104680
    -91.40000000      0.02390509      0.00041992      0.99894313      0.43023282      0.75521588      2.63041651      0.00854648      0.42878551      1.35141509      3.72995874
    -91.30000000      0.02411987      0.00042582      0.99892718      0.43066237      0.75380394      2.63312706      0.00859408      0.43092793      1.35069372      3.72886482
    -91.20000000      0.02433644      0.00043180      0.99891100      0.43109227      0.75238558      2.63583544      0.00864195      0.43308095      1.34996981      3.72776503
    -91.10000000      0.02455482      0.00043787      0.99889456      0.43152253      0.75096080      2.63854159      0.00869008      0.43524461      1.34924336      3.72665933
    -91.00000000      0.02477502      0.00044402      0.99887788      0.43195316      0.74952959      2.64124546      0.00873848      0.43741898      1.34851437      3.72554770
    -90.90000000      0.02499705      0.00045025      0.99886095      0.43238414      0.74809194      2.64394700      0.00878714      0.43960410      1.34778284      3.72443012
    -90.80000000      0.02522092      0.00045657      0.99884376      0.43281548      0.74664785      2.64664615      0.00883608      0.44180002      1.34704875      3.72330656
    -90.70000000      0.02544665      0.00046298      0.99882632      0.43324718      0.74519731      2.64934287      0.00888529      0.44400680      1.34631211      3.72217698
    -90.60000000      0.02567426      0.00046948      0.99880861      0.43367924      0.74374031      2.65203710      0.00893477      0.44622448      1.34557290      3.72104138
    -90.50000000      0.02590375      0.00047607      0.99879064      0.43411165      0.74227685      2.65472878      0.00898453      0.44845312      1.34483114      3.71989971
    -90.40000000      0.02613514      0.00048274      0.99877239      0.43454443      0.74080691      2.65741786      0.00903456      0.45069277      1.34408680      3.71875196
    -90.30000000      0.02636844      0.00048951      0.99875387      0.43497757      0.73933051      2.66010430      0.00908487      0.45294348      1.34333990      3.71759810
    -90.20000000      0.02660367      0.00049638      0.99873507      0.43541106      0.73784763      2.66278803      0.00913546      0.45520530      1.34259041      3.71643810
    -90.10000000      0.02684084      0.00050334      0.99871599      0.43584491      0.73635826      2.66546899      0.00918633      0.45747828      1.34183835      3.71527193
    -90.00000000      0.02707996      0.00051039      0.99869661      0.43627913      0.73486241      2.66814714      0.00923748      0.45976248      1.34108370      3.71409957
    -89.90000000      0.02732105      0.00051755      0.99867695      0.43671370      0.73336007      2.67082242      0.00928892      0.46205795      1.34032646      3.71292099
    -89.80000000      0.02756412      0.00052480      0.99865699      0.43714863      0.73185123      2.67349476      0.00934064      0.46436475      1.33956664      3.71173617
    -89.70000000      0.02780919      0.00053215      0.99863674      0.43758392      0.73033589      2.67616412      0.00939265      0.46668292      1.33880421      3.71054508
    -89.60000000      0.02805626      0.00053960      0.99861617      0.43801957      0.72881406      2.67883044      0.00944495      0.46901252      1.33803919      3.70934769
    -89.50000000      0.02830536      0.00054716      0.99859530      0.43845557      0.72728572      2.68149366      0.00949754      0.47135360      1.33727156      3.70814397
    -89.40000000      0.02855650      0.00055482      0.99857411      0.43889194      0.72575087      2.68415371      0.00955042      0.47370622      1.33650132      3.70693391
    -89.30000000      0.02880969      0.00056259      0.99855260      0.43932866      0.72420952      2.68681055      0.00960359      0.47607043      1.33572848      3.70571746
    -89.20000000      0.02906494      0.00057046      0.99853077      0.43976575      0.72266166      2.68946412      0.00965706      0.47844628      1.33495301      3.70449462
    -89.10000000      0.02932228      0.00057844      0.99850861      0.44020319      0.72110728      2.69211435      0.00971082      0.48083383      1.33417493      3.70326534
    -89.00000000      0.02958171      0.00058654      0.99848612      0.44064099      0.71954640      2.69476118      0.00976489      0.48323314      1.33339423      3.70202961
    -88.90000000      0.02984325      0.00059474      0.99846329      0.44107915      0.71797901      2.69740455      0.00981925      0.48564425      1.33261090      3.70078739
    -88.80000000      0.03010691      0.00060306      0.99844011      0.44151767      0.71640510      2.70004442      0.00987392      0.48806722      1.33182494      3.69953866
    -88.70000000      0.03037272      0.00061149      0.99841659      0.44195654      0.71482469      2.70268070      0.00992888      0.49050211      1.33103635      3.69828339
    -88.60000000      0.03064067      0.00062004      0.99839271      0.44239578      0.71323776      2.70531334      0.00998416      0.49294897      1.33024512      3.69702156
    -88.50000000      0.03091080      0.00062871      0.99836847      0.44283537      0.71164433      2.70794229      0.01003974      0.49540786      1.32945125      3.69575313
    -88.40000000      0.03118310      0.00063749      0.99834387      0.44327532      0.71004438      2.71056747      0.01009562      0.49787884      1.32865474      3.69447809
    -88.30000000      0.03145761      0.00064640      0.99831890      0.44371563      0.70843794      2.71318882      0.01015182      0.50036195      1.32785559      3.69319641
    -88.20000000      0.03173432      0.00065543      0.99829355      0.44415630      0.70682499      2.71580629      0.01020833      0.50285726      1.32705378      3.69190805
    -88.10000000      0.03201327      0.00066458      0.99826782      0.44459733      0.70520554      2.71841980      0.01026515      0.50536481      1.32624932      3.69061299
    -88.00000000      0.03229446      0.00067386      0.99824171      0.44503872      0.70357959      2.72102930      0.01032229      0.50788468      1.32544220      3.68931120
    -87.90000000      0.03257790      0.00068327      0.99821520      0.44548046      0.70194715      2.72363471      0.01037975      0.51041690      1.32463242      3.68800266
    -87.80000000      0.03286362      0.00069280      0.99818829      0.44592256      0.70030822      2.72623598      0.01043752      0.51296155      1.32381998      3.68668734
    -87.70000000      0.03315163      0.00070247      0.99816098      0.44636502      0.69866281      2.72883303      0.01049561      0.51551868      1.32300488      3.68536522
    -87.60000000      0.03344194      0.00071227      0.99813325      0.44680784      0.69701092      2.73142581      0.01055403      0.51808833      1.32218710      3.68403626
    -87.50000000      0.03373457      0.00072221      0.99810511      0.44725101      0.69535255      2.73401425      0.01061276      0.52067058      1.32136666      3.68270044
    -87.40000000      0.03402953      0.00073228      0.99807655      0.44769455      0.69368771      2.73659827      0.01067183      0.52326548      1.32054354      3.68135773
    -87.30000000      0.03432684      0.00074249      0.99804755      0.44813844      0.69201642      2.73917782      0.01073122      0.52587308      1.31971774      3.68000810
    -87.20000000      0.03462652      0.00075284      0.99801812      0.44858269      0.69033866      2.74175282      0.01079094      0.52849345      1.31888926      3.67865153
    -87.10000000      0.03492858      0.00076333      0.99798825      0.44902730      0.68865446      2.74432320      0.01085099      0.53112663      1.31805810      3.67728799
    -87.00000000      0.03523303      0.00077397      0.99795793      0.44947226      0.68696381      2.74688891      0.01091137      0.53377270      1.31722425      3.67591746
    -86.90000000      0.03553990      0.00078475      0.99792715      0.44991758      0.68526674      2.74944986      0.01097209      0.53643170      1.31638772      3.67453990
    -86.80000000      0.03584919      0.00079568      0.99789591      0.45036326      0.68356324      2.75200599      0.01103314      0.53910370      1.31554849      3.67315529
    -86.70000000      0.03616093      0.00080676      0.99786420      0.45080930      0.68185332      2.75455723      0.01109454      0.54178875      1.31470657      3.67176360
    -86.60000000      0.03647513      0.00081799      0.99783202      0.45125569      0.68013700      2.75710351      0.01115627      0.54448692      1.31386195      3.67036481
    -86.50000000      0.03679180      0.00082938      0.99779935      0.45170245      0.67841428      2.75964476      0.01121834      0.54719825      1.31301464      3.66895889
    -86.40000000      0.03711097      0.00084092      0.99776619      0.45214955      0.67668517      2.76218091      0.01128076      0.54992282      1.31216462      3.66754580
    -86.30000000      0.03743264      0.00085262      0.99773253      0.45259702      0.67494969      2.76471188      0.01134352      0.55266067      1.31131190      3.66612553
    -86.20000000      0.03775683      0.00086448      0.99769836      0.45304484      0.67320785      2.76723761      0.01140663      0.55541188      1.31045647      3.66469804
    -86.10000000      0.03808357      0.00087651      0.99766369      0.45349302      0.67145966      2.76975801      0.01147009      0.55817649      1.30959834      3.66326332
    -86.00000000      0.03841286      0.00088869      0.99762849      0.45394156      0.66970512      2.77227302      0.01153390      0.56095457      1.30873749      3.66182133
    -85.90000000      0.03874472      0.00090105      0.99759276      0.45439046      0.66794426      2.77478257      0.01159807      0.56374618      1.30787393      3.66037204
    -85.80000000      0.03907917      0.00091357      0.99755650      0.45483971      0.66617709      2.77728658      0.01166259      0.56655137      1.30700766      3.65891543
    -85.70000000      0.03941622      0.00092627      0.99751969      0.45528931      0.66440361      2.77978498      0.01172746      0.56937021      1.30613867      3.65745147
    -85.60000000      0.03975590      0.00093913      0.99748232      0.45573928      0.66262386      2.78227768      0.01179270      0.57220276      1.30526696      3.65598013
    -85.50000000      0.04009821      0.00095218      0.99744440      0.45618960      0.66083783      2.78476463      0.01185829      0.57504907      1.30439253      3.65450139
    -85.40000000      0.04044317      0.00096540      0.99740591      0.45664027      0.65904555      2.78724573      0.01192425      0.57790921      1.30351538      3.65301522
    -85.30000000      0.04079081      0.00097880      0.99736684      0.45709131      0.65724703      2.78972092      0.01199057      0.58078325      1.30263550      3.65152160
    -85.20000000      0.04114113      0.00099239      0.99732718      0.45754269      0.65544229      2.79219011      0.01205726      0.58367123      1.30175290      3.65002049
    -85.10000000      0.04149416      0.00100616      0.99728693      0.45799444      0.65363134      2.79465324      0.01212432      0.58657321      1.30086756      3.64851187
    -85.00000000      0.04184990      0.00102012      0.99724607      0.45844654      0.65181421      2.79711022      0.01219175      0.58948927      1.29997950      3.64699571
    -84.90000000      0.04220839      0.00103427      0.99720460      0.45889900      0.64999090      2.79956097      0.01225955      0.59241946      1.29908871      3.64547199
    -84.80000000      0.04256962      0.00104862      0.99716251      0.45935181      0.64816145      2.80200543      0.01232772      0.59536385      1.29819518      3.64394067
    -84.70000000      0.04293363      0.00106315      0.99711979      0.45980498      0.64632586      2.80444350      0.01239628      0.59832249      1.29729892      3.64240174
    -84.60000000      0.04330042      0.00107789      0.99707643      0.46025850      0.64448417      2.80687511      0.01246521      0.60129544      1.29639992      3.64085516
    -84.50000000      0.04367001      0.00109283      0.99703241      0.46071238      0.64263638      2.80930018      0.01253452      0.60428277      1.29549819      3.63930091
    -84.40000000      0.04404243      0.00110797      0.99698773      0.46116661      0.64078252      2.81171863      0.01260421      0.60728454      1.29459372      3.63773896
    -84.30000000      0.04441768      0.00112332      0.99694239      0.46162120      0.63892261      2.81413037      0.01267429      0.61030080      1.29368650      3.63616928
    -84.20000000      0.04479579      0.00113888      0.99689636      0.46207614      0.63705668      2.81653534      0.01274476      0.61333163      1.29277655      3.63459185
    -84.10000000      0.04517677      0.00115465      0.99684965      0.46253144      0.63518474      2.81893344      0.01281562      0.61637708      1.29186385      3.63300664
    -84.00000000      0.04556064      0.00117063      0.99680223      0.46298710      0.63330681      2.82132460      0.01288686      0.61943722      1.29094841      3.63141363
    -83.90000000      0.04594741      0.00118683      0.99675411      0.46344310      0.63142293      2.82370873      0.01295850      0.62251211      1.29003022      3.62981279
    -83.80000000      0.04633710      0.00120325      0.99670526      0.46389947      0.62953312      2.82608575      0.01303054      0.62560180      1.28910929      3.62820409
    -83.70000000      0.04672974      0.00121990      0.99665568      0.46435618      0.62763740      2.82845558      0.01310297      0.62870637      1.28818562      3.62658750
    -83.60000000      0.04712533      0.00123677      0.99660535      0.46481325      0.62573580      2.83081813      0.01317581      0.63182587      1.28725919      3.62496300
    -83.50000000      0.04752390      0.00125387      0.99655427      0.46527068      0.62382833      2.83317332      0.01324904      0.63496036      1.28633002      3.62333056
    -83.40000000      0.04792545      0.00127120      0.99650243      0.46572846      0.62191504      2.83552106      0.01332268      0.63810992      1.28539810      3.62169016
    -83.30000000      0.04833002      0.00128877      0.99644981      0.46618659      0.61999595      2.83786127      0.01339672      0.64127459      1.28446343      3.62004177
    -83.20000000      0.04873761      0.00130658      0.99639640      0.46664508      0.61807108      2.84019387      0.01347118      0.64445445      1.28352601      3.61838536
    -83.10000000      0.04914824      0.00132462      0.99634219      0.46710392      0.61614046      2.84251877      0.01354604      0.64764955      1.28258583      3.61672091
    -83.00000000      0.04956193      0.00134292      0.99628717      0.46756311      0.61420412      2.84483588      0.01362132      0.65085997      1.28164291      3.61504839
    -82.90000000      0.04997870      0.00136146      0.99623133      0.46802266      0.61226210      2.84714512      0.01369701      0.65408575      1.28069724      3.61336778
    -82.80000000      0.05039857      0.00138025      0.99617465      0.46848256      0.61031441      2.84944640      0.01377312      0.65732697      1.27974881      3.61167904
    -82.70000000      0.05082155      0.00139930      0.99611712      0.46894281      0.60836110      2.85173962      0.01384964      0.66058368      1.27879764      3.60998216
    -82.60000000      0.05124765      0.00141861      0.99605873      0.46940342      0.60640220      2.85402472      0.01392659      0.66385596      1.27784371      3.60827711
    -82.50000000      0.05167691      0.00143817      0.99599947      0.46986438      0.60443773      2.85630159      0.01400397      0.66714385      1.27688702      3.60656385
    -82.40000000      0.05210932      0.00145801      0.99593932      0.47032569      0.60246772      2.85857015      0.01408177      0.67044743      1.27592759      3.60484238
    -82.30000000      0.05254492      0.00147811      0.99587827      0.47078735      0.60049223      2.86083030      0.01415999      0.67376676      1.27496540      3.60311265
    -82.20000000      0.05298372      0.00149848      0.99581630      0.47124937      0.59851126      2.86308197      0.01423865      0.67710190      1.27400046      3.60137465
    -82.10000000      0.05342574      0.00151913      0.99575341      0.47171173      0.59652487      2.86532506      0.01431774      0.68045291      1.27303277      3.59962835
    -82.00000000      0.05387099      0.00154006      0.99568958      0.47217445      0.59453308      2.86755947      0.01439727      0.68381985      1.27206233      3.59787372
    -81.90000000      0.05431949      0.00156127      0.99562479      0.47263752      0.59253594      2.86978513      0.01447723      0.68720280      1.27108914      3.59611075
    -81.80000000      0.05477126      0.00158277      0.99555904      0.47310095      0.59053347      2.87200193      0.01455764      0.69060180      1.27011319      3.59433939
    -81.70000000      0.05522632      0.00160455      0.99549230      0.47356472      0.58852572      2.87420980      0.01463848      0.69401693      1.26913449      3.59255964
    -81.60000000      0.05568468      0.00162664      0.99542457      0.47402885      0.58651272      2.87640862      0.01471978      0.69744825      1.26815305      3.59077146
    -81.50000000      0.05614637      0.00164902      0.99535582      0.47449332      0.58449451      2.87859832      0.01480151      0.70089581      1.26716885      3.58897483
    -81.40000000      0.05661139      0.00167170      0.99528604      0.47495815      0.58247113      2.88077880      0.01488370      0.70435969      1.26618190      3.58716972
    -81.30000000      0.05707977      0.00169469      0.99521523      0.47542333      0.58044263      2.88294997      0.01496634      0.70783994      1.26519221      3.58535611
    -81.20000000      0.05755152      0.00171799      0.99514335      0.47588885      0.57840903      2.88511174      0.01504943      0.71133662      1.26419977      3.58353397
    -81.10000000      0.05802667      0.00174160      0.99507040      0.47635473      0.57637038      2.88726400      0.01513298      0.71484981      1.26320458      3.58170329
    -81.00000000      0.05850522      0.00176553      0.99499637      0.47682096      0.57432673      2.88940668      0.01521699      0.71837955      1.26220664      3.57986403
    -80.90000000      0.05898720      0.00178979      0.99492122      0.47728754      0.57227811      2.89153966      0.01530146      0.72192592      1.26120596      3.57801617
    -80.80000000      0.05947263      0.00181437      0.99484496      0.47775447      0.57022457      2.89366287      0.01538640      0.72548897      1.26020254      3.57615969
    -80.70000000      0.05996152      0.00183928      0.99476755      0.47822174      0.56816615      2.89577620      0.01547180      0.72906877      1.25919637      3.57429456
    -80.60000000      0.06045388      0.00186453      0.99468900      0.47868937      0.56610289      2.89787956      0.01555767      0.73266538      1.25818746      3.57242076
    -80.50000000      0.06094975      0.00189012      0.99460927      0.47915735      0.56403485      2.89997285      0.01564401      0.73627886      1.25717581      3.57053827
    -80.40000000      0.06144912      0.00191605      0.99452835      0.47962567      0.56196206      2.90205597      0.01573082      0.73990927      1.25616142      3.56864706
    -80.30000000      0.06195203      0.00194233      0.99444622      0.48009435      0.55988457      2.90412884      0.01581811      0.74355668      1.25514430      3.56674710
    -80.20000000      0.06245849      0.00196897      0.99436287      0.48056337      0.55780243      2.90619136      0.01590588      0.74722113      1.25412444      3.56483838
    -80.10000000      0.06296851      0.00199596      0.99427828      0.48103274      0.55571568      2.90824341      0.01599413      0.75090271      1.25310184      3.56292087
    -80.00000000      0.06348212      0.00202331      0.99419242      0.48150246      0.55362438      2.91028492      0.01608287      0.75460146      1.25207652      3.56099455
    -79.90000000      0.06399933      0.00205103      0.99410529      0.48197252      0.55152858      2.91231579      0.01617209      0.75831745      1.25104846      3.55905939
    -79.80000000      0.06452016      0.00207913      0.99401686      0.48244294      0.54942831      2.91433590      0.01626180      0.76205074      1.25001767      3.55711537
    -79.70000000      0.06504462      0.00210760      0.99392711      0.48291370      0.54732364      2.91634517      0.01635200      0.76580138      1.24898415      3.55516247
    -79.60000000      0.06557274      0.00213645      0.99383602      0.48338481      0.54521460      2.91834350      0.01644269      0.76956945      1.24794791      3.55320067
    -79.50000000      0.06610453      0.00216569      0.99374358      0.48385626      0.54310127      2.92033079      0.01653388      0.77335499      1.24690895      3.55122994
    -79.40000000      0.06664000      0.00219533      0.99364976      0.48432806      0.54098367      2.92230694      0.01662557      0.77715807      1.24586727      3.54925026
    -79.30000000      0.06717918      0.00222536      0.99355455      0.48480021      0.53886188      2.92427185      0.01671777      0.78097875      1.24482286      3.54726161
    -79.20000000      0.06772209      0.00225579      0.99345792      0.48527271      0.53673594      2.92622542      0.01681046      0.78481708      1.24377574      3.54526397
    -79.10000000      0.06826873      0.00228663      0.99335985      0.48574555      0.53460590      2.92816755      0.01690367      0.78867313      1.24272591      3.54325731
    -79.00000000      0.06881912      0.00231788      0.99326032      0.48621874      0.53247183      2.93009814      0.01699738      0.79254696      1.24167336      3.54124162
    -78.90000000      0.06937330      0.00234955      0.99315931      0.48669227      0.53033377      2.93201709      0.01709161      0.79643861      1.24061811      3.53921686
    -78.80000000      0.06993126      0.00238164      0.99305680      0.48716615      0.52819178      2.93392430      0.01718635      0.80034816      1.23956015      3.53718302
    -78.70000000      0.07049303      0.00241417      0.99295277      0.48764037      0.52604591      2.93581966      0.01728161      0.80427566      1.23849948      3.53514009
    -78.60000000      0.07105862      0.00244712      0.99284719      0.48811494      0.52389624      2.93770309      0.01737739      0.80822116      1.23743612      3.53308803
    -78.50000000      0.07162805      0.00248052      0.99274004      0.48858985      0.52174280      2.93957447      0.01747369      0.81218473      1.23637005      3.53102682
    -78.40000000      0.07220135      0.00251436      0.99263131      0.48906511      0.51958567      2.94143371      0.01757052      0.81616641      1.23530129      3.52895645
    -78.30000000      0.07277851      0.00254866      0.99252095      0.48954071      0.51742489      2.94328070      0.01766787      0.82016627      1.23422984      3.52687689
    -78.20000000      0.07335957      0.00258341      0.99240896      0.49001666      0.51526054      2.94511533      0.01776576      0.82418437      1.23315570      3.52478813
    -78.10000000      0.07394454      0.00261863      0.99229531      0.49049295      0.51309266      2.94693752      0.01786418      0.82822075      1.23207887      3.52269014
    -78.00000000      0.07453343      0.00265432      0.99217997      0.49096958      0.51092133      2.94874715      0.01796314      0.83227547      1.23099936      3.52058290
    -77.90000000      0.07512626      0.00269048      0.99206292      0.49144656      0.50874660      2.95054413      0.01806264      0.83634859      1.22991717      3.51846640
    -77.80000000      0.07572306      0.00272713      0.99194413      0.49192388      0.50656853      2.95232834      0.01816268      0.84044016      1.22883231      3.51634061
    -77.70000000      0.07632382      0.00276426      0.99182358      0.49240154      0.50438719      2.95409969      0.01826327      0.84455024      1.22774477      3.51420552
    -77.60000000      0.07692858      0.00280189      0.99170125      0.49287954      0.50220264      2.95585808      0.01836440      0.84867887      1.22665456      3.51206109
    -77.50000000      0.07753734      0.00284001      0.99157710      0.49335789      0.50001495      2.95760339      0.01846608      0.85282611      1.22556169      3.50990733
    -77.40000000      0.07815013      0.00287865      0.99145111      0.49383657      0.49782418      2.95933553      0.01856832      0.85699202      1.22446616      3.50774420
    -77.30000000      0.07876695      0.00291780      0.99132326      0.49431560      0.49563039      2.96105439      0.01867112      0.86117665      1.22336797      3.50557169
    -77.20000000      0.07938783      0.00295747      0.99119352      0.49479497      0.49343365      2.96275987      0.01877447      0.86538004      1.22226712      3.50338977
    -77.10000000      0.08001279      0.00299766      0.99106185      0.49527469      0.49123403      2.96445187      0.01887839      0.86960224      1.22116363      3.50119844
    -77.00000000      0.08064183      0.00303839      0.99092824      0.49575474      0.48903159      2.96613027      0.01898287      0.87384332      1.22005749      3.49899767
    -76.90000000      0.08127497      0.00307966      0.99079265      0.49623513      0.48682641      2.96779499      0.01908792      0.87810331      1.21894871      3.49678744
    -76.80000000      0.08191223      0.00312148      0.99065506      0.49671586      0.48461855      2.96944590      0.01919353      0.88238226      1.21783729      3.49456774
    -76.70000000      0.08255363      0.00316386      0.99051543      0.49719694      0.48240807      2.97108291      0.01929973      0.88668023      1.21672324      3.49233855
    -76.60000000      0.08319918      0.00320679      0.99037374      0.49767835      0.48019506      2.97270591      0.01940650      0.89099726      1.21560656      3.49009985
    -76.50000000      0.08384889      0.00325030      0.99022995      0.49816010      0.47797957      2.97431480      0.01951385      0.89533340      1.21448726      3.48785163
    -76.40000000      0.08450279      0.00329438      0.99008404      0.49864219      0.47576168      2.97590947      0.01962178      0.89968869      1.21336533      3.48559386
    -76.30000000      0.08516088      0.00333904      0.98993598      0.49912462      0.47354147      2.97748983      0.01973029      0.90406318      1.21224080      3.48332653
    -76.20000000      0.08582318      0.00338430      0.98978573      0.49960739      0.47131899      2.97905575      0.01983940      0.90845691      1.21111365      3.48104963
    -76.10000000      0.08648971      0.00343015      0.98963327      0.50009049      0.46909433      2.98060714      0.01994910      0.91286993      1.20998390      3.47876314
    -76.00000000      0.08716048      0.00347661      0.98947856      0.50057394      0.46686756      2.98214390      0.02005939      0.91730229      1.20885155      3.47646703
    -75.90000000      0.08783551      0.00352369      0.98932157      0.50105772      0.46463875      2.98366591      0.02017027      0.92175401      1.20771660      3.47416131
    -75.80000000      0.08851481      0.00357138      0.98916226      0.50154184      0.46240798      2.98517307      0.02028176      0.92622516      1.20657907      3.47184595
    -75.70000000      0.08919839      0.00361971      0.98900061      0.50202629      0.46017531      2.98666529      0.02039385      0.93071575      1.20543895      3.46952093
    -75.60000000      0.08988628      0.00366867      0.98883657      0.50251108      0.45794083      2.98814244      0.02050655      0.93522584      1.20429625      3.46718624
    -75.50000000      0.09057848      0.00371829      0.98867012      0.50299621      0.45570461      2.98960443      0.02061986      0.93975547      1.20315098      3.46484188
    -75.40000000      0.09127501      0.00376855      0.98850123      0.50348167      0.45346673      2.99105115      0.02073378      0.94430467      1.20200314      3.46248781
    -75.30000000      0.09197589      0.00381948      0.98832985      0.50396747      0.45122725      2.99248251      0.02084831      0.94887347      1.20085273      3.46012403
    -75.20000000      0.09268112      0.00387108      0.98815594      0.50445361      0.44898627      2.99389838      0.02096347      0.95346193      1.19969977      3.45775052
    -75.10000000      0.09339072      0.00392336      0.98797949      0.50494008      0.44674386      2.99529867      0.02107924      0.95807006      1.19854426      3.45536728
    -75.00000000      0.09410471      0.00397632      0.98780043      0.50542688      0.44450009      2.99668327      0.02119564      0.96269790      1.19738620      3.45297428
    -74.90000000      0.09482310      0.00402999      0.98761875      0.50591402      0.44225505      2.99805207      0.02131267      0.96734550      1.19622561      3.45057151
    -74.80000000      0.09554590      0.00408436      0.98743441      0.50640149      0.44000881      2.99940498      0.02143033      0.97201287      1.19506248      3.44815897
    -74.70000000      0.09627313      0.00413944      0.98724735      0.50688929      0.43776145      3.00074189      0.02154862      0.97670005      1.19389682      3.44573663
    -74.60000000      0.09700480      0.00419525      0.98705756      0.50737743      0.43551306      3.00206268      0.02166755      0.98140707      1.19272864      3.44330450
    -74.50000000      0.09774092      0.00425179      0.98686498      0.50786590      0.43326370      3.00336727      0.02178712      0.98613395      1.19155795      3.44086254
    -74.40000000      0.09848151      0.00430908      0.98666958      0.50835471      0.43101348      3.00465553      0.02190733      0.99088074      1.19038475      3.43841076
    -74.30000000      0.09922657      0.00436712      0.98647132      0.50884384      0.42876246      3.00592738      0.02202819      0.99564744      1.18920905      3.43594913
    -74.20000000      0.09997613      0.00442591      0.98627015      0.50933331      0.42651073      3.00718270      0.02214970      1.00043409      1.18803085      3.43347766
    -74.10000000      0.10073019      0.00448548      0.98606604      0.50982311      0.42425836      3.00842139      0.02227187      1.00524071      1.18685016      3.43099633
    -74.00000000      0.10148877      0.00454583      0.98585894      0.51031324      0.42200545      3.00964334      0.02239469      1.01006732      1.18566699      3.42850512
    -73.90000000      0.10225188      0.00460697      0.98564882      0.51080370      0.41975208      3.01084846      0.02251816      1.01491394      1.18448134      3.42600404
    -73.80000000      0.10301952      0.00466891      0.98543563      0.51129449      0.41749833      3.01203663      0.02264230      1.01978059      1.18329323      3.42349306
    -73.70000000      0.10379172      0.00473166      0.98521932      0.51178561      0.41524427      3.01320776      0.02276711      1.02466729      1.18210266      3.42097218
    -73.60000000      0.10456849      0.00479523      0.98499985      0.51227706      0.41299001      3.01436174      0.02289259      1.02957406      1.18090963      3.41844138
    -73.50000000      0.10534983      0.00485963      0.98477718      0.51276884      0.41073562      3.01549847      0.02301873      1.03450091      1.17971415      3.41590067
    -73.40000000      0.10613576      0.00492487      0.98455126      0.51326095      0.40848118      3.01661784      0.02314556      1.03944785      1.17851623      3.41335003
    -73.30000000      0.10692629      0.00499097      0.98432205      0.51375339      0.40622679      3.01771976      0.02327306      1.04441490      1.17731589      3.41078946
    -73.20000000      0.10772142      0.00505793      0.98408950      0.51424616      0.40397253      3.01880412      0.02340124      1.04940207      1.17611311      3.40821894
    -73.10000000      0.10852118      0.00512576      0.98385357      0.51473925      0.40171848      3.01987081      0.02353011      1.05440936      1.17490792      3.40563846
    -73.00000000      0.10932557      0.00519447      0.98361420      0.51523267      0.39946473      3.02091975      0.02365967      1.05943679      1.17370032      3.40304803
    -72.90000000      0.11013460      0.00526409      0.98337134      0.51572642      0.39721137      3.02195081      0.02378992      1.06448435      1.17249032      3.40044763
    -72.80000000      0.11094829      0.00533460      0.98312496      0.51622049      0.39495848      3.02296391      0.02392086      1.06955206      1.17127792      3.39783726
    -72.70000000      0.11176664      0.00540604      0.98287500      0.51671489      0.39270615      3.02395894      0.02405250      1.07463991      1.17006314      3.39521690
    -72.60000000      0.11258966      0.00547840      0.98262140      0.51720962      0.39045447      3.02493581      0.02418485      1.07974790      1.16884598      3.39258656
    -72.50000000      0.11341736      0.00555171      0.98236413      0.51770467      0.38820353      3.02589440      0.02431790      1.08487604      1.16762645      3.38994623
    -72.40000000      0.11424976      0.00562597      0.98210312      0.51820004      0.38595342      3.02683463      0.02445166      1.09002432      1.16640455      3.38729590
    -72.30000000      0.11508685      0.00570119      0.98183833      0.51869574      0.38370422      3.02775638      0.02458613      1.09519273      1.16518031      3.38463557
    -72.20000000      0.11592866      0.00577739      0.98156971      0.51919177      0.38145602      3.02865957      0.02472131      1.10038126      1.16395371      3.38196523
    -72.10000000      0.11677519      0.00585458      0.98129719      0.51968811      0.37920891      3.02954409      0.02485722      1.10558991      1.16272478      3.37928489
    -72.00000000      0.11762645      0.00593277      0.98102073      0.52018479      0.37696298      3.03040985      0.02499384      1.11081867      1.16149352      3.37659452
    -71.90000000      0.11848244      0.00601198      0.98074028      0.52068178      0.37471833      3.03125674      0.02513119      1.11606752      1.16025995      3.37389414
    -71.80000000      0.11934318      0.00609221      0.98045577      0.52117910      0.37247503      3.03208467      0.02526927      1.12133644      1.15902406      3.37118374
    -71.70000000      0.12020867      0.00617348      0.98016715      0.52167673      0.37023318      3.03289354      0.02540808      1.12662541      1.15778586      3.36846331
    -71.60000000      0.12107893      0.00625580      0.97987436      0.52217469      0.36799286      3.03368326      0.02554763      1.13193443      1.15654538      3.36573285
    -71.50000000      0.12195395      0.00633918      0.97957736      0.52267298      0.36575418      3.03445372      0.02568791      1.13726346      1.15530261      3.36299237
    -71.40000000      0.12283375      0.00642364      0.97927607      0.52317158      0.36351722      3.03520483      0.02582894      1.14261247      1.15405756      3.36024185
    -71.30000000      0.12371834      0.00650920      0.97897044      0.52367050      0.36128206      3.03593650      0.02597071      1.14798145      1.15281025      3.35748130
    -71.20000000      0.12460772      0.00659586      0.97866041      0.52416974      0.35904880      3.03664863      0.02611323      1.15337036      1.15156068      3.35471072
    -71.10000000      0.12550189      0.00668363      0.97834593      0.52466930      0.35681754      3.03734113      0.02625651      1.15877916      1.15030887      3.35193011
    -71.00000000      0.12640087      0.00677254      0.97802692      0.52516918      0.35458835      3.03801390      0.02640053      1.16420784      1.14905481      3.34913946
    -70.90000000      0.12730467      0.00686260      0.97770333      0.52566938      0.35236134      3.03866685      0.02654532      1.16965633      1.14779853      3.34633878
    -70.80000000      0.12821328      0.00695381      0.97737510      0.52616990      0.35013659      3.03929989      0.02669088      1.17512462      1.14654003      3.34352806
    -70.70000000      0.12912671      0.00704620      0.97704216      0.52667073      0.34791419      3.03991291      0.02683719      1.18061265      1.14527932      3.34070732
    -70.60000000      0.13004497      0.00713978      0.97670445      0.52717188      0.34569423      3.04050584      0.02698428      1.18612037      1.14401641      3.33787654
    -70.50000000      0.13096806      0.00723456      0.97636191      0.52767335      0.34347681      3.04107859      0.02713214      1.19164775      1.14275131      3.33503573
    -70.40000000      0.13189600      0.00733056      0.97601446      0.52817513      0.34126202      3.04163105      0.02728078      1.19719473      1.14148403      3.33218490
    -70.30000000      0.13282878      0.00742779      0.97566205      0.52867723      0.33904995      3.04216314      0.02743019      1.20276125      1.14021458      3.32932405
    -70.20000000      0.13376641      0.00752627      0.97530460      0.52917965      0.33684068      3.04267477      0.02758039      1.20834725      1.13894297      3.32645317
    -70.10000000      0.13470889      0.00762601      0.97494205      0.52968238      0.33463431      3.04316585      0.02773138      1.21395269      1.13766921      3.32357227
    -70.00000000      0.13565623      0.00772703      0.97457433      0.53018542      0.33243093      3.04363629      0.02788316      1.21957749      1.13639331      3.32068136
    -69.90000000      0.13660843      0.00782934      0.97420137      0.53068878      0.33023064      3.04408601      0.02803573      1.22522159      1.13511529      3.31778045
    -69.80000000      0.13756550      0.00793297      0.97382310      0.53119245      0.32803351      3.04451492      0.02818910      1.23088491      1.13383514      3.31486952
    -69.70000000      0.13852743      0.00803792      0.97343945      0.53169643      0.32583965      3.04492294      0.02834327      1.23656740      1.13255289      3.31194860
    -69.60000000      0.13949424      0.00814421      0.97305034      0.53220073      0.32364914      3.04530997      0.02849824      1.24226896      1.13126854      3.30901769
    -69.50000000      0.14046592      0.00825186      0.97265571      0.53270533      0.32146208      3.04567593      0.02865402      1.24798952      1.12998211      3.30607678
    -69.40000000      0.14144247      0.00836089      0.97225549      0.53321025      0.31927855      3.04602074      0.02881061      1.25372900      1.12869360      3.30312590
    -69.30000000      0.14242391      0.00847131      0.97184959      0.53371548      0.31709864      3.04634432      0.02896802      1.25948731      1.12740302      3.30016504
    -69.20000000      0.14341023      0.00858313      0.97143794      0.53422102      0.31492246      3.04664658      0.02912625      1.26526436      1.12611040      3.29719421
    -69.10000000      0.14440143      0.00869638      0.97102047      0.53472687      0.31275007      3.04692744      0.02928529      1.27106006      1.12481573      3.29421342
    -69.00000000      0.14539751      0.00881107      0.97059710      0.53523303      0.31058159      3.04718682      0.02944517      1.27687430      1.12351902      3.29122268
    -68.90000000      0.14639848      0.00892723      0.97016775      0.53573950      0.30841709      3.04742465      0.02960587      1.28270700      1.12222030      3.28822200
    -68.80000000      0.14740434      0.00904486      0.96973235      0.53624627      0.30625666      3.04764083      0.02976740      1.28855804      1.12091958      3.28521138
    -68.70000000      0.14841508      0.00916398      0.96929081      0.53675336      0.30410040      3.04783530      0.02992977      1.29442732      1.11961685      3.28219084
    -68.60000000      0.14943071      0.00928462      0.96884306      0.53726075      0.30194839      3.04800797      0.03009298      1.30031472      1.11831214      3.27916039
    -68.50000000      0.15045123      0.00940679      0.96838900      0.53776845      0.29980072      3.04815876      0.03025703      1.30622012      1.11700545      3.27612003
    -68.40000000      0.15147664      0.00953051      0.96792857      0.53827645      0.29765749      3.04828761      0.03042193      1.31214341      1.11569681      3.27306977
    -68.30000000      0.15250693      0.00965580      0.96746168      0.53878476      0.29551877      3.04839444      0.03058767      1.31808446      1.11438621      3.27000964
    -68.20000000      0.15354211      0.00978267      0.96698825      0.53929337      0.29338466      3.04847917      0.03075428      1.32404313      1.11307367      3.26693963
    -68.10000000      0.15458217      0.00991115      0.96650819      0.53980229      0.29125525      3.04854173      0.03092173      1.33001931      1.11175921      3.26385977
    -68.00000000      0.15562712      0.01004126      0.96602141      0.54031151      0.28913062      3.04858205      0.03109005      1.33601284      1.11044283      3.26077006
    -67.90000000      0.15667694      0.01017301      0.96552783      0.54082104      0.28701087      3.04860005      0.03125923      1.34202359      1.10912455      3.25767052
    -67.80000000      0.15773165      0.01030642      0.96502736      0.54133087      0.28489606      3.04859567      0.03142928      1.34805141      1.10780438      3.25456116
    -67.70000000      0.15879123      0.01044152      0.96451992      0.54184100      0.28278631      3.04856883      0.03160020      1.35409614      1.10648233      3.25144200
    -67.60000000      0.15985569      0.01057832      0.96400542      0.54235143      0.28068168      3.04851947      0.03177199      1.36015764      1.10515842      3.24831305
    -67.50000000      0.16092502      0.01071685      0.96348376      0.54286217      0.27858227      3.04844752      0.03194466      1.36623573      1.10383265      3.24517432
    -67.40000000      0.16199921      0.01085712      0.96295485      0.54337320      0.27648816      3.04835291      0.03211822      1.37233026      1.10250505      3.24202583
    -67.30000000      0.16307827      0.01099916      0.96241861      0.54388454      0.27439943      3.04823558      0.03229265      1.37844106      1.10117561      3.23886760
    -67.20000000      0.16416219      0.01114298      0.96187494      0.54439617      0.27231618      3.04809547      0.03246798      1.38456794      1.09984436      3.23569964
    -67.10000000      0.16525097      0.01128861      0.96132375      0.54490810      0.27023848      3.04793250      0.03264419      1.39071072      1.09851131      3.23252198
    -67.00000000      0.16634460      0.01143607      0.96076494      0.54542034      0.26816642      3.04774662      0.03282131      1.39686923      1.09717646      3.22933462
    -66.90000000      0.16744308      0.01158538      0.96019842      0.54593287      0.26610008      3.04753776      0.03299932      1.40304326      1.09583984      3.22613758
    -66.80000000      0.16854639      0.01173656      0.95962409      0.54644569      0.26403954      3.04730587      0.03317823      1.40923263      1.09450146      3.22293089
    -66.70000000      0.16965455      0.01188964      0.95904186      0.54695882      0.26198490      3.04705089      0.03335804      1.41543713      1.09316133      3.21971456
    -66.60000000      0.17076753      0.01204463      0.95845162      0.54747224      0.25993622      3.04677275      0.03353877      1.42165655      1.09181945      3.21648862
    -66.50000000      0.17188534      0.01220156      0.95785328      0.54798595      0.25789359      3.04647140      0.03372041      1.42789068      1.09047586      3.21325307
    -66.40000000      0.17300796      0.01236045      0.95724675      0.54849996      0.25585709      3.04614679      0.03390296      1.43413931      1.08913055      3.21000795
    -66.30000000      0.17413540      0.01252132      0.95663191      0.54901426      0.25382680      3.04579886      0.03408643      1.44040220      1.08778354      3.20675328
    -66.20000000      0.17526764      0.01268421      0.95600867      0.54952886      0.25180280      3.04542755      0.03427083      1.44667913      1.08643485      3.20348906
    -66.10000000      0.17640467      0.01284912      0.95537692      0.55004375      0.24978517      3.04503282      0.03445615      1.45296986      1.08508449      3.20021534
    -66.00000000      0.17754650      0.01301609      0.95473657      0.55055893      0.24777399      3.04461461      0.03464240      1.45927414      1.08373247      3.19693212
    -65.90000000      0.17869310      0.01318513      0.95408750      0.55107441      0.24576934      3.04417287      0.03482958      1.46559174      1.08237881      3.19363943
    -65.80000000      0.17984448      0.01335628      0.95342962      0.55159018      0.24377128      3.04370756      0.03501770      1.47192240      1.08102352      3.19033730
    -65.70000000      0.18100061      0.01352956      0.95276281      0.55210623      0.24177991      3.04321862      0.03520675      1.47826586      1.07966661      3.18702575
    -65.60000000      0.18216151      0.01370499      0.95208698      0.55262258      0.23979529      3.04270601      0.03539675      1.48462184      1.07830810      3.18370480
    -65.50000000      0.18332714      0.01388259      0.95140201      0.55313921      0.23781750      3.04216968      0.03558770      1.49099008      1.07694800      3.18037448
    -65.40000000      0.18449751      0.01406239      0.95070779      0.55365614      0.23584662      3.04160959      0.03577959      1.49737030      1.07558633      3.17703482
    -65.30000000      0.18567261      0.01424443      0.95000421      0.55417335      0.23388271      3.04102570      0.03597244      1.50376222      1.07422310      3.17368583
    -65.20000000      0.18685242      0.01442871      0.94929118      0.55469085      0.23192586      3.04041797      0.03616624      1.51016553      1.07285832      3.17032755
    -65.10000000      0.18803693      0.01461527      0.94856856      0.55520864      0.22997613      3.03978635      0.03636100      1.51657994      1.07149201      3.16696000
    -65.00000000      0.18922614      0.01480414      0.94783626      0.55572671      0.22803360      3.03913081      0.03655672      1.52300515      1.07012419      3.16358321
    -64.90000000      0.19042002      0.01499534      0.94709416      0.55624507      0.22609834      3.03845130      0.03675341      1.52944084      1.06875486      3.16019721
    -64.80000000      0.19161857      0.01518889      0.94634214      0.55676371      0.22417042      3.03774780      0.03695106      1.53588669      1.06738404      3.15680203
    -64.70000000      0.19282178      0.01538483      0.94558009      0.55728264      0.22224990      3.03702026      0.03714969      1.54234238      1.06601175      3.15339769
    -64.60000000      0.19402964      0.01558319      0.94480791      0.55780185      0.22033686      3.03626866      0.03734929      1.54880757      1.06463800      3.14998423
    -64.50000000      0.19524212      0.01578398      0.94402546      0.55832134      0.21843136      3.03549295      0.03754987      1.55528191      1.06326280      3.14656167
    -64.40000000      0.19645923      0.01598723      0.94323263      0.55884112      0.21653348      3.03469312      0.03775143      1.56176507      1.06188618      3.14313005
    -64.30000000      0.19768093      0.01619299      0.94242932      0.55936117      0.21464327      3.03386912      0.03795398      1.56825669      1.06050814      3.13968940
    -64.20000000      0.19890723      0.01640126      0.94161539      0.55988151      0.21276081      3.03302094      0.03815751      1.57475639      1.05912870      3.13623974
    -64.10000000      0.20013810      0.01661209      0.94079073      0.56040213      0.21088616      3.03214854      0.03836203      1.58126382      1.05774787      3.13278111
    -64.00000000      0.20137354      0.01682550      0.93995522      0.56092302      0.20901938      3.03125190      0.03856755      1.58777859      1.05636568      3.12931355
    -63.90000000      0.20261352      0.01704152      0.93910874      0.56144420      0.20716054      3.03033100      0.03877406      1.59430032      1.05498213      3.12583708
    -63.80000000      0.20385804      0.01726017      0.93825117      0.56196565      0.20530969      3.02938580      0.03898157      1.60082861      1.05359724      3.12235174
    -63.70000000      0.20510707      0.01748150      0.93738238      0.56248739      0.20346691      3.02841630      0.03919008      1.60736306      1.05221102      3.11885757
    -63.60000000      0.20636059      0.01770552      0.93650226      0.56300939      0.20163224      3.02742246      0.03939960      1.61390326      1.05082350      3.11535459
    -63.50000000      0.20761861      0.01793228      0.93561068      0.56353168      0.19980575      3.02640428      0.03961013      1.62044879      1.04943468      3.11184285
    -63.40000000      0.20888109      0.01816179      0.93470752      0.56405424      0.19798751      3.02536173      0.03982167      1.62699924      1.04804458      3.10832237
    -63.30000000      0.21014802      0.01839409      0.93379265      0.56457707      0.19617756      3.02429480      0.04003422      1.63355415      1.04665322      3.10479320
    -63.20000000      0.21141938      0.01862921      0.93286595      0.56510018      0.19437596      3.02320347      0.04024778      1.64011310      1.04526061      3.10125537
    -63.10000000      0.21269516      0.01886719      0.93192729      0.56562356      0.19258277      3.02208774      0.04046237      1.64667563      1.04386676      3.09770893
    -63.00000000      0.21397533      0.01910805      0.93097654      0.56614721      0.19079805      3.02094758      0.04067798      1.65324128      1.04247171      3.09415389
    -62.90000000      0.21525989      0.01935182      0.93001359      0.56667114      0.18902185      3.01978299      0.04089461      1.65980959      1.04107544      3.09059032
    -62.80000000      0.21654880      0.01959855      0.92903830      0.56719533      0.18725422      3.01859397      0.04111227      1.66638007      1.03967800      3.08701823
    -62.70000000      0.21784206      0.01984825      0.92805054      0.56771980      0.18549521      3.01738050      0.04133096      1.67295225      1.03827938      3.08343768
    -62.60000000      0.21913963      0.02010097      0.92705019      0.56824453      0.18374488      3.01614258      0.04155069      1.67952564      1.03687961      3.07984871
    -62.50000000      0.22044151      0.02035674      0.92603711      0.56876954      0.18200327      3.01488020      0.04177145      1.68609972      1.03547870      3.07625135
    -62.40000000      0.22174767      0.02061559      0.92501119      0.56929481      0.18027044      3.01359337      0.04199325      1.69267399      1.03407667      3.07264564
    -62.30000000      0.22305810      0.02087755      0.92397228      0.56982035      0.17854644      3.01228207      0.04221608      1.69924793      1.03267354      3.06903162
    -62.20000000      0.22437276      0.02114265      0.92292026      0.57034616      0.17683130      3.01094632      0.04243997      1.70582102      1.03126931      3.06540935
    -62.10000000      0.22569164      0.02141094      0.92185500      0.57087223      0.17512508      3.00958611      0.04266489      1.71239270      1.02986401      3.06177885
    -62.00000000      0.22701472      0.02168245      0.92077637      0.57139857      0.17342782      3.00820145      0.04289087      1.71896245      1.02845765      3.05814018
    -61.90000000      0.22834198      0.02195721      0.91968423      0.57192517      0.17173957      3.00679234      0.04311789      1.72552970      1.02705025      3.05449337
    -61.80000000      0.22967340      0.02223526      0.91857846      0.57245203      0.17006037      3.00535879      0.04334597      1.73209389      1.02564183      3.05083847
    -61.70000000      0.23100894      0.02251663      0.91745893      0.57297916      0.16839026      3.00390081      0.04357510      1.73865445      1.02423239      3.04717553
    -61.60000000      0.23234860      0.02280135      0.91632550      0.57350655      0.16672929      3.00241841      0.04380529      1.74521079      1.02282197      3.04350459
    -61.50000000      0.23369234      0.02308948      0.91517804      0.57403420      0.16507749      3.00091159      0.04403654      1.75176232      1.02141056      3.03982569
    -61.40000000      0.23504015      0.02338103      0.91401642      0.57456211      0.16343490      2.99938037      0.04426884      1.75830844      1.01999820      3.03613889
    -61.30000000      0.23639200      0.02367605      0.91284051      0.57509028      0.16180156      2.99782477      0.04450222      1.76484854      1.01858489      3.03244422
    -61.20000000      0.23774786      0.02397458      0.91165018      0.57561871      0.16017751      2.99624480      0.04473666      1.77138200      1.01717066      3.02874173
    -61.10000000      0.23910771      0.02427665      0.91044529      0.57614740      0.15856279      2.99464047      0.04497216      1.77790819      1.01575551      3.02503148
    -61.00000000      0.24047154      0.02458230      0.90922571      0.57667634      0.15695742      2.99301181      0.04520874      1.78442648      1.01433948      3.02131351
    -60.90000000      0.24183930      0.02489157      0.90799131      0.57720554      0.15536144      2.99135884      0.04544638      1.79093621      1.01292256      3.01758786
    -60.80000000      0.24321098      0.02520449      0.90674196      0.57773500      0.15377489      2.98968158      0.04568510      1.79743672      1.01150478      3.01385459
    -60.70000000      0.24458655      0.02552111      0.90547753      0.57826471      0.15219780      2.98798006      0.04592490      1.80392736      1.01008616      3.01011375
    -60.60000000      0.24596599      0.02584147      0.90419789      0.57879468      0.15063019      2.98625429      0.04616577      1.81040744      1.00866672      3.00636539
    -60.50000000      0.24734926      0.02616560      0.90290289      0.57932490      0.14907210      2.98450430      0.04640772      1.81687629      1.00724646      3.00260955
    -60.40000000      0.24873635      0.02649354      0.90159242      0.57985537      0.14752355      2.98273013      0.04665075      1.82333319      1.00582541      2.99884630
    -60.30000000      0.25012722      0.02682533      0.90026635      0.58038609      0.14598458      2.98093180      0.04689486      1.82977746      1.00440359      2.99507567
    -60.20000000      0.25152186      0.02716102      0.89892453      0.58091707      0.14445520      2.97910934      0.04714006      1.83620837      1.00298100      2.99129772
    -60.10000000      0.25292022      0.02750064      0.89756685      0.58144829      0.14293545      2.97726280      0.04738634      1.84262520      1.00155767      2.98751251
    -60.00000000      0.25432229      0.02784424      0.89619317      0.58197976      0.14142535      2.97539219      0.04763371      1.84902722      1.00013362      2.98372008
    -59.90000000      0.25572803      0.02819185      0.89480337      0.58251148      0.13992491      2.97349756      0.04788216      1.85541369      0.99870886      2.97992050
    -59.80000000      0.25713743      0.02854353      0.89339731      0.58304345      0.13843417      2.97157895      0.04813170      1.86178385      0.99728341      2.97611381
    -59.70000000      0.25855043      0.02889930      0.89197487      0.58357567      0.13695314      2.96963639      0.04838233      1.86813695      0.99585728      2.97230007
    -59.60000000      0.25996703      0.02925921      0.89053592      0.58410813      0.13548185      2.96766993      0.04863406      1.87447221      0.99443049      2.96847933
    -59.50000000      0.26138720      0.02962331      0.88908034      0.58464084      0.13402030      2.96567961      0.04888687      1.88078885      0.99300307      2.96465165
    -59.40000000      0.26281089      0.02999163      0.88760799      0.58517379      0.13256853      2.96366546      0.04914078      1.88708609      0.99157502      2.96081709
    -59.30000000      0.26423808      0.03036423      0.88611877      0.58570698      0.13112654      2.96162755      0.04939578      1.89336313      0.99014637      2.95697569
    -59.20000000      0.26566875      0.03074114      0.88461253      0.58624041      0.12969435      2.95956591      0.04965188      1.89961915      0.98871713      2.95312753
    -59.10000000      0.26710285      0.03112240      0.88308916      0.58677409      0.12827197      2.95748059      0.04990908      1.90585335      0.98728732      2.94927264
    -59.00000000      0.26854037      0.03150807      0.88154854      0.58730801      0.12685942      2.95537164      0.05016737      1.91206490      0.98585696      2.94541111
    -58.90000000      0.26998126      0.03189819      0.87999055      0.58784217      0.12545671      2.95323912      0.05042675      1.91825296      0.98442606      2.94154297
    -58.80000000      0.27142551      0.03229279      0.87841506      0.58837656      0.12406385      2.95108308      0.05068724      1.92441669      0.98299464      2.93766829
    -58.70000000      0.27287307      0.03269193      0.87682196      0.58891120      0.12268085      2.94890357      0.05094882      1.93055524      0.98156272      2.93378713
    -58.60000000      0.27432392      0.03309565      0.87521113      0.58944607      0.12130772      2.94670065      0.05121150      1.93666775      0.98013032      2.92989955
    -58.50000000      0.27577802      0.03350400      0.87358246      0.58998117      0.11994447      2.94447438      0.05147528      1.94275335      0.97869745      2.92600560
    -58.40000000      0.27723535      0.03391703      0.87193583      0.59051652      0.11859109      2.94222481      0.05174016      1.94881116      0.97726413      2.92210535
    -58.30000000      0.27869586      0.03433477      0.87027113      0.59105209      0.11724761      2.93995201      0.05200614      1.95484030      0.97583037      2.91819887
    -58.20000000      0.28015953      0.03475728      0.86858825      0.59158790      0.11591402      2.93765604      0.05227322      1.96083987      0.97439621      2.91428620
    -58.10000000      0.28162632      0.03518460      0.86688708      0.59212395      0.11459032      2.93533696      0.05254140      1.96680896      0.97296165      2.91036741
    -58.00000000      0.28309621      0.03561678      0.86516750      0.59266022      0.11327652      2.93299484      0.05281067      1.97274668      0.97152671      2.90644257
    -57.90000000      0.28456915      0.03605387      0.86342942      0.59319673      0.11197262      2.93062975      0.05308105      1.97865210      0.97009141      2.90251173
    -57.80000000      0.28604511      0.03649592      0.86167273      0.59373346      0.11067862      2.92824175      0.05335252      1.98452429      0.96865576      2.89857496
    -57.70000000      0.28752406      0.03694296      0.85989733      0.59427042      0.10939451      2.92583091      0.05362510      1.99036232      0.96721979      2.89463233
    -57.60000000      0.28900597      0.03739507      0.85810312      0.59480762      0.10812031      2.92339731      0.05389877      1.99616525      0.96578351      2.89068389
    -57.50000000      0.29049081      0.03785227      0.85628999      0.59534503      0.10685599      2.92094102      0.05417354      2.00193214      0.96434694      2.88672971
    -57.40000000      0.29197852      0.03831462      0.85445785      0.59588268      0.10560157      2.91846212      0.05444940      2.00766202      0.96291010      2.88276986
    -57.30000000      0.29346909      0.03878218      0.85260662      0.59642055      0.10435702      2.91596067      0.05472637      2.01335394      0.96147300      2.87880440
    -57.20000000      0.29496248      0.03925498      0.85073619      0.59695864      0.10312236      2.91343675      0.05500442      2.01900693      0.96003566      2.87483339
    -57.10000000      0.29645865      0.03973308      0.84884647      0.59749696      0.10189756      2.91089046      0.05528358      2.02462000      0.95859810      2.87085691
    -57.00000000      0.29795756      0.04021654      0.84693739      0.59803550      0.10068263      2.90832185      0.05556382      2.03019219      0.95716035      2.86687501
    -56.90000000      0.29945919      0.04070539      0.84500885      0.59857426      0.09947755      2.90573103      0.05584516      2.03572251      0.95572240      2.86288777
    -56.80000000      0.30096349      0.04119969      0.84306078      0.59911324      0.09828231      2.90311806      0.05612758      2.04120995      0.95428429      2.85889525
    -56.70000000      0.30247043      0.04169950      0.84109309      0.59965245      0.09709690      2.90048304      0.05641110      2.04665353      0.95284603      2.85489752
    -56.60000000      0.30397997      0.04220486      0.83910571      0.60019186      0.09592131      2.89782604      0.05669571      2.05205223      0.95140764      2.85089465
    -56.50000000      0.30549208      0.04271583      0.83709856      0.60073150      0.09475552      2.89514717      0.05698140      2.05740505      0.94996913      2.84688670
    -56.40000000      0.30700672      0.04323246      0.83507157      0.60127136      0.09359953      2.89244650      0.05726817      2.06271098      0.94853053      2.84287374
    -56.30000000      0.30852385      0.04375479      0.83302468      0.60181142      0.09245331      2.88972412      0.05755603      2.06796900      0.94709185      2.83885585
    -56.20000000      0.31004344      0.04428289      0.83095783      0.60235171      0.09131685      2.88698014      0.05784497      2.07317808      0.94565312      2.83483308
    -56.10000000      0.31156544      0.04481681      0.82887094      0.60289220      0.09019014      2.88421463      0.05813499      2.07833720      0.94421433      2.83080552
    -56.00000000      0.31308983      0.04535659      0.82676396      0.60343291      0.08907315      2.88142770      0.05842608      2.08344532      0.94277553      2.82677323
    -55.90000000      0.31461657      0.04590229      0.82463684      0.60397384      0.08796586      2.87861944      0.05871825      2.08850142      0.94133671      2.82273628
    -55.80000000      0.31614561      0.04645398      0.82248952      0.60451497      0.08686826      2.87578994      0.05901150      2.09350446      0.93989791      2.81869474
    -55.70000000      0.31767691      0.04701169      0.82032196      0.60505631      0.08578033      2.87293931      0.05930581      2.09845339      0.93845913      2.81464869
    -55.60000000      0.31921045      0.04757548      0.81813412      0.60559786      0.08470204      2.87006764      0.05960118      2.10334718      0.93702040      2.81059819
    -55.50000000      0.32074619      0.04814542      0.81592594      0.60613962      0.08363337      2.86717504      0.05989762      2.10818478      0.93558174      2.80654332
    -55.40000000      0.32228407      0.04872154      0.81369740      0.60668158      0.08257429      2.86426161      0.06019513      2.11296515      0.93414316      2.80248414
    -55.30000000      0.32382408      0.04930392      0.81144846      0.60722375      0.08152479      2.86132744      0.06049369      2.11768724      0.93270467      2.79842073
    -55.20000000      0.32536616      0.04989260      0.80917909      0.60776612      0.08048483      2.85837265      0.06079330      2.12234999      0.93126631      2.79435317
    -55.10000000      0.32691028      0.05048764      0.80688927      0.60830870      0.07945440      2.85539734      0.06109397      2.12695237      0.92982807      2.79028152
    -55.00000000      0.32845640      0.05108909      0.80457898      0.60885148      0.07843346      2.85240162      0.06139568      2.13149332      0.92839000      2.78620587
    -54.90000000      0.33000449      0.05169701      0.80224819      0.60939446      0.07742199      2.84938560      0.06169844      2.13597179      0.92695209      2.78212627
    -54.80000000      0.33155449      0.05231146      0.79989690      0.60993764      0.07641995      2.84634938      0.06200224      2.14038674      0.92551437      2.77804281
    -54.70000000      0.33310638      0.05293249      0.79752509      0.61048103      0.07542732      2.84329307      0.06230707      2.14473711      0.92407685      2.77395556
    -54.60000000      0.33466012      0.05356015      0.79513277      0.61102460      0.07444407      2.84021680      0.06261294      2.14902187      0.92263956      2.76986460
    -54.50000000      0.33621566      0.05419452      0.79271992      0.61156838      0.07347017      2.83712066      0.06291984      2.15323995      0.92120251      2.76577000
    -54.40000000      0.33777296      0.05483563      0.79028657      0.61211235      0.07250558      2.83400478      0.06322776      2.15739034      0.91976572      2.76167183
    -54.30000000      0.33933200      0.05548356      0.78783271      0.61265652      0.07155027      2.83086927      0.06353670      2.16147197      0.91832921      2.75757017
    -54.20000000      0.34089271      0.05613835      0.78535836      0.61320088      0.07060421      2.82771425      0.06384665      2.16548382      0.91689299      2.75346509
    -54.10000000      0.34245508      0.05680007      0.78286354      0.61374544      0.06966737      2.82453983      0.06415762      2.16942486      0.91545708      2.74935668
    -54.00000000      0.34401905      0.05746877      0.78034827      0.61429018      0.06873970      2.82134614      0.06446959      2.17329404      0.91402150      2.74524500
    -53.90000000      0.34558459      0.05814451      0.77781258      0.61483512      0.06782118      2.81813328      0.06478256      2.17709035      0.91258627      2.74113014
    -53.80000000      0.34715166      0.05882734      0.77525650      0.61538025      0.06691177      2.81490140      0.06509653      2.18081277      0.91115141      2.73701217
    -53.70000000      0.34872021      0.05951733      0.77268008      0.61592556      0.06601143      2.81165059      0.06541148      2.18446028      0.90971692      2.73289116
    -53.60000000      0.35029021      0.06021454      0.77008335      0.61647107      0.06512012      2.80838100      0.06572742      2.18803187      0.90828284      2.72876720
    -53.50000000      0.35186162      0.06091901      0.76746637      0.61701676      0.06423780      2.80509274      0.06604434      2.19152653      0.90684918      2.72464036
    -53.40000000      0.35343439      0.06163082      0.76482918      0.61756263      0.06336444      2.80178594      0.06636223      2.19494328      0.90541594      2.72051071
    -53.30000000      0.35500849      0.06235001      0.76217185      0.61810869      0.06250000      2.79846072      0.06668108      2.19828112      0.90398317      2.71637834
    -53.20000000      0.35658388      0.06307666      0.75949444      0.61865493      0.06164443      2.79511721      0.06700090      2.20153907      0.90255086      2.71224333
    -53.10000000      0.35816052      0.06381081      0.75679702      0.61920136      0.06079770      2.79175554      0.06732167      2.20471615      0.90111904      2.70810575
    -53.00000000      0.35973835      0.06455252      0.75407967      0.61974796      0.05995975      2.78837584      0.06764339      2.20781141      0.89968772      2.70396567
    -52.90000000      0.36131736      0.06530186      0.75134246      0.62029475      0.05913056      2.78497824      0.06796604      2.21082388      0.89825692      2.69982319
    -52.80000000      0.36289749      0.06605889      0.74858548      0.62084171      0.05831008      2.78156286      0.06828963      2.21375262      0.89682667      2.69567837
    -52.70000000      0.36447870      0.06682365      0.74580883      0.62138885      0.05749825      2.77812984      0.06861415      2.21659669      0.89539697      2.69153130
    -52.60000000      0.36606096      0.06759622      0.74301260      0.62193617      0.05669505      2.77467932      0.06893958      2.21935517      0.89396785      2.68738205
    -52.50000000      0.36764422      0.06837665      0.74019689      0.62248366      0.05590043      2.77121142      0.06926593      2.22202714      0.89253932      2.68323071
    -52.40000000      0.36922844      0.06916500      0.73736181      0.62303133      0.05511433      2.76772628      0.06959318      2.22461170      0.89111139      2.67907734
    -52.30000000      0.37081358      0.06996133      0.73450748      0.62357917      0.05433672      2.76422404      0.06992133      2.22710797      0.88968410      2.67492205
    -52.20000000      0.37239961      0.07076570      0.73163401      0.62412718      0.05356755      2.76070483      0.07025036      2.22951506      0.88825744      2.67076489
    -52.10000000      0.37398648      0.07157817      0.72874154      0.62467536      0.05280677      2.75716879      0.07058028      2.23183211      0.88683145      2.66660596
    -52.00000000      0.37557414      0.07239880      0.72583019      0.62522371      0.05205434      2.75361605      0.07091106      2.23405827      0.88540613      2.66244532
    -51.90000000      0.37716257      0.07322765      0.72290010      0.62577223      0.05131020      2.75004676      0.07124271      2.23619270      0.88398151      2.65828307
    -51.80000000      0.37875172      0.07406477      0.71995142      0.62632092      0.05057431      2.74646105      0.07157522      2.23823459      0.88255760      2.65411928
    -51.70000000      0.38034154      0.07491023      0.71698428      0.62686977      0.04984663      2.74285906      0.07190856      2.24018312      0.88113442      2.64995404
    -51.60000000      0.38193201      0.07576408      0.71399886      0.62741879      0.04912709      2.73924093      0.07224275      2.24203751      0.87971199      2.64578741
    -51.50000000      0.38352307      0.07662639      0.71099530      0.62796797      0.04841566      2.73560681      0.07257776      2.24379699      0.87829032      2.64161949
    -51.40000000      0.38511469      0.07749722      0.70797378      0.62851731      0.04771228      2.73195684      0.07291358      2.24546080      0.87686942      2.63745035
    -51.30000000      0.38670682      0.07837661      0.70493447      0.62906682      0.04701690      2.72829115      0.07325022      2.24702819      0.87544933      2.63328008
    -51.20000000      0.38829944      0.07926464      0.70187754      0.62961648      0.04632948      2.72460990      0.07358765      2.24849845      0.87403004      2.62910875
    -51.10000000      0.38989249      0.08016137      0.69880319      0.63016631      0.04564995      2.72091322      0.07392587      2.24987088      0.87261159      2.62493645
    -51.00000000      0.39148593      0.08106684      0.69571159      0.63071629      0.04497828      2.71720127      0.07426487      2.25114479      0.87119399      2.62076325
    -50.90000000      0.39307974      0.08198112      0.69260295      0.63126643      0.04431440      2.71347418      0.07460463      2.25231952      0.86977725      2.61658924
    -50.80000000      0.39467385      0.08290427      0.68947747      0.63181672      0.04365827      2.70973210      0.07494514      2.25339442      0.86836139      2.61241450
    -50.70000000      0.39626825      0.08383635      0.68633535      0.63236717      0.04300984      2.70597518      0.07528641      2.25436886      0.86694642      2.60823911
    -50.60000000      0.39786288      0.08477741      0.68317681      0.63291777      0.04236904      2.70220356      0.07562840      2.25524225      0.86553237      2.60406315
    -50.50000000      0.39945770      0.08572751      0.68000207      0.63346852      0.04173583      2.69841739      0.07597112      2.25601400      0.86411925      2.59988671
    -50.40000000      0.40105269      0.08668672      0.67681136      0.63401942      0.04111016      2.69461683      0.07631454      2.25668355      0.86270708      2.59570985
    -50.30000000      0.40264778      0.08765508      0.67360489      0.63457047      0.04049197      2.69080201      0.07665867      2.25725037      0.86129587      2.59153267
    -50.20000000      0.40424296      0.08863266      0.67038292      0.63512167      0.03988121      2.68697309      0.07700348      2.25771393      0.85988564      2.58735525
    -50.10000000      0.40583817      0.08961952      0.66714568      0.63567302      0.03927783      2.68313021      0.07734896      2.25807374      0.85847641      2.58317767
    -50.00000000      0.40743338      0.09061570      0.66389342      0.63622451      0.03868176      2.67927353      0.07769511      2.25832934      0.85706818      2.57900000
    -49.90000000      0.40902854      0.09162128      0.66062638      0.63677614      0.03809296      2.67540319      0.07804191      2.25848028      0.85566099      2.57482233
    -49.80000000      0.41062363      0.09263630      0.65734484      0.63732792      0.03751137      2.67151936      0.07838934      2.25852613      0.85425484      2.57064475
    -49.70000000      0.41221859      0.09366081      0.65404905      0.63787984      0.03693693      2.66762216      0.07873739      2.25846650      0.85284976      2.56646733
    -49.60000000      0.41381340      0.09469489      0.65073929      0.63843190      0.03636960      2.66371177      0.07908606      2.25830102      0.85144575      2.56229015
    -49.50000000      0.41540800      0.09573858      0.64741581      0.63898410      0.03580931      2.65978833      0.07943532      2.25802934      0.85004283      2.55811329
    -49.40000000      0.41700237      0.09679193      0.64407892      0.63953644      0.03525602      2.65585198      0.07978516      2.25765114      0.84864102      2.55393685
    -49.30000000      0.41859646      0.09785501      0.64072888      0.64008891      0.03470966      2.65190290      0.08013557      2.25716613      0.84724034      2.54976089
    -49.20000000      0.42019023      0.09892787      0.63736600      0.64064152      0.03417018      2.64794122      0.08048653      2.25657403      0.84584080      2.54558550
    -49.10000000      0.42178365      0.10001056      0.63399055      0.64119426      0.03363752      2.64396709      0.08083804      2.25587460      0.84444242      2.54141076
    -49.00000000      0.42337668      0.10110313      0.63060285      0.64174714      0.03311163      2.63998069      0.08119006      2.25506763      0.84304521      2.53723675
    -48.90000000      0.42496928      0.10220565      0.62720320      0.64230015      0.03259245      2.63598214      0.08154260      2.25415293      0.84164919      2.53306355
    -48.80000000      0.42656141      0.10331815      0.62379190      0.64285328      0.03207993      2.63197162      0.08189563      2.25313034      0.84025437      2.52889125
    -48.70000000      0.42815303      0.10444071      0.62036927      0.64340655      0.03157401      2.62794927      0.08224915      2.25199973      0.83886077      2.52471992
    -48.60000000      0.42974411      0.10557336      0.61693562      0.64395995      0.03107464      2.62391525      0.08260312      2.25076098      0.83746841      2.52054965
    -48.50000000      0.43133460      0.10671616      0.61349129      0.64451347      0.03058175      2.61986971      0.08295754      2.24941403      0.83607730      2.51638051
    -48.40000000      0.43292447      0.10786916      0.61003658      0.64506711      0.03009529      2.61581281      0.08331240      2.24795883      0.83468746      2.51221259
    -48.30000000      0.43451369      0.10903241      0.60657184      0.64562088      0.02961521      2.61174469      0.08366767      2.24639534      0.83329889      2.50804596
    -48.20000000      0.43610221      0.11020596      0.60309740      0.64617477      0.02914145      2.60766552      0.08402334      2.24472359      0.83191163      2.50388072
    -48.10000000      0.43769000      0.11138987      0.59961359      0.64672878      0.02867394      2.60357545      0.08437939      2.24294361      0.83052568      2.49971693
    -48.00000000      0.43927702      0.11258417      0.59612075      0.64728292      0.02821265      2.59947464      0.08473581      2.24105546      0.82914105      2.49555468
    -47.90000000      0.44086323      0.11378893      0.59261924      0.64783717      0.02775751      2.59536324      0.08509257      2.23905925      0.82775777      2.49139404
    -47.80000000      0.44244861      0.11500418      0.58910940      0.64839153      0.02730846      2.59124139      0.08544967      2.23695508      0.82637585      2.48723511
    -47.70000000      0.44403310      0.11622997      0.58559159      0.64894602      0.02686544      2.58710927      0.08580707      2.23474312      0.82499530      2.48307795
    -47.60000000      0.44561667      0.11746636      0.58206615      0.64950061      0.02642841      2.58296703      0.08616478      2.23242355      0.82361614      2.47892266
    -47.50000000      0.44719930      0.11871338      0.57853345      0.65005532      0.02599730      2.57881481      0.08652276      2.22999658      0.82223838      2.47476929
    -47.40000000      0.44878094      0.11997109      0.57499384      0.65061014      0.02557206      2.57465278      0.08688100      2.22746245      0.82086204      2.47061795
    -47.30000000      0.45036155      0.12123952      0.57144770      0.65116508      0.02515264      2.57048108      0.08723948      2.22482143      0.81948714      2.46646870
    -47.20000000      0.45194111      0.12251873      0.56789538      0.65172012      0.02473897      2.56629988      0.08759818      2.22207382      0.81811368      2.46232163
    -47.10000000      0.45351957      0.12380875      0.56433727      0.65227527      0.02433100      2.56210933      0.08795708      2.21921994      0.81674168      2.45817681
    -47.00000000      0.45509690      0.12510963      0.56077372      0.65283052      0.02392868      2.55790959      0.08831617      2.21626015      0.81537116      2.45403433
    -46.90000000      0.45667307      0.12642140      0.55720511      0.65338588      0.02353194      2.55370080      0.08867541      2.21319485      0.81400213      2.44989425
    -46.80000000      0.45824804      0.12774412      0.55363182      0.65394134      0.02314075      2.54948313      0.08903481      2.21002444      0.81263460      2.44575667
    -46.70000000      0.45982177      0.12907781      0.55005423      0.65449691      0.02275502      2.54525672      0.08939433      2.20674936      0.81126860      2.44162166
    -46.60000000      0.46139424      0.13042253      0.54647270      0.65505257      0.02237473      2.54102174      0.08975395      2.20337010      0.80990413      2.43748929
    -46.50000000      0.46296540      0.13177830      0.54288764      0.65560834      0.02199980      2.53677833      0.09011365      2.19988715      0.80854121      2.43335964
    -46.40000000      0.46453523      0.13314517      0.53929941      0.65616420      0.02163018      2.53252665      0.09047342      2.19630103      0.80717985      2.42923280
    -46.30000000      0.46610368      0.13452317      0.53570840      0.65672016      0.02126582      2.52826686      0.09083323      2.19261231      0.80582007      2.42510884
    -46.20000000      0.46767074      0.13591234      0.53211499      0.65727621      0.02090666      2.52399910      0.09119306      2.18882157      0.80446188      2.42098783
    -46.10000000      0.46923635      0.13731272      0.52851957      0.65783236      0.02055265      2.51972354      0.09155289      2.18492942      0.80310529      2.41686986
    -46.00000000      0.47080050      0.13872433      0.52492253      0.65838860      0.02020374      2.51544032      0.09191270      2.18093650      0.80175033      2.41275500
    -45.90000000      0.47236314      0.14014721      0.52132424      0.65894493      0.01985987      2.51114959      0.09227246      2.17684349      0.80039699      2.40864332
    -45.80000000      0.47392425      0.14158139      0.51772511      0.65950135      0.01952098      2.50685152      0.09263217      2.17265106      0.79904530      2.40453491
    -45.70000000      0.47548379      0.14302691      0.51412550      0.66005786      0.01918703      2.50254625      0.09299178      2.16835994      0.79769528      2.40042983
    -45.60000000      0.47704173      0.14448379      0.51052582      0.66061446      0.01885795      2.49823394      0.09335128      2.16397088      0.79634692      2.39632817
    -45.50000000      0.47859803      0.14595207      0.50692644      0.66117114      0.01853370      2.49391473      0.09371065      2.15948465      0.79500025      2.39223000
    -45.40000000      0.48015267      0.14743176      0.50332776      0.66172790      0.01821422      2.48958877      0.09406987      2.15490204      0.79365529      2.38813540
    -45.30000000      0.48170562      0.14892291      0.49973016      0.66228475      0.01789946      2.48525623      0.09442891      2.15022388      0.79231203      2.38404444
    -45.20000000      0.48325683      0.15042552      0.49613402      0.66284167      0.01758937      2.48091725      0.09478775      2.14545101      0.79097051      2.37995719
    -45.10000000      0.48480629      0.15193964      0.49253974      0.66339868      0.01728389      2.47657198      0.09514636      2.14058431      0.78963072      2.37587373
    -45.00000000      0.48635396      0.15346528      0.48894768      0.66395576      0.01698298      2.47222057      0.09550473      2.13562466      0.78829269      2.37179413
    -44.90000000      0.48789981      0.15500246      0.48535824      0.66451292      0.01668657      2.46786317      0.09586283      2.13057299      0.78695642      2.36771848
    -44.80000000      0.48944381      0.15655121      0.48177180      0.66507016      0.01639462      2.46349993      0.09622063      2.12543023      0.78562194      2.36364683
    -44.70000000      0.49098593      0.15811154      0.47818873      0.66562747      0.01610708      2.45913099      0.09657811      2.12019735      0.78428924      2.35957927
    -44.60000000      0.49252614      0.15968348      0.47460941      0.66618485      0.01582390      2.45475652      0.09693525      2.11487534      0.78295836      2.35551586
    -44.50000000      0.49406441      0.16126704      0.47103423      0.66674230      0.01554502      2.45037665      0.09729202      2.10946520      0.78162928      2.35145668
    -44.40000000      0.49560071      0.16286224      0.46746355      0.66729982      0.01527040      2.44599153      0.09764839      2.10396795      0.78030204      2.34740181
    -44.30000000      0.49713501      0.16446909      0.46389774      0.66785741      0.01499998      2.44160131      0.09800435      2.09838465      0.77897665      2.34335131
    -44.20000000      0.49866728      0.16608761      0.46033718      0.66841506      0.01473371      2.43720614      0.09835987      2.09271635      0.77765311      2.33930526
    -44.10000000      0.50019750      0.16771781      0.45678223      0.66897278      0.01447155      2.43280617      0.09871492      2.08696416      0.77633143      2.33526372
    -44.00000000      0.50172564      0.16935970      0.45323326      0.66953056      0.01421344      2.42840153      0.09906948      2.08112917      0.77501164      2.33122677
    -43.90000000      0.50325166      0.17101330      0.44969063      0.67008841      0.01395934      2.42399237      0.09942352      2.07521250      0.77369374      2.32719448
    -43.80000000      0.50477554      0.17267860      0.44615471      0.67064631      0.01370920      2.41957885      0.09977701      2.06921531      0.77237774      2.32316692
    -43.70000000      0.50629725      0.17435562      0.44262583      0.67120428      0.01346297      2.41516109      0.10012994      2.06313874      0.77106367      2.31914415
    -43.60000000      0.50781677      0.17604436      0.43910437      0.67176230      0.01322059      2.41073925      0.10048227      2.05698397      0.76975152      2.31512626
    -43.50000000      0.50933406      0.17774482      0.43559066      0.67232037      0.01298203      2.40631347      0.10083398      2.05075219      0.76844131      2.31111330
    -43.40000000      0.51084911      0.17945702      0.43208506      0.67287850      0.01274723      2.40188390      0.10118503      2.04444460      0.76713305      2.30710535
    -43.30000000      0.51236188      0.18118095      0.42858791      0.67343668      0.01251615      2.39745066      0.10153542      2.03806243      0.76582676      2.30310248
    -43.20000000      0.51387235      0.18291661      0.42509955      0.67399492      0.01228875      2.39301392      0.10188510      2.03160692      0.76452245      2.29910475
    -43.10000000      0.51538049      0.18466399      0.42162031      0.67455320      0.01206496      2.38857379      0.10223406      2.02507930      0.76322012      2.29511223
    -43.00000000      0.51688627      0.18642311      0.41815053      0.67511153      0.01184476      2.38413044      0.10258226      2.01848084      0.76191979      2.29112499
    -42.90000000      0.51838968      0.18819394      0.41469052      0.67566991      0.01162809      2.37968399      0.10292968      2.01181281      0.76062147      2.28714309
    -42.80000000      0.51989068      0.18997649      0.41124063      0.67622833      0.01141490      2.37523458      0.10327629      2.00507649      0.75932518      2.28316661
    -42.70000000      0.52138925      0.19177075      0.40780116      0.67678680      0.01120516      2.37078235      0.10362207      1.99827319      0.75803092      2.27919560
    -42.60000000      0.52288537      0.19357670      0.40437244      0.67734530      0.01099881      2.36632745      0.10396698      1.99140420      0.75673870      2.27523014
    -42.50000000      0.52437901      0.19539435      0.40095476      0.67790385      0.01079581      2.36187000      0.10431100      1.98447083      0.75544854      2.27127029
    -42.40000000      0.52587014      0.19722367      0.39754844      0.67846244      0.01059613      2.35741015      0.10465411      1.97747442      0.75416044      2.26731611
    -42.30000000      0.52735875      0.19906465      0.39415378      0.67902106      0.01039971      2.35294802      0.10499627      1.97041630      0.75287442      2.26336767
    -42.20000000      0.52884481      0.20091727      0.39077108      0.67957972      0.01020650      2.34848376      0.10533745      1.96329780      0.75159049      2.25942504
    -42.10000000      0.53032829      0.20278152      0.38740063      0.68013841      0.01001648      2.34401750      0.10567764      1.95612027      0.75030866      2.25548827
    -42.00000000      0.53180918      0.20465739      0.38404270      0.68069714      0.00982959      2.33954937      0.10601680      1.94888506      0.74902894      2.25155743
    -41.90000000      0.53328744      0.20654484      0.38069760      0.68125590      0.00964580      2.33507950      0.10635490      1.94159353      0.74775134      2.24763259
    -41.80000000      0.53476306      0.20844386      0.37736558      0.68181468      0.00946505      2.33060803      0.10669191      1.93424705      0.74647587      2.24371380
    -41.70000000      0.53623602      0.21035442      0.37404694      0.68237350      0.00928732      2.32613509      0.10702782      1.92684698      0.74520254      2.23980113
    -41.60000000      0.53770629      0.21227650      0.37074192      0.68293234      0.00911255      2.32166081      0.10736258      1.91939470      0.74393136      2.23589465
    -41.50000000      0.53917385      0.21421007      0.36745079      0.68349120      0.00894071      2.31718532      0.10769618      1.91189158      0.74266234      2.23199440
    -41.40000000      0.54063869      0.21615510      0.36417382      0.68405009      0.00877176      2.31270874      0.10802857      1.90433900      0.74139550      2.22810045
    -41.30000000      0.54210077      0.21811155      0.36091124      0.68460900      0.00860566      2.30823121      0.10835974      1.89673834      0.74013083      2.22421287
    -41.20000000      0.54356007      0.22007941      0.35766331      0.68516793      0.00844236      2.30375285      0.10868966      1.88909097      0.73886836      2.22033171
    -41.10000000      0.54501659      0.22205863      0.35443025      0.68572687      0.00828183      2.29927380      0.10901830      1.88139829      0.73760809      2.21645703
    -41.00000000      0.54647029      0.22404917      0.35121232      0.68628584      0.00812402      2.29479417      0.10934562      1.87366168      0.73635003      2.21258889
    -40.90000000      0.54792116      0.22605101      0.34800973      0.68684482      0.00796891      2.29031410      0.10967161      1.86588251      0.73509420      2.20872736
    -40.80000000      0.54936917      0.22806409      0.34482271      0.68740381      0.00781645      2.28583370      0.10999623      1.85806217      0.73384059      2.20487247
    -40.70000000      0.55081431      0.23008838      0.34165148      0.68796281      0.00766660      2.28135310      0.11031946      1.85020203      0.73258922      2.20102431
    -40.60000000      0.55225656      0.23212384      0.33849624      0.68852182      0.00751933      2.27687243      0.11064126      1.84230349      0.73134010      2.19718291
    -40.50000000      0.55369590      0.23417042      0.33535721      0.68908085      0.00737460      2.27239180      0.11096160      1.83436790      0.73009325      2.19334835
    -40.40000000      0.55513231      0.23622807      0.33223458      0.68963988      0.00723237      2.26791134      0.11128047      1.82639664      0.72884865      2.18952067
    -40.30000000      0.55656577      0.23829675      0.32912855      0.69019891      0.00709260      2.26343117      0.11159783      1.81839108      0.72760634      2.18569993
    -40.20000000      0.55799626      0.24037639      0.32603930      0.69075795      0.00695527      2.25895141      0.11191365      1.81035259      0.72636631      2.18188619
    -40.10000000      0.55942376      0.24246697      0.32296703      0.69131699      0.00682032      2.25447217      0.11222791      1.80228251      0.72512858      2.17807950
    -40.00000000      0.56084827      0.24456841      0.31991190      0.69187603      0.00668774      2.24999358      0.11254057      1.79418221      0.72389315      2.17427992
    -39.90000000      0.56226975      0.24668066      0.31687409      0.69243506      0.00655748      2.24551575      0.11285161      1.78605304      0.72266004      2.17048749
    -39.80000000      0.56368820      0.24880367      0.31385376      0.69299410      0.00642951      2.24103880      0.11316100      1.77789633      0.72142924      2.16670228
    -39.70000000      0.56510359      0.25093737      0.31085107      0.69355313      0.00630380      2.23656284      0.11346872      1.76971342      0.72020078      2.16292433
    -39.60000000      0.56651591      0.25308171      0.30786619      0.69411215      0.00618031      2.23208799      0.11377472      1.76150563      0.71897466      2.15915370
    -39.50000000      0.56792515      0.25523661      0.30489924      0.69467117      0.00605900      2.22761437      0.11407899      1.75327429      0.71775088      2.15539045
    -39.40000000      0.56933128      0.25740203      0.30195039      0.69523018      0.00593985      2.22314208      0.11438150      1.74502072      0.71652946      2.15163461
    -39.30000000      0.57073429      0.25957788      0.29901976      0.69578917      0.00582282      2.21867124      0.11468222      1.73674620      0.71531040      2.14788625
    -39.20000000      0.57213417      0.26176410      0.29610749      0.69634815      0.00570788      2.21420196      0.11498113      1.72845204      0.71409371      2.14414541
    -39.10000000      0.57353090      0.26396062      0.29321371      0.69690712      0.00559500      2.20973434      0.11527818      1.72013952      0.71287941      2.14041214
    -39.00000000      0.57492446      0.26616738      0.29033852      0.69746607      0.00548415      2.20526851      0.11557337      1.71180992      0.71166749      2.13668649
    -38.90000000      0.57631484      0.26838428      0.28748205      0.69802500      0.00537528      2.20080457      0.11586665      1.70346450      0.71045797      2.13296852
    -38.80000000      0.57770203      0.27061126      0.28464441      0.69858392      0.00526839      2.19634262      0.11615801      1.69510452      0.70925085      2.12925827
    -38.70000000      0.57908601      0.27284825      0.28182569      0.69914281      0.00516342      2.19188277      0.11644741      1.68673122      0.70804614      2.12555578
    -38.60000000      0.58046677      0.27509515      0.27902601      0.69970168      0.00506036      2.18742513      0.11673483      1.67834583      0.70684385      2.12186111
    -38.50000000      0.58184429      0.27735189      0.27624544      0.70026052      0.00495918      2.18296981      0.11702025      1.66994958      0.70564399      2.11817431
    -38.40000000      0.58321856      0.27961839      0.27348408      0.70081934      0.00485984      2.17851691      0.11730362      1.66154367      0.70444656      2.11449541
    -38.30000000      0.58458957      0.28189456      0.27074200      0.70137813      0.00476231      2.17406652      0.11758494      1.65312931      0.70325157      2.11082447
    -38.20000000      0.58595731      0.28418032      0.26801929      0.70193688      0.00466657      2.16961876      0.11786417      1.64470766      0.70205903      2.10716153
    -38.10000000      0.58732175      0.28647557      0.26531602      0.70249561      0.00457258      2.16517373      0.11814129      1.63627992      0.70086895      2.10350663
    -38.00000000      0.58868290      0.28878023      0.26263224      0.70305431      0.00448033      2.16073153      0.11841626      1.62784723      0.69968133      2.09985982
    -37.90000000      0.59004073      0.29109421      0.25996803      0.70361296      0.00438977      2.15629225      0.11868907      1.61941075      0.69849618      2.09622115
    -37.80000000      0.59139523      0.29341740      0.25732343      0.70417158      0.00430090      2.15185600      0.11895969      1.61097160      0.69731351      2.09259065
    -37.70000000      0.59274640      0.29574972      0.25469850      0.70473017      0.00421367      2.14742287      0.11922809      1.60253090      0.69613331      2.08896838
    -37.60000000      0.59409422      0.29809107      0.25209329      0.70528871      0.00412806      2.14299296      0.11949425      1.59408976      0.69495561      2.08535436
    -37.50000000      0.59543869      0.30044135      0.24950782      0.70584721      0.00404404      2.13856637      0.11975814      1.58564927      0.69378041      2.08174865
    -37.40000000      0.59677978      0.30280046      0.24694215      0.70640567      0.00396159      2.13414319      0.12001974      1.57721050      0.69260771      2.07815129
    -37.30000000      0.59811749      0.30516830      0.24439629      0.70696408      0.00388069      2.12972352      0.12027902      1.56877452      0.69143752      2.07456232
    -37.20000000      0.59945181      0.30754476      0.24187029      0.70752244      0.00380130      2.12530745      0.12053597      1.56034237      0.69026985      2.07098177
    -37.10000000      0.60078272      0.30992974      0.23936415      0.70808076      0.00372341      2.12089507      0.12079054      1.55191508      0.68910469      2.06740968
    -37.00000000      0.60211023      0.31232313      0.23687789      0.70863902      0.00364698      2.11648648      0.12104273      1.54349368      0.68794207      2.06384611
    -36.90000000      0.60343431      0.31472482      0.23441153      0.70919723      0.00357200      2.11208176      0.12129251      1.53507916      0.68678198      2.06029107
    -36.80000000      0.60475496      0.31713471      0.23196508      0.70975539      0.00349844      2.10768101      0.12153985      1.52667250      0.68562443      2.05674463
    -36.70000000      0.60607218      0.31955267      0.22953854      0.71031349      0.00342627      2.10328431      0.12178473      1.51827469      0.68446943      2.05320680
    -36.60000000      0.60738594      0.32197860      0.22713190      0.71087153      0.00335547      2.09889176      0.12202713      1.50988667      0.68331698      2.04967763
    -36.50000000      0.60869624      0.32441239      0.22474517      0.71142952      0.00328602      2.09450344      0.12226703      1.50150938      0.68216709      2.04615715
    -36.40000000      0.61000308      0.32685391      0.22237833      0.71198744      0.00321790      2.09011943      0.12250440      1.49314376      0.68101976      2.04264541
    -36.30000000      0.61130645      0.32930305      0.22003137      0.71254530      0.00315109      2.08573983      0.12273922      1.48479070      0.67987500      2.03914243
    -36.20000000      0.61260633      0.33175969      0.21770428      0.71310309      0.00308555      2.08136471      0.12297148      1.47645110      0.67873282      2.03564826
    -36.10000000      0.61390272      0.33422371      0.21539703      0.71366082      0.00302128      2.07699416      0.12320114      1.46812584      0.67759322      2.03216292
    -36.00000000      0.61519561      0.33669499      0.21310959      0.71421848      0.00295824      2.07262827      0.12342819      1.45981578      0.67645620      2.02868645
    -35.90000000      0.61648500      0.33917339      0.21084195      0.71477607      0.00289642      2.06826711      0.12365260      1.45152176      0.67532177      2.02521889
    -35.80000000      0.61777087      0.34165881      0.20859406      0.71533358      0.00283580      2.06391077      0.12387437      1.44324461      0.67418994      2.02176026
    -35.70000000      0.61905323      0.34415110      0.20636590      0.71589103      0.00277635      2.05955932      0.12409346      1.43498514      0.67306071      2.01831060
    -35.60000000      0.62033205      0.34665015      0.20415742      0.71644839      0.00271806      2.05521285      0.12430986      1.42674415      0.67193409      2.01486995
    -35.50000000      0.62160735      0.34915582      0.20196857      0.71700568      0.00266090      2.05087143      0.12452355      1.41852243      0.67081007      2.01143833
    -35.40000000      0.62287910      0.35166799      0.19979932      0.71756289      0.00260486      2.04653515      0.12473450      1.41032073      0.66968867      2.00801577
    -35.30000000      0.62414731      0.35418652      0.19764961      0.71812002      0.00254991      2.04220407      0.12494271      1.40213981      0.66856990      2.00460231
    -35.20000000      0.62541197      0.35671129      0.19551939      0.71867707      0.00249604      2.03787827      0.12514815      1.39398039      0.66745374      2.00119797
    -35.10000000      0.62667308      0.35924214      0.19340860      0.71923403      0.00244323      2.03355783      0.12535080      1.38584320      0.66634022      1.99780279
    -35.00000000      0.62793062      0.36177896      0.19131719      0.71979091      0.00239146      2.02924282      0.12555065      1.37772893      0.66522933      1.99441679
    -34.90000000      0.62918459      0.36432161      0.18924510      0.72034769      0.00234071      2.02493332      0.12574768      1.36963828      0.66412107      1.99104000
    -34.80000000      0.63043499      0.36686994      0.18719225      0.72090439      0.00229096      2.02062939      0.12594187      1.36157190      0.66301546      1.98767245
    -34.70000000      0.63168181      0.36942382      0.18515858      0.72146100      0.00224219      2.01633112      0.12613321      1.35353047      0.66191250      1.98431417
    -34.60000000      0.63292505      0.37198312      0.18314402      0.72201751      0.00219440      2.01203855      0.12632167      1.34551460      0.66081218      1.98096518
    -34.50000000      0.63416471      0.37454768      0.18114850      0.72257392      0.00214755      2.00775178      0.12650726      1.33752493      0.65971452      1.97762552
    -34.40000000      0.63540078      0.37711737      0.17917194      0.72313024      0.00210163      2.00347086      0.12668994      1.32956206      0.65861952      1.97429520
    -34.30000000      0.63663325      0.37969205      0.17721427      0.72368646      0.00205664      1.99919587      0.12686971      1.32162659      0.65752718      1.97097425
    -34.20000000      0.63786212      0.38227157      0.17527539      0.72424258      0.00201254      1.99492687      0.12704654      1.31371909      0.65643751      1.96766270
    -34.10000000      0.63908740      0.38485579      0.17335524      0.72479859      0.00196932      1.99066392      0.12722044      1.30584012      0.65535051      1.96436057
    -34.00000000      0.64030906      0.38744456      0.17145372      0.72535450      0.00192697      1.98640710      0.12739137      1.29799022      0.65426618      1.96106788
    -33.90000000      0.64152712      0.39003774      0.16957075      0.72591031      0.00188548      1.98215646      0.12755934      1.29016994      0.65318452      1.95778466
    -33.80000000      0.64274157      0.39263518      0.16770624      0.72646600      0.00184482      1.97791207      0.12772432      1.28237979      0.65210555      1.95451094
    -33.70000000      0.64395241      0.39523674      0.16586009      0.72702159      0.00180498      1.97367400      0.12788631      1.27462026      0.65102926      1.95124672
    -33.60000000      0.64515963      0.39784226      0.16403222      0.72757706      0.00176594      1.96944229      0.12804529      1.26689185      0.64995565      1.94799205
    -33.50000000      0.64636323      0.40045160      0.16222252      0.72813242      0.00172770      1.96521703      0.12820125      1.25919503      0.64888474      1.94474693
    -33.40000000      0.64756321      0.40306460      0.16043090      0.72868766      0.00169023      1.96099825      0.12835418      1.25153025      0.64781652      1.94151138
    -33.30000000      0.64875957      0.40568113      0.15865726      0.72924279      0.00165353      1.95678603      0.12850407      1.24389797      0.64675099      1.93828544
    -33.20000000      0.64995230      0.40830102      0.15690150      0.72979779      0.00161757      1.95258043      0.12865091      1.23629860      0.64568817      1.93506911
    -33.10000000      0.65114141      0.41092413      0.15516352      0.73035268      0.00158235      1.94838149      0.12879469      1.22873258      0.64462804      1.93186242
    -33.00000000      0.65232689      0.41355030      0.15344321      0.73090744      0.00154784      1.94418928      0.12893540      1.22120029      0.64357062      1.92866538
    -32.90000000      0.65350874      0.41617938      0.15174047      0.73146208      0.00151405      1.94000385      0.12907303      1.21370213      0.64251591      1.92547802
    -32.80000000      0.65468697      0.41881123      0.15005519      0.73201658      0.00148095      1.93582526      0.12920757      1.20623848      0.64146391      1.92230036
    -32.70000000      0.65586156      0.42144568      0.14838726      0.73257096      0.00144852      1.93165356      0.12933902      1.19880969      0.64041462      1.91913240
    -32.60000000      0.65703252      0.42408258      0.14673657      0.73312521      0.00141677      1.92748881      0.12946737      1.19141612      0.63936804      1.91597417
    -32.50000000      0.65819984      0.42672179      0.14510301      0.73367933      0.00138567      1.92333106      0.12959260      1.18405809      0.63832418      1.91282568
    -32.40000000      0.65936354      0.42936313      0.14348647      0.73423331      0.00135521      1.91918035      0.12971473      1.17673594      0.63728304      1.90968695
    -32.30000000      0.66052360      0.43200647      0.14188684      0.73478716      0.00132539      1.91503675      0.12983372      1.16944998      0.63624462      1.90655800
    -32.20000000      0.66168003      0.43465165      0.14030400      0.73534087      0.00129618      1.91090029      0.12994960      1.16220050      0.63520892      1.90343884
    -32.10000000      0.66283282      0.43729851      0.13873784      0.73589443      0.00126758      1.90677104      0.13006234      1.15498778      0.63417596      1.90032948
    -32.00000000      0.66398199      0.43994690      0.13718823      0.73644786      0.00123957      1.90264903      0.13017194      1.14781211      0.63314571      1.89722994
    -31.90000000      0.66512752      0.44259666      0.13565507      0.73700114      0.00121215      1.89853433      0.13027840      1.14067374      0.63211820      1.89414023
    -31.80000000      0.66626942      0.44524764      0.13413823      0.73755427      0.00118530      1.89442696      0.13038171      1.13357293      0.63109342      1.89106037
    -31.70000000      0.66740769      0.44789968      0.13263760      0.73810726      0.00115901      1.89032699      0.13048188      1.12650990      0.63007137      1.88799036
    -31.60000000      0.66854233      0.45055263      0.13115305      0.73866010      0.00113327      1.88623445      0.13057889      1.11948490      0.62905206      1.88493023
    -31.50000000      0.66967334      0.45320634      0.12968447      0.73921278      0.00110808      1.88214940      0.13067275      1.11249812      0.62803548      1.88187997
    -31.40000000      0.67080072      0.45586064      0.12823174      0.73976532      0.00108341      1.87807186      0.13076345      1.10554979      0.62702164      1.87883961
    -31.30000000      0.67192448      0.45851539      0.12679472      0.74031769      0.00105926      1.87400190      0.13085099      1.09864008      0.62601054      1.87580916
    -31.20000000      0.67304461      0.46117042      0.12537331      0.74086991      0.00103562      1.86993955      0.13093538      1.09176919      0.62500218      1.87278862
    -31.10000000      0.67416112      0.46382559      0.12396738      0.74142197      0.00101248      1.86588485      0.13101660      1.08493728      0.62399656      1.86977800
    -31.00000000      0.67527401      0.46648074      0.12257681      0.74197387      0.00098983      1.86183784      0.13109467      1.07814452      0.62299368      1.86677732
    -30.90000000      0.67638328      0.46913572      0.12120147      0.74252561      0.00096766      1.85779856      0.13116958      1.07139106      0.62199355      1.86378658
    -30.80000000      0.67748894      0.47179037      0.11984123      0.74307718      0.00094596      1.85376706      0.13124133      1.06467704      0.62099617      1.86080579
    -30.70000000      0.67859097      0.47444454      0.11849599      0.74362858      0.00092472      1.84974337      0.13130992      1.05800259      0.62000153      1.85783496
    -30.60000000      0.67968940      0.47709808      0.11716560      0.74417982      0.00090394      1.84572753      0.13137535      1.05136783      0.61900963      1.85487410
    -30.50000000      0.68078422      0.47975083      0.11584995      0.74473088      0.00088360      1.84171958      0.13143763      1.04477288      0.61802049      1.85192322
    -30.40000000      0.68187542      0.48240264      0.11454891      0.74528178      0.00086369      1.83771955      0.13149676      1.03821784      0.61703409      1.84898231
    -30.30000000      0.68296303      0.48505337      0.11326237      0.74583249      0.00084420      1.83372749      0.13155274      1.03170280      0.61605044      1.84605140
    -30.20000000      0.68404703      0.48770285      0.11199018      0.74638304      0.00082514      1.82974341      0.13160558      1.02522784      0.61506955      1.84313048
    -30.10000000      0.68512744      0.49035094      0.11073223      0.74693340      0.00080648      1.82576737      0.13165527      1.01879305      0.61409140      1.84021955
    -30.00000000      0.68620425      0.49299749      0.10948840      0.74748358      0.00078823      1.82179939      0.13170183      1.01239849      0.61311600      1.83731864
    -29.90000000      0.68727746      0.49564235      0.10825855      0.74803358      0.00077037      1.81783951      0.13174526      1.00604422      0.61214336      1.83442773
    -29.80000000      0.68834709      0.49828537      0.10704256      0.74858340      0.00075289      1.81388775      0.13178556      0.99973028      0.61117347      1.83154683
    -29.70000000      0.68941314      0.50092641      0.10584032      0.74913303      0.00073579      1.80994416      0.13182274      0.99345673      0.61020633      1.82867595
    -29.60000000      0.69047560      0.50356531      0.10465169      0.74968247      0.00071906      1.80600876      0.13185680      0.98722360      0.60924194      1.82581510
    -29.50000000      0.69153449      0.50620192      0.10347655      0.75023172      0.00070269      1.80208158      0.13188776      0.98103091      0.60828030      1.82296427
    -29.40000000      0.69258980      0.50883611      0.10231477      0.75078078      0.00068668      1.79816265      0.13191561      0.97487868      0.60732142      1.82012346
    -29.30000000      0.69364154      0.51146773      0.10116624      0.75132964      0.00067101      1.79425201      0.13194037      0.96876693      0.60636529      1.81729268
    -29.20000000      0.69468972      0.51409663      0.10003082      0.75187831      0.00065569      1.79034967      0.13196205      0.96269566      0.60541191      1.81447194
    -29.10000000      0.69573434      0.51672267      0.09890840      0.75242678      0.00064069      1.78645568      0.13198064      0.95666486      0.60446128      1.81166122
    -29.00000000      0.69677540      0.51934571      0.09779885      0.75297506      0.00062603      1.78257004      0.13199616      0.95067453      0.60351341      1.80886054
    -28.90000000      0.69781291      0.52196560      0.09670204      0.75352313      0.00061169      1.77869280      0.13200863      0.94472464      0.60256828      1.80606989
    -28.80000000      0.69884687      0.52458221      0.09561786      0.75407099      0.00059766      1.77482397      0.13201804      0.93881519      0.60162591      1.80328928
    -28.70000000      0.69987729      0.52719539      0.09454619      0.75461865      0.00058393      1.77096359      0.13202441      0.93294613      0.60068629      1.80051870
    -28.60000000      0.70090417      0.52980500      0.09348689      0.75516611      0.00057051      1.76711168      0.13202774      0.92711743      0.59974942      1.79775815
    -28.50000000      0.70192752      0.53241092      0.09243986      0.75571335      0.00055738      1.76326825      0.13202806      0.92132905      0.59881530      1.79500763
    -28.40000000      0.70294734      0.53501299      0.09140497      0.75626038      0.00054454      1.75943334      0.13202536      0.91558094      0.59788393      1.79226715
    -28.30000000      0.70396364      0.53761110      0.09038209      0.75680720      0.00053199      1.75560697      0.13201967      0.90987304      0.59695530      1.78953669
    -28.20000000      0.70497643      0.54020509      0.08937111      0.75735380      0.00051971      1.75178915      0.13201098      0.90420531      0.59602943      1.78681626
    -28.10000000      0.70598570      0.54279484      0.08837191      0.75790019      0.00050770      1.74797992      0.13199932      0.89857766      0.59510630      1.78410586
    -28.00000000      0.70699146      0.54538022      0.08738437      0.75844635      0.00049596      1.74417929      0.13198470      0.89299003      0.59418592      1.78140548
    -27.90000000      0.70799373      0.54796109      0.08640837      0.75899230      0.00048447      1.74038728      0.13196713      0.88744234      0.59326828      1.77871511
    -27.80000000      0.70899250      0.55053732      0.08544380      0.75953802      0.00047325      1.73660391      0.13194661      0.88193452      0.59235339      1.77603477
    -27.70000000      0.70998778      0.55310879      0.08449053      0.76008352      0.00046227      1.73282920      0.13192318      0.87646647      0.59144124      1.77336443
    -27.60000000      0.71097957      0.55567537      0.08354845      0.76062879      0.00045153      1.72906317      0.13189683      0.87103811      0.59053184      1.77070410
    -27.50000000      0.71196789      0.55823693      0.08261745      0.76117383      0.00044104      1.72530584      0.13186758      0.86564933      0.58962517      1.76805377
    -27.40000000      0.71295274      0.56079335      0.08169741      0.76171864      0.00043077      1.72155723      0.13183546      0.86030005      0.58872125      1.76541344
    -27.30000000      0.71393412      0.56334450      0.08078820      0.76226321      0.00042074      1.71781734      0.13180046      0.85499014      0.58782006      1.76278310
    -27.20000000      0.71491205      0.56589026      0.07988973      0.76280755      0.00041093      1.71408621      0.13176261      0.84971951      0.58692161      1.76016274
    -27.10000000      0.71588652      0.56843052      0.07900188      0.76335165      0.00040134      1.71036384      0.13172193      0.84448803      0.58602589      1.75755237
    -27.00000000      0.71685754      0.57096514      0.07812452      0.76389552      0.00039197      1.70665025      0.13167842      0.83929560      0.58513291      1.75495197
    -26.90000000      0.71782513      0.57349402      0.07725756      0.76443914      0.00038280      1.70294545      0.13163211      0.83414208      0.58424267      1.75236154
    -26.80000000      0.71878928      0.57601703      0.07640088      0.76498252      0.00037384      1.69924946      0.13158300      0.82902736      0.58335515      1.74978106
    -26.70000000      0.71975000      0.57853406      0.07555436      0.76552566      0.00036508      1.69556230      0.13153113      0.82395130      0.58247036      1.74721054
    -26.60000000      0.72070731      0.58104500      0.07471791      0.76606855      0.00035652      1.69188397      0.13147650      0.81891378      0.58158831      1.74464997
    -26.50000000      0.72166120      0.58354973      0.07389141      0.76661119      0.00034816      1.68821448      0.13141912      0.81391464      0.58070897      1.74209933
    -26.40000000      0.72261169      0.58604814      0.07307474      0.76715357      0.00033998      1.68455386      0.13135903      0.80895377      0.57983237      1.73955862
    -26.30000000      0.72355877      0.58854013      0.07226781      0.76769571      0.00033198      1.68090211      0.13129623      0.80403100      0.57895848      1.73702782
    -26.20000000      0.72450246      0.59102558      0.07147051      0.76823759      0.00032417      1.67725924      0.13123075      0.79914620      0.57808731      1.73450694
    -26.10000000      0.72544277      0.59350438      0.07068273      0.76877921      0.00031653      1.67362527      0.13116259      0.79429921      0.57721887      1.73199596
    -26.00000000      0.72637970      0.59597645      0.06990436      0.76932058      0.00030907      1.67000020      0.13109179      0.78948988      0.57635314      1.72949488
    -25.90000000      0.72731326      0.59844166      0.06913531      0.76986168      0.00030178      1.66638404      0.13101835      0.78471806      0.57549012      1.72700367
    -25.80000000      0.72824346      0.60089991      0.06837545      0.77040252      0.00029465      1.66277680      0.13094230      0.77998359      0.57462982      1.72452234
    -25.70000000      0.72917030      0.60335111      0.06762471      0.77094310      0.00028768      1.65917850      0.13086366      0.77528631      0.57377223      1.72205087
    -25.60000000      0.73009379      0.60579517      0.06688296      0.77148341      0.00028088      1.65558913      0.13078245      0.77062605      0.57291734      1.71958924
    -25.50000000      0.73101394      0.60823196      0.06615012      0.77202345      0.00027422      1.65200871      0.13069868      0.76600266      0.57206516      1.71713746
    -25.40000000      0.73193075      0.61066142      0.06542607      0.77256322      0.00026772      1.64843724      0.13061237      0.76141595      0.57121568      1.71469550
    -25.30000000      0.73284424      0.61308343      0.06471072      0.77310271      0.00026137      1.64487474      0.13052355      0.75686577      0.57036891      1.71226337
    -25.20000000      0.73375441      0.61549791      0.06400398      0.77364194      0.00025517      1.64132120      0.13043223      0.75235193      0.56952483      1.70984103
    -25.10000000      0.73466127      0.61790477      0.06330573      0.77418088      0.00024910      1.63777663      0.13033844      0.74787427      0.56868345      1.70742849
    -25.00000000      0.73556483      0.62030391      0.06261589      0.77471955      0.00024318      1.63424105      0.13024219      0.74343260      0.56784476      1.70502572
    -24.90000000      0.73646509      0.62269525      0.06193436      0.77525793      0.00023739      1.63071444      0.13014351      0.73902676      0.56700876      1.70263272
    -24.80000000      0.73736206      0.62507870      0.06126104      0.77579604      0.00023173      1.62719683      0.13004242      0.73465655      0.56617545      1.70024948
    -24.70000000      0.73825576      0.62745417      0.06059584      0.77633385      0.00022621      1.62368821      0.12993894      0.73032180      0.56534483      1.69787597
    -24.60000000      0.73914618      0.62982160      0.05993866      0.77687139      0.00022081      1.62018858      0.12983308      0.72602232      0.56451689      1.69551219
    -24.50000000      0.74003334      0.63218088      0.05928942      0.77740863      0.00021553      1.61669795      0.12972488      0.72175792      0.56369162      1.69315812
    -24.40000000      0.74091725      0.63453194      0.05864801      0.77794558      0.00021038      1.61321632      0.12961434      0.71752843      0.56286904      1.69081376
    -24.30000000      0.74179790      0.63687471      0.05801434      0.77848224      0.00020535      1.60974370      0.12950150      0.71333365      0.56204913      1.68847907
    -24.20000000      0.74267532      0.63920911      0.05738834      0.77901861      0.00020043      1.60628008      0.12938638      0.70917340      0.56123189      1.68615405
    -24.10000000      0.74354951      0.64153505      0.05676990      0.77955467      0.00019563      1.60282547      0.12926899      0.70504748      0.56041732      1.68383869
    -24.00000000      0.74442048      0.64385248      0.05615893      0.78009044      0.00019094      1.59937987      0.12914936      0.70095569      0.55960541      1.68153297
    -23.90000000      0.74528823      0.64616131      0.05555535      0.78062591      0.00018635      1.59594329      0.12902752      0.69689785      0.55879616      1.67923686
    -23.80000000      0.74615278      0.64846148      0.05495908      0.78116108      0.00018188      1.59251571      0.12890347      0.69287377      0.55798958      1.67695037
    -23.70000000      0.74701413      0.65075292      0.05437002      0.78169594      0.00017750      1.58909714      0.12877726      0.68888324      0.55718565      1.67467347
    -23.60000000      0.74787229      0.65303556      0.05378808      0.78223049      0.00017323      1.58568758      0.12864889      0.68492608      0.55638437      1.67240614
    -23.50000000      0.74872727      0.65530933      0.05321319      0.78276474      0.00016906      1.58228703      0.12851839      0.68100208      0.55558574      1.67014837
    -23.40000000      0.74957908      0.65757417      0.05264527      0.78329867      0.00016499      1.57889549      0.12838578      0.67711104      0.55478976      1.66790015
    -23.30000000      0.75042773      0.65983003      0.05208421      0.78383230      0.00016101      1.57551296      0.12825109      0.67325277      0.55399642      1.66566145
    -23.20000000      0.75127322      0.66207683      0.05152995      0.78436561      0.00015712      1.57213943      0.12811434      0.66942708      0.55320572      1.66343226
    -23.10000000      0.75211557      0.66431452      0.05098241      0.78489860      0.00015333      1.56877491      0.12797555      0.66563375      0.55241766      1.66121256
    -23.00000000      0.75295478      0.66654305      0.05044149      0.78543127      0.00014962      1.56541939      0.12783474      0.66187258      0.55163222      1.65900233
    -22.90000000      0.75379086      0.66876235      0.04990713      0.78596362      0.00014600      1.56207286      0.12769194      0.65814339      0.55084942      1.65680156
    -22.80000000      0.75462383      0.67097238      0.04937924      0.78649565      0.00014247      1.55873533      0.12754717      0.65444596      0.55006924      1.65461023
    -22.70000000      0.75545368      0.67317307      0.04885774      0.78702736      0.00013902      1.55540679      0.12740046      0.65078009      0.54929168      1.65242831
    -22.60000000      0.75628043      0.67536439      0.04834256      0.78755874      0.00013565      1.55208724      0.12725182      0.64714559      0.54851674      1.65025580
    -22.50000000      0.75710409      0.67754627      0.04783362      0.78808979      0.00013236      1.54877667      0.12710128      0.64354224      0.54774442      1.64809267
    -22.40000000      0.75792466      0.67971868      0.04733084      0.78862050      0.00012914      1.54547508      0.12694886      0.63996985      0.54697471      1.64593891
    -22.30000000      0.75874216      0.68188156      0.04683415      0.78915089      0.00012601      1.54218246      0.12679459      0.63642822      0.54620760      1.64379448
    -22.20000000      0.75955660      0.68403487      0.04634348      0.78968094      0.00012294      1.53889882      0.12663848      0.63291713      0.54544309      1.64165939
    -22.10000000      0.76036797      0.68617857      0.04585874      0.79021066      0.00011995      1.53562413      0.12648057      0.62943639      0.54468119      1.63953360
    -22.00000000      0.76117630      0.68831261      0.04537987      0.79074004      0.00011703      1.53235840      0.12632087      0.62598579      0.54392188      1.63741710
    -21.90000000      0.76198159      0.69043696      0.04490680      0.79126907      0.00011418      1.52910163      0.12615942      0.62256513      0.54316516      1.63530986
    -21.80000000      0.76278385      0.69255158      0.04443946      0.79179777      0.00011140      1.52585380      0.12599622      0.61917421      0.54241103      1.63321187
    -21.70000000      0.76358309      0.69465643      0.04397776      0.79232612      0.00010868      1.52261490      0.12583131      0.61581282      0.54165948      1.63112311
    -21.60000000      0.76437932      0.69675147      0.04352165      0.79285412      0.00010602      1.51938494      0.12566470      0.61248076      0.54091052      1.62904355
    -21.50000000      0.76517254      0.69883667      0.04307106      0.79338178      0.00010343      1.51616390      0.12549643      0.60917783      0.54016413      1.62697318
    -21.40000000      0.76596277      0.70091200      0.04262591      0.79390908      0.00010091      1.51295178      0.12532651      0.60590382      0.53942030      1.62491197
    -21.30000000      0.76675002      0.70297742      0.04218614      0.79443603      0.00009844      1.50974857      0.12515497      0.60265853      0.53867905      1.62285991
    -21.20000000      0.76753429      0.70503291      0.04175169      0.79496263      0.00009603      1.50655426      0.12498183      0.59944176      0.53794036      1.62081698
    -21.10000000      0.76831560      0.70707843      0.04132248      0.79548887      0.00009367      1.50336884      0.12480711      0.59625330      0.53720423      1.61878314
    -21.00000000      0.76909395      0.70911397      0.04089845      0.79601475      0.00009138      1.50019230      0.12463084      0.59309295      0.53647065      1.61675838
    -20.90000000      0.76986935      0.71113949      0.04047954      0.79654028      0.00008914      1.49702464      0.12445304      0.58996052      0.53573962      1.61474269
    -20.80000000      0.77064182      0.71315497      0.04006568      0.79706544      0.00008695      1.49386584      0.12427374      0.58685580      0.53501114      1.61273603
    -20.70000000      0.77141135      0.71516039      0.03965681      0.79759023      0.00008481      1.49071590      0.12409294      0.58377858      0.53428521      1.61073839
    -20.60000000      0.77217797      0.71715572      0.03925287      0.79811466      0.00008273      1.48757480      0.12391069      0.58072868      0.53356180      1.60874974
    -20.50000000      0.77294167      0.71914095      0.03885380      0.79863872      0.00008069      1.48444254      0.12372700      0.57770588      0.53284094      1.60677006
    -20.40000000      0.77370248      0.72111606      0.03845953      0.79916241      0.00007871      1.48131911      0.12354189      0.57470999      0.53212260      1.60479933
    -20.30000000      0.77446039      0.72308102      0.03807001      0.79968573      0.00007677      1.47820449      0.12335539      0.57174081      0.53140678      1.60283753
    -20.20000000      0.77521542      0.72503584      0.03768517      0.80020868      0.00007488      1.47509868      0.12316752      0.56879814      0.53069348      1.60088463
    -20.10000000      0.77596758      0.72698048      0.03730496      0.80073124      0.00007303      1.47200166      0.12297830      0.56588179      0.52998270      1.59894061
    -20.00000000      0.77671688      0.72891493      0.03692931      0.80125343      0.00007123      1.46891343      0.12278775      0.56299155      0.52927443      1.59700545
    -19.90000000      0.77746332      0.73083919      0.03655818      0.80177525      0.00006947      1.46583396      0.12259590      0.56012722      0.52856867      1.59507913
    -19.80000000      0.77820691      0.73275324      0.03619150      0.80229667      0.00006775      1.46276326      0.12240277      0.55728862      0.52786540      1.59316162
    -19.70000000      0.77894767      0.73465708      0.03582922      0.80281772      0.00006608      1.45970130      0.12220838      0.55447555      0.52716464      1.59125290
    -19.60000000      0.77968561      0.73655068      0.03547128      0.80333837      0.00006444      1.45664808      0.12201275      0.55168781      0.52646636      1.58935294
    -19.50000000      0.78042073      0.73843406      0.03511763      0.80385864      0.00006285      1.45360358      0.12181591      0.54892520      0.52577058      1.58746173
    -19.40000000      0.78115304      0.74030720      0.03476821      0.80437852      0.00006129      1.45056780      0.12161788      0.54618753      0.52507727      1.58557924
    -19.30000000      0.78188255      0.74217009      0.03442297      0.80489801      0.00005977      1.44754071      0.12141867      0.54347462      0.52438645      1.58370544
    -19.20000000      0.78260928      0.74402273      0.03408186      0.80541711      0.00005829      1.44452231      0.12121832      0.54078627      0.52369809      1.58184031
    -19.10000000      0.78333322      0.74586513      0.03374482      0.80593581      0.00005685      1.44151258      0.12101684      0.53812228      0.52301221      1.57998383
    -19.00000000      0.78405440      0.74769727      0.03341180      0.80645411      0.00005543      1.43851151      0.12081425      0.53548246      0.52232879      1.57813597
    -18.90000000      0.78477282      0.74951916      0.03308276      0.80697201      0.00005406      1.43551908      0.12061058      0.53286664      0.52164782      1.57629671
    -18.80000000      0.78548848      0.75133081      0.03275763      0.80748951      0.00005271      1.43253529      0.12040584      0.53027461      0.52096932      1.57446603
    -18.70000000      0.78620141      0.75313220      0.03243638      0.80800660      0.00005140      1.42956012      0.12020006      0.52770619      0.52029326      1.57264389
    -18.60000000      0.78691160      0.75492334      0.03211895      0.80852329      0.00005012      1.42659355      0.11999326      0.52516119      0.51961964      1.57083028
    -18.50000000      0.78761907      0.75670425      0.03180530      0.80903957      0.00004888      1.42363557      0.11978547      0.52263942      0.51894846      1.56902517
    -18.40000000      0.78832383      0.75847492      0.03149537      0.80955545      0.00004766      1.42068616      0.11957669      0.52014071      0.51827972      1.56722854
    -18.30000000      0.78902589      0.76023536      0.03118911      0.81007091      0.00004647      1.41774532      0.11936695      0.51766486      0.51761341      1.56544036
    -18.20000000      0.78972525      0.76198557      0.03088649      0.81058596      0.00004531      1.41481302      0.11915628      0.51521169      0.51694952      1.56366061
    -18.10000000      0.79042193      0.76372557      0.03058745      0.81110059      0.00004418      1.41188926      0.11894468      0.51278101      0.51628804      1.56188925
    -18.00000000      0.79111593      0.76545537      0.03029196      0.81161480      0.00004308      1.40897401      0.11873219      0.51037265      0.51562899      1.56012628
    -17.90000000      0.79180727      0.76717497      0.02999995      0.81212860      0.00004200      1.40606726      0.11851883      0.50798643      0.51497234      1.55837165
    -17.80000000      0.79249595      0.76888438      0.02971140      0.81264197      0.00004095      1.40316900      0.11830460      0.50562216      0.51431809      1.55662535
    -17.70000000      0.79318198      0.77058363      0.02942625      0.81315493      0.00003993      1.40027920      0.11808954      0.50327966      0.51366625      1.55488735
    -17.60000000      0.79386538      0.77227271      0.02914446      0.81366745      0.00003893      1.39739786      0.11787366      0.50095876      0.51301680      1.55315762
    -17.50000000      0.79454615      0.77395165      0.02886599      0.81417955      0.00003795      1.39452496      0.11765698      0.49865928      0.51236973      1.55143615
    -17.40000000      0.79522430      0.77562046      0.02859080      0.81469122      0.00003700      1.39166048      0.11743953      0.49638104      0.51172505      1.54972289
    -17.30000000      0.79589984      0.77727916      0.02831884      0.81520246      0.00003608      1.38880441      0.11722132      0.49412386      0.51108275      1.54801784
    -17.20000000      0.79657278      0.77892776      0.02805007      0.81571327      0.00003517      1.38595673      0.11700236      0.49188758      0.51044281      1.54632096
    -17.10000000      0.79724313      0.78056627      0.02778446      0.81622364      0.00003429      1.38311742      0.11678269      0.48967201      0.50980525      1.54463222
    -17.00000000      0.79791090      0.78219473      0.02752196      0.81673358      0.00003343      1.38028647      0.11656231      0.48747699      0.50917005      1.54295161
    -16.90000000      0.79857610      0.78381314      0.02726253      0.81724308      0.00003259      1.37746385      0.11634125      0.48530234      0.50853720      1.54127909
    -16.80000000      0.79923874      0.78542153      0.02700613      0.81775213      0.00003177      1.37464956      0.11611953      0.48314790      0.50790671      1.53961464
    -16.70000000      0.79989882      0.78701991      0.02675273      0.81826075      0.00003097      1.37184358      0.11589716      0.48101349      0.50727856      1.53795823
    -16.60000000      0.80055636      0.78860832      0.02650228      0.81876892      0.00003019      1.36904588      0.11567416      0.47889894      0.50665275      1.53630984
    -16.50000000      0.80121137      0.79018677      0.02625475      0.81927664      0.00002943      1.36625646      0.11545056      0.47680410      0.50602928      1.53466944
    -16.40000000      0.80186385      0.79175528      0.02601009      0.81978392      0.00002869      1.36347529      0.11522636      0.47472878      0.50540814      1.53303700
    -16.30000000      0.80251382      0.79331387      0.02576829      0.82029075      0.00002797      1.36070236      0.11500159      0.47267283      0.50478932      1.53141250
    -16.20000000      0.80316128      0.79486258      0.02552928      0.82079712      0.00002726      1.35793765      0.11477626      0.47063607      0.50417282      1.52979591
    -16.10000000      0.80380624      0.79640143      0.02529305      0.82130304      0.00002658      1.35518113      0.11455039      0.46861836      0.50355864      1.52818721
    -16.00000000      0.80444871      0.79793044      0.02505956      0.82180851      0.00002591      1.35243281      0.11432400      0.46661952      0.50294676      1.52658637
    -15.90000000      0.80508871      0.79944964      0.02482876      0.82231351      0.00002525      1.34969264      0.11409711      0.46463939      0.50233719      1.52499336
    -15.80000000      0.80572624      0.80095906      0.02460063      0.82281806      0.00002461      1.34696063      0.11386973      0.46267782      0.50172991      1.52340815
    -15.70000000      0.80636131      0.80245872      0.02437513      0.82332215      0.00002399      1.34423674      0.11364189      0.46073464      0.50112492      1.52183072
    -15.60000000      0.80699393      0.80394865      0.02415223      0.82382577      0.00002339      1.34152097      0.11341358      0.45880969      0.50052222      1.52026104
    -15.50000000      0.80762411      0.80542889      0.02393189      0.82432893      0.00002280      1.33881329      0.11318485      0.45690282      0.49992181      1.51869909
    -15.40000000      0.80825185      0.80689945      0.02371408      0.82483162      0.00002222      1.33611368      0.11295569      0.45501388      0.49932366      1.51714484
    -15.30000000      0.80887717      0.80836038      0.02349877      0.82533384      0.00002166      1.33342213      0.11272613      0.45314270      0.49872779      1.51559826
    -15.20000000      0.80950008      0.80981169      0.02328593      0.82583559      0.00002111      1.33073862      0.11249618      0.45128913      0.49813418      1.51405933
    -15.10000000      0.81012059      0.81125344      0.02307552      0.82633687      0.00002057      1.32806312      0.11226585      0.44945302      0.49754283      1.51252801
    -15.00000000      0.81073870      0.81268563      0.02286752      0.82683768      0.00002005      1.32539563      0.11203518      0.44763422      0.49695373      1.51100429
    -14.90000000      0.81135442      0.81410831      0.02266189      0.82733801      0.00001954      1.32273611      0.11180416      0.44583257      0.49636688      1.50948813
    -14.80000000      0.81196776      0.81552152      0.02245860      0.82783786      0.00001905      1.32008456      0.11157281      0.44404793      0.49578227      1.50797951
    -14.70000000      0.81257874      0.81692527      0.02225762      0.82833723      0.00001856      1.31744095      0.11134116      0.44228015      0.49519990      1.50647840
    -14.60000000      0.81318736      0.81831961      0.02205893      0.82883611      0.00001809      1.31480526      0.11110921      0.44052908      0.49461975      1.50498478
    -14.50000000      0.81379363      0.81970458      0.02186249      0.82933452      0.00001763      1.31217748      0.11087698      0.43879457      0.49404183      1.50349861
    -14.40000000      0.81439756      0.82108020      0.02166828      0.82983244      0.00001718      1.30955758      0.11064449      0.43707648      0.49346613      1.50201987
    -14.30000000      0.81499916      0.82244651      0.02147626      0.83032987      0.00001675      1.30694554      0.11041174      0.43537465      0.49289265      1.50054853
    -14.20000000      0.81559843      0.82380355      0.02128641      0.83082681      0.00001632      1.30434136      0.11017876      0.43368896      0.49232137      1.49908457
    -14.10000000      0.81619539      0.82515135      0.02109869      0.83132326      0.00001591      1.30174500      0.10994556      0.43201925      0.49175229      1.49762796
    -14.00000000      0.81679005      0.82648994      0.02091310      0.83181922      0.00001550      1.29915644      0.10971215      0.43036539      0.49118541      1.49617867
    -13.90000000      0.81738241      0.82781938      0.02072959      0.83231468      0.00001511      1.29657568      0.10947855      0.42872723      0.49062072      1.49473668
    -13.80000000      0.81797248      0.82913969      0.02054813      0.83280964      0.00001472      1.29400268      0.10924476      0.42710463      0.49005821      1.49330196
    -13.70000000      0.81856028      0.83045090      0.02036871      0.83330411      0.00001435      1.29143742      0.10901082      0.42549746      0.48949788      1.49187447
    -13.60000000      0.81914580      0.83175307      0.02019130      0.83379808      0.00001398      1.28887990      0.10877671      0.42390558      0.48893973      1.49045420
    -13.50000000      0.81972907      0.83304623      0.02001587      0.83429154      0.00001362      1.28633009      0.10854247      0.42232884      0.48838374      1.48904111
    -13.40000000      0.82031008      0.83433040      0.01984239      0.83478450      0.00001328      1.28378796      0.10830811      0.42076713      0.48782992      1.48763519
    -13.30000000      0.82088886      0.83560565      0.01967084      0.83527696      0.00001294      1.28125350      0.10807362      0.41922029      0.48727825      1.48623640
    -13.20000000      0.82146540      0.83687199      0.01950120      0.83576891      0.00001261      1.27872669      0.10783904      0.41768820      0.48672873      1.48484471
    -13.10000000      0.82203971      0.83812948      0.01933345      0.83626034      0.00001228      1.27620750      0.10760438      0.41617073      0.48618135      1.48346010
    -13.00000000      0.82261181      0.83937816      0.01916755      0.83675127      0.00001197      1.27369592      0.10736963      0.41466774      0.48563611      1.48208254
    -12.90000000      0.82318171      0.84061805      0.01900348      0.83724168      0.00001166      1.27119193      0.10713482      0.41317910      0.48509301      1.48071201
    -12.80000000      0.82374940      0.84184921      0.01884123      0.83773158      0.00001137      1.26869551      0.10689997      0.41170469      0.48455203      1.47934847
    -12.70000000      0.82431491      0.84307167      0.01868076      0.83822096      0.00001108      1.26620664      0.10666507      0.41024437      0.48401318      1.47799190
    -12.60000000      0.82487823      0.84428548      0.01852206      0.83870983      0.00001079      1.26372529      0.10643015      0.40879803      0.48347643      1.47664227
    -12.50000000      0.82543938      0.84549067      0.01836510      0.83919817      0.00001052      1.26125144      0.10619521      0.40736552      0.48294180      1.47529956
    -12.40000000      0.82599837      0.84668729      0.01820986      0.83968599      0.00001025      1.25878509      0.10596027      0.40594673      0.48240927      1.47396374
    -12.30000000      0.82655520      0.84787538      0.01805631      0.84017329      0.00000998      1.25632619      0.10572534      0.40454153      0.48187884      1.47263478
    -12.20000000      0.82710989      0.84905498      0.01790445      0.84066006      0.00000973      1.25387475      0.10549043      0.40314980      0.48135050      1.47131266
    -12.10000000      0.82766244      0.85022613      0.01775424      0.84114631      0.00000948      1.25143072      0.10525555      0.40177142      0.48082425      1.46999734
    -12.00000000      0.82821286      0.85138888      0.01760566      0.84163202      0.00000923      1.24899410      0.10502071      0.40040626      0.48030008      1.46868880
    -11.90000000      0.82876116      0.85254326      0.01745870      0.84211721      0.00000900      1.24656486      0.10478592      0.39905420      0.47977798      1.46738701
    -11.80000000      0.82930735      0.85368933      0.01731334      0.84260186      0.00000877      1.24414299      0.10455119      0.39771513      0.47925795      1.46609195
    -11.70000000      0.82985144      0.85482711      0.01716954      0.84308598      0.00000854      1.24172846      0.10431654      0.39638892      0.47873998      1.46480359
    -11.60000000      0.83039343      0.85595666      0.01702730      0.84356956      0.00000832      1.23932124      0.10408197      0.39507546      0.47822407      1.46352191
    -11.50000000      0.83093333      0.85707802      0.01688659      0.84405261      0.00000811      1.23692133      0.10384750      0.39377464      0.47771021      1.46224687
    -11.40000000      0.83147116      0.85819123      0.01674739      0.84453511      0.00000790      1.23452870      0.10361313      0.39248632      0.47719839      1.46097844
    -11.30000000      0.83200692      0.85929633      0.01660970      0.84501707      0.00000770      1.23214332      0.10337888      0.39121041      0.47668861      1.45971661
    -11.20000000      0.83254061      0.86039337      0.01647347      0.84549849      0.00000750      1.22976519      0.10314474      0.38994678      0.47618087      1.45846134
    -11.10000000      0.83307225      0.86148239      0.01633871      0.84597937      0.00000730      1.22739427      0.10291075      0.38869533      0.47567515      1.45721261
    -11.00000000      0.83360185      0.86256343      0.01620538      0.84645970      0.00000712      1.22503054      0.10267689      0.38745594      0.47517145      1.45597039
    -10.90000000      0.83412941      0.86363654      0.01607347      0.84693948      0.00000693      1.22267400      0.10244319      0.38622850      0.47466977      1.45473466
    -10.80000000      0.83465495      0.86470176      0.01594297      0.84741871      0.00000675      1.22032460      0.10220965      0.38501290      0.47417010      1.45350538
    -10.70000000      0.83517846      0.86575914      0.01581385      0.84789739      0.00000658      1.21798234      0.10197628      0.38380903      0.47367243      1.45228254
    -10.60000000      0.83569997      0.86680871      0.01568610      0.84837552      0.00000641      1.21564720      0.10174309      0.38261678      0.47317676      1.45106609
    -10.50000000      0.83621947      0.86785053      0.01555970      0.84885309      0.00000625      1.21331914      0.10151009      0.38143605      0.47268308      1.44985603
    -10.40000000      0.83673697      0.86888464      0.01543463      0.84933010      0.00000608      1.21099816      0.10127728      0.38026672      0.47219138      1.44865231
    -10.30000000      0.83725249      0.86991107      0.01531088      0.84980655      0.00000593      1.20868423      0.10104468      0.37910870      0.47170167      1.44745492
    -10.20000000      0.83776603      0.87092988      0.01518844      0.85028245      0.00000577      1.20637732      0.10081230      0.37796187      0.47121393      1.44626383
    -10.10000000      0.83827760      0.87194111      0.01506727      0.85075778      0.00000562      1.20407743      0.10058014      0.37682614      0.47072815      1.44507901
    -10.00000000      0.83878721      0.87294480      0.01494737      0.85123255      0.00000548      1.20178452      0.10034821      0.37570139      0.47024434      1.44390043
     -9.90000000      0.83929486      0.87394100      0.01482873      0.85170676      0.00000534      1.19949858      0.10011651      0.37458754      0.46976249      1.44272807
     -9.80000000      0.83980057      0.87492975      0.01471132      0.85218039      0.00000520      1.19721958      0.09988506      0.37348447      0.46928258      1.44156190
     -9.70000000      0.84030434      0.87591109      0.01459514      0.85265346      0.00000507      1.19494751      0.09965387      0.37239209      0.46880462      1.44040190
     -9.60000000      0.84080618      0.87688507      0.01448016      0.85312596      0.00000493      1.19268234      0.09942294      0.37131030      0.46832860      1.43924804
     -9.50000000      0.84130610      0.87785174      0.01436637      0.85359789      0.00000481      1.19042406      0.09919228      0.37023899      0.46785451      1.43810029
     -9.40000000      0.84180410      0.87881113      0.01425375      0.85406924      0.00000468      1.18817263      0.09896189      0.36917807      0.46738235      1.43695862
     -9.30000000      0.84230019      0.87976329      0.01414230      0.85454002      0.00000456      1.18592805      0.09873179      0.36812745      0.46691210      1.43582302
     -9.20000000      0.84279439      0.88070827      0.01403199      0.85501022      0.00000444      1.18369029      0.09850197      0.36708702      0.46644378      1.43469344
     -9.10000000      0.84328670      0.88164611      0.01392282      0.85547985      0.00000433      1.18145933      0.09827246      0.36605670      0.46597736      1.43356988
     -9.00000000      0.84377713      0.88257684      0.01381477      0.85594889      0.00000422      1.17923514      0.09804325      0.36503638      0.46551284      1.43245230
     -8.90000000      0.84426568      0.88350053      0.01370782      0.85641735      0.00000411      1.17701771      0.09781435      0.36402597      0.46505022      1.43134067
     -8.80000000      0.84475236      0.88441721      0.01360196      0.85688523      0.00000400      1.17480702      0.09758577      0.36302538      0.46458949      1.43023497
     -8.70000000      0.84523718      0.88532692      0.01349718      0.85735252      0.00000390      1.17260304      0.09735751      0.36203452      0.46413065      1.42913518
     -8.60000000      0.84572016      0.88622971      0.01339346      0.85781923      0.00000379      1.17040576      0.09712959      0.36105329      0.46367368      1.42804126
     -8.50000000      0.84620129      0.88712562      0.01329080      0.85828534      0.00000370      1.16821515      0.09690200      0.36008161      0.46321859      1.42695320
     -8.40000000      0.84668058      0.88801469      0.01318917      0.85875087      0.00000360      1.16603120      0.09667475      0.35911939      0.46276536      1.42587096
     -8.30000000      0.84715804      0.88889698      0.01308857      0.85921581      0.00000351      1.16385387      0.09644785      0.35816653      0.46231400      1.42479452
     -8.20000000      0.84763369      0.88977251      0.01298898      0.85968015      0.00000342      1.16168316      0.09622131      0.35722295      0.46186449      1.42372386
     -8.10000000      0.84810752      0.89064135      0.01289039      0.86014390      0.00000333      1.15951904      0.09599513      0.35628856      0.46141683      1.42265894
     -8.00000000      0.84857954      0.89150352      0.01279279      0.86060705      0.00000324      1.15736149      0.09576931      0.35536328      0.46097102      1.42159975
     -7.90000000      0.84904977      0.89235907      0.01269616      0.86106961      0.00000316      1.15521048      0.09554387      0.35444701      0.46052704      1.42054625
     -7.80000000      0.84951821      0.89320805      0.01260050      0.86153156      0.00000307      1.15306601      0.09531881      0.35353967      0.46008489      1.41949843
     -7.70000000      0.84998486      0.89405050      0.01250579      0.86199292      0.00000299      1.15092804      0.09509412      0.35264119      0.45964458      1.41845625
     -7.60000000      0.85044974      0.89488645      0.01241203      0.86245367      0.00000292      1.14879655      0.09486983      0.35175146      0.45920608      1.41741970
     -7.50000000      0.85091285      0.89571596      0.01231919      0.86291382      0.00000284      1.14667153      0.09464593      0.35087042      0.45876939      1.41638874
     -7.40000000      0.85137420      0.89653907      0.01222727      0.86337336      0.00000277      1.14455296      0.09442243      0.34999798      0.45833451      1.41536335
     -7.30000000      0.85183379      0.89735582      0.01213625      0.86383230      0.00000269      1.14244081      0.09419933      0.34913406      0.45790144      1.41434351
     -7.20000000      0.85229164      0.89816625      0.01204613      0.86429063      0.00000262      1.14033507      0.09397663      0.34827857      0.45747016      1.41332919
     -7.10000000      0.85274776      0.89897040      0.01195690      0.86474834      0.00000256      1.13823571      0.09375436      0.34743144      0.45704068      1.41232036
     -7.00000000      0.85320214      0.89976832      0.01186854      0.86520545      0.00000249      1.13614271      0.09353249      0.34659259      0.45661297      1.41131700
     -6.90000000      0.85365479      0.90056004      0.01178104      0.86566194      0.00000242      1.13405605      0.09331105      0.34576194      0.45618705      1.41031909
     -6.80000000      0.85410574      0.90134562      0.01169440      0.86611782      0.00000236      1.13197571      0.09309004      0.34493941      0.45576290      1.40932660
     -6.70000000      0.85455497      0.90212509      0.01160859      0.86657308      0.00000230      1.12990167      0.09286946      0.34412492      0.45534052      1.40833950
     -6.60000000      0.85500250      0.90289849      0.01152363      0.86702772      0.00000224      1.12783392      0.09264931      0.34331840      0.45491990      1.40735777
     -6.50000000      0.85544833      0.90366586      0.01143948      0.86748174      0.00000218      1.12577242      0.09242960      0.34251977      0.45450103      1.40638139
     -6.40000000      0.85589248      0.90442726      0.01135614      0.86793515      0.00000212      1.12371716      0.09221034      0.34172896      0.45408392      1.40541033
     -6.30000000      0.85633494      0.90518271      0.01127361      0.86838793      0.00000207      1.12166812      0.09199152      0.34094589      0.45366854      1.40444457
     -6.20000000      0.85677574      0.90593225      0.01119187      0.86884008      0.00000201      1.11962528      0.09177315      0.34017048      0.45325491      1.40348408
     -6.10000000      0.85721486      0.90667594      0.01111092      0.86929162      0.00000196      1.11758862      0.09155524      0.33940268      0.45284301      1.40252883
     -6.00000000      0.85765233      0.90741381      0.01103074      0.86974252      0.00000191      1.11555811      0.09133779      0.33864239      0.45243284      1.40157881
     -5.90000000      0.85808814      0.90814590      0.01095132      0.87019280      0.00000186      1.11353374      0.09112080      0.33788955      0.45202438      1.40063399
     -5.80000000      0.85852231      0.90887225      0.01087266      0.87064244      0.00000181      1.11151549      0.09090427      0.33714410      0.45161764      1.39969434
     -5.70000000      0.85895484      0.90959290      0.01079475      0.87109146      0.00000176      1.10950334      0.09068821      0.33640595      0.45121261      1.39875984
     -5.60000000      0.85938574      0.91030789      0.01071757      0.87153984      0.00000172      1.10749726      0.09047263      0.33567504      0.45080929      1.39783047
     -5.50000000      0.85981502      0.91101727      0.01064112      0.87198759      0.00000167      1.10549724      0.09025752      0.33495130      0.45040766      1.39690619
     -5.40000000      0.86024268      0.91172106      0.01056540      0.87243471      0.00000163      1.10350325      0.09004289      0.33423466      0.45000772      1.39598700
     -5.30000000      0.86066872      0.91241932      0.01049038      0.87288118      0.00000159      1.10151528      0.08982874      0.33352505      0.44960947      1.39507286
     -5.20000000      0.86109317      0.91311208      0.01041607      0.87332702      0.00000154      1.09953331      0.08961508      0.33282241      0.44921290      1.39416375
     -5.10000000      0.86151601      0.91379938      0.01034246      0.87377222      0.00000150      1.09755731      0.08940190      0.33212667      0.44881801      1.39325964
     -5.00000000      0.86193727      0.91448126      0.01026953      0.87421678      0.00000146      1.09558726      0.08918922      0.33143776      0.44842478      1.39236052
     -4.90000000      0.86235694      0.91515775      0.01019728      0.87466069      0.00000143      1.09362316      0.08897703      0.33075562      0.44803322      1.39146636
     -4.80000000      0.86277504      0.91582890      0.01012570      0.87510396      0.00000139      1.09166496      0.08876533      0.33008018      0.44764331      1.39057713
     -4.70000000      0.86319156      0.91649475      0.01005478      0.87554659      0.00000135      1.08971267      0.08855413      0.32941137      0.44725506      1.38969281
     -4.60000000      0.86360653      0.91715533      0.00998452      0.87598857      0.00000132      1.08776625      0.08834344      0.32874914      0.44686845      1.38881338
     -4.50000000      0.86401993      0.91781069      0.00991491      0.87642990      0.00000128      1.08582569      0.08813325      0.32809342      0.44648348      1.38793881
     -4.40000000      0.86443179      0.91846085      0.00984593      0.87687058      0.00000125      1.08389096      0.08792357      0.32744415      0.44610015      1.38706909
     -4.30000000      0.86484210      0.91910586      0.00977759      0.87731061      0.00000122      1.08196205      0.08771439      0.32680127      0.44571844      1.38620418
     -4.20000000      0.86525088      0.91974576      0.00970988      0.87774999      0.00000118      1.08003893      0.08750572      0.32616471      0.44533836      1.38534407
     -4.10000000      0.86565812      0.92038058      0.00964278      0.87818871      0.00000115      1.07812160      0.08729757      0.32553441      0.44495990      1.38448872
     -4.00000000      0.86606384      0.92101035      0.00957629      0.87862678      0.00000112      1.07621002      0.08708994      0.32491031      0.44458304      1.38363813
     -3.90000000      0.86646805      0.92163513      0.00951041      0.87906419      0.00000109      1.07430418      0.08688282      0.32429236      0.44420780      1.38279226
     -3.80000000      0.86687074      0.92225494      0.00944512      0.87950095      0.00000106      1.07240406      0.08667622      0.32368050      0.44383415      1.38195110
     -3.70000000      0.86727193      0.92286983      0.00938042      0.87993704      0.00000104      1.07050963      0.08647014      0.32307465      0.44346210      1.38111461
     -3.60000000      0.86767162      0.92347981      0.00931630      0.88037248      0.00000101      1.06862089      0.08626458      0.32247478      0.44309164      1.38028278
     -3.50000000      0.86806982      0.92408495      0.00925276      0.88080725      0.00000098      1.06673780      0.08605955      0.32188082      0.44272277      1.37945558
     -3.40000000      0.86846654      0.92468526      0.00918979      0.88124136      0.00000096      1.06486036      0.08585505      0.32129270      0.44235547      1.37863300
     -3.30000000      0.86886177      0.92528079      0.00912739      0.88167481      0.00000093      1.06298854      0.08565107      0.32071039      0.44198974      1.37781500
     -3.20000000      0.86925554      0.92587157      0.00906554      0.88210759      0.00000091      1.06112232      0.08544763      0.32013381      0.44162558      1.37700157
     -3.10000000      0.86964783      0.92645764      0.00900424      0.88253970      0.00000088      1.05926168      0.08524471      0.31956292      0.44126298      1.37619268
     -3.00000000      0.87003867      0.92703903      0.00894348      0.88297115      0.00000086      1.05740661      0.08504233      0.31899766      0.44090194      1.37538831
     -2.90000000      0.87042806      0.92761578      0.00888326      0.88340193      0.00000084      1.05555708      0.08484049      0.31843798      0.44054245      1.37458845
     -2.80000000      0.87081599      0.92818792      0.00882357      0.88383203      0.00000082      1.05371307      0.08463918      0.31788381      0.44018450      1.37379306
     -2.70000000      0.87120249      0.92875549      0.00876441      0.88426146      0.00000079      1.05187457      0.08443840      0.31733512      0.43982810      1.37300212
     -2.60000000      0.87158755      0.92931852      0.00870577      0.88469022      0.00000077      1.05004156      0.08423817      0.31679184      0.43947322      1.37221562
     -2.50000000      0.87197118      0.92987705      0.00864764      0.88511831      0.00000075      1.04821402      0.08403847      0.31625392      0.43911988      1.37143353
     -2.40000000      0.87235339      0.93043111      0.00859002      0.88554572      0.00000073      1.04639192      0.08383932      0.31572131      0.43876805      1.37065583
     -2.30000000      0.87273418      0.93098073      0.00853290      0.88597245      0.00000071      1.04457526      0.08364070      0.31519396      0.43841774      1.36988249
     -2.20000000      0.87311356      0.93152595      0.00847628      0.88639851      0.00000069      1.04276400      0.08344263      0.31467182      0.43806895      1.36911350
     -2.10000000      0.87349154      0.93206681      0.00842014      0.88682388      0.00000068      1.04095814      0.08324510      0.31415484      0.43772166      1.36834884
     -2.00000000      0.87386812      0.93260333      0.00836450      0.88724857      0.00000066      1.03915765      0.08304812      0.31364296      0.43737587      1.36758847
     -1.90000000      0.87424330      0.93313554      0.00830933      0.88767259      0.00000064      1.03736252      0.08285169      0.31313614      0.43703158      1.36683239
     -1.80000000      0.87461710      0.93366349      0.00825464      0.88809592      0.00000062      1.03557273      0.08265580      0.31263434      0.43668878      1.36608056
     -1.70000000      0.87498952      0.93418721      0.00820042      0.88851856      0.00000061      1.03378825      0.08246045      0.31213749      0.43634746      1.36533297
     -1.60000000      0.87536056      0.93470672      0.00814666      0.88894052      0.00000059      1.03200907      0.08226566      0.31164555      0.43600762      1.36458960
     -1.50000000      0.87573024      0.93522206      0.00809336      0.88936179      0.00000058      1.03023517      0.08207141      0.31115848      0.43566925      1.36385043
     -1.40000000      0.87609855      0.93573326      0.00804051      0.88978237      0.00000056      1.02846653      0.08187772      0.31067623      0.43533235      1.36311542
     -1.30000000      0.87646550      0.93624035      0.00798811      0.89020227      0.00000055      1.02670314      0.08168457      0.31019874      0.43499691      1.36238458
     -1.20000000      0.87683110      0.93674337      0.00793616      0.89062147      0.00000053      1.02494497      0.08149197      0.30972598      0.43466293      1.36165786
     -1.10000000      0.87719536      0.93724234      0.00788464      0.89103998      0.00000052      1.02319201      0.08129993      0.30925790      0.43433041      1.36093525
     -1.00000000      0.87755828      0.93773731      0.00783356      0.89145781      0.00000050      1.02144424      0.08110844      0.30879445      0.43399933      1.36021674
     -0.90000000      0.87791986      0.93822829      0.00778291      0.89187493      0.00000049      1.01970164      0.08091750      0.30833559      0.43366969      1.35950229
     -0.80000000      0.87828012      0.93871532      0.00773268      0.89229136      0.00000048      1.01796419      0.08072711      0.30788127      0.43334148      1.35879189
     -0.70000000      0.87863905      0.93919844      0.00768287      0.89270710      0.00000046      1.01623187      0.08053727      0.30743144      0.43301471      1.35808552
     -0.60000000      0.87899666      0.93967766      0.00763348      0.89312214      0.00000045      1.01450467      0.08034799      0.30698608      0.43268936      1.35738316
     -0.50000000      0.87935297      0.94015303      0.00758449      0.89353647      0.00000044      1.01278257      0.08015926      0.30654512      0.43236543      1.35668479
     -0.40000000      0.87970797      0.94062457      0.00753592      0.89395011      0.00000043      1.01106555      0.07997108      0.30610853      0.43204292      1.35599038
     -0.30000000      0.88006166      0.94109231      0.00748774      0.89436305      0.00000042      1.00935359      0.07978346      0.30567627      0.43172181      1.35529992
     -0.20000000      0.88041407      0.94155629      0.00743997      0.89477529      0.00000041      1.00764668      0.07959639      0.30524829      0.43140211      1.35461338
     -0.10000000      0.88076518      0.94201652      0.00739258      0.89518683      0.00000040      1.00594479      0.07940987      0.30482456      0.43108381      1.35393075
      0.00000000      0.88111501      0.94247305      0.00734559      0.89559766      0.00000039      1.00424791      0.07922391      0.30440502      0.43076690      1.35325201
      0.10000000      0.88146357      0.94292589      0.00729898      0.89600778      0.00000038      1.00255602      0.07903850      0.30398964      0.43045138      1.35257713
      0.20000000      0.88181085      0.94337509      0.00725275      0.89641720      0.00000037      1.00086910      0.07885365      0.30357839      0.43013724      1.35190610
      0.30000000      0.88215686      0.94382066      0.00720690      0.89682592      0.00000036      0.99918714      0.07866935      0.30317121      0.42982448      1.35123890
      0.40000000      0.88250161      0.94426264      0.00716142      0.89723392      0.00000035      0.99751012      0.07848560      0.30276807      0.42951310      1.35057550
      0.50000000      0.88284510      0.94470105      0.00711631      0.89764122      0.00000034      0.99583802      0.07830241      0.30236892      0.42920308      1.34991589
      0.60000000      0.88318735      0.94513593      0.00707156      0.89804780      0.00000033      0.99417082      0.07811977      0.30197374      0.42889442      1.34926004
      0.70000000      0.88352835      0.94556730      0.00702717      0.89845367      0.00000032      0.99250850      0.07793769      0.30158248      0.42858712      1.34860795
      0.80000000      0.88386810      0.94599519      0.00698314      0.89885884      0.00000031      0.99085106      0.07775616      0.30119511      0.42828117      1.34795958
      0.90000000      0.88420663      0.94641962      0.00693947      0.89926328      0.00000030      0.98919846      0.07757518      0.30081157      0.42797657      1.34731492
      1.00000000      0.88454392      0.94684063      0.00689614      0.89966702      0.00000029      0.98755070      0.07739475      0.30043185      0.42767330      1.34667395
      1.10000000      0.88487999      0.94725824      0.00685316      0.90007004      0.00000029      0.98590776      0.07721488      0.30005590      0.42737138      1.34603665
      1.20000000      0.88521484      0.94767247      0.00681052      0.90047234      0.00000028      0.98426961      0.07703556      0.29968368      0.42707079      1.34540301
      1.30000000      0.88554848      0.94808337      0.00676822      0.90087392      0.00000027      0.98263625      0.07685679      0.29931515      0.42677152      1.34477299
      1.40000000      0.88588090      0.94849094      0.00672625      0.90127479      0.00000026      0.98100765      0.07667857      0.29895029      0.42647357      1.34414659
      1.50000000      0.88621213      0.94889522      0.00668462      0.90167493      0.00000026      0.97938380      0.07650090      0.29858905      0.42617694      1.34352378
      1.60000000      0.88654215      0.94929624      0.00664331      0.90207436      0.00000025      0.97776468      0.07632379      0.29823141      0.42588163      1.34290455
      1.70000000      0.88687099      0.94969402      0.00660233      0.90247307      0.00000024      0.97615027      0.07614722      0.29787731      0.42558761      1.34228888
      1.80000000      0.88719863      0.95008858      0.00656167      0.90287105      0.00000024      0.97454056      0.07597120      0.29752674      0.42529490      1.34167674
      1.90000000      0.88752509      0.95047996      0.00652133      0.90326831      0.00000023      0.97293553      0.07579573      0.29717965      0.42500348      1.34106812
      2.00000000      0.88785037      0.95086818      0.00648130      0.90366484      0.00000023      0.97133517      0.07562081      0.29683601      0.42471336      1.34046301
      2.10000000      0.88817448      0.95125326      0.00644158      0.90406065      0.00000022      0.96973945      0.07544644      0.29649579      0.42442452      1.33986137
      2.20000000      0.88849742      0.95163522      0.00640217      0.90445574      0.00000021      0.96814837      0.07527261      0.29615895      0.42413696      1.33926320
      2.30000000      0.88881920      0.95201410      0.00636307      0.90485009      0.00000021      0.96656189      0.07509933      0.29582546      0.42385068      1.33866848
      2.40000000      0.88913982      0.95238992      0.00632427      0.90524372      0.00000020      0.96498002      0.07492660      0.29549529      0.42356567      1.33807718
      2.50000000      0.88945929      0.95276271      0.00628576      0.90563662      0.00000020      0.96340272      0.07475441      0.29516841      0.42328192      1.33748930
      2.60000000      0.88977761      0.95313248      0.00624755      0.90602879      0.00000019      0.96182999      0.07458277      0.29484477      0.42299944      1.33690480
      2.70000000      0.89009479      0.95349926      0.00620964      0.90642023      0.00000019      0.96026181      0.07441167      0.29452436      0.42271821      1.33632368
      2.80000000      0.89041082      0.95386308      0.00617201      0.90681094      0.00000018      0.95869816      0.07424112      0.29420714      0.42243823      1.33574592
      2.90000000      0.89072573      0.95422396      0.00613467      0.90720092      0.00000018      0.95713902      0.07407110      0.29389307      0.42215950      1.33517149
      3.00000000      0.89103950      0.95458192      0.00609762      0.90759016      0.00000017      0.95558438      0.07390163      0.29358214      0.42188201      1.33460038
      3.10000000      0.89135215      0.95493699      0.00606085      0.90797867      0.00000017      0.95403423      0.07373270      0.29327429      0.42160576      1.33403257
      3.20000000      0.89166368      0.95528919      0.00602435      0.90836644      0.00000016      0.95248854      0.07356431      0.29296952      0.42133074      1.33346805
      3.30000000      0.89197410      0.95563854      0.00598813      0.90875348      0.00000016      0.95094731      0.07339646      0.29266778      0.42105695      1.33290680
      3.40000000      0.89228341      0.95598507      0.00595218      0.90913978      0.00000015      0.94941051      0.07322914      0.29236904      0.42078437      1.33234880
      3.50000000      0.89259161      0.95632880      0.00591650      0.90952535      0.00000015      0.94787812      0.07306237      0.29207328      0.42051302      1.33179402
      3.60000000      0.89289871      0.95666975      0.00588109      0.90991017      0.00000015      0.94635014      0.07289613      0.29178047      0.42024288      1.33124247
      3.70000000      0.89320472      0.95700795      0.00584595      0.91029426      0.00000014      0.94482655      0.07273042      0.29149058      0.41997394      1.33069411
      3.80000000      0.89350964      0.95734342      0.00581106      0.91067760      0.00000014      0.94330733      0.07256525      0.29120357      0.41970621      1.33014893
      3.90000000      0.89381347      0.95767617      0.00577644      0.91106021      0.00000013      0.94179246      0.07240061      0.29091943      0.41943968      1.32960692
      4.00000000      0.89411622      0.95800624      0.00574207      0.91144207      0.00000013      0.94028194      0.07223651      0.29063812      0.41917433      1.32906805
      4.10000000      0.89441789      0.95833364      0.00570796      0.91182319      0.00000013      0.93877574      0.07207294      0.29035961      0.41891018      1.32853231
      4.20000000      0.89471849      0.95865840      0.00567410      0.91220357      0.00000012      0.93727385      0.07190990      0.29008388      0.41864721      1.32799969
      4.30000000      0.89501802      0.95898053      0.00564048      0.91258321      0.00000012      0.93577625      0.07174738      0.28981090      0.41838543      1.32747016
      4.40000000      0.89531649      0.95930006      0.00560712      0.91296210      0.00000012      0.93428292      0.07158540      0.28954065      0.41812481      1.32694371
      4.50000000      0.89561389      0.95961701      0.00557400      0.91334024      0.00000011      0.93279386      0.07142395      0.28927309      0.41786537      1.32642032
      4.60000000      0.89591025      0.95993140      0.00554112      0.91371764      0.00000011      0.93130905      0.07126302      0.28900820      0.41760709      1.32589998
      4.70000000      0.89620555      0.96024325      0.00550848      0.91409429      0.00000011      0.92982847      0.07110261      0.28874595      0.41734997      1.32538267
      4.80000000      0.89649981      0.96055259      0.00547608      0.91447019      0.00000011      0.92835211      0.07094273      0.28848632      0.41709400      1.32486838
      4.90000000      0.89679303      0.96085943      0.00544391      0.91484535      0.00000010      0.92687994      0.07078338      0.28822928      0.41683919      1.32435708
      5.00000000      0.89708521      0.96116379      0.00541197      0.91521975      0.00000010      0.92541196      0.07062454      0.28797481      0.41658553      1.32384876
      5.10000000      0.89737636      0.96146569      0.00538027      0.91559341      0.00000010      0.92394816      0.07046623      0.28772288      0.41633300      1.32334340
      5.20000000      0.89766648      0.96176516      0.00534880      0.91596631      0.00000009      0.92248851      0.07030844      0.28747346      0.41608162      1.32284100
      5.30000000      0.89795558      0.96206221      0.00531755      0.91633847      0.00000009      0.92103300      0.07015116      0.28722653      0.41583136      1.32234152
      5.40000000      0.89824366      0.96235686      0.00528652      0.91670987      0.00000009      0.91958161      0.06999440      0.28698207      0.41558224      1.32184497
      5.50000000      0.89853072      0.96264914      0.00525572      0.91708052      0.00000009      0.91813434      0.06983816      0.28674005      0.41533423      1.32135131
      5.60000000      0.89881678      0.96293905      0.00522514      0.91745041      0.00000009      0.91669116      0.06968244      0.28650045      0.41508735      1.32086054
      5.70000000      0.89910182      0.96322663      0.00519477      0.91781956      0.00000008      0.91525206      0.06952722      0.28626325      0.41484158      1.32037263
      5.80000000      0.89938587      0.96351189      0.00516462      0.91818794      0.00000008      0.91381703      0.06937253      0.28602841      0.41459692      1.31988759
      5.90000000      0.89966892      0.96379485      0.00513469      0.91855558      0.00000008      0.91238605      0.06921834      0.28579592      0.41435337      1.31940537
      6.00000000      0.89995097      0.96407553      0.00510496      0.91892245      0.00000008      0.91095911      0.06906466      0.28556576      0.41411092      1.31892598
      6.10000000      0.90023204      0.96435395      0.00507545      0.91928857      0.00000007      0.90953620      0.06891149      0.28533789      0.41386956      1.31844940
      6.20000000      0.90051211      0.96463012      0.00504614      0.91965393      0.00000007      0.90811729      0.06875883      0.28511231      0.41362930      1.31797561
      6.30000000      0.90079121      0.96490407      0.00501704      0.92001854      0.00000007      0.90670237      0.06860667      0.28488898      0.41339012      1.31750460
      6.40000000      0.90106933      0.96517581      0.00498815      0.92038238      0.00000007      0.90529143      0.06845502      0.28466788      0.41315203      1.31703634
      6.50000000      0.90134648      0.96544536      0.00495945      0.92074547      0.00000007      0.90388446      0.06830388      0.28444899      0.41291502      1.31657083
      6.60000000      0.90162266      0.96571273      0.00493096      0.92110780      0.00000007      0.90248144      0.06815323      0.28423229      0.41267908      1.31610806
      6.70000000      0.90189788      0.96597796      0.00490266      0.92146936      0.00000006      0.90108235      0.06800309      0.28401777      0.41244421      1.31564799
      6.80000000      0.90217213      0.96624105      0.00487456      0.92183017      0.00000006      0.89968719      0.06785345      0.28380538      0.41221040      1.31519063
      6.90000000      0.90244543      0.96650202      0.00484665      0.92219021      0.00000006      0.89829593      0.06770431      0.28359513      0.41197766      1.31473596
      7.00000000      0.90271778      0.96676089      0.00481894      0.92254950      0.00000006      0.89690857      0.06755566      0.28338697      0.41174598      1.31428395
      7.10000000      0.90298917      0.96701767      0.00479142      0.92290802      0.00000006      0.89552508      0.06740751      0.28318090      0.41151534      1.31383460
      7.20000000      0.90325963      0.96727239      0.00476409      0.92326577      0.00000006      0.89414547      0.06725985      0.28297690      0.41128576      1.31338790
      7.30000000      0.90352914      0.96752506      0.00473694      0.92362276      0.00000005      0.89276970      0.06711269      0.28277493      0.41105722      1.31294382
      7.40000000      0.90379772      0.96777570      0.00470999      0.92397899      0.00000005      0.89139777      0.06696602      0.28257499      0.41082971      1.31250235
      7.50000000      0.90406536      0.96802432      0.00468321      0.92433446      0.00000005      0.89002967      0.06681984      0.28237705      0.41060325      1.31206348
      7.60000000      0.90433207      0.96827095      0.00465662      0.92468916      0.00000005      0.88866537      0.06667415      0.28218109      0.41037781      1.31162719
      7.70000000      0.90459786      0.96851559      0.00463021      0.92504309      0.00000005      0.88730488      0.06652895      0.28198709      0.41015341      1.31119348
      7.80000000      0.90486273      0.96875826      0.00460398      0.92539625      0.00000005      0.88594816      0.06638423      0.28179504      0.40993002      1.31076231
      7.90000000      0.90512668      0.96899899      0.00457793      0.92574865      0.00000005      0.88459522      0.06624000      0.28160492      0.40970765      1.31033369
      8.00000000      0.90538972      0.96923778      0.00455205      0.92610029      0.00000004      0.88324602      0.06609625      0.28141669      0.40948630      1.30990760
      8.10000000      0.90565185      0.96947465      0.00452635      0.92645115      0.00000004      0.88190057      0.06595298      0.28123036      0.40926595      1.30948402
      8.20000000      0.90591307      0.96970962      0.00450082      0.92680125      0.00000004      0.88055885      0.06581020      0.28104589      0.40904662      1.30906293
      8.30000000      0.90617339      0.96994270      0.00447546      0.92715057      0.00000004      0.87922085      0.06566789      0.28086327      0.40882828      1.30864433
      8.40000000      0.90643282      0.97017391      0.00445027      0.92749913      0.00000004      0.87788654      0.06552606      0.28068248      0.40861094      1.30822821
      8.50000000      0.90669135      0.97040327      0.00442525      0.92784692      0.00000004      0.87655592      0.06538471      0.28050350      0.40839459      1.30781454
      8.60000000      0.90694899      0.97063079      0.00440040      0.92819394      0.00000004      0.87522898      0.06524383      0.28032632      0.40817924      1.30740331
      8.70000000      0.90720574      0.97085648      0.00437571      0.92854019      0.00000004      0.87390570      0.06510343      0.28015092      0.40796487      1.30699451
      8.80000000      0.90746161      0.97108036      0.00435119      0.92888566      0.00000004      0.87258607      0.06496350      0.27997727      0.40775147      1.30658813
      8.90000000      0.90771659      0.97130244      0.00432683      0.92923037      0.00000003      0.87127007      0.06482404      0.27980537      0.40753906      1.30618415
      9.00000000      0.90797071      0.97152275      0.00430263      0.92957430      0.00000003      0.86995769      0.06468505      0.27963519      0.40732762      1.30578256
      9.10000000      0.90822395      0.97174129      0.00427859      0.92991746      0.00000003      0.86864893      0.06454653      0.27946672      0.40711715      1.30538334
      9.20000000      0.90847632      0.97195808      0.00425471      0.93025985      0.00000003      0.86734376      0.06440847      0.27929994      0.40690764      1.30498649
      9.30000000      0.90872783      0.97217313      0.00423099      0.93060147      0.00000003      0.86604217      0.06427088      0.27913483      0.40669909      1.30459199
      9.40000000      0.90897847      0.97238646      0.00420742      0.93094231      0.00000003      0.86474415      0.06413376      0.27897138      0.40649150      1.30419982
      9.50000000      0.90922826      0.97259808      0.00418401      0.93128238      0.00000003      0.86344969      0.06399709      0.27880957      0.40628486      1.30380998
      9.60000000      0.90947720      0.97280801      0.00416075      0.93162167      0.00000003      0.86215877      0.06386089      0.27864939      0.40607917      1.30342244
      9.70000000      0.90972528      0.97301626      0.00413764      0.93196019      0.00000003      0.86087138      0.06372514      0.27849081      0.40587442      1.30303721
      9.80000000      0.90997252      0.97322284      0.00411468      0.93229793      0.00000003      0.85958752      0.06358985      0.27833383      0.40567061      1.30265425
      9.90000000      0.91021891      0.97342777      0.00409188      0.93263490      0.00000003      0.85830716      0.06345502      0.27817842      0.40546774      1.30227357
     10.00000000      0.91046446      0.97363106      0.00406922      0.93297109      0.00000003      0.85703029      0.06332065      0.27802458      0.40526580      1.30189515
     10.10000000      0.91070918      0.97383272      0.00404670      0.93330651      0.00000003      0.85575690      0.06318673      0.27787228      0.40506480      1.30151897
     10.20000000      0.91095306      0.97403278      0.00402434      0.93364115      0.00000002      0.85448699      0.06305325      0.27772151      0.40486471      1.30114502
     10.30000000      0.91119612      0.97423123      0.00400211      0.93397502      0.00000002      0.85322052      0.06292023      0.27757225      0.40466555      1.30077330
     10.40000000      0.91143834      0.97442810      0.00398003      0.93430810      0.00000002      0.85195750      0.06278766      0.27742450      0.40446730      1.30040378
     10.50000000      0.91167975      0.97462340      0.00395809      0.93464041      0.00000002      0.85069792      0.06265554      0.27727823      0.40426997      1.30003646
     10.60000000      0.91192033      0.97481714      0.00393630      0.93497195      0.00000002      0.84944175      0.06252386      0.27713343      0.40407354      1.29967132
     10.70000000      0.91216010      0.97500933      0.00391464      0.93530270      0.00000002      0.84818899      0.06239263      0.27699009      0.40387802      1.29930835
     10.80000000      0.91239906      0.97519999      0.00389312      0.93563268      0.00000002      0.84693962      0.06226184      0.27684819      0.40368341      1.29894754
     10.90000000      0.91263721      0.97538913      0.00387174      0.93596188      0.00000002      0.84569363      0.06213149      0.27670771      0.40348969      1.29858887
     11.00000000      0.91287455      0.97557676      0.00385049      0.93629030      0.00000002      0.84445101      0.06200158      0.27656865      0.40329686      1.29823234
     11.10000000      0.91311108      0.97576289      0.00382938      0.93661794      0.00000002      0.84321176      0.06187211      0.27643099      0.40310492      1.29787793
     11.20000000      0.91334682      0.97594754      0.00380840      0.93694480      0.00000002      0.84197584      0.06174308      0.27629471      0.40291387      1.29752563
     11.30000000      0.91358177      0.97613072      0.00378756      0.93727088      0.00000002      0.84074326      0.06161448      0.27615980      0.40272370      1.29717543
     11.40000000      0.91381592      0.97631244      0.00376684      0.93759618      0.00000002      0.83951401      0.06148632      0.27602625      0.40253441      1.29682731
     11.50000000      0.91404928      0.97649271      0.00374626      0.93792070      0.00000002      0.83828806      0.06135859      0.27589404      0.40234600      1.29648127
     11.60000000      0.91428185      0.97667155      0.00372581      0.93824445      0.00000002      0.83706541      0.06123129      0.27576317      0.40215846      1.29613729
     11.70000000      0.91451364      0.97684896      0.00370548      0.93856741      0.00000002      0.83584604      0.06110442      0.27563361      0.40197178      1.29579536
     11.80000000      0.91474466      0.97702496      0.00368529      0.93888959      0.00000002      0.83462995      0.06097798      0.27550536      0.40178597      1.29545547
     11.90000000      0.91497489      0.97719957      0.00366522      0.93921099      0.00000002      0.83341713      0.06085197      0.27537840      0.40160101      1.29511760
     12.00000000      0.91520435      0.97737278      0.00364527      0.93953161      0.00000002      0.83220755      0.06072638      0.27525271      0.40141692      1.29478175
     12.10000000      0.91543304      0.97754462      0.00362545      0.93985145      0.00000001      0.83100121      0.06060121      0.27512830      0.40123367      1.29444791
     12.20000000      0.91566097      0.97771509      0.00360575      0.94017050      0.00000001      0.82979810      0.06047647      0.27500513      0.40105128      1.29411606
     12.30000000      0.91588813      0.97788421      0.00358618      0.94048878      0.00000001      0.82859821      0.06035215      0.27488321      0.40086973      1.29378618
     12.40000000      0.91611453      0.97805198      0.00356673      0.94080627      0.00000001      0.82740152      0.06022824      0.27476251      0.40068902      1.29345828
     12.50000000      0.91634017      0.97821842      0.00354739      0.94112299      0.00000001      0.82620803      0.06010476      0.27464303      0.40050915      1.29313234
     12.60000000      0.91656506      0.97838355      0.00352818      0.94143892      0.00000001      0.82501771      0.05998169      0.27452476      0.40033011      1.29280834
     12.70000000      0.91678919      0.97854736      0.00350909      0.94175406      0.00000001      0.82383057      0.05985904      0.27440768      0.40015191      1.29248628
     12.80000000      0.91701258      0.97870987      0.00349011      0.94206843      0.00000001      0.82264658      0.05973680      0.27429177      0.39997453      1.29216615
     12.90000000      0.91723522      0.97887109      0.00347125      0.94238201      0.00000001      0.82146575      0.05961497      0.27417704      0.39979798      1.29184793
     13.00000000      0.91745712      0.97903104      0.00345251      0.94269481      0.00000001      0.82028804      0.05949356      0.27406346      0.39962224      1.29153161
     13.10000000      0.91767828      0.97918971      0.00343388      0.94300683      0.00000001      0.81911347      0.05937255      0.27395103      0.39944733      1.29121718
     13.20000000      0.91789871      0.97934713      0.00341536      0.94331807      0.00000001      0.81794201      0.05925195      0.27383973      0.39927322      1.29090464
     13.30000000      0.91811840      0.97950331      0.00339696      0.94362852      0.00000001      0.81677365      0.05913175      0.27372956      0.39909993      1.29059397
     13.40000000      0.91833736      0.97965825      0.00337867      0.94393819      0.00000001      0.81560838      0.05901196      0.27362050      0.39892744      1.29028515
     13.50000000      0.91855559      0.97981196      0.00336050      0.94424708      0.00000001      0.81444620      0.05889258      0.27351253      0.39875575      1.28997819
     13.60000000      0.91877310      0.97996445      0.00334243      0.94455518      0.00000001      0.81328708      0.05877359      0.27340566      0.39858486      1.28967306
     13.70000000      0.91898988      0.98011574      0.00332447      0.94486250      0.00000001      0.81213103      0.05865501      0.27329986      0.39841477      1.28936976
     13.80000000      0.91920595      0.98026583      0.00330662      0.94516904      0.00000001      0.81097802      0.05853683      0.27319514      0.39824547      1.28906828
     13.90000000      0.91942131      0.98041474      0.00328888      0.94547479      0.00000001      0.80982805      0.05841904      0.27309147      0.39807696      1.28876861
     14.00000000      0.91963595      0.98056247      0.00327125      0.94577977      0.00000001      0.80868110      0.05830165      0.27298885      0.39790924      1.28847073
     14.10000000      0.91984988      0.98070903      0.00325372      0.94608395      0.00000001      0.80753717      0.05818465      0.27288726      0.39774229      1.28817464
     14.20000000      0.92006310      0.98085444      0.00323630      0.94638736      0.00000001      0.80639625      0.05806805      0.27278670      0.39757613      1.28788032
     14.30000000      0.92027562      0.98099870      0.00321899      0.94668998      0.00000001      0.80525832      0.05795183      0.27268715      0.39741074      1.28758777
     14.40000000      0.92048744      0.98114182      0.00320177      0.94699182      0.00000001      0.80412337      0.05783601      0.27258861      0.39724612      1.28729698
     14.50000000      0.92069856      0.98128381      0.00318466      0.94729287      0.00000001      0.80299140      0.05772058      0.27249107      0.39708227      1.28700793
     14.60000000      0.92090898      0.98142468      0.00316766      0.94759314      0.00000001      0.80186239      0.05760553      0.27239451      0.39691918      1.28672061
     14.70000000      0.92111871      0.98156444      0.00315075      0.94789263      0.00000001      0.80073633      0.05749087      0.27229893      0.39675686      1.28643502
     14.80000000      0.92132775      0.98170310      0.00313395      0.94819133      0.00000001      0.79961321      0.05737659      0.27220431      0.39659529      1.28615115
     14.90000000      0.92153611      0.98184066      0.00311725      0.94848925      0.00000001      0.79849303      0.05726270      0.27211065      0.39643448      1.28586898
     15.00000000      0.92174377      0.98197715      0.00310064      0.94878639      0.00000001      0.79737576      0.05714919      0.27201794      0.39627442      1.28558851
     15.10000000      0.92195076      0.98211255      0.00308414      0.94908274      0.00000001      0.79626141      0.05703606      0.27192616      0.39611511      1.28530972
     15.20000000      0.92215707      0.98224690      0.00306773      0.94937831      0.00000001      0.79514995      0.05692331      0.27183531      0.39595654      1.28503260
     15.30000000      0.92236270      0.98238018      0.00305142      0.94967310      0.00000001      0.79404139      0.05681093      0.27174539      0.39579872      1.28475716
     15.40000000      0.92256766      0.98251242      0.00303520      0.94996710      0.00000001      0.79293570      0.05669893      0.27165637      0.39564163      1.28448337
     15.50000000      0.92277195      0.98264362      0.00301909      0.95026032      0.00000001      0.79183288      0.05658731      0.27156825      0.39548528      1.28421122
     15.60000000      0.92297557      0.98277379      0.00300306      0.95055276      0.00000001      0.79073293      0.05647606      0.27148102      0.39532966      1.28394072
     15.70000000      0.92317853      0.98290293      0.00298714      0.95084442      0.00000001      0.78963582      0.05636518      0.27139468      0.39517477      1.28367184
     15.80000000      0.92338082      0.98303106      0.00297130      0.95113529      0.00000001      0.78854155      0.05625467      0.27130921      0.39502061      1.28340458
     15.90000000      0.92358245      0.98315819      0.00295556      0.95142538      0.00000001      0.78745011      0.05614452      0.27122460      0.39486717      1.28313893
     16.00000000      0.92378343      0.98328432      0.00293991      0.95171468      0.00000001      0.78636149      0.05603475      0.27114085      0.39471444      1.28287487
     16.10000000      0.92398375      0.98340945      0.00292435      0.95200321      0.00000000      0.78527568      0.05592534      0.27105795      0.39456244      1.28261241
     16.20000000      0.92418341      0.98353361      0.00290889      0.95229095      0.00000000      0.78419267      0.05581630      0.27097589      0.39441114      1.28235153
     16.30000000      0.92438243      0.98365679      0.00289351      0.95257790      0.00000000      0.78311245      0.05570762      0.27089466      0.39426056      1.28209222
     16.40000000      0.92458080      0.98377901      0.00287823      0.95286408      0.00000000      0.78203500      0.05559930      0.27081426      0.39411068      1.28183447
     16.50000000      0.92477853      0.98390027      0.00286303      0.95314947      0.00000000      0.78096033      0.05549135      0.27073466      0.39396151      1.28157828
     16.60000000      0.92497561      0.98402058      0.00284792      0.95343408      0.00000000      0.77988842      0.05538375      0.27065588      0.39381303      1.28132363
     16.70000000      0.92517206      0.98413995      0.00283290      0.95371791      0.00000000      0.77881925      0.05527651      0.27057789      0.39366526      1.28107051
     16.80000000      0.92536787      0.98425838      0.00281797      0.95400096      0.00000000      0.77775283      0.05516963      0.27050069      0.39351817      1.28081893
     16.90000000      0.92556304      0.98437589      0.00280312      0.95428323      0.00000000      0.77668914      0.05506310      0.27042428      0.39337178      1.28056886
     17.00000000      0.92575759      0.98449248      0.00278836      0.95456471      0.00000000      0.77562817      0.05495692      0.27034864      0.39322608      1.28032029
     17.10000000      0.92595150      0.98460816      0.00277368      0.95484542      0.00000000      0.77456992      0.05485110      0.27027376      0.39308106      1.28007323
     17.20000000      0.92614479      0.98472293      0.00275909      0.95512534      0.00000000      0.77351436      0.05474563      0.27019965      0.39293672      1.27982766
     17.30000000      0.92633745      0.98483681      0.00274459      0.95540448      0.00000000      0.77246150      0.05464051      0.27012629      0.39279307      1.27958357
     17.40000000      0.92652949      0.98494980      0.00273016      0.95568284      0.00000000      0.77141132      0.05453573      0.27005367      0.39265009      1.27934096
     17.50000000      0.92672091      0.98506190      0.00271582      0.95596042      0.00000000      0.77036382      0.05443131      0.26998179      0.39250778      1.27909981
     17.60000000      0.92691172      0.98517313      0.00270157      0.95623722      0.00000000      0.76931898      0.05432722      0.26991064      0.39236614      1.27886011
     17.70000000      0.92710191      0.98528350      0.00268739      0.95651324      0.00000000      0.76827679      0.05422349      0.26984021      0.39222517      1.27862187
     17.80000000      0.92729149      0.98539300      0.00267330      0.95678848      0.00000000      0.76723725      0.05412009      0.26977050      0.39208486      1.27838506
     17.90000000      0.92748046      0.98550165      0.00265928      0.95706294      0.00000000      0.76620035      0.05401704      0.26970149      0.39194521      1.27814968
     18.00000000      0.92766882      0.98560945      0.00264535      0.95733662      0.00000000      0.76516608      0.05391433      0.26963318      0.39180622      1.27791573
     18.10000000      0.92785658      0.98571641      0.00263150      0.95760952      0.00000000      0.76413443      0.05381195      0.26956557      0.39166789      1.27768319
     18.20000000      0.92804374      0.98582254      0.00261772      0.95788164      0.00000000      0.76310538      0.05370992      0.26949864      0.39153021      1.27745206
     18.30000000      0.92823029      0.98592785      0.00260403      0.95815299      0.00000000      0.76207893      0.05360822      0.26943240      0.39139318      1.27722233
     18.40000000      0.92841625      0.98603233      0.00259041      0.95842355      0.00000000      0.76105508      0.05350685      0.26936682      0.39125679      1.27699398
     18.50000000      0.92860161      0.98613600      0.00257687      0.95869334      0.00000000      0.76003381      0.05340582      0.26930192      0.39112105      1.27676702
     18.60000000      0.92878638      0.98623887      0.00256340      0.95896235      0.00000000      0.75901511      0.05330512      0.26923767      0.39098595      1.27654142
     18.70000000      0.92897056      0.98634094      0.00255002      0.95923058      0.00000000      0.75799898      0.05320476      0.26917408      0.39085148      1.27631720
     18.80000000      0.92915416      0.98644221      0.00253670      0.95949803      0.00000000      0.75698540      0.05310472      0.26911113      0.39071765      1.27609433
     18.90000000      0.92933716      0.98654270      0.00252347      0.95976471      0.00000000      0.75597437      0.05300501      0.26904882      0.39058445      1.27587281
     19.00000000      0.92951958      0.98664241      0.00251031      0.96003061      0.00000000      0.75496587      0.05290563      0.26898715      0.39045189      1.27565263
     19.10000000      0.92970142      0.98674134      0.00249722      0.96029573      0.00000000      0.75395991      0.05280657      0.26892610      0.39031994      1.27543379
     19.20000000      0.92988269      0.98683950      0.00248421      0.96056008      0.00000000      0.75295646      0.05270784      0.26886567      0.39018863      1.27521627
     19.30000000      0.93006337      0.98693691      0.00247127      0.96082365      0.00000000      0.75195553      0.05260943      0.26880586      0.39005793      1.27500006
     19.40000000      0.93024348      0.98703356      0.00245840      0.96108644      0.00000000      0.75095710      0.05251134      0.26874666      0.38992785      1.27478517
     19.50000000      0.93042302      0.98712946      0.00244560      0.96134846      0.00000000      0.74996116      0.05241358      0.26868806      0.38979839      1.27457158
     19.60000000      0.93060199      0.98722462      0.00243288      0.96160971      0.00000000      0.74896771      0.05231613      0.26863006      0.38966953      1.27435929
     19.70000000      0.93078039      0.98731904      0.00242023      0.96187018      0.00000000      0.74797673      0.05221901      0.26857264      0.38954129      1.27414828
     19.80000000      0.93095822      0.98741273      0.00240765      0.96212987      0.00000000      0.74698823      0.05212219      0.26851581      0.38941366      1.27393855
     19.90000000      0.93113550      0.98750569      0.00239514      0.96238879      0.00000000      0.74600218      0.05202570      0.26845956      0.38928663      1.27373009
     20.00000000      0.93131221      0.98759794      0.00238270      0.96264694      0.00000000      0.74501858      0.05192952      0.26840389      0.38916020      1.27352289
     20.10000000      0.93148836      0.98768947      0.00237033      0.96290432      0.00000000      0.74403743      0.05183365      0.26834878      0.38903436      1.27331696
     20.20000000      0.93166395      0.98778029      0.00235803      0.96316092      0.00000000      0.74305871      0.05173810      0.26829423      0.38890913      1.27311227
     20.30000000      0.93183899      0.98787042      0.00234579      0.96341675      0.00000000      0.74208242      0.05164285      0.26824024      0.38878449      1.27290882
     20.40000000      0.93201348      0.98795985      0.00233363      0.96367181      0.00000000      0.74110854      0.05154792      0.26818679      0.38866044      1.27270661
     20.50000000      0.93218742      0.98804858      0.00232153      0.96392609      0.00000000      0.74013707      0.05145329      0.26813390      0.38853698      1.27250563
     20.60000000      0.93236081      0.98813664      0.00230950      0.96417961      0.00000000      0.73916801      0.05135897      0.26808154      0.38841410      1.27230586
     20.70000000      0.93253365      0.98822401      0.00229754      0.96443235      0.00000000      0.73820133      0.05126496      0.26802971      0.38829180      1.27210731
     20.80000000      0.93270595      0.98831071      0.00228564      0.96468432      0.00000000      0.73723705      0.05117125      0.26797842      0.38817009      1.27190997
     20.90000000      0.93287771      0.98839674      0.00227381      0.96493553      0.00000000      0.73627513      0.05107785      0.26792764      0.38804895      1.27171382
     21.00000000      0.93304893      0.98848211      0.00226205      0.96518596      0.00000000      0.73531559      0.05098474      0.26787739      0.38792839      1.27151886
     21.10000000      0.93321961      0.98856682      0.00225035      0.96543562      0.00000000      0.73435841      0.05089194      0.26782765      0.38780840      1.27132509
     21.20000000      0.93338975      0.98865087      0.00223871      0.96568452      0.00000000      0.73340357      0.05079944      0.26777841      0.38768898      1.27113250
     21.30000000      0.93355936      0.98873429      0.00222714      0.96593265      0.00000000      0.73245109      0.05070724      0.26772968      0.38757013      1.27094107
     21.40000000      0.93372844      0.98881705      0.00221563      0.96618000      0.00000000      0.73150093      0.05061533      0.26768144      0.38745184      1.27075081
     21.50000000      0.93389699      0.98889919      0.00220419      0.96642659      0.00000000      0.73055311      0.05052372      0.26763370      0.38733411      1.27056171
     21.60000000      0.93406501      0.98898069      0.00219281      0.96667242      0.00000000      0.72960760      0.05043241      0.26758645      0.38721694      1.27037375
     21.70000000      0.93423251      0.98906156      0.00218149      0.96691748      0.00000000      0.72866441      0.05034139      0.26753968      0.38710033      1.27018694
     21.80000000      0.93439949      0.98914182      0.00217024      0.96716177      0.00000000      0.72772352      0.05025066      0.26749338      0.38698428      1.27000126
     21.90000000      0.93456594      0.98922145      0.00215904      0.96740529      0.00000000      0.72678493      0.05016022      0.26744756      0.38686877      1.26981671
     22.00000000      0.93473187      0.98930048      0.00214791      0.96764805      0.00000000      0.72584862      0.05007008      0.26740221      0.38675382      1.26963329
     22.10000000      0.93489729      0.98937890      0.00213684      0.96789005      0.00000000      0.72491460      0.04998022      0.26735732      0.38663941      1.26945098
     22.20000000      0.93506219      0.98945672      0.00212583      0.96813128      0.00000000      0.72398285      0.04989065      0.26731289      0.38652554      1.26926978
     22.30000000      0.93522658      0.98953394      0.00211488      0.96837175      0.00000000      0.72305336      0.04980137      0.26726891      0.38641222      1.26908968
     22.40000000      0.93539045      0.98961057      0.00210399      0.96861145      0.00000000      0.72212613      0.04971238      0.26722538      0.38629944      1.26891068
     22.50000000      0.93555382      0.98968661      0.00209315      0.96885039      0.00000000      0.72120116      0.04962367      0.26718230      0.38618719      1.26873277
     22.60000000      0.93571668      0.98976207      0.00208238      0.96908857      0.00000000      0.72027842      0.04953524      0.26713966      0.38607548      1.26855594
     22.70000000      0.93587904      0.98983695      0.00207167      0.96932599      0.00000000      0.71935792      0.04944710      0.26709746      0.38596430      1.26838019
     22.80000000      0.93604089      0.98991126      0.00206101      0.96956264      0.00000000      0.71843964      0.04935923      0.26705569      0.38585365      1.26820551
     22.90000000      0.93620223      0.98998500      0.00205042      0.96979854      0.00000000      0.71752358      0.04927165      0.26701434      0.38574353      1.26803189
     23.00000000      0.93636308      0.99005817      0.00203988      0.97003367      0.00000000      0.71660974      0.04918435      0.26697342      0.38563393      1.26785933
     23.10000000      0.93652344      0.99013079      0.00202940      0.97026805      0.00000000      0.71569810      0.04909732      0.26693292      0.38552485      1.26768782
     23.20000000      0.93668329      0.99020285      0.00201897      0.97050167      0.00000000      0.71478866      0.04901057      0.26689283      0.38541630      1.26751736
     23.30000000      0.93684265      0.99027436      0.00200860      0.97073452      0.00000000      0.71388140      0.04892410      0.26685315      0.38530826      1.26734793
     23.40000000      0.93700152      0.99034533      0.00199829      0.97096662      0.00000000      0.71297633      0.04883790      0.26681388      0.38520074      1.26717954
     23.50000000      0.93715990      0.99041575      0.00198803      0.97119797      0.00000000      0.71207343      0.04875197      0.26677501      0.38509373      1.26701217
     23.60000000      0.93731779      0.99048564      0.00197783      0.97142855      0.00000000      0.71117270      0.04866632      0.26673654      0.38498723      1.26684583
     23.70000000      0.93747520      0.99055499      0.00196769      0.97165838      0.00000000      0.71027413      0.04858094      0.26669846      0.38488124      1.26668049
     23.80000000      0.93763212      0.99062381      0.00195760      0.97188745      0.00000000      0.70937771      0.04849583      0.26666078      0.38477575      1.26651617
     23.90000000      0.93778855      0.99069211      0.00194756      0.97211577      0.00000000      0.70848344      0.04841099      0.26662348      0.38467077      1.26635285
     24.00000000      0.93794451      0.99075989      0.00193758      0.97234334      0.00000000      0.70759131      0.04832641      0.26658656      0.38456629      1.26619052
     24.10000000      0.93809998      0.99082715      0.00192765      0.97257014      0.00000000      0.70670130      0.04824211      0.26655003      0.38446230      1.26602918
     24.20000000      0.93825498      0.99089390      0.00191778      0.97279620      0.00000000      0.70581342      0.04815806      0.26651386      0.38435882      1.26586883
     24.30000000      0.93840951      0.99096015      0.00190796      0.97302150      0.00000000      0.70492766      0.04807429      0.26647807      0.38425583      1.26570946
     24.40000000      0.93856356      0.99102589      0.00189819      0.97324606      0.00000000      0.70404401      0.04799078      0.26644265      0.38415333      1.26555106
     24.50000000      0.93871713      0.99109112      0.00188847      0.97346985      0.00000000      0.70316246      0.04790753      0.26640759      0.38405132      1.26539362
     24.60000000      0.93887024      0.99115587      0.00187881      0.97369290      0.00000000      0.70228300      0.04782454      0.26637288      0.38394980      1.26523715
     24.70000000      0.93902288      0.99122012      0.00186920      0.97391520      0.00000000      0.70140563      0.04774181      0.26633854      0.38384876      1.26508163
     24.80000000      0.93917505      0.99128388      0.00185964      0.97413675      0.00000000      0.70053035      0.04765934      0.26630455      0.38374821      1.26492706
     24.90000000      0.93932676      0.99134716      0.00185013      0.97435755      0.00000000      0.69965714      0.04757714      0.26627091      0.38364814      1.26477343
     25.00000000      0.93947800      0.99140996      0.00184067      0.97457760      0.00000000      0.69878600      0.04749518      0.26623761      0.38354854      1.26462074
     25.10000000      0.93962879      0.99147228      0.00183126      0.97479690      0.00000000      0.69791691      0.04741349      0.26620465      0.38344943      1.26446899
     25.20000000      0.93977911      0.99153413      0.00182191      0.97501546      0.00000000      0.69704988      0.04733205      0.26617204      0.38335078      1.26431816
     25.30000000      0.93992897      0.99159551      0.00181260      0.97523327      0.00000000      0.69618490      0.04725087      0.26613976      0.38325261      1.26416825
     25.40000000      0.94007838      0.99165642      0.00180334      0.97545033      0.00000000      0.69532196      0.04716993      0.26610781      0.38315491      1.26401926
     25.50000000      0.94022734      0.99171688      0.00179414      0.97566665      0.00000000      0.69446105      0.04708925      0.26607619      0.38305768      1.26387118
     25.60000000      0.94037584      0.99177687      0.00178498      0.97588222      0.00000000      0.69360217      0.04700883      0.26604489      0.38296091      1.26372400
     25.70000000      0.94052389      0.99183641      0.00177587      0.97609705      0.00000000      0.69274531      0.04692865      0.26601392      0.38286460      1.26357772
     25.80000000      0.94067149      0.99189550      0.00176681      0.97631114      0.00000000      0.69189046      0.04684872      0.26598327      0.38276876      1.26343234
     25.90000000      0.94081864      0.99195415      0.00175780      0.97652448      0.00000000      0.69103762      0.04676904      0.26595293      0.38267338      1.26328784
     26.00000000      0.94096535      0.99201235      0.00174883      0.97673708      0.00000000      0.69018677      0.04668961      0.26592290      0.38257845      1.26314423
     26.10000000      0.94111161      0.99207011      0.00173991      0.97694894      0.00000000      0.68933792      0.04661043      0.26589319      0.38248398      1.26300150
     26.20000000      0.94125743      0.99212743      0.00173104      0.97716006      0.00000000      0.68849106      0.04653149      0.26586378      0.38238996      1.26285964
     26.30000000      0.94140281      0.99218432      0.00172222      0.97737045      0.00000000      0.68764618      0.04645279      0.26583467      0.38229639      1.26271864
     26.40000000      0.94154775      0.99224078      0.00171345      0.97758009      0.00000000      0.68680327      0.04637434      0.26580586      0.38220327      1.26257851
     26.50000000      0.94169225      0.99229682      0.00170472      0.97778899      0.00000000      0.68596232      0.04629613      0.26577735      0.38211060      1.26243924
     26.60000000      0.94183631      0.99235243      0.00169604      0.97799716      0.00000000      0.68512334      0.04621816      0.26574914      0.38201837      1.26230082
     26.70000000      0.94197994      0.99240762      0.00168740      0.97820458      0.00000000      0.68428631      0.04614043      0.26572121      0.38192658      1.26216324
     26.80000000      0.94212314      0.99246240      0.00167881      0.97841128      0.00000000      0.68345123      0.04606294      0.26569357      0.38183524      1.26202651
     26.90000000      0.94226591      0.99251676      0.00167026      0.97861723      0.00000000      0.68261809      0.04598569      0.26566622      0.38174433      1.26189061
     27.00000000      0.94240824      0.99257071      0.00166176      0.97882245      0.00000000      0.68178688      0.04590868      0.26563915      0.38165386      1.26175554
     27.10000000      0.94255015      0.99262426      0.00165331      0.97902694      0.00000000      0.68095760      0.04583191      0.26561236      0.38156382      1.26162130
     27.20000000      0.94269163      0.99267741      0.00164490      0.97923070      0.00000000      0.68013025      0.04575537      0.26558585      0.38147421      1.26148789
     27.30000000      0.94283269      0.99273015      0.00163653      0.97943372      0.00000000      0.67930481      0.04567906      0.26555961      0.38138504      1.26135528
     27.40000000      0.94297332      0.99278250      0.00162821      0.97963601      0.00000000      0.67848128      0.04560299      0.26553364      0.38129629      1.26122350
     27.50000000      0.94311353      0.99283445      0.00161993      0.97983757      0.00000000      0.67765965      0.04552716      0.26550793      0.38120797      1.26109251
     27.60000000      0.94325332      0.99288602      0.00161170      0.98003840      0.00000000      0.67683991      0.04545155      0.26548250      0.38112008      1.26096233
     27.70000000      0.94339269      0.99293719      0.00160351      0.98023850      0.00000000      0.67602207      0.04537618      0.26545733      0.38103260      1.26083295
     27.80000000      0.94353165      0.99298798      0.00159536      0.98043787      0.00000000      0.67520612      0.04530103      0.26543241      0.38094555      1.26070436
     27.90000000      0.94367019      0.99303839      0.00158726      0.98063651      0.00000000      0.67439204      0.04522612      0.26540776      0.38085891      1.26057655
     28.00000000      0.94380831      0.99308843      0.00157920      0.98083443      0.00000000      0.67357983      0.04515143      0.26538336      0.38077270      1.26044953
     28.10000000      0.94394602      0.99313808      0.00157118      0.98103161      0.00000000      0.67276949      0.04507697      0.26535921      0.38068689      1.26032329
     28.20000000      0.94408332      0.99318737      0.00156320      0.98122808      0.00000000      0.67196101      0.04500274      0.26533531      0.38060150      1.26019782
     28.30000000      0.94422021      0.99323628      0.00155527      0.98142382      0.00000000      0.67115438      0.04492873      0.26531166      0.38051652      1.26007312
     28.40000000      0.94435670      0.99328483      0.00154737      0.98161883      0.00000000      0.67034960      0.04485495      0.26528826      0.38043195      1.25994919
     28.50000000      0.94449277      0.99333301      0.00153952      0.98181312      0.00000000      0.66954666      0.04478139      0.26526510      0.38034778      1.25982601
     28.60000000      0.94462845      0.99338084      0.00153171      0.98200669      0.00000000      0.66874556      0.04470805      0.26524217      0.38026402      1.25970359
     28.70000000      0.94476371      0.99342830      0.00152394      0.98219954      0.00000000      0.66794628      0.04463494      0.26521949      0.38018066      1.25958192
     28.80000000      0.94489858      0.99347541      0.00151621      0.98239166      0.00000000      0.66714883      0.04456205      0.26519704      0.38009771      1.25946099
     28.90000000      0.94503304      0.99352217      0.00150852      0.98258307      0.00000000      0.66635320      0.04448937      0.26517482      0.38001515      1.25934081
     29.00000000      0.94516711      0.99356858      0.00150087      0.98277375      0.00000000      0.66555938      0.04441692      0.26515283      0.37993299      1.25922136
     29.10000000      0.94530078      0.99361464      0.00149327      0.98296372      0.00000000      0.66476737      0.04434469      0.26513107      0.37985123      1.25910264
     29.20000000      0.94543405      0.99366035      0.00148570      0.98315297      0.00000000      0.66397715      0.04427267      0.26510954      0.37976986      1.25898466
     29.30000000      0.94556693      0.99370573      0.00147817      0.98334151      0.00000000      0.66318873      0.04420087      0.26508823      0.37968888      1.25886739
     29.40000000      0.94569941      0.99375076      0.00147068      0.98352932      0.00000000      0.66240210      0.04412929      0.26506714      0.37960829      1.25875085
     29.50000000      0.94583150      0.99379546      0.00146323      0.98371643      0.00000000      0.66161725      0.04405792      0.26504627      0.37952809      1.25863502
     29.60000000      0.94596320      0.99383983      0.00145582      0.98390282      0.00000000      0.66083418      0.04398676      0.26502561      0.37944828      1.25851990
     29.70000000      0.94609451      0.99388387      0.00144844      0.98408849      0.00000000      0.66005288      0.04391582      0.26500517      0.37936885      1.25840549
     29.80000000      0.94622544      0.99392757      0.00144111      0.98427345      0.00000000      0.65927335      0.04384509      0.26498494      0.37928980      1.25829178
     29.90000000      0.94635597      0.99397096      0.00143381      0.98445770      0.00000000      0.65849557      0.04377458      0.26496493      0.37921114      1.25817877
     30.00000000      0.94648612      0.99401401      0.00142656      0.98464124      0.00000000      0.65771955      0.04370427      0.26494512      0.37913285      1.25806645
     30.10000000      0.94661589      0.99405675      0.00141934      0.98482407      0.00000000      0.65694528      0.04363417      0.26492552      0.37905494      1.25795482
     30.20000000      0.94674528      0.99409917      0.00141215      0.98500619      0.00000000      0.65617275      0.04356429      0.26490612      0.37897741      1.25784387
     30.30000000      0.94687429      0.99414127      0.00140501      0.98518760      0.00000000      0.65540195      0.04349461      0.26488692      0.37890025      1.25773361
     30.40000000      0.94700291      0.99418306      0.00139790      0.98536831      0.00000000      0.65463289      0.04342514      0.26486792      0.37882347      1.25762402
     30.50000000      0.94713116      0.99422454      0.00139083      0.98554831      0.00000000      0.65386556      0.04335587      0.26484912      0.37874705      1.25751511
     30.60000000      0.94725903      0.99426571      0.00138380      0.98572760      0.00000000      0.65309994      0.04328681      0.26483052      0.37867100      1.25740686
     30.70000000      0.94738653      0.99430658      0.00137680      0.98590619      0.00000000      0.65233604      0.04321796      0.26481211      0.37859532      1.25729928
     30.80000000      0.94751365      0.99434714      0.00136984      0.98608407      0.00000000      0.65157385      0.04314931      0.26479389      0.37852001      1.25719236
     30.90000000      0.94764040      0.99438740      0.00136291      0.98626125      0.00000000      0.65081337      0.04308086      0.26477586      0.37844506      1.25708609
     31.00000000      0.94776678      0.99442736      0.00135602      0.98643773      0.00000000      0.65005458      0.04301262      0.26475802      0.37837047      1.25698048
     31.10000000      0.94789279      0.99446702      0.00134917      0.98661350      0.00000000      0.64929748      0.04294458      0.26474036      0.37829624      1.25687552
     31.20000000      0.94801843      0.99450639      0.00134235      0.98678858      0.00000000      0.64854208      0.04287674      0.26472289      0.37822237      1.25677120
     31.30000000      0.94814370      0.99454547      0.00133557      0.98696296      0.00000000      0.64778835      0.04280910      0.26470560      0.37814885      1.25666752
     31.40000000      0.94826861      0.99458426      0.00132882      0.98713664      0.00000000      0.64703630      0.04274165      0.26468849      0.37807569      1.25656448
     31.50000000      0.94839315      0.99462276      0.00132211      0.98730962      0.00000000      0.64628593      0.04267441      0.26467156      0.37800289      1.25646208
     31.60000000      0.94851733      0.99466098      0.00131543      0.98748190      0.00000000      0.64553722      0.04260737      0.26465481      0.37793043      1.25636030
     31.70000000      0.94864115      0.99469891      0.00130879      0.98765349      0.00000000      0.64479017      0.04254052      0.26463823      0.37785833      1.25625915
     31.80000000      0.94876461      0.99473656      0.00130218      0.98782438      0.00000000      0.64404478      0.04247387      0.26462182      0.37778657      1.25615862
     31.90000000      0.94888770      0.99477393      0.00129561      0.98799458      0.00000000      0.64330103      0.04240741      0.26460559      0.37771516      1.25605870
     32.00000000      0.94901044      0.99481103      0.00128907      0.98816409      0.00000000      0.64255894      0.04234115      0.26458952      0.37764410      1.25595940
     32.10000000      0.94913282      0.99484785      0.00128256      0.98833290      0.00000000      0.64181848      0.04227508      0.26457363      0.37757338      1.25586072
     32.20000000      0.94925485      0.99488440      0.00127609      0.98850102      0.00000000      0.64107966      0.04220921      0.26455790      0.37750300      1.25576263
     32.30000000      0.94937652      0.99492068      0.00126965      0.98866846      0.00000000      0.64034246      0.04214353      0.26454233      0.37743296      1.25566515
     32.40000000      0.94949784      0.99495670      0.00126325      0.98883520      0.00000000      0.63960689      0.04207804      0.26452693      0.37736326      1.25556827
     32.50000000      0.94961881      0.99499244      0.00125687      0.98900125      0.00000000      0.63887294      0.04201274      0.26451169      0.37729390      1.25547199
     32.60000000      0.94973942      0.99502792      0.00125053      0.98916662      0.00000000      0.63814061      0.04194763      0.26449660      0.37722487      1.25537630
     32.70000000      0.94985969      0.99506314      0.00124423      0.98933130      0.00000000      0.63740988      0.04188271      0.26448168      0.37715618      1.25528119
     32.80000000      0.94997961      0.99509810      0.00123795      0.98949530      0.00000000      0.63668076      0.04181798      0.26446691      0.37708782      1.25518668
     32.90000000      0.95009918      0.99513281      0.00123171      0.98965861      0.00000000      0.63595324      0.04175344      0.26445230      0.37701979      1.25509274
     33.00000000      0.95021841      0.99516725      0.00122550      0.98982123      0.00000000      0.63522731      0.04168909      0.26443784      0.37695209      1.25499938
     33.10000000      0.95033729      0.99520145      0.00121932      0.98998318      0.00000000      0.63450297      0.04162492      0.26442353      0.37688472      1.25490659
     33.20000000      0.95045583      0.99523539      0.00121317      0.99014444      0.00000000      0.63378021      0.04156093      0.26440937      0.37681767      1.25481438
     33.30000000      0.95057403      0.99526908      0.00120706      0.99030502      0.00000000      0.63305903      0.04149714      0.26439536      0.37675095      1.25472273
     33.40000000      0.95069189      0.99530252      0.00120098      0.99046492      0.00000000      0.63233943      0.04143352      0.26438149      0.37668455      1.25463165
     33.50000000      0.95080940      0.99533572      0.00119492      0.99062415      0.00000000      0.63162140      0.04137009      0.26436778      0.37661847      1.25454113
     33.60000000      0.95092658      0.99536867      0.00118890      0.99078269      0.00000000      0.63090493      0.04130685      0.26435420      0.37655272      1.25445116
     33.70000000      0.95104342      0.99540138      0.00118291      0.99094056      0.00000000      0.63019001      0.04124378      0.26434077      0.37648728      1.25436175
     33.80000000      0.95115993      0.99543385      0.00117695      0.99109775      0.00000000      0.62947666      0.04118090      0.26432748      0.37642216      1.25427289
     33.90000000      0.95127610      0.99546608      0.00117103      0.99125427      0.00000000      0.62876485      0.04111820      0.26431433      0.37635735      1.25418457
     34.00000000      0.95139194      0.99549808      0.00116513      0.99141011      0.00000000      0.62805459      0.04105567      0.26430132      0.37629286      1.25409680
     34.10000000      0.95150744      0.99552984      0.00115926      0.99156528      0.00000000      0.62734586      0.04099333      0.26428844      0.37622868      1.25400957
     34.20000000      0.95162262      0.99556136      0.00115342      0.99171978      0.00000000      0.62663868      0.04093117      0.26427570      0.37616481      1.25392287
     34.30000000      0.95173746      0.99559266      0.00114762      0.99187360      0.00000000      0.62593302      0.04086918      0.26426310      0.37610125      1.25383671
     34.40000000      0.95185197      0.99562372      0.00114184      0.99202676      0.00000000      0.62522889      0.04080737      0.26425062      0.37603800      1.25375108
     34.50000000      0.95196616      0.99565456      0.00113609      0.99217925      0.00000000      0.62452627      0.04074574      0.26423828      0.37597505      1.25366598
     34.60000000      0.95208002      0.99568517      0.00113037      0.99233107      0.00000000      0.62382518      0.04068428      0.26422607      0.37591241      1.25358140
     34.70000000      0.95219356      0.99571556      0.00112468      0.99248222      0.00000000      0.62312559      0.04062300      0.26421399      0.37585008      1.25349734
     34.80000000      0.95230677      0.99574572      0.00111902      0.99263271      0.00000000      0.62242751      0.04056189      0.26420203      0.37578805      1.25341380
     34.90000000      0.95241965      0.99577567      0.00111339      0.99278253      0.00000000      0.62173094      0.04050096      0.26419020      0.37572631      1.25333077
     35.00000000      0.95253222      0.99580539      0.00110779      0.99293168      0.00000000      0.62103586      0.04044020      0.26417849      0.37566488      1.25324826
     35.10000000      0.95264446      0.99583490      0.00110222      0.99308018      0.00000000      0.62034227      0.04037961      0.26416691      0.37560375      1.25316625
     35.20000000      0.95275639      0.99586419      0.00109667      0.99322801      0.00000000      0.61965017      0.04031919      0.26415545      0.37554291      1.25308475
     35.30000000      0.95286799      0.99589327      0.00109115      0.99337518      0.00000000      0.61895956      0.04025895      0.26414411      0.37548236      1.25300375
     35.40000000      0.95297928      0.99592213      0.00108567      0.99352169      0.00000000      0.61827042      0.04019887      0.26413289      0.37542212      1.25292325
     35.50000000      0.95309026      0.99595078      0.00108021      0.99366755      0.00000000      0.61758276      0.04013897      0.26412179      0.37536216      1.25284325
     35.60000000      0.95320091      0.99597923      0.00107477      0.99381274      0.00000000      0.61689657      0.04007923      0.26411081      0.37530249      1.25276374
     35.70000000      0.95331125      0.99600746      0.00106937      0.99395728      0.00000000      0.61621184      0.04001967      0.26409994      0.37524312      1.25268471
     35.80000000      0.95342128      0.99603549      0.00106399      0.99410116      0.00000000      0.61552857      0.03996027      0.26408919      0.37518403      1.25260618
     35.90000000      0.95353100      0.99606332      0.00105864      0.99424439      0.00000000      0.61484676      0.03990104      0.26407855      0.37512523      1.25252813
     36.00000000      0.95364041      0.99609094      0.00105332      0.99438696      0.00000000      0.61416640      0.03984197      0.26406803      0.37506671      1.25245056
     36.10000000      0.95374950      0.99611836      0.00104803      0.99452888      0.00000000      0.61348749      0.03978307      0.26405761      0.37500848      1.25237347
     36.20000000      0.95385829      0.99614558      0.00104276      0.99467015      0.00000000      0.61281002      0.03972434      0.26404731      0.37495053      1.25229685
     36.30000000      0.95396677      0.99617261      0.00103752      0.99481076      0.00000000      0.61213399      0.03966577      0.26403711      0.37489287      1.25222071
     36.40000000      0.95407494      0.99619943      0.00103230      0.99495073      0.00000000      0.61145939      0.03960736      0.26402703      0.37483548      1.25214503
     36.50000000      0.95418281      0.99622606      0.00102712      0.99509005      0.00000000      0.61078623      0.03954912      0.26401705      0.37477837      1.25206982
     36.60000000      0.95429037      0.99625250      0.00102195      0.99522872      0.00000000      0.61011448      0.03949104      0.26400717      0.37472154      1.25199508
     36.70000000      0.95439763      0.99627874      0.00101682      0.99536675      0.00000000      0.60944416      0.03943312      0.26399740      0.37466499      1.25192079
     36.80000000      0.95450459      0.99630480      0.00101171      0.99550413      0.00000000      0.60877526      0.03937537      0.26398774      0.37460871      1.25184697
     36.90000000      0.95461124      0.99633066      0.00100663      0.99564086      0.00000000      0.60810776      0.03931777      0.26397817      0.37455270      1.25177360
     37.00000000      0.95471760      0.99635633      0.00100157      0.99577696      0.00000000      0.60744168      0.03926034      0.26396871      0.37449697      1.25170068
     37.10000000      0.95482365      0.99638182      0.00099654      0.99591241      0.00000000      0.60677699      0.03920306      0.26395935      0.37444150      1.25162821
     37.20000000      0.95492941      0.99640713      0.00099154      0.99604721      0.00000000      0.60611371      0.03914595      0.26395009      0.37438631      1.25155619
     37.30000000      0.95503487      0.99643225      0.00098656      0.99618138      0.00000000      0.60545182      0.03908899      0.26394093      0.37433138      1.25148461
     37.40000000      0.95514003      0.99645718      0.00098160      0.99631491      0.00000000      0.60479133      0.03903219      0.26393186      0.37427673      1.25141347
     37.50000000      0.95524490      0.99648194      0.00097667      0.99644780      0.00000000      0.60413222      0.03897555      0.26392289      0.37422233      1.25134278
     37.60000000      0.95534947      0.99650652      0.00097177      0.99658005      0.00000000      0.60347449      0.03891906      0.26391402      0.37416821      1.25127251
     37.70000000      0.95545375      0.99653091      0.00096689      0.99671167      0.00000000      0.60281814      0.03886274      0.26390524      0.37411434      1.25120269
     37.80000000      0.95555774      0.99655513      0.00096204      0.99684265      0.00000000      0.60216316      0.03880656      0.26389655      0.37406074      1.25113329
     37.90000000      0.95566144      0.99657918      0.00095721      0.99697300      0.00000000      0.60150955      0.03875054      0.26388796      0.37400740      1.25106432
     38.00000000      0.95576485      0.99660305      0.00095240      0.99710272      0.00000000      0.60085731      0.03869468      0.26387946      0.37395432      1.25099578
     38.10000000      0.95586796      0.99662675      0.00094762      0.99723180      0.00000000      0.60020643      0.03863897      0.26387105      0.37390149      1.25092765
     38.20000000      0.95597079      0.99665028      0.00094287      0.99736026      0.00000000      0.59955691      0.03858341      0.26386273      0.37384893      1.25085995
     38.30000000      0.95607333      0.99667363      0.00093814      0.99748808      0.00000000      0.59890874      0.03852800      0.26385449      0.37379662      1.25079267
     38.40000000      0.95617559      0.99669682      0.00093343      0.99761528      0.00000000      0.59826192      0.03847275      0.26384635      0.37374456      1.25072580
     38.50000000      0.95627756      0.99671984      0.00092874      0.99774185      0.00000000      0.59761644      0.03841765      0.26383829      0.37369276      1.25065935
     38.60000000      0.95637925      0.99674269      0.00092408      0.99786779      0.00000000      0.59697231      0.03836269      0.26383032      0.37364121      1.25059330
     38.70000000      0.95648065      0.99676538      0.00091945      0.99799311      0.00000000      0.59632951      0.03830789      0.26382243      0.37358991      1.25052767
     38.80000000      0.95658177      0.99678790      0.00091483      0.99811780      0.00000000      0.59568804      0.03825324      0.26381463      0.37353886      1.25046243
     38.90000000      0.95668261      0.99681026      0.00091024      0.99824187      0.00000000      0.59504791      0.03819874      0.26380691      0.37348806      1.25039760
     39.00000000      0.95678316      0.99683246      0.00090568      0.99836532      0.00000000      0.59440910      0.03814438      0.26379928      0.37343750      1.25033317
     39.10000000      0.95688344      0.99685450      0.00090114      0.99848814      0.00000000      0.59377161      0.03809018      0.26379172      0.37338719      1.25026914
     39.20000000      0.95698344      0.99687638      0.00089662      0.99861035      0.00000000      0.59313543      0.03803612      0.26378425      0.37333713      1.25020551
     39.30000000      0.95708316      0.99689810      0.00089212      0.99873194      0.00000000      0.59250057      0.03798221      0.26377686      0.37328731      1.25014226
     39.40000000      0.95718261      0.99691967      0.00088765      0.99885291      0.00000000      0.59186702      0.03792844      0.26376954      0.37323774      1.25007941
     39.50000000      0.95728178      0.99694108      0.00088319      0.99897326      0.00000000      0.59123478      0.03787482      0.26376231      0.37318840      1.25001694
     39.60000000      0.95738067      0.99696234      0.00087877      0.99909300      0.00000000      0.59060383      0.03782135      0.26375515      0.37313931      1.24995486
     39.70000000      0.95747930      0.99698344      0.00087436      0.99921213      0.00000000      0.58997419      0.03776801      0.26374807      0.37309045      1.24989317
     39.80000000      0.95757764      0.99700439      0.00086997      0.99933064      0.00000000      0.58934583      0.03771483      0.26374107      0.37304184      1.24983185
     39.90000000      0.95767572      0.99702519      0.00086561      0.99944854      0.00000000      0.58871877      0.03766179      0.26373414      0.37299346      1.24977092
     40.00000000      0.95777352      0.99704584      0.00086127      0.99956582      0.00000000      0.58809299      0.03760889      0.26372728      0.37294531      1.24971036
     40.10000000      0.95787106      0.99706634      0.00085696      0.99968250      0.00000000      0.58746850      0.03755613      0.26372050      0.37289740      1.24965017
     40.20000000      0.95796832      0.99708669      0.00085266      0.99979857      0.00000000      0.58684528      0.03750351      0.26371379      0.37284973      1.24959036
     40.30000000      0.95806532      0.99710690      0.00084839      0.99991403      0.00000000      0.58622334      0.03745104      0.26370716      0.37280228      1.24953091
     40.40000000      0.95816205      0.99712696      0.00084413      1.00002889      0.00000000      0.58560267      0.03739871      0.26370059      0.37275507      1.24947183
     40.50000000      0.95825851      0.99714687      0.00083990      1.00014314      0.00000000      0.58498326      0.03734651      0.26369410      0.37270809      1.24941312
     40.60000000      0.95835471      0.99716665      0.00083569      1.00025678      0.00000000      0.58436512      0.03729446      0.26368768      0.37266134      1.24935477
     40.70000000      0.95845064      0.99718628      0.00083151      1.00036982      0.00000000      0.58374823      0.03724255      0.26368132      0.37261481      1.24929678
     40.80000000      0.95854631      0.99720577      0.00082734      1.00048226      0.00000000      0.58313261      0.03719077      0.26367504      0.37256851      1.24923915
     40.90000000      0.95864171      0.99722512      0.00082319      1.00059410      0.00000000      0.58251823      0.03713914      0.26366882      0.37252244      1.24918187
     41.00000000      0.95873685      0.99724433      0.00081907      1.00070534      0.00000000      0.58190510      0.03708764      0.26366267      0.37247659      1.24912495
     41.10000000      0.95883174      0.99726341      0.00081496      1.00081598      0.00000000      0.58129322      0.03703627      0.26365658      0.37243097      1.24906838
     41.20000000      0.95892636      0.99728235      0.00081088      1.00092602      0.00000000      0.58068258      0.03698505      0.26365056      0.37238557      1.24901216
     41.30000000      0.95902072      0.99730115      0.00080682      1.00103547      0.00000000      0.58007318      0.03693396      0.26364461      0.37234039      1.24895629
     41.40000000      0.95911482      0.99731981      0.00080278      1.00114432      0.00000000      0.57946500      0.03688301      0.26363872      0.37229543      1.24890076
     41.50000000      0.95920867      0.99733835      0.00079875      1.00125258      0.00000000      0.57885806      0.03683219      0.26363290      0.37225069      1.24884557
     41.60000000      0.95930225      0.99735675      0.00079475      1.00136024      0.00000000      0.57825235      0.03678151      0.26362713      0.37220617      1.24879073
     41.70000000      0.95939559      0.99737501      0.00079077      1.00146731      0.00000000      0.57764786      0.03673096      0.26362143      0.37216187      1.24873622
     41.80000000      0.95948866      0.99739315      0.00078681      1.00157379      0.00000000      0.57704458      0.03668054      0.26361580      0.37211778      1.24868206
     41.90000000      0.95958148      0.99741116      0.00078287      1.00167968      0.00000000      0.57644253      0.03663026      0.26361022      0.37207391      1.24862822
     42.00000000      0.95967405      0.99742904      0.00077895      1.00178498      0.00000000      0.57584168      0.03658011      0.26360470      0.37203025      1.24857472
     42.10000000      0.95976637      0.99744679      0.00077505      1.00188969      0.00000000      0.57524204      0.03653009      0.26359925      0.37198680      1.24852155
     42.20000000      0.95985843      0.99746441      0.00077117      1.00199382      0.00000000      0.57464361      0.03648021      0.26359385      0.37194357      1.24846871
     42.30000000      0.95995025      0.99748191      0.00076731      1.00209736      0.00000000      0.57404638      0.03643045      0.26358851      0.37190055      1.24841620
     42.40000000      0.96004181      0.99749928      0.00076346      1.00220032      0.00000000      0.57345035      0.03638083      0.26358323      0.37185773      1.24836401
     42.50000000      0.96013312      0.99751653      0.00075964      1.00230269      0.00000000      0.57285551      0.03633134      0.26357801      0.37181513      1.24831214
     42.60000000      0.96022419      0.99753366      0.00075584      1.00240448      0.00000000      0.57226186      0.03628197      0.26357284      0.37177274      1.24826059
     42.70000000      0.96031500      0.99755066      0.00075205      1.00250569      0.00000000      0.57166940      0.03623274      0.26356773      0.37173055      1.24820936
     42.80000000      0.96040557      0.99756754      0.00074829      1.00260633      0.00000000      0.57107813      0.03618363      0.26356268      0.37168857      1.24815845
     42.90000000      0.96049590      0.99758430      0.00074454      1.00270638      0.00000000      0.57048803      0.03613466      0.26355768      0.37164679      1.24810786
     43.00000000      0.96058598      0.99760094      0.00074081      1.00280585      0.00000000      0.56989911      0.03608581      0.26355273      0.37160522      1.24805757
     43.10000000      0.96067581      0.99761747      0.00073711      1.00290475      0.00000000      0.56931137      0.03603709      0.26354784      0.37156385      1.24800760
     43.20000000      0.96076540      0.99763387      0.00073342      1.00300308      0.00000000      0.56872479      0.03598849      0.26354301      0.37152268      1.24795793
     43.30000000      0.96085475      0.99765016      0.00072974      1.00310083      0.00000000      0.56813938      0.03594002      0.26353822      0.37148172      1.24790858
     43.40000000      0.96094385      0.99766633      0.00072609      1.00319800      0.00000000      0.56755514      0.03589168      0.26353349      0.37144095      1.24785953
     43.50000000      0.96103272      0.99768239      0.00072246      1.00329461      0.00000000      0.56697206      0.03584346      0.26352881      0.37140038      1.24781078
     43.60000000      0.96112134      0.99769833      0.00071884      1.00339064      0.00000000      0.56639013      0.03579537      0.26352418      0.37136002      1.24776233
     43.70000000      0.96120973      0.99771416      0.00071524      1.00348611      0.00000000      0.56580935      0.03574740      0.26351960      0.37131984      1.24771418
     43.80000000      0.96129787      0.99772988      0.00071166      1.00358100      0.00000000      0.56522973      0.03569956      0.26351508      0.37127987      1.24766634
     43.90000000      0.96138578      0.99774548      0.00070810      1.00367533      0.00000000      0.56465125      0.03565184      0.26351060      0.37124009      1.24761878
     44.00000000      0.96147345      0.99776098      0.00070456      1.00376910      0.00000000      0.56407392      0.03560425      0.26350617      0.37120051      1.24757152
     44.10000000      0.96156088      0.99777636      0.00070103      1.00386229      0.00000000      0.56349773      0.03555677      0.26350179      0.37116111      1.24752456
     44.20000000      0.96164808      0.99779163      0.00069753      1.00395493      0.00000000      0.56292267      0.03550942      0.26349746      0.37112192      1.24747788
     44.30000000      0.96173504      0.99780680      0.00069404      1.00404700      0.00000000      0.56234875      0.03546219      0.26349317      0.37108291      1.24743149
     44.40000000      0.96182177      0.99782186      0.00069056      1.00413851      0.00000000      0.56177595      0.03541509      0.26348893      0.37104409      1.24738539
     44.50000000      0.96190826      0.99783681      0.00068711      1.00422946      0.00000000      0.56120429      0.03536810      0.26348474      0.37100547      1.24733958
     44.60000000      0.96199453      0.99785165      0.00068367      1.00431985      0.00000000      0.56063374      0.03532123      0.26348060      0.37096703      1.24729404
     44.70000000      0.96208056      0.99786639      0.00068025      1.00440968      0.00000000      0.56006432      0.03527449      0.26347650      0.37092878      1.24724879
     44.80000000      0.96216636      0.99788102      0.00067685      1.00449896      0.00000000      0.55949602      0.03522786      0.26347244      0.37089072      1.24720382
     44.90000000      0.96225192      0.99789556      0.00067346      1.00458767      0.00000000      0.55892883      0.03518136      0.26346843      0.37085284      1.24715913
     45.00000000      0.96233726      0.99790998      0.00067009      1.00467584      0.00000000      0.55836275      0.03513497      0.26346447      0.37081515      1.24711472
     45.10000000      0.96242237      0.99792431      0.00066674      1.00476345      0.00000000      0.55779778      0.03508870      0.26346055      0.37077764      1.24707057
     45.20000000      0.96250725      0.99793853      0.00066340      1.00485051      0.00000000      0.55723392      0.03504255      0.26345667      0.37074032      1.24702671
     45.30000000      0.96259191      0.99795265      0.00066009      1.00493702      0.00000000      0.55667115      0.03499652      0.26345283      0.37070318      1.24698311
     45.40000000      0.96267634      0.99796668      0.00065678      1.00502297      0.00000000      0.55610949      0.03495060      0.26344904      0.37066622      1.24693978
     45.50000000      0.96276054      0.99798060      0.00065350      1.00510838      0.00000000      0.55554891      0.03490480      0.26344529      0.37062945      1.24689673
     45.60000000      0.96284451      0.99799443      0.00065023      1.00519324      0.00000000      0.55498944      0.03485912      0.26344158      0.37059285      1.24685393
     45.70000000      0.96292827      0.99800815      0.00064698      1.00527755      0.00000000      0.55443105      0.03481355      0.26343791      0.37055643      1.24681141
     45.80000000      0.96301179      0.99802178      0.00064374      1.00536132      0.00000000      0.55387374      0.03476810      0.26343429      0.37052019      1.24676914
     45.90000000      0.96309510      0.99803532      0.00064052      1.00544454      0.00000000      0.55331752      0.03472276      0.26343070      0.37048413      1.24672714
     46.00000000      0.96317818      0.99804876      0.00063732      1.00552722      0.00000000      0.55276238      0.03467754      0.26342715      0.37044824      1.24668540
     46.10000000      0.96326104      0.99806210      0.00063413      1.00560936      0.00000000      0.55220832      0.03463243      0.26342364      0.37041253      1.24664392
     46.20000000      0.96334368      0.99807535      0.00063096      1.00569096      0.00000000      0.55165533      0.03458744      0.26342018      0.37037699      1.24660269
     46.30000000      0.96342610      0.99808850      0.00062781      1.00577202      0.00000000      0.55110341      0.03454256      0.26341674      0.37034163      1.24656172
     46.40000000      0.96350830      0.99810156      0.00062467      1.00585253      0.00000000      0.55055256      0.03449779      0.26341335      0.37030644      1.24652100
     46.50000000      0.96359028      0.99811453      0.00062154      1.00593251      0.00000000      0.55000277      0.03445313      0.26341000      0.37027143      1.24648053
     46.60000000      0.96367205      0.99812741      0.00061844      1.00601196      0.00000000      0.54945404      0.03440859      0.26340668      0.37023658      1.24644032
     46.70000000      0.96375359      0.99814020      0.00061534      1.00609087      0.00000000      0.54890638      0.03436416      0.26340340      0.37020191      1.24640035
     46.80000000      0.96383492      0.99815290      0.00061227      1.00616924      0.00000000      0.54835977      0.03431984      0.26340016      0.37016740      1.24636063
     46.90000000      0.96391604      0.99816550      0.00060921      1.00624708      0.00000000      0.54781421      0.03427563      0.26339695      0.37013307      1.24632116
     47.00000000      0.96399693      0.99817802      0.00060616      1.00632439      0.00000000      0.54726970      0.03423153      0.26339378      0.37009890      1.24628193
     47.10000000      0.96407762      0.99819045      0.00060313      1.00640117      0.00000000      0.54672624      0.03418755      0.26339064      0.37006490      1.24624294
     47.20000000      0.96415809      0.99820280      0.00060012      1.00647742      0.00000000      0.54618382      0.03414367      0.26338754      0.37003107      1.24620420
     47.30000000      0.96423834      0.99821505      0.00059712      1.00655314      0.00000000      0.54564244      0.03409990      0.26338448      0.36999740      1.24616569
     47.40000000      0.96431839      0.99822722      0.00059413      1.00662834      0.00000000      0.54510210      0.03405624      0.26338145      0.36996390      1.24612743
     47.50000000      0.96439822      0.99823930      0.00059116      1.00670300      0.00000000      0.54456280      0.03401269      0.26337845      0.36993056      1.24608940
     47.60000000      0.96447784      0.99825130      0.00058821      1.00677715      0.00000000      0.54402452      0.03396925      0.26337549      0.36989739      1.24605160
     47.70000000      0.96455725      0.99826322      0.00058527      1.00685076      0.00000000      0.54348728      0.03392591      0.26337256      0.36986437      1.24601404
     47.80000000      0.96463645      0.99827505      0.00058234      1.00692386      0.00000000      0.54295106      0.03388268      0.26336966      0.36983152      1.24597672
     47.90000000      0.96471544      0.99828679      0.00057943      1.00699644      0.00000000      0.54241587      0.03383956      0.26336679      0.36979883      1.24593962
     48.00000000      0.96479423      0.99829846      0.00057653      1.00706849      0.00000000      0.54188170      0.03379655      0.26336396      0.36976630      1.24590275
     48.10000000      0.96487280      0.99831004      0.00057365      1.00714002      0.00000000      0.54134854      0.03375364      0.26336116      0.36973393      1.24586612
     48.20000000      0.96495117      0.99832154      0.00057078      1.00721104      0.00000000      0.54081640      0.03371084      0.26335839      0.36970172      1.24582970
     48.30000000      0.96502933      0.99833296      0.00056793      1.00728154      0.00000000      0.54028528      0.03366815      0.26335565      0.36966967      1.24579352
     48.40000000      0.96510729      0.99834430      0.00056509      1.00735152      0.00000000      0.53975516      0.03362556      0.26335295      0.36963777      1.24575756
     48.50000000      0.96518504      0.99835556      0.00056227      1.00742099      0.00000000      0.53922605      0.03358307      0.26335027      0.36960603      1.24572182
     48.60000000      0.96526259      0.99836675      0.00055946      1.00748995      0.00000000      0.53869794      0.03354069      0.26334762      0.36957445      1.24568630
     48.70000000      0.96533993      0.99837785      0.00055666      1.00755839      0.00000000      0.53817083      0.03349842      0.26334501      0.36954302      1.24565100
     48.80000000      0.96541707      0.99838887      0.00055388      1.00762632      0.00000000      0.53764472      0.03345624      0.26334242      0.36951175      1.24561592
     48.90000000      0.96549400      0.99839982      0.00055111      1.00769374      0.00000000      0.53711961      0.03341417      0.26333986      0.36948062      1.24558106
     49.00000000      0.96557074      0.99841069      0.00054836      1.00776066      0.00000000      0.53659549      0.03337221      0.26333734      0.36944965      1.24554642
     49.10000000      0.96564727      0.99842149      0.00054562      1.00782706      0.00000000      0.53607236      0.03333034      0.26333484      0.36941884      1.24551199
     49.20000000      0.96572360      0.99843221      0.00054289      1.00789296      0.00000000      0.53555021      0.03328858      0.26333237      0.36938817      1.24547777
     49.30000000      0.96579973      0.99844285      0.00054018      1.00795835      0.00000000      0.53502905      0.03324692      0.26332992      0.36935765      1.24544376
     49.40000000      0.96587567      0.99845342      0.00053748      1.00802324      0.00000000      0.53450888      0.03320537      0.26332751      0.36932729      1.24540997
     49.50000000      0.96595140      0.99846391      0.00053480      1.00808762      0.00000000      0.53398968      0.03316391      0.26332512      0.36929707      1.24537638
     49.60000000      0.96602694      0.99847434      0.00053212      1.00815151      0.00000000      0.53347146      0.03312256      0.26332276      0.36926700      1.24534301
     49.70000000      0.96610228      0.99848468      0.00052947      1.00821489      0.00000000      0.53295421      0.03308130      0.26332043      0.36923708      1.24530984
     49.80000000      0.96617742      0.99849496      0.00052682      1.00827777      0.00000000      0.53243793      0.03304015      0.26331812      0.36920731      1.24527687
     49.90000000      0.96625236      0.99850517      0.00052419      1.00834015      0.00000000      0.53192262      0.03299909      0.26331584      0.36917768      1.24524411
     50.00000000      0.96632711      0.99851530      0.00052157      1.00840204      0.00000000      0.53140828      0.03295814      0.26331359      0.36914819      1.24521155
     50.10000000      0.96640167      0.99852536      0.00051896      1.00846343      0.00000000      0.53089490      0.03291728      0.26331136      0.36911886      1.24517920
     50.20000000      0.96647603      0.99853535      0.00051637      1.00852432      0.00000000      0.53038248      0.03287652      0.26330915      0.36908966      1.24514704
     50.30000000      0.96655020      0.99854528      0.00051379      1.00858472      0.00000000      0.52987102      0.03283587      0.26330698      0.36906061      1.24511508
     50.40000000      0.96662417      0.99855513      0.00051122      1.00864462      0.00000000      0.52936051      0.03279530      0.26330482      0.36903170      1.24508332
     50.50000000      0.96669795      0.99856491      0.00050867      1.00870404      0.00000000      0.52885095      0.03275484      0.26330270      0.36900294      1.24505176
     50.60000000      0.96677154      0.99857463      0.00050613      1.00876296      0.00000000      0.52834235      0.03271448      0.26330059      0.36897431      1.24502040
     50.70000000      0.96684494      0.99858428      0.00050360      1.00882139      0.00000000      0.52783469      0.03267421      0.26329851      0.36894582      1.24498923
     50.80000000      0.96691814      0.99859386      0.00050109      1.00887934      0.00000000      0.52732798      0.03263404      0.26329646      0.36891748      1.24495825
     50.90000000      0.96699116      0.99860337      0.00049858      1.00893680      0.00000000      0.52682221      0.03259396      0.26329443      0.36888927      1.24492746
     51.00000000      0.96706398      0.99861282      0.00049609      1.00899377      0.00000000      0.52631738      0.03255398      0.26329242      0.36886121      1.24489687
     51.10000000      0.96713662      0.99862220      0.00049361      1.00905025      0.00000000      0.52581348      0.03251410      0.26329043      0.36883328      1.24486646
     51.20000000      0.96720907      0.99863151      0.00049115      1.00910626      0.00000000      0.52531052      0.03247431      0.26328847      0.36880548      1.24483624
     51.30000000      0.96728133      0.99864077      0.00048870      1.00916177      0.00000000      0.52480849      0.03243462      0.26328653      0.36877783      1.24480621
     51.40000000      0.96735341      0.99864995      0.00048625      1.00921681      0.00000000      0.52430740      0.03239502      0.26328462      0.36875031      1.24477637
     51.50000000      0.96742529      0.99865907      0.00048383      1.00927137      0.00000000      0.52380722      0.03235552      0.26328272      0.36872292      1.24474671
     51.60000000      0.96749700      0.99866813      0.00048141      1.00932545      0.00000000      0.52330798      0.03231611      0.26328085      0.36869567      1.24471723
     51.70000000      0.96756851      0.99867713      0.00047900      1.00937904      0.00000000      0.52280965      0.03227680      0.26327900      0.36866855      1.24468794
     51.80000000      0.96763984      0.99868606      0.00047661      1.00943217      0.00000000      0.52231225      0.03223758      0.26327717      0.36864157      1.24465883
     51.90000000      0.96771099      0.99869493      0.00047423      1.00948481      0.00000000      0.52181576      0.03219845      0.26327536      0.36861472      1.24462990
     52.00000000      0.96778195      0.99870374      0.00047186      1.00953698      0.00000000      0.52132018      0.03215941      0.26327358      0.36858800      1.24460115
     52.10000000      0.96785273      0.99871249      0.00046951      1.00958868      0.00000000      0.52082552      0.03212047      0.26327181      0.36856141      1.24457258
     52.20000000      0.96792333      0.99872118      0.00046716      1.00963990      0.00000000      0.52033177      0.03208162      0.26327006      0.36853495      1.24454418
     52.30000000      0.96799375      0.99872981      0.00046483      1.00969065      0.00000000      0.51983892      0.03204286      0.26326834      0.36850862      1.24451596
     52.40000000      0.96806398      0.99873837      0.00046251      1.00974093      0.00000000      0.51934698      0.03200419      0.26326664      0.36848243      1.24448792
     52.50000000      0.96813403      0.99874688      0.00046020      1.00979075      0.00000000      0.51885594      0.03196562      0.26326495      0.36845636      1.24446004
     52.60000000      0.96820390      0.99875533      0.00045790      1.00984009      0.00000000      0.51836580      0.03192713      0.26326329      0.36843042      1.24443235
     52.70000000      0.96827360      0.99876372      0.00045561      1.00988897      0.00000000      0.51787656      0.03188874      0.26326164      0.36840460      1.24440482
     52.80000000      0.96834311      0.99877205      0.00045334      1.00993738      0.00000000      0.51738821      0.03185043      0.26326001      0.36837891      1.24437746
     52.90000000      0.96841244      0.99878032      0.00045107      1.00998532      0.00000000      0.51690075      0.03181222      0.26325841      0.36835335      1.24435028
     53.00000000      0.96848160      0.99878854      0.00044882      1.01003280      0.00000000      0.51641419      0.03177410      0.26325682      0.36832792      1.24432326
     53.10000000      0.96855058      0.99879670      0.00044658      1.01007982      0.00000000      0.51592851      0.03173606      0.26325525      0.36830261      1.24429641
     53.20000000      0.96861938      0.99880480      0.00044435      1.01012638      0.00000000      0.51544372      0.03169812      0.26325370      0.36827742      1.24426973
     53.30000000      0.96868801      0.99881285      0.00044213      1.01017248      0.00000000      0.51495981      0.03166026      0.26325217      0.36825236      1.24424321
     53.40000000      0.96875646      0.99882084      0.00043992      1.01021812      0.00000000      0.51447678      0.03162249      0.26325065      0.36822742      1.24421686
     53.50000000      0.96882473      0.99882877      0.00043773      1.01026330      0.00000000      0.51399463      0.03158481      0.26324916      0.36820260      1.24419067
     53.60000000      0.96889283      0.99883665      0.00043554      1.01030802      0.00000000      0.51351336      0.03154722      0.26324768      0.36817791      1.24416464
     53.70000000      0.96896075      0.99884448      0.00043337      1.01035228      0.00000000      0.51303296      0.03150972      0.26324622      0.36815333      1.24413877
     53.80000000      0.96902850      0.99885225      0.00043120      1.01039610      0.00000000      0.51255343      0.03147230      0.26324477      0.36812888      1.24411306
     53.90000000      0.96909608      0.99885997      0.00042905      1.01043945      0.00000000      0.51207477      0.03143497      0.26324335      0.36810455      1.24408752
     54.00000000      0.96916349      0.99886763      0.00042691      1.01048236      0.00000000      0.51159697      0.03139773      0.26324194      0.36808034      1.24406213
     54.10000000      0.96923072      0.99887524      0.00042478      1.01052481      0.00000000      0.51112004      0.03136057      0.26324054      0.36805624      1.24403690
     54.20000000      0.96929778      0.99888280      0.00042266      1.01056681      0.00000000      0.51064398      0.03132350      0.26323917      0.36803227      1.24401183
     54.30000000      0.96936467      0.99889031      0.00042055      1.01060837      0.00000000      0.51016877      0.03128652      0.26323781      0.36800841      1.24398691
     54.40000000      0.96943139      0.99889776      0.00041845      1.01064947      0.00000000      0.50969442      0.03124962      0.26323646      0.36798467      1.24396214
     54.50000000      0.96949794      0.99890516      0.00041636      1.01069013      0.00000000      0.50922092      0.03121281      0.26323514      0.36796105      1.24393753
     54.60000000      0.96956432      0.99891252      0.00041428      1.01073034      0.00000000      0.50874828      0.03117608      0.26323383      0.36793754      1.24391307
     54.70000000      0.96963053      0.99891982      0.00041221      1.01077011      0.00000000      0.50827649      0.03113944      0.26323253      0.36791415      1.24388877
     54.80000000      0.96969657      0.99892707      0.00041015      1.01080943      0.00000000      0.50780555      0.03110288      0.26323125      0.36789087      1.24386461
     54.90000000      0.96976244      0.99893427      0.00040810      1.01084831      0.00000000      0.50733545      0.03106640      0.26322999      0.36786771      1.24384061
     55.00000000      0.96982815      0.99894142      0.00040607      1.01088675      0.00000000      0.50686620      0.03103001      0.26322874      0.36784466      1.24381675
     55.10000000      0.96989369      0.99894852      0.00040404      1.01092475      0.00000000      0.50639779      0.03099371      0.26322750      0.36782173      1.24379304
     55.20000000      0.96995906      0.99895557      0.00040202      1.01096231      0.00000000      0.50593021      0.03095748      0.26322628      0.36779891      1.24376948
     55.30000000      0.97002427      0.99896257      0.00040002      1.01099943      0.00000000      0.50546348      0.03092134      0.26322508      0.36777620      1.24374606
     55.40000000      0.97008931      0.99896953      0.00039802      1.01103611      0.00000000      0.50499758      0.03088528      0.26322389      0.36775360      1.24372279
     55.50000000      0.97015418      0.99897644      0.00039603      1.01107236      0.00000000      0.50453252      0.03084931      0.26322271      0.36773111      1.24369967
     55.60000000      0.97021890      0.99898330      0.00039406      1.01110817      0.00000000      0.50406828      0.03081342      0.26322155      0.36770873      1.24367669
     55.70000000      0.97028344      0.99899011      0.00039209      1.01114355      0.00000000      0.50360487      0.03077760      0.26322040      0.36768647      1.24365385
     55.80000000      0.97034783      0.99899687      0.00039013      1.01117849      0.00000000      0.50314229      0.03074188      0.26321927      0.36766431      1.24363115
     55.90000000      0.97041205      0.99900359      0.00038818      1.01121300      0.00000000      0.50268054      0.03070623      0.26321815      0.36764226      1.24360859
     56.00000000      0.97047611      0.99901026      0.00038625      1.01124709      0.00000000      0.50221960      0.03067066      0.26321704      0.36762032      1.24358617
     56.10000000      0.97054001      0.99901689      0.00038432      1.01128074      0.00000000      0.50175949      0.03063518      0.26321595      0.36759849      1.24356389
     56.20000000      0.97060374      0.99902347      0.00038240      1.01131396      0.00000000      0.50130019      0.03059977      0.26321487      0.36757677      1.24354175
     56.30000000      0.97066731      0.99903001      0.00038049      1.01134676      0.00000000      0.50084171      0.03056445      0.26321381      0.36755515      1.24351975
     56.40000000      0.97073073      0.99903650      0.00037859      1.01137913      0.00000000      0.50038404      0.03052920      0.26321276      0.36753364      1.24349789
     56.50000000      0.97079398      0.99904294      0.00037670      1.01141107      0.00000000      0.49992719      0.03049404      0.26321172      0.36751224      1.24347615
     56.60000000      0.97085708      0.99904935      0.00037482      1.01144259      0.00000000      0.49947114      0.03045895      0.26321069      0.36749094      1.24345456
     56.70000000      0.97092001      0.99905570      0.00037295      1.01147369      0.00000000      0.49901590      0.03042395      0.26320967      0.36746974      1.24343310
     56.80000000      0.97098279      0.99906202      0.00037109      1.01150437      0.00000000      0.49856147      0.03038902      0.26320867      0.36744865      1.24341177
     56.90000000      0.97104540      0.99906829      0.00036924      1.01153462      0.00000000      0.49810783      0.03035417      0.26320768      0.36742767      1.24339057
     57.00000000      0.97110786      0.99907451      0.00036739      1.01156445      0.00000000      0.49765500      0.03031940      0.26320671      0.36740678      1.24336951
     57.10000000      0.97117017      0.99908070      0.00036556      1.01159387      0.00000000      0.49720297      0.03028471      0.26320574      0.36738600      1.24334857
     57.20000000      0.97123231      0.99908684      0.00036374      1.01162287      0.00000000      0.49675174      0.03025010      0.26320479      0.36736532      1.24332777
     57.30000000      0.97129430      0.99909294      0.00036192      1.01165145      0.00000000      0.49630130      0.03021556      0.26320385      0.36734475      1.24330709
     57.40000000      0.97135614      0.99909900      0.00036011      1.01167961      0.00000000      0.49585165      0.03018111      0.26320292      0.36732427      1.24328655
     57.50000000      0.97141782      0.99910501      0.00035832      1.01170736      0.00000000      0.49540279      0.03014672      0.26320200      0.36730390      1.24326613
     57.60000000      0.97147934      0.99911099      0.00035653      1.01173470      0.00000000      0.49495472      0.03011242      0.26320109      0.36728362      1.24324584
     57.70000000      0.97154071      0.99911692      0.00035475      1.01176162      0.00000000      0.49450744      0.03007819      0.26320020      0.36726345      1.24322567
     57.80000000      0.97160193      0.99912282      0.00035298      1.01178814      0.00000000      0.49406094      0.03004404      0.26319932      0.36724338      1.24320563
     57.90000000      0.97166299      0.99912867      0.00035122      1.01181424      0.00000000      0.49361523      0.03000997      0.26319844      0.36722340      1.24318571
     58.00000000      0.97172390      0.99913448      0.00034946      1.01183993      0.00000000      0.49317029      0.02997597      0.26319758      0.36720352      1.24316592
     58.10000000      0.97178466      0.99914026      0.00034772      1.01186522      0.00000000      0.49272614      0.02994205      0.26319673      0.36718374      1.24314625
     58.20000000      0.97184526      0.99914599      0.00034598      1.01189010      0.00000000      0.49228276      0.02990821      0.26319589      0.36716406      1.24312670
     58.30000000      0.97190572      0.99915168      0.00034426      1.01191457      0.00000000      0.49184015      0.02987443      0.26319506      0.36714447      1.24310727
     58.40000000      0.97196602      0.99915734      0.00034254      1.01193863      0.00000000      0.49139832      0.02984074      0.26319424      0.36712498      1.24308796
     58.50000000      0.97202617      0.99916295      0.00034083      1.01196230      0.00000000      0.49095726      0.02980712      0.26319343      0.36710559      1.24306878
     58.60000000      0.97208617      0.99916853      0.00033913      1.01198556      0.00000000      0.49051696      0.02977357      0.26319264      0.36708629      1.24304971
     58.70000000      0.97214602      0.99917407      0.00033744      1.01200842      0.00000000      0.49007743      0.02974010      0.26319185      0.36706709      1.24303076
     58.80000000      0.97220573      0.99917957      0.00033575      1.01203087      0.00000000      0.48963867      0.02970670      0.26319107      0.36704798      1.24301193
     58.90000000      0.97226528      0.99918504      0.00033408      1.01205293      0.00000000      0.48920067      0.02967338      0.26319030      0.36702897      1.24299321
     59.00000000      0.97232468      0.99919047      0.00033241      1.01207459      0.00000000      0.48876343      0.02964012      0.26318954      0.36701005      1.24297461
     59.10000000      0.97238394      0.99919585      0.00033075      1.01209585      0.00000000      0.48832695      0.02960695      0.26318880      0.36699122      1.24295613
     59.20000000      0.97244305      0.99920121      0.00032910      1.01211671      0.00000000      0.48789123      0.02957384      0.26318806      0.36697249      1.24293776
     59.30000000      0.97250201      0.99920652      0.00032746      1.01213718      0.00000000      0.48745626      0.02954081      0.26318733      0.36695385      1.24291951
     59.40000000      0.97256083      0.99921180      0.00032582      1.01215726      0.00000000      0.48702204      0.02950785      0.26318661      0.36693530      1.24290137
     59.50000000      0.97261949      0.99921705      0.00032420      1.01217694      0.00000000      0.48658857      0.02947497      0.26318590      0.36691684      1.24288334
     59.60000000      0.97267802      0.99922226      0.00032258      1.01219623      0.00000000      0.48615586      0.02944215      0.26318519      0.36689847      1.24286542
     59.70000000      0.97273639      0.99922743      0.00032097      1.01221512      0.00000000      0.48572389      0.02940941      0.26318450      0.36688019      1.24284761
     59.80000000      0.97279463      0.99923256      0.00031937      1.01223363      0.00000000      0.48529266      0.02937674      0.26318382      0.36686200      1.24282992
     59.90000000      0.97285272      0.99923767      0.00031778      1.01225175      0.00000000      0.48486218      0.02934414      0.26318314      0.36684391      1.24281233
     60.00000000      0.97291066      0.99924273      0.00031619      1.01226948      0.00000000      0.48443245      0.02931161      0.26318248      0.36682590      1.24279486
     60.10000000      0.97296846      0.99924777      0.00031461      1.01228682      0.00000000      0.48400345      0.02927916      0.26318182      0.36680798      1.24277749
     60.20000000      0.97302612      0.99925276      0.00031304      1.01230377      0.00000000      0.48357518      0.02924677      0.26318117      0.36679014      1.24276023
     60.30000000      0.97308363      0.99925773      0.00031148      1.01232034      0.00000000      0.48314766      0.02921446      0.26318053      0.36677240      1.24274308
     60.40000000      0.97314100      0.99926266      0.00030993      1.01233653      0.00000000      0.48272087      0.02918221      0.26317990      0.36675474      1.24272603
     60.50000000      0.97319823      0.99926756      0.00030838      1.01235233      0.00000000      0.48229481      0.02915004      0.26317928      0.36673718      1.24270909
     60.60000000      0.97325532      0.99927242      0.00030684      1.01236775      0.00000000      0.48186948      0.02911793      0.26317866      0.36671969      1.24269226
     60.70000000      0.97331227      0.99927725      0.00030531      1.01238279      0.00000000      0.48144488      0.02908590      0.26317805      0.36670230      1.24267553
     60.80000000      0.97336907      0.99928205      0.00030379      1.01239745      0.00000000      0.48102100      0.02905393      0.26317746      0.36668498      1.24265890
     60.90000000      0.97342574      0.99928681      0.00030227      1.01241173      0.00000000      0.48059785      0.02902204      0.26317686      0.36666776      1.24264238
     61.00000000      0.97348226      0.99929154      0.00030076      1.01242564      0.00000000      0.48017543      0.02899021      0.26317628      0.36665062      1.24262595
     61.10000000      0.97353865      0.99929624      0.00029926      1.01243916      0.00000000      0.47975372      0.02895845      0.26317571      0.36663356      1.24260964
     61.20000000      0.97359490      0.99930091      0.00029777      1.01245231      0.00000000      0.47933274      0.02892676      0.26317514      0.36661659      1.24259342
     61.30000000      0.97365100      0.99930555      0.00029628      1.01246509      0.00000000      0.47891247      0.02889514      0.26317458      0.36659970      1.24257730
     61.40000000      0.97370697      0.99931015      0.00029480      1.01247749      0.00000000      0.47849292      0.02886359      0.26317403      0.36658290      1.24256128
     61.50000000      0.97376281      0.99931473      0.00029333      1.01248951      0.00000000      0.47807408      0.02883210      0.26317348      0.36656617      1.24254537
     61.60000000      0.97381850      0.99931927      0.00029187      1.01250117      0.00000000      0.47765595      0.02880069      0.26317294      0.36654953      1.24252955
     61.70000000      0.97387406      0.99932378      0.00029041      1.01251245      0.00000000      0.47723854      0.02876934      0.26317241      0.36653297      1.24251383
     61.80000000      0.97392948      0.99932826      0.00028896      1.01252337      0.00000000      0.47682183      0.02873805      0.26317189      0.36651650      1.24249820
     61.90000000      0.97398476      0.99933271      0.00028752      1.01253391      0.00000000      0.47640583      0.02870684      0.26317137      0.36650010      1.24248268
     62.00000000      0.97403991      0.99933713      0.00028609      1.01254409      0.00000000      0.47599054      0.02867569      0.26317086      0.36648379      1.24246725
     62.10000000      0.97409492      0.99934152      0.00028466      1.01255390      0.00000000      0.47557595      0.02864461      0.26317036      0.36646755      1.24245192
     62.20000000      0.97414980      0.99934588      0.00028324      1.01256335      0.00000000      0.47516206      0.02861359      0.26316986      0.36645140      1.24243668
     62.30000000      0.97420455      0.99935021      0.00028183      1.01257243      0.00000000      0.47474887      0.02858264      0.26316938      0.36643533      1.24242153
     62.40000000      0.97425915      0.99935451      0.00028042      1.01258114      0.00000000      0.47433637      0.02855176      0.26316889      0.36641933      1.24240648
     62.50000000      0.97431363      0.99935878      0.00027902      1.01258950      0.00000000      0.47392458      0.02852094      0.26316842      0.36640342      1.24239153
     62.60000000      0.97436797      0.99936302      0.00027763      1.01259749      0.00000000      0.47351348      0.02849019      0.26316795      0.36638758      1.24237666
     62.70000000      0.97442218      0.99936724      0.00027624      1.01260512      0.00000000      0.47310307      0.02845951      0.26316749      0.36637182      1.24236189
     62.80000000      0.97447625      0.99937142      0.00027487      1.01261239      0.00000000      0.47269335      0.02842889      0.26316703      0.36635614      1.24234721
     62.90000000      0.97453020      0.99937558      0.00027350      1.01261930      0.00000000      0.47228432      0.02839833      0.26316658      0.36634053      1.24233262
     63.00000000      0.97458401      0.99937971      0.00027213      1.01262585      0.00000000      0.47187599      0.02836784      0.26316614      0.36632500      1.24231813
     63.10000000      0.97463769      0.99938381      0.00027077      1.01263205      0.00000000      0.47146833      0.02833741      0.26316570      0.36630955      1.24230372
     63.20000000      0.97469124      0.99938788      0.00026942      1.01263789      0.00000000      0.47106136      0.02830705      0.26316527      0.36629418      1.24228940
     63.30000000      0.97474465      0.99939193      0.00026808      1.01264338      0.00000000      0.47065508      0.02827676      0.26316485      0.36627888      1.24227517
     63.40000000      0.97479794      0.99939595      0.00026674      1.01264851      0.00000000      0.47024947      0.02824652      0.26316443      0.36626365      1.24226103
     63.50000000      0.97485110      0.99939994      0.00026541      1.01265329      0.00000000      0.46984454      0.02821635      0.26316401      0.36624851      1.24224698
     63.60000000      0.97490413      0.99940390      0.00026409      1.01265771      0.00000000      0.46944030      0.02818625      0.26316361      0.36623343      1.24223301
     63.70000000      0.97495702      0.99940784      0.00026277      1.01266179      0.00000000      0.46903672      0.02815621      0.26316320      0.36621843      1.24221913
     63.80000000      0.97500979      0.99941175      0.00026146      1.01266551      0.00000000      0.46863383      0.02812623      0.26316281      0.36620351      1.24220534
     63.90000000      0.97506243      0.99941563      0.00026015      1.01266889      0.00000000      0.46823160      0.02809631      0.26316242      0.36618865      1.24219163
     64.00000000      0.97511494      0.99941949      0.00025885      1.01267192      0.00000000      0.46783005      0.02806646      0.26316203      0.36617388      1.24217801
     64.10000000      0.97516733      0.99942332      0.00025756      1.01267460      0.00000000      0.46742916      0.02803667      0.26316165      0.36615917      1.24216447
     64.20000000      0.97521959      0.99942713      0.00025628      1.01267693      0.00000000      0.46702894      0.02800694      0.26316128      0.36614454      1.24215102
     64.30000000      0.97527172      0.99943091      0.00025500      1.01267892      0.00000000      0.46662939      0.02797727      0.26316091      0.36612998      1.24213765
     64.40000000      0.97532372      0.99943466      0.00025373      1.01268056      0.00000000      0.46623050      0.02794767      0.26316055      0.36611549      1.24212436
     64.50000000      0.97537560      0.99943839      0.00025246      1.01268187      0.00000000      0.46583228      0.02791813      0.26316019      0.36610107      1.24211116
     64.60000000      0.97542735      0.99944209      0.00025120      1.01268283      0.00000000      0.46543472      0.02788865      0.26315984      0.36608672      1.24209804
     64.70000000      0.97547897      0.99944577      0.00024995      1.01268344      0.00000000      0.46503781      0.02785923      0.26315949      0.36607245      1.24208500
     64.80000000      0.97553047      0.99944943      0.00024870      1.01268372      0.00000000      0.46464157      0.02782987      0.26315915      0.36605824      1.24207204
     64.90000000      0.97558185      0.99945306      0.00024746      1.01268366      0.00000000      0.46424598      0.02780058      0.26315881      0.36604411      1.24205916
     65.00000000      0.97563310      0.99945666      0.00024623      1.01268326      0.00000000      0.46385104      0.02777134      0.26315848      0.36603004      1.24204636
     65.10000000      0.97568422      0.99946024      0.00024500      1.01268252      0.00000000      0.46345676      0.02774217      0.26315815      0.36601604      1.24203364
     65.20000000      0.97573522      0.99946380      0.00024378      1.01268144      0.00000000      0.46306313      0.02771306      0.26315783      0.36600212      1.24202100
     65.30000000      0.97578610      0.99946733      0.00024256      1.01268003      0.00000000      0.46267015      0.02768400      0.26315751      0.36598826      1.24200843
     65.40000000      0.97583686      0.99947084      0.00024135      1.01267829      0.00000000      0.46227782      0.02765501      0.26315720      0.36597447      1.24199595
     65.50000000      0.97588749      0.99947432      0.00024015      1.01267621      0.00000000      0.46188614      0.02762608      0.26315689      0.36596075      1.24198354
     65.60000000      0.97593800      0.99947778      0.00023895      1.01267380      0.00000000      0.46149510      0.02759720      0.26315659      0.36594709      1.24197121
     65.70000000      0.97598839      0.99948122      0.00023776      1.01267105      0.00000000      0.46110470      0.02756839      0.26315629      0.36593350      1.24195896
     65.80000000      0.97603866      0.99948463      0.00023657      1.01266798      0.00000000      0.46071495      0.02753964      0.26315600      0.36591998      1.24194678
     65.90000000      0.97608880      0.99948803      0.00023539      1.01266457      0.00000000      0.46032584      0.02751094      0.26315571      0.36590653      1.24193468
     66.00000000      0.97613882      0.99949139      0.00023422      1.01266084      0.00000000      0.45993737      0.02748231      0.26315542      0.36589314      1.24192266
     66.10000000      0.97618873      0.99949474      0.00023305      1.01265678      0.00000000      0.45954953      0.02745373      0.26315514      0.36587982      1.24191070
     66.20000000      0.97623851      0.99949806      0.00023188      1.01265239      0.00000000      0.45916233      0.02742522      0.26315486      0.36586657      1.24189883
     66.30000000      0.97628817      0.99950136      0.00023073      1.01264767      0.00000000      0.45877576      0.02739676      0.26315459      0.36585338      1.24188702
     66.40000000      0.97633772      0.99950464      0.00022958      1.01264263      0.00000000      0.45838983      0.02736836      0.26315432      0.36584025      1.24187529
     66.50000000      0.97638714      0.99950790      0.00022843      1.01263727      0.00000000      0.45800453      0.02734001      0.26315406      0.36582719      1.24186364
     66.60000000      0.97643645      0.99951113      0.00022729      1.01263158      0.00000000      0.45761986      0.02731173      0.26315380      0.36581420      1.24185205
     66.70000000      0.97648563      0.99951435      0.00022616      1.01262557      0.00000000      0.45723581      0.02728350      0.26315354      0.36580127      1.24184054
     66.80000000      0.97653470      0.99951754      0.00022503      1.01261924      0.00000000      0.45685240      0.02725534      0.26315329      0.36578840      1.24182910
     66.90000000      0.97658365      0.99952071      0.00022391      1.01261258      0.00000000      0.45646961      0.02722722      0.26315304      0.36577560      1.24181773
     67.00000000      0.97663248      0.99952386      0.00022279      1.01260561      0.00000000      0.45608744      0.02719917      0.26315280      0.36576286      1.24180643
     67.10000000      0.97668120      0.99952698      0.00022168      1.01259832      0.00000000      0.45570589      0.02717117      0.26315256      0.36575018      1.24179520
     67.20000000      0.97672980      0.99953009      0.00022057      1.01259071      0.00000000      0.45532497      0.02714324      0.26315232      0.36573756      1.24178404
     67.30000000      0.97677828      0.99953318      0.00021947      1.01258278      0.00000000      0.45494466      0.02711535      0.26315209      0.36572501      1.24177295
     67.40000000      0.97682664      0.99953624      0.00021838      1.01257454      0.00000000      0.45456498      0.02708753      0.26315186      0.36571252      1.24176193
     67.50000000      0.97687489      0.99953929      0.00021729      1.01256598      0.00000000      0.45418591      0.02705976      0.26315164      0.36570009      1.24175097
     67.60000000      0.97692303      0.99954231      0.00021620      1.01255711      0.00000000      0.45380745      0.02703205      0.26315141      0.36568772      1.24174009
     67.70000000      0.97697104      0.99954531      0.00021513      1.01254792      0.00000000      0.45342961      0.02700439      0.26315120      0.36567541      1.24172927
     67.80000000      0.97701895      0.99954830      0.00021405      1.01253842      0.00000000      0.45305238      0.02697679      0.26315098      0.36566317      1.24171852
     67.90000000      0.97706674      0.99955126      0.00021299      1.01252861      0.00000000      0.45267576      0.02694924      0.26315077      0.36565098      1.24170784
     68.00000000      0.97711441      0.99955420      0.00021192      1.01251849      0.00000000      0.45229974      0.02692176      0.26315056      0.36563886      1.24169722
     68.10000000      0.97716197      0.99955713      0.00021087      1.01250806      0.00000000      0.45192434      0.02689432      0.26315036      0.36562679      1.24168667
     68.20000000      0.97720942      0.99956003      0.00020981      1.01249732      0.00000000      0.45154954      0.02686694      0.26315016      0.36561478      1.24167618
     68.30000000      0.97725675      0.99956291      0.00020877      1.01248628      0.00000000      0.45117535      0.02683962      0.26314996      0.36560284      1.24166576
     68.40000000      0.97730397      0.99956578      0.00020773      1.01247492      0.00000000      0.45080176      0.02681235      0.26314977      0.36559095      1.24165541
     68.50000000      0.97735108      0.99956862      0.00020669      1.01246326      0.00000000      0.45042877      0.02678514      0.26314958      0.36557912      1.24164512
     68.60000000      0.97739807      0.99957145      0.00020566      1.01245130      0.00000000      0.45005639      0.02675798      0.26314939      0.36556735      1.24163489
     68.70000000      0.97744495      0.99957426      0.00020463      1.01243903      0.00000000      0.44968460      0.02673088      0.26314921      0.36555564      1.24162473
     68.80000000      0.97749173      0.99957705      0.00020361      1.01242646      0.00000000      0.44931341      0.02670383      0.26314903      0.36554398      1.24161462
     68.90000000      0.97753838      0.99957982      0.00020260      1.01241358      0.00000000      0.44894281      0.02667683      0.26314885      0.36553239      1.24160459
     69.00000000      0.97758493      0.99958257      0.00020159      1.01240040      0.00000000      0.44857281      0.02664989      0.26314868      0.36552085      1.24159461
     69.10000000      0.97763137      0.99958530      0.00020058      1.01238692      0.00000000      0.44820341      0.02662301      0.26314850      0.36550936      1.24158470
     69.20000000      0.97767770      0.99958802      0.00019958      1.01237315      0.00000000      0.44783459      0.02659617      0.26314834      0.36549794      1.24157485
     69.30000000      0.97772391      0.99959072      0.00019858      1.01235907      0.00000000      0.44746637      0.02656939      0.26314817      0.36548657      1.24156505
     69.40000000      0.97777002      0.99959339      0.00019759      1.01234469      0.00000000      0.44709873      0.02654267      0.26314801      0.36547525      1.24155533
     69.50000000      0.97781602      0.99959605      0.00019661      1.01233002      0.00000000      0.44673168      0.02651599      0.26314785      0.36546399      1.24154566
     69.60000000      0.97786191      0.99959870      0.00019563      1.01231505      0.00000000      0.44636522      0.02648937      0.26314769      0.36545279      1.24153605
     69.70000000      0.97790768      0.99960132      0.00019465      1.01229979      0.00000000      0.44599935      0.02646281      0.26314754      0.36544165      1.24152650
     69.80000000      0.97795335      0.99960393      0.00019368      1.01228423      0.00000000      0.44563405      0.02643629      0.26314739      0.36543055      1.24151701
     69.90000000      0.97799892      0.99960652      0.00019271      1.01226838      0.00000000      0.44526934      0.02640983      0.26314724      0.36541952      1.24150758
     70.00000000      0.97804437      0.99960909      0.00019175      1.01225223      0.00000000      0.44490521      0.02638342      0.26314709      0.36540853      1.24149820
     70.10000000      0.97808972      0.99961165      0.00019080      1.01223579      0.00000000      0.44454166      0.02635707      0.26314695      0.36539760      1.24148889
     70.20000000      0.97813495      0.99961419      0.00018985      1.01221906      0.00000000      0.44417869      0.02633076      0.26314681      0.36538673      1.24147963
     70.30000000      0.97818009      0.99961671      0.00018890      1.01220204      0.00000000      0.44381630      0.02630451      0.26314667      0.36537591      1.24147043
     70.40000000      0.97822511      0.99961922      0.00018796      1.01218474      0.00000000      0.44345448      0.02627831      0.26314654      0.36536514      1.24146129
     70.50000000      0.97827003      0.99962170      0.00018702      1.01216714      0.00000000      0.44309323      0.02625216      0.26314640      0.36535443      1.24145221
     70.60000000      0.97831484      0.99962417      0.00018609      1.01214925      0.00000000      0.44273256      0.02622606      0.26314627      0.36534377      1.24144318
     70.70000000      0.97835954      0.99962663      0.00018516      1.01213108      0.00000000      0.44237246      0.02620002      0.26314615      0.36533316      1.24143420
     70.80000000      0.97840414      0.99962907      0.00018423      1.01211262      0.00000000      0.44201293      0.02617402      0.26314602      0.36532260      1.24142529
     70.90000000      0.97844864      0.99963149      0.00018331      1.01209388      0.00000000      0.44165396      0.02614808      0.26314590      0.36531210      1.24141643
     71.00000000      0.97849303      0.99963390      0.00018240      1.01207485      0.00000000      0.44129557      0.02612219      0.26314578      0.36530165      1.24140762
     71.10000000      0.97853731      0.99963629      0.00018149      1.01205554      0.00000000      0.44093774      0.02609634      0.26314566      0.36529125      1.24139887
     71.20000000      0.97858149      0.99963866      0.00018059      1.01203595      0.00000000      0.44058048      0.02607055      0.26314555      0.36528090      1.24139017
     71.30000000      0.97862557      0.99964102      0.00017968      1.01201607      0.00000000      0.44022377      0.02604481      0.26314543      0.36527060      1.24138153
     71.40000000      0.97866954      0.99964336      0.00017879      1.01199592      0.00000000      0.43986764      0.02601912      0.26314532      0.36526035      1.24137294
     71.50000000      0.97871341      0.99964569      0.00017790      1.01197548      0.00000000      0.43951206      0.02599348      0.26314522      0.36525016      1.24136440
     71.60000000      0.97875717      0.99964800      0.00017701      1.01195476      0.00000000      0.43915704      0.02596789      0.26314511      0.36524001      1.24135592
     71.70000000      0.97880083      0.99965030      0.00017613      1.01193377      0.00000000      0.43880258      0.02594236      0.26314501      0.36522991      1.24134749
     71.80000000      0.97884439      0.99965258      0.00017525      1.01191250      0.00000000      0.43844868      0.02591687      0.26314490      0.36521987      1.24133911
     71.90000000      0.97888785      0.99965484      0.00017437      1.01189095      0.00000000      0.43809533      0.02589143      0.26314480      0.36520987      1.24133078
     72.00000000      0.97893120      0.99965709      0.00017350      1.01186913      0.00000000      0.43774253      0.02586604      0.26314471      0.36519992      1.24132251
     72.10000000      0.97897445      0.99965933      0.00017264      1.01184703      0.00000000      0.43739029      0.02584069      0.26314461      0.36519003      1.24131429
     72.20000000      0.97901760      0.99966155      0.00017178      1.01182465      0.00000000      0.43703861      0.02581540      0.26314452      0.36518018      1.24130612
     72.30000000      0.97906065      0.99966375      0.00017092      1.01180201      0.00000000      0.43668747      0.02579016      0.26314443      0.36517038      1.24129799
     72.40000000      0.97910360      0.99966594      0.00017007      1.01177909      0.00000000      0.43633688      0.02576497      0.26314434      0.36516062      1.24128992
     72.50000000      0.97914645      0.99966812      0.00016922      1.01175590      0.00000000      0.43598684      0.02573982      0.26314425      0.36515092      1.24128190
     72.60000000      0.97918919      0.99967028      0.00016838      1.01173243      0.00000000      0.43563735      0.02571473      0.26314417      0.36514127      1.24127393
     72.70000000      0.97923184      0.99967243      0.00016754      1.01170870      0.00000000      0.43528840      0.02568968      0.26314408      0.36513166      1.24126601
     72.80000000      0.97927438      0.99967456      0.00016670      1.01168470      0.00000000      0.43493999      0.02566468      0.26314400      0.36512210      1.24125814
     72.90000000      0.97931683      0.99967668      0.00016587      1.01166043      0.00000000      0.43459213      0.02563973      0.26314392      0.36511258      1.24125032
     73.00000000      0.97935918      0.99967879      0.00016504      1.01163589      0.00000000      0.43424481      0.02561482      0.26314384      0.36510312      1.24124254
     73.10000000      0.97940142      0.99968088      0.00016422      1.01161109      0.00000000      0.43389803      0.02558997      0.26314377      0.36509370      1.24123482
     73.20000000      0.97944357      0.99968296      0.00016340      1.01158602      0.00000000      0.43355179      0.02556516      0.26314369      0.36508432      1.24122714
     73.30000000      0.97948562      0.99968502      0.00016258      1.01156068      0.00000000      0.43320609      0.02554040      0.26314362      0.36507500      1.24121951
     73.40000000      0.97952758      0.99968707      0.00016177      1.01153508      0.00000000      0.43286093      0.02551569      0.26314355      0.36506572      1.24121193
     73.50000000      0.97956943      0.99968910      0.00016097      1.01150922      0.00000000      0.43251630      0.02549103      0.26314348      0.36505648      1.24120439
     73.60000000      0.97961118      0.99969113      0.00016016      1.01148309      0.00000000      0.43217220      0.02546641      0.26314342      0.36504729      1.24119690
     73.70000000      0.97965284      0.99969314      0.00015936      1.01145670      0.00000000      0.43182864      0.02544184      0.26314335      0.36503815      1.24118946
     73.80000000      0.97969440      0.99969513      0.00015857      1.01143005      0.00000000      0.43148561      0.02541732      0.26314329      0.36502905      1.24118207
     73.90000000      0.97973587      0.99969711      0.00015778      1.01140314      0.00000000      0.43114311      0.02539284      0.26314323      0.36502000      1.24117472
     74.00000000      0.97977724      0.99969908      0.00015699      1.01137597      0.00000000      0.43080114      0.02536841      0.26314317      0.36501099      1.24116741
     74.10000000      0.97981851      0.99970104      0.00015621      1.01134854      0.00000000      0.43045970      0.02534403      0.26314311      0.36500202      1.24116015
     74.20000000      0.97985968      0.99970298      0.00015543      1.01132085      0.00000000      0.43011878      0.02531970      0.26314305      0.36499310      1.24115294
     74.30000000      0.97990076      0.99970491      0.00015465      1.01129291      0.00000000      0.42977839      0.02529541      0.26314300      0.36498423      1.24114577
     74.40000000      0.97994174      0.99970683      0.00015388      1.01126471      0.00000000      0.42943853      0.02527116      0.26314294      0.36497540      1.24113865
     74.50000000      0.97998263      0.99970873      0.00015312      1.01123625      0.00000000      0.42909919      0.02524697      0.26314289      0.36496661      1.24113157
     74.60000000      0.98002342      0.99971063      0.00015235      1.01120754      0.00000000      0.42876037      0.02522282      0.26314284      0.36495786      1.24112453
     74.70000000      0.98006412      0.99971251      0.00015159      1.01117858      0.00000000      0.42842207      0.02519871      0.26314279      0.36494916      1.24111754
     74.80000000      0.98010472      0.99971437      0.00015084      1.01114936      0.00000000      0.42808429      0.02517465      0.26314274      0.36494050      1.24111059
     74.90000000      0.98014523      0.99971623      0.00015008      1.01111989      0.00000000      0.42774704      0.02515064      0.26314270      0.36493189      1.24110368
     75.00000000      0.98018564      0.99971807      0.00014934      1.01109017      0.00000000      0.42741029      0.02512667      0.26314265      0.36492331      1.24109682
     75.10000000      0.98022596      0.99971990      0.00014859      1.01106019      0.00000000      0.42707407      0.02510275      0.26314261      0.36491478      1.24109000
     75.20000000      0.98026619      0.99972172      0.00014785      1.01102997      0.00000000      0.42673836      0.02507887      0.26314257      0.36490629      1.24108322
     75.30000000      0.98030632      0.99972352      0.00014711      1.01099949      0.00000000      0.42640316      0.02505504      0.26314253      0.36489785      1.24107649
     75.40000000      0.98034636      0.99972532      0.00014638      1.01096877      0.00000000      0.42606848      0.02503125      0.26314249      0.36488944      1.24106979
     75.50000000      0.98038631      0.99972710      0.00014565      1.01093780      0.00000000      0.42573431      0.02500751      0.26314245      0.36488108      1.24106314
     75.60000000      0.98042616      0.99972887      0.00014492      1.01090659      0.00000000      0.42540065      0.02498381      0.26314241      0.36487276      1.24105653
     75.70000000      0.98046593      0.99973063      0.00014420      1.01087512      0.00000000      0.42506750      0.02496016      0.26314238      0.36486447      1.24104996
     75.80000000      0.98050560      0.99973238      0.00014348      1.01084342      0.00000000      0.42473485      0.02493655      0.26314234      0.36485623      1.24104343
     75.90000000      0.98054517      0.99973411      0.00014276      1.01081146      0.00000000      0.42440272      0.02491298      0.26314231      0.36484803      1.24103694
     76.00000000      0.98058466      0.99973583      0.00014205      1.01077926      0.00000000      0.42407109      0.02488946      0.26314228      0.36483988      1.24103050
     76.10000000      0.98062406      0.99973755      0.00014134      1.01074682      0.00000000      0.42373996      0.02486599      0.26314225      0.36483176      1.24102409
     76.20000000      0.98066336      0.99973925      0.00014064      1.01071414      0.00000000      0.42340934      0.02484255      0.26314222      0.36482368      1.24101772
     76.30000000      0.98070257      0.99974094      0.00013994      1.01068122      0.00000000      0.42307922      0.02481917      0.26314219      0.36481564      1.24101139
     76.40000000      0.98074169      0.99974262      0.00013924      1.01064805      0.00000000      0.42274961      0.02479582      0.26314217      0.36480764      1.24100510
     76.50000000      0.98078073      0.99974428      0.00013854      1.01061464      0.00000000      0.42242049      0.02477252      0.26314214      0.36479968      1.24099885
     76.60000000      0.98081967      0.99974594      0.00013785      1.01058100      0.00000000      0.42209187      0.02474926      0.26314212      0.36479176      1.24099264
     76.70000000      0.98085852      0.99974759      0.00013717      1.01054711      0.00000000      0.42176375      0.02472605      0.26314209      0.36478388      1.24098647
     76.80000000      0.98089728      0.99974922      0.00013648      1.01051299      0.00000000      0.42143613      0.02470288      0.26314207      0.36477604      1.24098034
     76.90000000      0.98093596      0.99975085      0.00013580      1.01047863      0.00000000      0.42110900      0.02467975      0.26314205      0.36476824      1.24097424
     77.00000000      0.98097454      0.99975246      0.00013512      1.01044404      0.00000000      0.42078237      0.02465667      0.26314203      0.36476047      1.24096818
     77.10000000      0.98101303      0.99975406      0.00013445      1.01040920      0.00000000      0.42045623      0.02463363      0.26314201      0.36475275      1.24096216
     77.20000000      0.98105144      0.99975565      0.00013378      1.01037414      0.00000000      0.42013059      0.02461063      0.26314199      0.36474506      1.24095618
     77.30000000      0.98108976      0.99975723      0.00013311      1.01033884      0.00000000      0.41980543      0.02458767      0.26314198      0.36473741      1.24095023
     77.40000000      0.98112799      0.99975881      0.00013245      1.01030330      0.00000000      0.41948077      0.02456476      0.26314196      0.36472980      1.24094432
     77.50000000      0.98116613      0.99976037      0.00013179      1.01026753      0.00000000      0.41915659      0.02454189      0.26314195      0.36472222      1.24093845
     77.60000000      0.98120418      0.99976192      0.00013113      1.01023153      0.00000000      0.41883291      0.02451906      0.26314194      0.36471469      1.24093262
     77.70000000      0.98124215      0.99976346      0.00013048      1.01019530      0.00000000      0.41850971      0.02449627      0.26314192      0.36470719      1.24092682
     77.80000000      0.98128003      0.99976499      0.00012983      1.01015884      0.00000000      0.41818699      0.02447353      0.26314191      0.36469972      1.24092105
     77.90000000      0.98131782      0.99976651      0.00012918      1.01012215      0.00000000      0.41786476      0.02445082      0.26314190      0.36469230      1.24091532
     78.00000000      0.98135552      0.99976802      0.00012853      1.01008523      0.00000000      0.41754302      0.02442816      0.26314189      0.36468491      1.24090963
     78.10000000      0.98139314      0.99976952      0.00012789      1.01004808      0.00000000      0.41722176      0.02440554      0.26314188      0.36467756      1.24090398
     78.20000000      0.98143067      0.99977101      0.00012725      1.01001070      0.00000000      0.41690098      0.02438297      0.26314187      0.36467024      1.24089835
     78.30000000      0.98146812      0.99977249      0.00012662      1.00997310      0.00000000      0.41658068      0.02436043      0.26314187      0.36466296      1.24089277
     78.40000000      0.98150548      0.99977396      0.00012599      1.00993527      0.00000000      0.41626086      0.02433794      0.26314186      0.36465572      1.24088722
     78.50000000      0.98154275      0.99977542      0.00012536      1.00989721      0.00000000      0.41594152      0.02431548      0.26314186      0.36464851      1.24088170
     78.60000000      0.98157994      0.99977687      0.00012473      1.00985893      0.00000000      0.41562265      0.02429307      0.26314185      0.36464134      1.24087622
     78.70000000      0.98161705      0.99977831      0.00012411      1.00982043      0.00000000      0.41530427      0.02427070      0.26314185      0.36463420      1.24087077
     78.80000000      0.98165407      0.99977974      0.00012349      1.00978170      0.00000000      0.41498635      0.02424837      0.26314185      0.36462710      1.24086535
     78.90000000      0.98169100      0.99978116      0.00012288      1.00974275      0.00000000      0.41466892      0.02422608      0.26314185      0.36462003      1.24085997
     79.00000000      0.98172785      0.99978258      0.00012226      1.00970357      0.00000000      0.41435195      0.02420383      0.26314185      0.36461300      1.24085462
     79.10000000      0.98176461      0.99978398      0.00012166      1.00966418      0.00000000      0.41403546      0.02418163      0.26314185      0.36460601      1.24084931
     79.20000000      0.98180130      0.99978538      0.00012105      1.00962457      0.00000000      0.41371944      0.02415946      0.26314185      0.36459904      1.24084403
     79.30000000      0.98183789      0.99978676      0.00012044      1.00958473      0.00000000      0.41340389      0.02413733      0.26314185      0.36459212      1.24083878
     79.40000000      0.98187441      0.99978814      0.00011984      1.00954468      0.00000000      0.41308881      0.02411525      0.26314185      0.36458522      1.24083356
     79.50000000      0.98191084      0.99978951      0.00011925      1.00950441      0.00000000      0.41277419      0.02409320      0.26314185      0.36457836      1.24082838
     79.60000000      0.98194718      0.99979086      0.00011865      1.00946392      0.00000000      0.41246005      0.02407119      0.26314186      0.36457154      1.24082323
     79.70000000      0.98198345      0.99979221      0.00011806      1.00942321      0.00000000      0.41214637      0.02404923      0.26314186      0.36456475      1.24081811
     79.80000000      0.98201963      0.99979355      0.00011747      1.00938228      0.00000000      0.41183315      0.02402730      0.26314187      0.36455799      1.24081302
     79.90000000      0.98205573      0.99979489      0.00011688      1.00934115      0.00000000      0.41152040      0.02400541      0.26314187      0.36455126      1.24080797
     80.00000000      0.98209174      0.99979621      0.00011630      1.00929979      0.00000000      0.41120811      0.02398357      0.26314188      0.36454457      1.24080294
     80.10000000      0.98212768      0.99979752      0.00011572      1.00925822      0.00000000      0.41089629      0.02396176      0.26314189      0.36453791      1.24079795
     80.20000000      0.98216353      0.99979883      0.00011514      1.00921644      0.00000000      0.41058492      0.02393999      0.26314190      0.36453129      1.24079299
     80.30000000      0.98219930      0.99980012      0.00011457      1.00917445      0.00000000      0.41027401      0.02391826      0.26314190      0.36452470      1.24078805
     80.40000000      0.98223499      0.99980141      0.00011400      1.00913224      0.00000000      0.40996357      0.02389657      0.26314191      0.36451814      1.24078315
     80.50000000      0.98227060      0.99980269      0.00011343      1.00908982      0.00000000      0.40965358      0.02387492      0.26314192      0.36451161      1.24077828
     80.60000000      0.98230613      0.99980396      0.00011286      1.00904719      0.00000000      0.40934405      0.02385331      0.26314193      0.36450511      1.24077344
     80.70000000      0.98234157      0.99980523      0.00011230      1.00900435      0.00000000      0.40903497      0.02383174      0.26314195      0.36449865      1.24076863
     80.80000000      0.98237694      0.99980648      0.00011174      1.00896130      0.00000000      0.40872635      0.02381021      0.26314196      0.36449222      1.24076385
     80.90000000      0.98241223      0.99980773      0.00011118      1.00891804      0.00000000      0.40841819      0.02378871      0.26314197      0.36448582      1.24075910
     81.00000000      0.98244743      0.99980897      0.00011063      1.00887458      0.00000000      0.40811047      0.02376726      0.26314198      0.36447945      1.24075438
     81.10000000      0.98248256      0.99981020      0.00011008      1.00883090      0.00000000      0.40780321      0.02374584      0.26314200      0.36447312      1.24074969
     81.20000000      0.98251760      0.99981142      0.00010953      1.00878702      0.00000000      0.40749640      0.02372446      0.26314201      0.36446681      1.24074503
     81.30000000      0.98255257      0.99981264      0.00010898      1.00874293      0.00000000      0.40719004      0.02370312      0.26314203      0.36446054      1.24074040
     81.40000000      0.98258746      0.99981384      0.00010844      1.00869864      0.00000000      0.40688413      0.02368182      0.26314204      0.36445430      1.24073579
     81.50000000      0.98262227      0.99981504      0.00010790      1.00865414      0.00000000      0.40657867      0.02366055      0.26314206      0.36444808      1.24073122
     81.60000000      0.98265699      0.99981623      0.00010736      1.00860944      0.00000000      0.40627365      0.02363932      0.26314208      0.36444190      1.24072667
     81.70000000      0.98269164      0.99981741      0.00010682      1.00856454      0.00000000      0.40596908      0.02361814      0.26314209      0.36443575      1.24072215
     81.80000000      0.98272622      0.99981859      0.00010629      1.00851943      0.00000000      0.40566496      0.02359698      0.26314211      0.36442963      1.24071766
     81.90000000      0.98276071      0.99981976      0.00010576      1.00847412      0.00000000      0.40536128      0.02357587      0.26314213      0.36442354      1.24071319
     82.00000000      0.98279513      0.99982092      0.00010523      1.00842861      0.00000000      0.40505804      0.02355479      0.26314215      0.36441748      1.24070876
     82.10000000      0.98282946      0.99982207      0.00010471      1.00838289      0.00000000      0.40475525      0.02353376      0.26314217      0.36441145      1.24070435
     82.20000000      0.98286372      0.99982321      0.00010419      1.00833698      0.00000000      0.40445290      0.02351276      0.26314219      0.36440545      1.24069997
     82.30000000      0.98289791      0.99982435      0.00010367      1.00829087      0.00000000      0.40415098      0.02349179      0.26314221      0.36439948      1.24069562
     82.40000000      0.98293201      0.99982548      0.00010315      1.00824456      0.00000000      0.40384951      0.02347087      0.26314223      0.36439354      1.24069129
     82.50000000      0.98296604      0.99982660      0.00010264      1.00819805      0.00000000      0.40354848      0.02344998      0.26314225      0.36438763      1.24068699
     82.60000000      0.98299999      0.99982771      0.00010212      1.00815134      0.00000000      0.40324788      0.02342912      0.26314227      0.36438175      1.24068272
     82.70000000      0.98303387      0.99982882      0.00010162      1.00810444      0.00000000      0.40294772      0.02340831      0.26314229      0.36437590      1.24067847
     82.80000000      0.98306767      0.99982992      0.00010111      1.00805734      0.00000000      0.40264800      0.02338753      0.26314231      0.36437007      1.24067426
     82.90000000      0.98310139      0.99983102      0.00010060      1.00801004      0.00000000      0.40234871      0.02336679      0.26314234      0.36436428      1.24067006
     83.00000000      0.98313503      0.99983210      0.00010010      1.00796255      0.00000000      0.40204985      0.02334608      0.26314236      0.36435851      1.24066590
     83.10000000      0.98316860      0.99983318      0.00009960      1.00791486      0.00000000      0.40175143      0.02332541      0.26314239      0.36435277      1.24066175
     83.20000000      0.98320210      0.99983425      0.00009911      1.00786698      0.00000000      0.40145344      0.02330478      0.26314241      0.36434707      1.24065764
     83.30000000      0.98323552      0.99983532      0.00009861      1.00781891      0.00000000      0.40115588      0.02328419      0.26314243      0.36434138      1.24065355
     83.40000000      0.98326886      0.99983637      0.00009812      1.00777065      0.00000000      0.40085875      0.02326363      0.26314246      0.36433573      1.24064948
     83.50000000      0.98330213      0.99983743      0.00009763      1.00772219      0.00000000      0.40056205      0.02324310      0.26314248      0.36433011      1.24064544
     83.60000000      0.98333533      0.99983847      0.00009714      1.00767354      0.00000000      0.40026578      0.02322261      0.26314251      0.36432451      1.24064143
     83.70000000      0.98336845      0.99983951      0.00009666      1.00762470      0.00000000      0.39996994      0.02320216      0.26314254      0.36431894      1.24063744
     83.80000000      0.98340149      0.99984054      0.00009618      1.00757567      0.00000000      0.39967452      0.02318175      0.26314256      0.36431340      1.24063348
     83.90000000      0.98343446      0.99984156      0.00009570      1.00752646      0.00000000      0.39937953      0.02316137      0.26314259      0.36430788      1.24062954
     84.00000000      0.98346736      0.99984258      0.00009522      1.00747705      0.00000000      0.39908496      0.02314102      0.26314262      0.36430240      1.24062562
     84.10000000      0.98350018      0.99984359      0.00009475      1.00742745      0.00000000      0.39879082      0.02312071      0.26314265      0.36429694      1.24062173
     84.20000000      0.98353293      0.99984459      0.00009427      1.00737767      0.00000000      0.39849710      0.02310044      0.26314267      0.36429150      1.24061787
     84.30000000      0.98356561      0.99984559      0.00009380      1.00732770      0.00000000      0.39820380      0.02308020      0.26314270      0.36428610      1.24061402
     84.40000000      0.98359821      0.99984658      0.00009333      1.00727755      0.00000000      0.39791092      0.02306000      0.26314273      0.36428072      1.24061020
     84.50000000      0.98363074      0.99984756      0.00009287      1.00722720      0.00000000      0.39761847      0.02303983      0.26314276      0.36427536      1.24060641
     84.60000000      0.98366320      0.99984854      0.00009241      1.00717668      0.00000000      0.39732643      0.02301970      0.26314279      0.36427004      1.24060264
     84.70000000      0.98369558      0.99984951      0.00009195      1.00712597      0.00000000      0.39703481      0.02299960      0.26314282      0.36426474      1.24059889
     84.80000000      0.98372789      0.99985048      0.00009149      1.00707507      0.00000000      0.39674361      0.02297954      0.26314285      0.36425946      1.24059516
     84.90000000      0.98376013      0.99985143      0.00009103      1.00702399      0.00000000      0.39645282      0.02295951      0.26314288      0.36425422      1.24059146
     85.00000000      0.98379230      0.99985239      0.00009058      1.00697273      0.00000000      0.39616245      0.02293952      0.26314291      0.36424899      1.24058779
     85.10000000      0.98382439      0.99985333      0.00009012      1.00692129      0.00000000      0.39587250      0.02291956      0.26314294      0.36424380      1.24058413
     85.20000000      0.98385641      0.99985427      0.00008968      1.00686967      0.00000000      0.39558296      0.02289964      0.26314297      0.36423863      1.24058050
     85.30000000      0.98388836      0.99985521      0.00008923      1.00681786      0.00000000      0.39529383      0.02287975      0.26314300      0.36423348      1.24057689
     85.40000000      0.98392024      0.99985614      0.00008878      1.00676588      0.00000000      0.39500512      0.02285990      0.26314303      0.36422836      1.24057330
     85.50000000      0.98395205      0.99985706      0.00008834      1.00671372      0.00000000      0.39471682      0.02284008      0.26314307      0.36422327      1.24056973
     85.60000000      0.98398379      0.99985797      0.00008790      1.00666137      0.00000000      0.39442892      0.02282029      0.26314310      0.36421820      1.24056619
     85.70000000      0.98401546      0.99985888      0.00008746      1.00660885      0.00000000      0.39414144      0.02280054      0.26314313      0.36421316      1.24056267
     85.80000000      0.98404705      0.99985979      0.00008702      1.00655615      0.00000000      0.39385437      0.02278082      0.26314316      0.36420814      1.24055917
     85.90000000      0.98407858      0.99986068      0.00008659      1.00650327      0.00000000      0.39356770      0.02276114      0.26314320      0.36420315      1.24055569
     86.00000000      0.98411003      0.99986158      0.00008616      1.00645022      0.00000000      0.39328144      0.02274149      0.26314323      0.36419818      1.24055224
     86.10000000      0.98414142      0.99986246      0.00008573      1.00639699      0.00000000      0.39299559      0.02272187      0.26314326      0.36419323      1.24054880
     86.20000000      0.98417273      0.99986334      0.00008530      1.00634359      0.00000000      0.39271015      0.02270229      0.26314330      0.36418831      1.24054539
     86.30000000      0.98420398      0.99986422      0.00008488      1.00629001      0.00000000      0.39242510      0.02268274      0.26314333      0.36418342      1.24054200
     86.40000000      0.98423516      0.99986509      0.00008445      1.00623625      0.00000000      0.39214046      0.02266322      0.26314336      0.36417855      1.24053863
     86.50000000      0.98426626      0.99986595      0.00008403      1.00618233      0.00000000      0.39185623      0.02264374      0.26314340      0.36417370      1.24053528
     86.60000000      0.98429730      0.99986681      0.00008361      1.00612823      0.00000000      0.39157240      0.02262429      0.26314343      0.36416888      1.24053195
     86.70000000      0.98432827      0.99986766      0.00008320      1.00607395      0.00000000      0.39128896      0.02260488      0.26314347      0.36416408      1.24052864
     86.80000000      0.98435917      0.99986851      0.00008278      1.00601951      0.00000000      0.39100593      0.02258549      0.26314350      0.36415930      1.24052535
     86.90000000      0.98439000      0.99986935      0.00008237      1.00596489      0.00000000      0.39072330      0.02256614      0.26314354      0.36415455      1.24052208
     87.00000000      0.98442076      0.99987018      0.00008196      1.00591011      0.00000000      0.39044107      0.02254683      0.26314357      0.36414982      1.24051884
     87.10000000      0.98445145      0.99987101      0.00008155      1.00585515      0.00000000      0.39015923      0.02252754      0.26314361      0.36414511      1.24051561
     87.20000000      0.98448208      0.99987184      0.00008114      1.00580002      0.00000000      0.38987779      0.02250829      0.26314364      0.36414043      1.24051240
     87.30000000      0.98451263      0.99987266      0.00008074      1.00574473      0.00000000      0.38959675      0.02248908      0.26314368      0.36413577      1.24050922
     87.40000000      0.98454312      0.99987347      0.00008033      1.00568926      0.00000000      0.38931610      0.02246989      0.26314372      0.36413114      1.24050605
     87.50000000      0.98457355      0.99987428      0.00007993      1.00563363      0.00000000      0.38903585      0.02245074      0.26314375      0.36412653      1.24050290
     87.60000000      0.98460390      0.99987508      0.00007953      1.00557783      0.00000000      0.38875599      0.02243162      0.26314379      0.36412194      1.24049977
     87.70000000      0.98463419      0.99987588      0.00007914      1.00552186      0.00000000      0.38847653      0.02241253      0.26314382      0.36411737      1.24049666
     87.80000000      0.98466441      0.99987668      0.00007874      1.00546573      0.00000000      0.38819745      0.02239348      0.26314386      0.36411283      1.24049358
     87.90000000      0.98469456      0.99987746      0.00007835      1.00540943      0.00000000      0.38791877      0.02237446      0.26314390      0.36410830      1.24049051
     88.00000000      0.98472465      0.99987825      0.00007796      1.00535297      0.00000000      0.38764048      0.02235546      0.26314394      0.36410380      1.24048746
     88.10000000      0.98475467      0.99987902      0.00007757      1.00529634      0.00000000      0.38736258      0.02233651      0.26314397      0.36409933      1.24048442
     88.20000000      0.98478462      0.99987980      0.00007718      1.00523955      0.00000000      0.38708506      0.02231758      0.26314401      0.36409487      1.24048141
     88.30000000      0.98481451      0.99988056      0.00007680      1.00518259      0.00000000      0.38680794      0.02229869      0.26314405      0.36409044      1.24047842
     88.40000000      0.98484433      0.99988133      0.00007642      1.00512548      0.00000000      0.38653120      0.02227982      0.26314408      0.36408603      1.24047544
     88.50000000      0.98487408      0.99988208      0.00007604      1.00506819      0.00000000      0.38625485      0.02226099      0.26314412      0.36408164      1.24047248
     88.60000000      0.98490377      0.99988284      0.00007566      1.00501075      0.00000000      0.38597889      0.02224219      0.26314416      0.36407727      1.24046955
     88.70000000      0.98493339      0.99988359      0.00007528      1.00495315      0.00000000      0.38570331      0.02222343      0.26314420      0.36407292      1.24046663
     88.80000000      0.98496295      0.99988433      0.00007490      1.00489538      0.00000000      0.38542811      0.02220469      0.26314424      0.36406860      1.24046372
     88.90000000      0.98499244      0.99988507      0.00007453      1.00483746      0.00000000      0.38515330      0.02218599      0.26314427      0.36406430      1.24046084
     89.00000000      0.98502187      0.99988580      0.00007416      1.00477938      0.00000000      0.38487887      0.02216731      0.26314431      0.36406002      1.24045797
     89.10000000      0.98505123      0.99988653      0.00007379      1.00472113      0.00000000      0.38460482      0.02214867      0.26314435      0.36405575      1.24045512
     89.20000000      0.98508053      0.99988725      0.00007342      1.00466273      0.00000000      0.38433115      0.02213006      0.26314439      0.36405152      1.24045229
     89.30000000      0.98510977      0.99988797      0.00007305      1.00460417      0.00000000      0.38405786      0.02211148      0.26314443      0.36404730      1.24044948
     89.40000000      0.98513893      0.99988869      0.00007269      1.00454545      0.00000000      0.38378495      0.02209293      0.26314447      0.36404310      1.24044669
     89.50000000      0.98516804      0.99988940      0.00007233      1.00448658      0.00000000      0.38351242      0.02207442      0.26314450      0.36403892      1.24044391
     89.60000000      0.98519708      0.99989010      0.00007197      1.00442755      0.00000000      0.38324027      0.02205593      0.26314454      0.36403477      1.24044115
     89.70000000      0.98522606      0.99989080      0.00007161      1.00436836      0.00000000      0.38296850      0.02203747      0.26314458      0.36403063      1.24043840
     89.80000000      0.98525497      0.99989150      0.00007125      1.00430902      0.00000000      0.38269710      0.02201905      0.26314462      0.36402652      1.24043568
     89.90000000      0.98528382      0.99989219      0.00007090      1.00424953      0.00000000      0.38242608      0.02200066      0.26314466      0.36402242      1.24043297
     90.00000000      0.98531260      0.99989288      0.00007054      1.00418988      0.00000000      0.38215543      0.02198229      0.26314470      0.36401835      1.24043027
     90.10000000      0.98534133      0.99989356      0.00007019      1.00413007      0.00000000      0.38188516      0.02196396      0.26314474      0.36401429      1.24042760
     90.20000000      0.98536998      0.99989424      0.00006984      1.00407012      0.00000000      0.38161526      0.02194566      0.26314478      0.36401026      1.24042494
     90.30000000      0.98539858      0.99989491      0.00006949      1.00401001      0.00000000      0.38134573      0.02192739      0.26314482      0.36400624      1.24042229
     90.40000000      0.98542711      0.99989558      0.00006914      1.00394974      0.00000000      0.38107657      0.02190914      0.26314486      0.36400225      1.24041967
     90.50000000      0.98545558      0.99989625      0.00006880      1.00388933      0.00000000      0.38080779      0.02189093      0.26314490      0.36399828      1.24041706
     90.60000000      0.98548399      0.99989691      0.00006846      1.00382877      0.00000000      0.38053937      0.02187275      0.26314494      0.36399432      1.24041446
     90.70000000      0.98551234      0.99989757      0.00006812      1.00376805      0.00000000      0.38027132      0.02185460      0.26314497      0.36399038      1.24041189
     90.80000000      0.98554062      0.99989822      0.00006778      1.00370719      0.00000000      0.38000365      0.02183648      0.26314501      0.36398647      1.24040932
     90.90000000      0.98556884      0.99989887      0.00006744      1.00364617      0.00000000      0.37973634      0.02181839      0.26314505      0.36398257      1.24040678
     91.00000000      0.98559700      0.99989951      0.00006710      1.00358501      0.00000000      0.37946940      0.02180033      0.26314509      0.36397870      1.24040425
     91.10000000      0.98562510      0.99990015      0.00006677      1.00352370      0.00000000      0.37920282      0.02178230      0.26314513      0.36397484      1.24040173
     91.20000000      0.98565314      0.99990079      0.00006643      1.00346224      0.00000000      0.37893661      0.02176429      0.26314517      0.36397100      1.24039924
     91.30000000      0.98568111      0.99990142      0.00006610      1.00340063      0.00000000      0.37867077      0.02174632      0.26314521      0.36396718      1.24039675
     91.40000000      0.98570903      0.99990204      0.00006577      1.00333887      0.00000000      0.37840529      0.02172838      0.26314525      0.36396338      1.24039428
     91.50000000      0.98573688      0.99990267      0.00006544      1.00327697      0.00000000      0.37814017      0.02171047      0.26314529      0.36395960      1.24039183
     91.60000000      0.98576467      0.99990329      0.00006512      1.00321493      0.00000000      0.37787542      0.02169258      0.26314533      0.36395583      1.24038940
     91.70000000      0.98579240      0.99990390      0.00006479      1.00315273      0.00000000      0.37761102      0.02167473      0.26314537      0.36395209      1.24038697
     91.80000000      0.98582007      0.99990451      0.00006447      1.00309040      0.00000000      0.37734699      0.02165690      0.26314541      0.36394836      1.24038457
     91.90000000      0.98584768      0.99990512      0.00006415      1.00302791      0.00000000      0.37708332      0.02163911      0.26314545      0.36394465      1.24038217
     92.00000000      0.98587523      0.99990573      0.00006383      1.00296529      0.00000000      0.37682001      0.02162134      0.26314549      0.36394096      1.24037980
     92.10000000      0.98590272      0.99990633      0.00006351      1.00290252      0.00000000      0.37655706      0.02160360      0.26314553      0.36393729      1.24037744
     92.20000000      0.98593015      0.99990692      0.00006319      1.00283961      0.00000000      0.37629447      0.02158590      0.26314557      0.36393364      1.24037509
     92.30000000      0.98595752      0.99990751      0.00006288      1.00277655      0.00000000      0.37603223      0.02156822      0.26314561      0.36393001      1.24037276
     92.40000000      0.98598483      0.99990810      0.00006256      1.00271335      0.00000000      0.37577036      0.02155057      0.26314565      0.36392639      1.24037044
     92.50000000      0.98601208      0.99990869      0.00006225      1.00265002      0.00000000      0.37550883      0.02153294      0.26314569      0.36392279      1.24036813
     92.60000000      0.98603927      0.99990927      0.00006194      1.00258654      0.00000000      0.37524767      0.02151535      0.26314573      0.36391921      1.24036584
     92.70000000      0.98606640      0.99990984      0.00006163      1.00252292      0.00000000      0.37498686      0.02149779      0.26314577      0.36391565      1.24036357
     92.80000000      0.98609347      0.99991042      0.00006133      1.00245916      0.00000000      0.37472640      0.02148025      0.26314581      0.36391210      1.24036131
     92.90000000      0.98612048      0.99991098      0.00006102      1.00239526      0.00000000      0.37446629      0.02146274      0.26314585      0.36390857      1.24035906
     93.00000000      0.98614744      0.99991155      0.00006072      1.00233122      0.00000000      0.37420654      0.02144526      0.26314589      0.36390506      1.24035683
     93.10000000      0.98617433      0.99991211      0.00006041      1.00226705      0.00000000      0.37394714      0.02142781      0.26314593      0.36390157      1.24035461
     93.20000000      0.98620117      0.99991267      0.00006011      1.00220273      0.00000000      0.37368810      0.02141039      0.26314597      0.36389809      1.24035240
     93.30000000      0.98622795      0.99991323      0.00005981      1.00213828      0.00000000      0.37342940      0.02139300      0.26314601      0.36389463      1.24035021
     93.40000000      0.98625467      0.99991378      0.00005951      1.00207369      0.00000000      0.37317105      0.02137563      0.26314605      0.36389119      1.24034803
     93.50000000      0.98628133      0.99991432      0.00005922      1.00200896      0.00000000      0.37291305      0.02135829      0.26314609      0.36388777      1.24034587
     93.60000000      0.98630793      0.99991487      0.00005892      1.00194410      0.00000000      0.37265540      0.02134098      0.26314613      0.36388436      1.24034371
     93.70000000      0.98633448      0.99991541      0.00005863      1.00187910      0.00000000      0.37239810      0.02132370      0.26314617      0.36388097      1.24034158
     93.80000000      0.98636097      0.99991595      0.00005834      1.00181397      0.00000000      0.37214115      0.02130645      0.26314621      0.36387759      1.24033945
     93.90000000      0.98638740      0.99991648      0.00005804      1.00174870      0.00000000      0.37188454      0.02128922      0.26314625      0.36387424      1.24033734
     94.00000000      0.98641377      0.99991701      0.00005775      1.00168330      0.00000000      0.37162827      0.02127202      0.26314629      0.36387090      1.24033524
     94.10000000      0.98644009      0.99991754      0.00005747      1.00161777      0.00000000      0.37137236      0.02125485      0.26314633      0.36386757      1.24033316
     94.20000000      0.98646635      0.99991806      0.00005718      1.00155210      0.00000000      0.37111678      0.02123771      0.26314637      0.36386426      1.24033109
     94.30000000      0.98649255      0.99991858      0.00005689      1.00148630      0.00000000      0.37086155      0.02122060      0.26314641      0.36386097      1.24032903
     94.40000000      0.98651870      0.99991910      0.00005661      1.00142036      0.00000000      0.37060667      0.02120351      0.26314645      0.36385770      1.24032698
     94.50000000      0.98654479      0.99991961      0.00005633      1.00135430      0.00000000      0.37035212      0.02118645      0.26314649      0.36385444      1.24032495
     94.60000000      0.98657082      0.99992012      0.00005605      1.00128810      0.00000000      0.37009792      0.02116941      0.26314653      0.36385120      1.24032293
     94.70000000      0.98659680      0.99992063      0.00005577      1.00122177      0.00000000      0.36984406      0.02115241      0.26314657      0.36384797      1.24032092
     94.80000000      0.98662272      0.99992113      0.00005549      1.00115531      0.00000000      0.36959054      0.02113543      0.26314661      0.36384476      1.24031892
     94.90000000      0.98664858      0.99992163      0.00005521      1.00108872      0.00000000      0.36933735      0.02111848      0.26314665      0.36384156      1.24031694
     95.00000000      0.98667439      0.99992213      0.00005494      1.00102200      0.00000000      0.36908451      0.02110156      0.26314669      0.36383838      1.24031497
     95.10000000      0.98670014      0.99992262      0.00005466      1.00095516      0.00000000      0.36883201      0.02108466      0.26314673      0.36383522      1.24031301
     95.20000000      0.98672583      0.99992311      0.00005439      1.00088818      0.00000000      0.36857984      0.02106779      0.26314677      0.36383207      1.24031106
     95.30000000      0.98675148      0.99992360      0.00005412      1.00082108      0.00000000      0.36832801      0.02105094      0.26314681      0.36382894      1.24030912
     95.40000000      0.98677706      0.99992408      0.00005385      1.00075384      0.00000000      0.36807651      0.02103413      0.26314685      0.36382583      1.24030720
     95.50000000      0.98680259      0.99992456      0.00005358      1.00068649      0.00000000      0.36782535      0.02101734      0.26314689      0.36382273      1.24030529
     95.60000000      0.98682806      0.99992504      0.00005331      1.00061900      0.00000000      0.36757453      0.02100058      0.26314693      0.36381964      1.24030339
     95.70000000      0.98685348      0.99992552      0.00005305      1.00055139      0.00000000      0.36732404      0.02098384      0.26314697      0.36381657      1.24030151
     95.80000000      0.98687885      0.99992599      0.00005278      1.00048365      0.00000000      0.36707389      0.02096713      0.26314701      0.36381351      1.24029963
     95.90000000      0.98690416      0.99992646      0.00005252      1.00041578      0.00000000      0.36682406      0.02095045      0.26314705      0.36381047      1.24029777
     96.00000000      0.98692941      0.99992692      0.00005226      1.00034779      0.00000000      0.36657457      0.02093379      0.26314709      0.36380745      1.24029591
     96.10000000      0.98695462      0.99992739      0.00005200      1.00027968      0.00000000      0.36632541      0.02091716      0.26314713      0.36380444      1.24029407
     96.20000000      0.98697976      0.99992785      0.00005174      1.00021144      0.00000000      0.36607659      0.02090056      0.26314717      0.36380144      1.24029224
     96.30000000      0.98700485      0.99992830      0.00005148      1.00014308      0.00000000      0.36582809      0.02088398      0.26314721      0.36379846      1.24029043
     96.40000000      0.98702989      0.99992876      0.00005122      1.00007460      0.00000000      0.36557992      0.02086743      0.26314725      0.36379550      1.24028862
     96.50000000      0.98705488      0.99992921      0.00005097      1.00000599      0.00000000      0.36533208      0.02085090      0.26314728      0.36379255      1.24028683
     96.60000000      0.98707981      0.99992966      0.00005071      0.99993726      0.00000000      0.36508457      0.02083440      0.26314732      0.36378961      1.24028504
     96.70000000      0.98710468      0.99993010      0.00005046      0.99986840      0.00000000      0.36483739      0.02081793      0.26314736      0.36378669      1.24028327
     96.80000000      0.98712951      0.99993055      0.00005021      0.99979943      0.00000000      0.36459053      0.02080148      0.26314740      0.36378378      1.24028151
     96.90000000      0.98715428      0.99993098      0.00004996      0.99973034      0.00000000      0.36434400      0.02078506      0.26314744      0.36378089      1.24027976
     97.00000000      0.98717899      0.99993142      0.00004971      0.99966112      0.00000000      0.36409780      0.02076867      0.26314748      0.36377801      1.24027802
     97.10000000      0.98720366      0.99993186      0.00004946      0.99959178      0.00000000      0.36385192      0.02075230      0.26314752      0.36377515      1.24027629
     97.20000000      0.98722827      0.99993229      0.00004922      0.99952233      0.00000000      0.36360637      0.02073595      0.26314756      0.36377230      1.24027457
     97.30000000      0.98725283      0.99993272      0.00004897      0.99945275      0.00000000      0.36336114      0.02071964      0.26314759      0.36376946      1.24027286
     97.40000000      0.98727733      0.99993314      0.00004873      0.99938306      0.00000000      0.36311623      0.02070334      0.26314763      0.36376664      1.24027116
     97.50000000      0.98730178      0.99993356      0.00004848      0.99931325      0.00000000      0.36287165      0.02068708      0.26314767      0.36376383      1.24026948
     97.60000000      0.98732618      0.99993398      0.00004824      0.99924331      0.00000000      0.36262739      0.02067084      0.26314771      0.36376104      1.24026780
     97.70000000      0.98735053      0.99993440      0.00004800      0.99917327      0.00000000      0.36238345      0.02065462      0.26314775      0.36375826      1.24026613
     97.80000000      0.98737483      0.99993482      0.00004776      0.99910310      0.00000000      0.36213983      0.02063843      0.26314779      0.36375549      1.24026448
     97.90000000      0.98739907      0.99993523      0.00004752      0.99903282      0.00000000      0.36189653      0.02062226      0.26314782      0.36375274      1.24026283
     98.00000000      0.98742326      0.99993564      0.00004729      0.99896242      0.00000000      0.36165355      0.02060612      0.26314786      0.36375000      1.24026120
     98.10000000      0.98744740      0.99993605      0.00004705      0.99889190      0.00000000      0.36141089      0.02059001      0.26314790      0.36374727      1.24025957
     98.20000000      0.98747149      0.99993645      0.00004682      0.99882127      0.00000000      0.36116855      0.02057392      0.26314794      0.36374456      1.24025796
     98.30000000      0.98749552      0.99993685      0.00004658      0.99875053      0.00000000      0.36092653      0.02055786      0.26314798      0.36374186      1.24025636
     98.40000000      0.98751951      0.99993725      0.00004635      0.99867967      0.00000000      0.36068482      0.02054182      0.26314801      0.36373918      1.24025476
     98.50000000      0.98754344      0.99993765      0.00004612      0.99860869      0.00000000      0.36044343      0.02052580      0.26314805      0.36373651      1.24025318
     98.60000000      0.98756732      0.99993804      0.00004589      0.99853760      0.00000000      0.36020235      0.02050981      0.26314809      0.36373385      1.24025160
     98.70000000      0.98759115      0.99993843      0.00004566      0.99846640      0.00000000      0.35996159      0.02049385      0.26314813      0.36373120      1.24025004
     98.80000000      0.98761493      0.99993882      0.00004543      0.99839508      0.00000000      0.35972115      0.02047791      0.26314817      0.36372857      1.24024848
     98.90000000      0.98763866      0.99993921      0.00004521      0.99832365      0.00000000      0.35948102      0.02046199      0.26314820      0.36372595      1.24024694
     99.00000000      0.98766234      0.99993959      0.00004498      0.99825211      0.00000000      0.35924120      0.02044610      0.26314824      0.36372334      1.24024540
     99.10000000      0.98768597      0.99993997      0.00004476      0.99818046      0.00000000      0.35900169      0.02043024      0.26314828      0.36372075      1.24024387
     99.20000000      0.98770954      0.99994035      0.00004453      0.99810870      0.00000000      0.35876250      0.02041439      0.26314831      0.36371817      1.24024236
     99.30000000      0.98773307      0.99994073      0.00004431      0.99803682      0.00000000      0.35852362      0.02039858      0.26314835      0.36371560      1.24024085
     99.40000000      0.98775655      0.99994110      0.00004409      0.99796484      0.00000000      0.35828505      0.02038278      0.26314839      0.36371305      1.24023935
     99.50000000      0.98777997      0.99994148      0.00004387      0.99789274      0.00000000      0.35804679      0.02036702      0.26314843      0.36371051      1.24023786
     99.60000000      0.98780335      0.99994184      0.00004365      0.99782053      0.00000000      0.35780884      0.02035127      0.26314846      0.36370798      1.24023638
     99.70000000      0.98782668      0.99994221      0.00004343      0.99774822      0.00000000      0.35757120      0.02033555      0.26314850      0.36370546      1.24023491
     99.80000000      0.98784995      0.99994258      0.00004322      0.99767579      0.00000000      0.35733387      0.02031986      0.26314854      0.36370295      1.24023345
     99.90000000      0.98787318      0.99994294      0.00004300      0.99760326      0.00000000      0.35709685      0.02030419      0.26314857      0.36370046      1.24023200
    100.00000000      0.98789636      0.99994330      0.00004279      0.99753062      0.00000000      0.35686013      0.02028854      0.26314861      0.36369798      1.24023056
